frame_index,timestamp_ns,timestamp_sec_from_start,filename,width,height,encoding
0,1768890669098451211,1.544821116,000000.png,640,360,mono8
1,1768890669180763916,1.627133821,000001.png,640,360,mono8
2,1768890669338106337,1.784476242,000002.png,640,360,mono8
3,1768890669410967015,1.85733692,000003.png,640,360,mono8
4,1768890669500248467,1.946618372,000004.png,640,360,mono8
5,1768890669589006556,2.035376461,000005.png,640,360,mono8
6,1768890669657947914,2.104317819,000006.png,640,360,mono8
7,1768890669816302501,2.262672406,000007.png,640,360,mono8
8,1768890669876905983,2.323275888,000008.png,640,360,mono8
9,1768890669955030310,2.401400215,000009.png,640,360,mono8
10,1768890670029787255,2.47615716,000010.png,640,360,mono8
11,1768890670081719323,2.528089228,000011.png,640,360,mono8
12,1768890670146342414,2.592712319,000012.png,640,360,mono8
13,1768890670210716127,2.657086032,000013.png,640,360,mono8
14,1768890670264322797,2.710692702,000014.png,640,360,mono8
15,1768890670329713349,2.776083254,000015.png,640,360,mono8
16,1768890670399119285,2.84548919,000016.png,640,360,mono8
17,1768890670458721481,2.905091386,000017.png,640,360,mono8
18,1768890670527991288,2.974361193,000018.png,640,360,mono8
19,1768890670599251317,3.045621222,000019.png,640,360,mono8
20,1768890670661409272,3.107779177,000020.png,640,360,mono8
21,1768890670723790269,3.170160174,000021.png,640,360,mono8
22,1768890670788566161,3.234936066,000022.png,640,360,mono8
23,1768890670854309514,3.300679419,000023.png,640,360,mono8
24,1768890670924951523,3.371321428,000024.png,640,360,mono8
25,1768890670991316608,3.437686513,000025.png,640,360,mono8
26,1768890671043983592,3.490353497,000026.png,640,360,mono8
27,1768890671106395725,3.55276563,000027.png,640,360,mono8
28,1768890671169398326,3.615768231,000028.png,640,360,mono8
29,1768890671222761635,3.66913154,000029.png,640,360,mono8
30,1768890671293875422,3.740245327,000030.png,640,360,mono8
31,1768890671362128999,3.808498904,000031.png,640,360,mono8
32,1768890671414870128,3.861240033,000032.png,640,360,mono8
33,1768890671483681981,3.930051886,000033.png,640,360,mono8
34,1768890671557496137,4.003866042,000034.png,640,360,mono8
35,1768890671617251933,4.063621838,000035.png,640,360,mono8
36,1768890671682701589,4.129071494,000036.png,640,360,mono8
37,1768890671750093209,4.196463114,000037.png,640,360,mono8
38,1768890671812680127,4.259050032,000038.png,640,360,mono8
39,1768890671885705382,4.332075287,000039.png,640,360,mono8
40,1768890671954152497,4.400522402,000040.png,640,360,mono8
41,1768890672012742206,4.459112111,000041.png,640,360,mono8
42,1768890672080421220,4.526791125,000042.png,640,360,mono8
43,1768890672147664583,4.594034488,000043.png,640,360,mono8
44,1768890672200403312,4.646773217,000044.png,640,360,mono8
45,1768890672266830926,4.713200831,000045.png,640,360,mono8
46,1768890672339460467,4.785830372,000046.png,640,360,mono8
47,1768890672396779416,4.843149321,000047.png,640,360,mono8
48,1768890672459679904,4.906049809,000048.png,640,360,mono8
49,1768890672530710298,4.977080203,000049.png,640,360,mono8
50,1768890672583968006,5.030337911,000050.png,640,360,mono8
51,1768890672649981986,5.096351891,000051.png,640,360,mono8
52,1768890672719244050,5.165613955,000052.png,640,360,mono8
53,1768890672781876472,5.228246377,000053.png,640,360,mono8
54,1768890672855932581,5.302302486,000054.png,640,360,mono8
55,1768890672931767390,5.378137295,000055.png,640,360,mono8
56,1768890672988782785,5.43515269,000056.png,640,360,mono8
57,1768890673055737347,5.502107252,000057.png,640,360,mono8
58,1768890673108877422,5.555247327,000058.png,640,360,mono8
59,1768890673173537953,5.619907858,000059.png,640,360,mono8
60,1768890673239213626,5.685583531,000060.png,640,360,mono8
61,1768890673296230398,5.742600303,000061.png,640,360,mono8
62,1768890673357869982,5.804239887,000062.png,640,360,mono8
63,1768890673422616945,5.86898685,000063.png,640,360,mono8
64,1768890673487509350,5.933879255,000064.png,640,360,mono8
65,1768890673542746142,5.989116047,000065.png,640,360,mono8
66,1768890673606507019,6.052876924,000066.png,640,360,mono8
67,1768890673672281061,6.118650966,000067.png,640,360,mono8
68,1768890673725515697,6.171885602,000068.png,640,360,mono8
69,1768890673788844444,6.235214349,000069.png,640,360,mono8
70,1768890673853093900,6.299463805,000070.png,640,360,mono8
71,1768890673901256472,6.347626377,000071.png,640,360,mono8
72,1768890673955687852,6.402057757,000072.png,640,360,mono8
73,1768890674018417651,6.464787556,000073.png,640,360,mono8
74,1768890674082220992,6.528590897,000074.png,640,360,mono8
75,1768890674128224767,6.574594672,000075.png,640,360,mono8
76,1768890674230757534,6.677127439,000076.png,640,360,mono8
77,1768890674264044142,6.710414047,000077.png,640,360,mono8
78,1768890674324853929,6.771223834,000078.png,640,360,mono8
79,1768890674406145667,6.852515572,000079.png,640,360,mono8
80,1768890674460085107,6.906455012,000080.png,640,360,mono8
81,1768890674560616166,7.006986071,000081.png,640,360,mono8
82,1768890674607285545,7.05365545,000082.png,640,360,mono8
83,1768890674663065381,7.109435286,000083.png,640,360,mono8
84,1768890674731881393,7.178251298,000084.png,640,360,mono8
85,1768890674801107137,7.247477042,000085.png,640,360,mono8
86,1768890674919228001,7.365597906,000086.png,640,360,mono8
87,1768890674964429595,7.4107995,000087.png,640,360,mono8
88,1768890674991649028,7.438018933,000088.png,640,360,mono8
89,1768890675066798489,7.513168394,000089.png,640,360,mono8
90,1768890675140590373,7.586960278,000090.png,640,360,mono8
91,1768890675185637950,7.632007855,000091.png,640,360,mono8
92,1768890675253722790,7.700092695,000092.png,640,360,mono8
93,1768890675320451430,7.766821335,000093.png,640,360,mono8
94,1768890675392358950,7.838728855,000094.png,640,360,mono8
95,1768890675457030681,7.903400586,000095.png,640,360,mono8
96,1768890675511034922,7.957404827,000096.png,640,360,mono8
97,1768890675575125305,8.02149521,000097.png,640,360,mono8
98,1768890675611659837,8.058029742,000098.png,640,360,mono8
99,1768890675807253440,8.253623345,000099.png,640,360,mono8
100,1768890675851557396,8.297927301,000100.png,640,360,mono8
101,1768890675877005139,8.323375044,000101.png,640,360,mono8
102,1768890675907419952,8.353789857,000102.png,640,360,mono8
103,1768890676002882403,8.449252308,000103.png,640,360,mono8
104,1768890676068433596,8.514803501,000104.png,640,360,mono8
105,1768890676114099512,8.560469417,000105.png,640,360,mono8
106,1768890676262836215,8.70920612,000106.png,640,360,mono8
107,1768890676305306560,8.751676465,000107.png,640,360,mono8
108,1768890676334787576,8.781157481,000108.png,640,360,mono8
109,1768890676406113620,8.852483525,000109.png,640,360,mono8
110,1768890676521224354,8.967594259,000110.png,640,360,mono8
111,1768890676553523339,8.999893244,000111.png,640,360,mono8
112,1768890676605378350,9.051748255,000112.png,640,360,mono8
113,1768890676664654752,9.111024657,000113.png,640,360,mono8
114,1768890676715699294,9.162069199,000114.png,640,360,mono8
115,1768890676782923233,9.229293138,000115.png,640,360,mono8
116,1768890677016058702,9.462428607,000116.png,640,360,mono8
117,1768890677071562280,9.517932185,000117.png,640,360,mono8
118,1768890677101119520,9.547489425,000118.png,640,360,mono8
119,1768890677118244491,9.564614396,000119.png,640,360,mono8
120,1768890677120475641,9.566845546,000120.png,640,360,mono8
121,1768890677228283961,9.674653866,000121.png,640,360,mono8
122,1768890677274086582,9.720456487,000122.png,640,360,mono8
123,1768890677343132260,9.789502165,000123.png,640,360,mono8
124,1768890677413257785,9.85962769,000124.png,640,360,mono8
125,1768890677462246123,9.908616028,000125.png,640,360,mono8
126,1768890677541600761,9.987970666,000126.png,640,360,mono8
127,1768890677673565744,10.119935649,000127.png,640,360,mono8
128,1768890677736858746,10.183228651,000128.png,640,360,mono8
129,1768890677771182352,10.217552257,000129.png,640,360,mono8
130,1768890677781236207,10.227606112,000130.png,640,360,mono8
131,1768890677840474208,10.286844113,000131.png,640,360,mono8
132,1768890677952331161,10.398701066,000132.png,640,360,mono8
133,1768890678067233573,10.513603478,000133.png,640,360,mono8
134,1768890678101308986,10.547678891,000134.png,640,360,mono8
135,1768890678149610759,10.595980664,000135.png,640,360,mono8
136,1768890678244223125,10.69059303,000136.png,640,360,mono8
137,1768890678285832248,10.732202153,000137.png,640,360,mono8
138,1768890678360401353,10.806771258,000138.png,640,360,mono8
139,1768890678408511125,10.85488103,000139.png,640,360,mono8
140,1768890678459706612,10.906076517,000140.png,640,360,mono8
141,1768890678534262532,10.980632437,000141.png,640,360,mono8
142,1768890678598968664,11.045338569,000142.png,640,360,mono8
143,1768890678679248044,11.125617949,000143.png,640,360,mono8
144,1768890678745222983,11.191592888,000144.png,640,360,mono8
145,1768890678789499291,11.235869196,000145.png,640,360,mono8
146,1768890678844446226,11.290816131,000146.png,640,360,mono8
147,1768890679038049000,11.484418905,000147.png,640,360,mono8
148,1768890679099481191,11.545851096,000148.png,640,360,mono8
149,1768890679154363293,11.600733198,000149.png,640,360,mono8
150,1768890679218147659,11.664517564,000150.png,640,360,mono8
151,1768890679260498547,11.706868452,000151.png,640,360,mono8
152,1768890679301137616,11.747507521,000152.png,640,360,mono8
153,1768890679389606455,11.83597636,000153.png,640,360,mono8
154,1768890679422503204,11.868873109,000154.png,640,360,mono8
155,1768890679487201272,11.933571177,000155.png,640,360,mono8
156,1768890679550791108,11.997161013,000156.png,640,360,mono8
157,1768890679639778575,12.08614848,000157.png,640,360,mono8
158,1768890679689755814,12.136125719,000158.png,640,360,mono8
159,1768890679781420289,12.227790194,000159.png,640,360,mono8
160,1768890679806006555,12.25237646,000160.png,640,360,mono8
161,1768890679876924789,12.323294694,000161.png,640,360,mono8
162,1768890680020602836,12.466972741,000162.png,640,360,mono8
163,1768890680058282847,12.504652752,000163.png,640,360,mono8
164,1768890680065425964,12.511795869,000164.png,640,360,mono8
165,1768890680159156372,12.605526277,000165.png,640,360,mono8
166,1768890680250813391,12.697183296,000166.png,640,360,mono8
167,1768890680300782407,12.747152312,000167.png,640,360,mono8
168,1768890680339515032,12.785884937,000168.png,640,360,mono8
169,1768890680390529942,12.836899847,000169.png,640,360,mono8
170,1768890680496939181,12.943309086,000170.png,640,360,mono8
171,1768890680559005552,13.005375457,000171.png,640,360,mono8
172,1768890680655637482,13.102007387,000172.png,640,360,mono8
173,1768890680766513117,13.212883022,000173.png,640,360,mono8
174,1768890680810501903,13.256871808,000174.png,640,360,mono8
175,1768890680854028095,13.300398,000175.png,640,360,mono8
176,1768890680902734158,13.349104063,000176.png,640,360,mono8
177,1768890680997824543,13.444194448,000177.png,640,360,mono8
178,1768890681052188978,13.498558883,000178.png,640,360,mono8
179,1768890681118459919,13.564829824,000179.png,640,360,mono8
180,1768890681172360447,13.618730352,000180.png,640,360,mono8
181,1768890681236577743,13.682947648,000181.png,640,360,mono8
182,1768890681289430969,13.735800874,000182.png,640,360,mono8
183,1768890681378686341,13.825056246,000183.png,640,360,mono8
184,1768890681452936468,13.899306373,000184.png,640,360,mono8
185,1768890681480644704,13.927014609,000185.png,640,360,mono8
186,1768890681539960210,13.986330115,000186.png,640,360,mono8
187,1768890681632535251,14.078905156,000187.png,640,360,mono8
188,1768890681688734033,14.135103938,000188.png,640,360,mono8
189,1768890681744922607,14.191292512,000189.png,640,360,mono8
190,1768890681818086263,14.264456168,000190.png,640,360,mono8
191,1768890681874652216,14.321022121,000191.png,640,360,mono8
192,1768890681957915039,14.404284944,000192.png,640,360,mono8
193,1768890682020004322,14.466374227,000193.png,640,360,mono8
194,1768890682084780374,14.531150279,000194.png,640,360,mono8
195,1768890682160515566,14.606885471,000195.png,640,360,mono8
196,1768890682223897497,14.670267402,000196.png,640,360,mono8
197,1768890682273013611,14.719383516,000197.png,640,360,mono8
198,1768890682355043658,14.801413563,000198.png,640,360,mono8
199,1768890682425862724,14.872232629,000199.png,640,360,mono8
200,1768890682467246374,14.913616279,000200.png,640,360,mono8
201,1768890682577566677,15.023936582,000201.png,640,360,mono8
202,1768890682639222133,15.085592038,000202.png,640,360,mono8
203,1768890682712014811,15.158384716,000203.png,640,360,mono8
204,1768890682811416775,15.25778668,000204.png,640,360,mono8
205,1768890682848532238,15.294902143,000205.png,640,360,mono8
206,1768890682896672378,15.343042283,000206.png,640,360,mono8
207,1768890682933269438,15.379639343,000207.png,640,360,mono8
208,1768890683061415517,15.507785422,000208.png,640,360,mono8
209,1768890683180461059,15.626830964,000209.png,640,360,mono8
210,1768890683244347697,15.690717602,000210.png,640,360,mono8
211,1768890683278317957,15.724687862,000211.png,640,360,mono8
212,1768890683312743067,15.759112972,000212.png,640,360,mono8
213,1768890683379997535,15.82636744,000213.png,640,360,mono8
214,1768890683495848721,15.942218626,000214.png,640,360,mono8
215,1768890683534878788,15.981248693,000215.png,640,360,mono8
216,1768890683594831098,16.041201003,000216.png,640,360,mono8
217,1768890683705510539,16.151880444,000217.png,640,360,mono8
218,1768890683777471116,16.223841021,000218.png,640,360,mono8
219,1768890683806753346,16.253123251,000219.png,640,360,mono8
220,1768890683850638004,16.297007909,000220.png,640,360,mono8
221,1768890683903006330,16.349376235,000221.png,640,360,mono8
222,1768890684039949616,16.486319521,000222.png,640,360,mono8
223,1768890684080945039,16.527314944,000223.png,640,360,mono8
224,1768890684108712988,16.555082893,000224.png,640,360,mono8
225,1768890684167039016,16.613408921,000225.png,640,360,mono8
226,1768890684245270288,16.691640193,000226.png,640,360,mono8
227,1768890684320422436,16.766792341,000227.png,640,360,mono8
228,1768890684388499340,16.834869245,000228.png,640,360,mono8
229,1768890684459163845,16.90553375,000229.png,640,360,mono8
230,1768890684502454675,16.94882458,000230.png,640,360,mono8
231,1768890684570091864,17.016461769,000231.png,640,360,mono8
232,1768890684639295592,17.085665497,000232.png,640,360,mono8
233,1768890684769696532,17.216066437,000233.png,640,360,mono8
234,1768890684770986844,17.217356749,000234.png,640,360,mono8
235,1768890684830959250,17.277329155,000235.png,640,360,mono8
236,1768890684908357653,17.354727558,000236.png,640,360,mono8
237,1768890684974490705,17.42086061,000237.png,640,360,mono8
238,1768890685033418944,17.479788849,000238.png,640,360,mono8
239,1768890685098865848,17.545235753,000239.png,640,360,mono8
240,1768890685156997346,17.603367251,000240.png,640,360,mono8
241,1768890685236758355,17.68312826,000241.png,640,360,mono8
242,1768890685314903386,17.761273291,000242.png,640,360,mono8
243,1768890685383874792,17.830244697,000243.png,640,360,mono8
244,1768890685434413891,17.880783796,000244.png,640,360,mono8
245,1768890685512051655,17.95842156,000245.png,640,360,mono8
246,1768890685616946581,18.063316486,000246.png,640,360,mono8
247,1768890685637396789,18.083766694,000247.png,640,360,mono8
248,1768890685701487940,18.147857845,000248.png,640,360,mono8
249,1768890685774248394,18.220618299,000249.png,640,360,mono8
250,1768890685837295602,18.283665507,000250.png,640,360,mono8
251,1768890685921083933,18.367453838,000251.png,640,360,mono8
252,1768890685970371536,18.416741441,000252.png,640,360,mono8
253,1768890686053588375,18.49995828,000253.png,640,360,mono8
254,1768890686103336077,18.549705982,000254.png,640,360,mono8
255,1768890686170144077,18.616513982,000255.png,640,360,mono8
256,1768890686234793760,18.681163665,000256.png,640,360,mono8
257,1768890686294866038,18.741235943,000257.png,640,360,mono8
258,1768890686408244921,18.854614826,000258.png,640,360,mono8
259,1768890686479784119,18.926154024,000259.png,640,360,mono8
260,1768890686585575370,19.031945275,000260.png,640,360,mono8
261,1768890686617507153,19.063877058,000261.png,640,360,mono8
262,1768890686662588906,19.108958811,000262.png,640,360,mono8
263,1768890686756416659,19.202786564,000263.png,640,360,mono8
264,1768890686812570481,19.258940386,000264.png,640,360,mono8
265,1768890686907504289,19.353874194,000265.png,640,360,mono8
266,1768890686956627955,19.40299786,000266.png,640,360,mono8
267,1768890687022698927,19.469068832,000267.png,640,360,mono8
268,1768890687076509214,19.522879119,000268.png,640,360,mono8
269,1768890687247917451,19.694287356,000269.png,640,360,mono8
270,1768890687295613332,19.741983237,000270.png,640,360,mono8
271,1768890687350312521,19.796682426,000271.png,640,360,mono8
272,1768890687410050909,19.856420814,000272.png,640,360,mono8
273,1768890687462518276,19.908888181,000273.png,640,360,mono8
274,1768890687487520160,19.933890065,000274.png,640,360,mono8
275,1768890687537618968,19.983988873,000275.png,640,360,mono8
276,1768890687629752983,20.076122888,000276.png,640,360,mono8
277,1768890687683663591,20.130033496,000277.png,640,360,mono8
278,1768890687746133004,20.192502909,000278.png,640,360,mono8
279,1768890687818234477,20.264604382,000279.png,640,360,mono8
280,1768890687895378222,20.341748127,000280.png,640,360,mono8
281,1768890687926999763,20.373369668,000281.png,640,360,mono8
282,1768890687990358174,20.436728079,000282.png,640,360,mono8
283,1768890688083332642,20.529702547,000283.png,640,360,mono8
284,1768890688135174885,20.58154479,000284.png,640,360,mono8
285,1768890688206583586,20.652953491,000285.png,640,360,mono8
286,1768890688280370382,20.726740287,000286.png,640,360,mono8
287,1768890688350054240,20.796424145,000287.png,640,360,mono8
288,1768890688454811501,20.901181406,000288.png,640,360,mono8
289,1768890688588900369,21.035270274,000289.png,640,360,mono8
290,1768890688596251935,21.04262184,000290.png,640,360,mono8
291,1768890688599267410,21.045637315,000291.png,640,360,mono8
292,1768890688678413087,21.124782992,000292.png,640,360,mono8
293,1768890688729653598,21.176023503,000293.png,640,360,mono8
294,1768890688800184822,21.246554727,000294.png,640,360,mono8
295,1768890688867492153,21.313862058,000295.png,640,360,mono8
296,1768890688929203226,21.375573131,000296.png,640,360,mono8
297,1768890688986248958,21.432618863,000297.png,640,360,mono8
298,1768890689069512357,21.515882262,000298.png,640,360,mono8
299,1768890689142889806,21.589259711,000299.png,640,360,mono8
300,1768890689192483843,21.638853748,000300.png,640,360,mono8
301,1768890689255257770,21.701627675,000301.png,640,360,mono8
302,1768890689329633114,21.776003019,000302.png,640,360,mono8
303,1768890689402938851,21.849308756,000303.png,640,360,mono8
304,1768890689469774211,21.916144116,000304.png,640,360,mono8
305,1768890689513961495,21.9603314,000305.png,640,360,mono8
306,1768890689633922690,22.080292595,000306.png,640,360,mono8
307,1768890689684875232,22.131245137,000307.png,640,360,mono8
308,1768890689801706072,22.248075977,000308.png,640,360,mono8
309,1768890689822442298,22.268812203,000309.png,640,360,mono8
310,1768890689911289475,22.35765938,000310.png,640,360,mono8
311,1768890689946386942,22.392756847,000311.png,640,360,mono8
312,1768890690033093530,22.479463435,000312.png,640,360,mono8
313,1768890690072622417,22.518992322,000313.png,640,360,mono8
314,1768890690126241183,22.572611088,000314.png,640,360,mono8
315,1768890690189006822,22.635376727,000315.png,640,360,mono8
316,1768890690286108996,22.732478901,000316.png,640,360,mono8
317,1768890690345009907,22.791379812,000317.png,640,360,mono8
318,1768890690400876463,22.847246368,000318.png,640,360,mono8
319,1768890690492420489,22.938790394,000319.png,640,360,mono8
320,1768890690516139613,22.962509518,000320.png,640,360,mono8
321,1768890690583488513,23.029858418,000321.png,640,360,mono8
322,1768890690638306967,23.084676872,000322.png,640,360,mono8
323,1768890690705788283,23.152158188,000323.png,640,360,mono8
324,1768890690823841979,23.270211884,000324.png,640,360,mono8
325,1768890690890629947,23.336999852,000325.png,640,360,mono8
326,1768890690977051446,23.423421351,000326.png,640,360,mono8
327,1768890691013957244,23.460327149,000327.png,640,360,mono8
328,1768890691103400170,23.549770075,000328.png,640,360,mono8
329,1768890691218050132,23.664420037,000329.png,640,360,mono8
330,1768890691280962972,23.727332877,000330.png,640,360,mono8
331,1768890691312764451,23.759134356,000331.png,640,360,mono8
332,1768890691457645802,23.904015707,000332.png,640,360,mono8
333,1768890691505658965,23.95202887,000333.png,640,360,mono8
334,1768890691556573106,24.002943011,000334.png,640,360,mono8
335,1768890691602002541,24.048372446,000335.png,640,360,mono8
336,1768890691652408264,24.098778169,000336.png,640,360,mono8
337,1768890691724391400,24.170761305,000337.png,640,360,mono8
338,1768890691777180593,24.223550498,000338.png,640,360,mono8
339,1768890691848792976,24.295162881,000339.png,640,360,mono8
340,1768890691887940516,24.334310421,000340.png,640,360,mono8
341,1768890691955460937,24.401830842,000341.png,640,360,mono8
342,1768890692012178794,24.458548699,000342.png,640,360,mono8
343,1768890692098612581,24.544982486,000343.png,640,360,mono8
344,1768890692156812048,24.603181953,000344.png,640,360,mono8
345,1768890692212616619,24.658986524,000345.png,640,360,mono8
346,1768890692285341329,24.731711234,000346.png,640,360,mono8
347,1768890692372636945,24.81900685,000347.png,640,360,mono8
348,1768890692466350809,24.912720714,000348.png,640,360,mono8
349,1768890692507511641,24.953881546,000349.png,640,360,mono8
350,1768890692635193973,25.081563878,000350.png,640,360,mono8
351,1768890692658175781,25.104545686,000351.png,640,360,mono8
352,1768890692705376747,25.151746652,000352.png,640,360,mono8
353,1768890692729280160,25.175650065,000353.png,640,360,mono8
354,1768890692822061442,25.268431347,000354.png,640,360,mono8
355,1768890692894124899,25.340494804,000355.png,640,360,mono8
356,1768890692962046859,25.408416764,000356.png,640,360,mono8
357,1768890693035364564,25.481734469,000357.png,640,360,mono8
358,1768890693108273146,25.554643051,000358.png,640,360,mono8
359,1768890693158833877,25.605203782,000359.png,640,360,mono8
360,1768890693212430851,25.658800756,000360.png,640,360,mono8
361,1768890693273739617,25.720109522,000361.png,640,360,mono8
362,1768890693386616417,25.832986322,000362.png,640,360,mono8
363,1768890693474585509,25.920955414,000363.png,640,360,mono8
364,1768890693531435912,25.977805817,000364.png,640,360,mono8
365,1768890693594943603,26.041313508,000365.png,640,360,mono8
366,1768890693707724018,26.154093923,000366.png,640,360,mono8
367,1768890693768738127,26.215108032,000367.png,640,360,mono8
368,1768890693789532368,26.235902273,000368.png,640,360,mono8
369,1768890693862329526,26.308699431,000369.png,640,360,mono8
370,1768890693962893929,26.409263834,000370.png,640,360,mono8
371,1768890694010491058,26.456860963,000371.png,640,360,mono8
372,1768890694048996322,26.495366227,000372.png,640,360,mono8
373,1768890694121671495,26.5680414,000373.png,640,360,mono8
374,1768890694213868581,26.660238486,000374.png,640,360,mono8
375,1768890694252971577,26.699341482,000375.png,640,360,mono8
376,1768890694321000289,26.767370194,000376.png,640,360,mono8
377,1768890694377080479,26.823450384,000377.png,640,360,mono8
378,1768890694431122671,26.877492576,000378.png,640,360,mono8
379,1768890694507239050,26.953608955,000379.png,640,360,mono8
380,1768890694563938635,27.01030854,000380.png,640,360,mono8
381,1768890694631195182,27.077565087,000381.png,640,360,mono8
382,1768890694695358142,27.141728047,000382.png,640,360,mono8
383,1768890694767901123,27.214271028,000383.png,640,360,mono8
384,1768890694834600162,27.280970067,000384.png,640,360,mono8
385,1768890694893984084,27.340353989,000385.png,640,360,mono8
386,1768890694961492985,27.40786289,000386.png,640,360,mono8
387,1768890695040078659,27.486448564,000387.png,640,360,mono8
388,1768890695111664225,27.55803413,000388.png,640,360,mono8
389,1768890695185598766,27.631968671,000389.png,640,360,mono8
390,1768890695245516516,27.691886421,000390.png,640,360,mono8
391,1768890695323993261,27.770363166,000391.png,640,360,mono8
392,1768890695382858524,27.829228429,000392.png,640,360,mono8
393,1768890695433370518,27.879740423,000393.png,640,360,mono8
394,1768890695510558200,27.956928105,000394.png,640,360,mono8
395,1768890695577199351,28.023569256,000395.png,640,360,mono8
396,1768890695646643912,28.093013817,000396.png,640,360,mono8
397,1768890695708340296,28.154710201,000397.png,640,360,mono8
398,1768890695763843618,28.210213523,000398.png,640,360,mono8
399,1768890695857816140,28.304186045,000399.png,640,360,mono8
400,1768890695901497084,28.347866989,000400.png,640,360,mono8
401,1768890695974832197,28.421202102,000401.png,640,360,mono8
402,1768890696058883985,28.50525389,000402.png,640,360,mono8
403,1768890696115078768,28.561448673,000403.png,640,360,mono8
404,1768890696190843720,28.637213625,000404.png,640,360,mono8
405,1768890696317422781,28.763792686,000405.png,640,360,mono8
406,1768890696318719045,28.76508895,000406.png,640,360,mono8
407,1768890696383365848,28.829735753,000407.png,640,360,mono8
408,1768890696451751234,28.898121139,000408.png,640,360,mono8
409,1768890696507150491,28.953520396,000409.png,640,360,mono8
410,1768890696570745480,29.017115385,000410.png,640,360,mono8
411,1768890696656081532,29.102451437,000411.png,640,360,mono8
412,1768890696714386119,29.160756024,000412.png,640,360,mono8
413,1768890696793651317,29.240021222,000413.png,640,360,mono8
414,1768890696860989433,29.307359338,000414.png,640,360,mono8
415,1768890696917081655,29.36345156,000415.png,640,360,mono8
416,1768890696979564444,29.425934349,000416.png,640,360,mono8
417,1768890697051069786,29.497439691,000417.png,640,360,mono8
418,1768890697103385984,29.549755889,000418.png,640,360,mono8
419,1768890697171836010,29.618205915,000419.png,640,360,mono8
420,1768890697249221677,29.695591582,000420.png,640,360,mono8
421,1768890697315691371,29.762061276,000421.png,640,360,mono8
422,1768890697389928826,29.836298731,000422.png,640,360,mono8
423,1768890697479194694,29.925564599,000423.png,640,360,mono8
424,1768890697526813007,29.973182912,000424.png,640,360,mono8
425,1768890697591276865,30.03764677,000425.png,640,360,mono8
426,1768890697709073983,30.155443888,000426.png,640,360,mono8
427,1768890697722419666,30.168789571,000427.png,640,360,mono8
428,1768890697759862332,30.206232237,000428.png,640,360,mono8
429,1768890697849955469,30.296325374,000429.png,640,360,mono8
430,1768890697935440834,30.381810739,000430.png,640,360,mono8
431,1768890698003886029,30.450255934,000431.png,640,360,mono8
432,1768890698068116925,30.51448683,000432.png,640,360,mono8
433,1768890698132704816,30.579074721,000433.png,640,360,mono8
434,1768890698183024329,30.629394234,000434.png,640,360,mono8
435,1768890698258897058,30.705266963,000435.png,640,360,mono8
436,1768890698316438889,30.762808794,000436.png,640,360,mono8
437,1768890698395442101,30.841812006,000437.png,640,360,mono8
438,1768890698468349500,30.914719405,000438.png,640,360,mono8
439,1768890698534079061,30.980448966,000439.png,640,360,mono8
440,1768890698571752512,31.018122417,000440.png,640,360,mono8
441,1768890698648285181,31.094655086,000441.png,640,360,mono8
442,1768890698737889772,31.184259677,000442.png,640,360,mono8
443,1768890698812693886,31.259063791,000443.png,640,360,mono8
444,1768890698897076908,31.343446813,000444.png,640,360,mono8
445,1768890698940425594,31.386795499,000445.png,640,360,mono8
446,1768890699006322485,31.45269239,000446.png,640,360,mono8
447,1768890699141811298,31.588181203,000447.png,640,360,mono8
448,1768890699168986859,31.615356764,000448.png,640,360,mono8
449,1768890699199980748,31.646350653,000449.png,640,360,mono8
450,1768890699262708275,31.70907818,000450.png,640,360,mono8
451,1768890699359247853,31.805617758,000451.png,640,360,mono8
452,1768890699459114363,31.905484268,000452.png,640,360,mono8
453,1768890699472450862,31.918820767,000453.png,640,360,mono8
454,1768890699527917128,31.974287033,000454.png,640,360,mono8
455,1768890699582531453,32.028901358,000455.png,640,360,mono8
456,1768890699673725429,32.120095334,000456.png,640,360,mono8
457,1768890699754298891,32.200668796,000457.png,640,360,mono8
458,1768890699798920865,32.24529077,000458.png,640,360,mono8
459,1768890699911420895,32.3577908,000459.png,640,360,mono8
460,1768890699912560998,32.358930903,000460.png,640,360,mono8
461,1768890699998746719,32.445116624,000461.png,640,360,mono8
462,1768890700086768804,32.533138709,000462.png,640,360,mono8
463,1768890700235761124,32.682131029,000463.png,640,360,mono8
464,1768890700282465831,32.728835736,000464.png,640,360,mono8
465,1768890700348148609,32.794518514,000465.png,640,360,mono8
466,1768890700400834249,32.847204154,000466.png,640,360,mono8
467,1768890700445404319,32.891774224,000467.png,640,360,mono8
468,1768890700497976775,32.94434668,000468.png,640,360,mono8
469,1768890700561964662,33.008334567,000469.png,640,360,mono8
470,1768890700680951515,33.12732142,000470.png,640,360,mono8
471,1768890700748647681,33.195017586,000471.png,640,360,mono8
472,1768890700791887055,33.23825696,000472.png,640,360,mono8
473,1768890700833886901,33.280256806,000473.png,640,360,mono8
474,1768890700922112698,33.368482603,000474.png,640,360,mono8
475,1768890700966215341,33.412585246,000475.png,640,360,mono8
476,1768890701029087829,33.475457734,000476.png,640,360,mono8
477,1768890701099128682,33.545498587,000477.png,640,360,mono8
478,1768890701192182286,33.638552191,000478.png,640,360,mono8
479,1768890701247067076,33.693436981,000479.png,640,360,mono8
480,1768890701313507138,33.759877043,000480.png,640,360,mono8
481,1768890701446809985,33.89317989,000481.png,640,360,mono8
482,1768890701475453812,33.921823717,000482.png,640,360,mono8
483,1768890701491595320,33.937965225,000483.png,640,360,mono8
484,1768890701546921873,33.993291778,000484.png,640,360,mono8
485,1768890701703773923,34.150143828,000485.png,640,360,mono8
486,1768890701758174518,34.204544423,000486.png,640,360,mono8
487,1768890701780472225,34.22684213,000487.png,640,360,mono8
488,1768890701876934362,34.323304267,000488.png,640,360,mono8
489,1768890701882413692,34.328783597,000489.png,640,360,mono8
490,1768890702045536309,34.491906214,000490.png,640,360,mono8
491,1768890702103725120,34.550095025,000491.png,640,360,mono8
492,1768890702156472360,34.602842265,000492.png,640,360,mono8
493,1768890702188348303,34.634718208,000493.png,640,360,mono8
494,1768890702303271324,34.749641229,000494.png,640,360,mono8
495,1768890702354908285,34.80127819,000495.png,640,360,mono8
496,1768890702416984032,34.863353937,000496.png,640,360,mono8
497,1768890702458027360,34.904397265,000497.png,640,360,mono8
498,1768890702524682496,34.971052401,000498.png,640,360,mono8
499,1768890702579600246,35.025970151,000499.png,640,360,mono8
500,1768890702622392833,35.068762738,000500.png,640,360,mono8
501,1768890702713151094,35.159520999,000501.png,640,360,mono8
502,1768890702833782694,35.280152599,000502.png,640,360,mono8
503,1768890702858207231,35.304577136,000503.png,640,360,mono8
504,1768890702902995286,35.349365191,000504.png,640,360,mono8
505,1768890702949875322,35.396245227,000505.png,640,360,mono8
506,1768890703008442055,35.45481196,000506.png,640,360,mono8
507,1768890703090599143,35.536969048,000507.png,640,360,mono8
508,1768890703165924445,35.61229435,000508.png,640,360,mono8
509,1768890703245720750,35.692090655,000509.png,640,360,mono8
510,1768890703304132218,35.750502123,000510.png,640,360,mono8
511,1768890703391331930,35.837701835,000511.png,640,360,mono8
512,1768890703454800421,35.901170326,000512.png,640,360,mono8
513,1768890703530817727,35.977187632,000513.png,640,360,mono8
514,1768890703568886380,36.015256285,000514.png,640,360,mono8
515,1768890703598892519,36.045262424,000515.png,640,360,mono8
516,1768890703702752239,36.149122144,000516.png,640,360,mono8
517,1768890703789031593,36.235401498,000517.png,640,360,mono8
518,1768890703850799146,36.297169051,000518.png,640,360,mono8
519,1768890703936242718,36.382612623,000519.png,640,360,mono8
520,1768890704048968349,36.495338254,000520.png,640,360,mono8
521,1768890704074241914,36.520611819,000521.png,640,360,mono8
522,1768890704103242191,36.549612096,000522.png,640,360,mono8
523,1768890704191490709,36.637860614,000523.png,640,360,mono8
524,1768890704300590461,36.746960366,000524.png,640,360,mono8
525,1768890704337425411,36.783795316,000525.png,640,360,mono8
526,1768890704367449182,36.813819087,000526.png,640,360,mono8
527,1768890704467099947,36.913469852,000527.png,640,360,mono8
528,1768890704608588989,37.054958894,000528.png,640,360,mono8
529,1768890704661400486,37.107770391,000529.png,640,360,mono8
530,1768890704727968229,37.174338134,000530.png,640,360,mono8
531,1768890704762344380,37.208714285,000531.png,640,360,mono8
532,1768890704785222954,37.231592859,000532.png,640,360,mono8
533,1768890704849480859,37.295850764,000533.png,640,360,mono8
534,1768890704929977392,37.376347297,000534.png,640,360,mono8
535,1768890705038833303,37.485203208,000535.png,640,360,mono8
536,1768890705087356901,37.533726806,000536.png,640,360,mono8
537,1768890705129154314,37.575524219,000537.png,640,360,mono8
538,1768890705205111171,37.651481076,000538.png,640,360,mono8
539,1768890705327489822,37.773859727,000539.png,640,360,mono8
540,1768890705367512440,37.813882345,000540.png,640,360,mono8
541,1768890705375171591,37.821541496,000541.png,640,360,mono8
542,1768890705445867616,37.892237521,000542.png,640,360,mono8
543,1768890705585945737,38.032315642,000543.png,640,360,mono8
544,1768890705610941157,38.057311062,000544.png,640,360,mono8
545,1768890705639064052,38.085433957,000545.png,640,360,mono8
546,1768890705718857574,38.165227479,000546.png,640,360,mono8
547,1768890705776524845,38.22289475,000547.png,640,360,mono8
548,1768890705816028579,38.262398484,000548.png,640,360,mono8
549,1768890705929507783,38.375877688,000549.png,640,360,mono8
550,1768890705979421854,38.425791759,000550.png,640,360,mono8
551,1768890706123708705,38.57007861,000551.png,640,360,mono8
552,1768890706166817742,38.613187647,000552.png,640,360,mono8
553,1768890706189784061,38.636153966,000553.png,640,360,mono8
554,1768890706220993760,38.667363665,000554.png,640,360,mono8
555,1768890706314030436,38.760400341,000555.png,640,360,mono8
556,1768890706386603848,38.832973753,000556.png,640,360,mono8
557,1768890706444823123,38.891193028,000557.png,640,360,mono8
558,1768890706513435999,38.959805904,000558.png,640,360,mono8
559,1768890706582347276,39.028717181,000559.png,640,360,mono8
560,1768890706648869643,39.095239548,000560.png,640,360,mono8
561,1768890706707643097,39.154013002,000561.png,640,360,mono8
562,1768890706791545988,39.237915893,000562.png,640,360,mono8
563,1768890706857717121,39.304087026,000563.png,640,360,mono8
564,1768890706895861870,39.342231775,000564.png,640,360,mono8
565,1768890706979764601,39.426134506,000565.png,640,360,mono8
566,1768890707021628414,39.467998319,000566.png,640,360,mono8
567,1768890707226542716,39.672912621,000567.png,640,360,mono8
568,1768890707281977013,39.728346918,000568.png,640,360,mono8
569,1768890707343853207,39.790223112,000569.png,640,360,mono8
570,1768890707408464586,39.854834491,000570.png,640,360,mono8
571,1768890707466581684,39.912951589,000571.png,640,360,mono8
572,1768890707540402528,39.986772433,000572.png,640,360,mono8
573,1768890707600675992,40.047045897,000573.png,640,360,mono8
574,1768890707648181184,40.094551089,000574.png,640,360,mono8
575,1768890707694989092,40.141358997,000575.png,640,360,mono8
576,1768890707750199452,40.196569357,000576.png,640,360,mono8
577,1768890707816125527,40.262495432,000577.png,640,360,mono8
578,1768890707910515555,40.35688546,000578.png,640,360,mono8
579,1768890707930069501,40.376439406,000579.png,640,360,mono8
580,1768890707974351377,40.420721282,000580.png,640,360,mono8
581,1768890708075782985,40.52215289,000581.png,640,360,mono8
582,1768890708127734605,40.57410451,000582.png,640,360,mono8
583,1768890708176025242,40.622395147,000583.png,640,360,mono8
584,1768890708272905814,40.719275719,000584.png,640,360,mono8
585,1768890708370188308,40.816558213,000585.png,640,360,mono8
586,1768890708427219256,40.873589161,000586.png,640,360,mono8
587,1768890708554815443,41.001185348,000587.png,640,360,mono8
588,1768890708633750239,41.080120144,000588.png,640,360,mono8
589,1768890708700577824,41.146947729,000589.png,640,360,mono8
590,1768890708751082107,41.197452012,000590.png,640,360,mono8
591,1768890708818318302,41.264688207,000591.png,640,360,mono8
592,1768890708872780689,41.319150594,000592.png,640,360,mono8
593,1768890708940828665,41.38719857,000593.png,640,360,mono8
594,1768890708985376527,41.431746432,000594.png,640,360,mono8
595,1768890709055458404,41.501828309,000595.png,640,360,mono8
596,1768890709111117823,41.557487728,000596.png,640,360,mono8
597,1768890709173248770,41.619618675,000597.png,640,360,mono8
598,1768890709376350772,41.822720677,000598.png,640,360,mono8
599,1768890709448017715,41.89438762,000599.png,640,360,mono8
600,1768890709501370303,41.947740208,000600.png,640,360,mono8
601,1768890709568168864,42.014538769,000601.png,640,360,mono8
602,1768890709618239736,42.064609641,000602.png,640,360,mono8
603,1768890709677215400,42.123585305,000603.png,640,360,mono8
604,1768890709684911384,42.131281289,000604.png,640,360,mono8
605,1768890709744891117,42.191261022,000605.png,640,360,mono8
606,1768890709837403758,42.283773663,000606.png,640,360,mono8
607,1768890709891176285,42.33754619,000607.png,640,360,mono8
608,1768890709998036087,42.444405992,000608.png,640,360,mono8
609,1768890710003775451,42.450145356,000609.png,640,360,mono8
610,1768890710056233506,42.502603411,000610.png,640,360,mono8
611,1768890710152743036,42.599112941,000611.png,640,360,mono8
612,1768890710200343300,42.646713205,000612.png,640,360,mono8
613,1768890710232292492,42.678662397,000613.png,640,360,mono8
614,1768890710294614960,42.740984865,000614.png,640,360,mono8
615,1768890710365589962,42.811959867,000615.png,640,360,mono8
616,1768890710489364046,42.935733951,000616.png,640,360,mono8
617,1768890710555788876,43.002158781,000617.png,640,360,mono8
618,1768890710590333155,43.03670306,000618.png,640,360,mono8
619,1768890710625562367,43.071932272,000619.png,640,360,mono8
620,1768890710688646536,43.135016441,000620.png,640,360,mono8
621,1768890710757145587,43.203515492,000621.png,640,360,mono8
622,1768890710824399094,43.270768999,000622.png,640,360,mono8
623,1768890710903304642,43.349674547,000623.png,640,360,mono8
624,1768890710935388746,43.381758651,000624.png,640,360,mono8
625,1768890711032927466,43.479297371,000625.png,640,360,mono8
626,1768890711094059943,43.540429848,000626.png,640,360,mono8
627,1768890711179997695,43.6263676,000627.png,640,360,mono8
628,1768890711204821754,43.651191659,000628.png,640,360,mono8
629,1768890711289125767,43.735495672,000629.png,640,360,mono8
630,1768890711371580329,43.817950234,000630.png,640,360,mono8
631,1768890711441824895,43.8881948,000631.png,640,360,mono8
632,1768890711473231171,43.919601076,000632.png,640,360,mono8
633,1768890711563711447,44.010081352,000633.png,640,360,mono8
634,1768890711633111687,44.079481592,000634.png,640,360,mono8
635,1768890711714619875,44.16098978,000635.png,640,360,mono8
636,1768890711753377877,44.199747782,000636.png,640,360,mono8
637,1768890711813603340,44.259973245,000637.png,640,360,mono8
638,1768890711891166384,44.337536289,000638.png,640,360,mono8
639,1768890711917826198,44.364196103,000639.png,640,360,mono8
640,1768890712048422468,44.494792373,000640.png,640,360,mono8
641,1768890712115852073,44.562221978,000641.png,640,360,mono8
642,1768890712169221109,44.615591014,000642.png,640,360,mono8
643,1768890712233905448,44.680275353,000643.png,640,360,mono8
644,1768890712318176598,44.764546503,000644.png,640,360,mono8
645,1768890712365913311,44.812283216,000645.png,640,360,mono8
646,1768890712453158463,44.899528368,000646.png,640,360,mono8
647,1768890712486801329,44.933171234,000647.png,640,360,mono8
648,1768890712569095282,45.015465187,000648.png,640,360,mono8
649,1768890712634224648,45.080594553,000649.png,640,360,mono8
650,1768890712706426442,45.152796347,000650.png,640,360,mono8
651,1768890712834798346,45.281168251,000651.png,640,360,mono8
652,1768890712885996713,45.332366618,000652.png,640,360,mono8
653,1768890712930085916,45.376455821,000653.png,640,360,mono8
654,1768890712967322820,45.413692725,000654.png,640,360,mono8
655,1768890713017060826,45.463430731,000655.png,640,360,mono8
656,1768890713075285029,45.521654934,000656.png,640,360,mono8
657,1768890713155550937,45.601920842,000657.png,640,360,mono8
658,1768890713195856309,45.642226214,000658.png,640,360,mono8
659,1768890713316302435,45.76267234,000659.png,640,360,mono8
660,1768890713452432244,45.898802149,000660.png,640,360,mono8
661,1768890713482159885,45.92852979,000661.png,640,360,mono8
662,1768890713499000182,45.945370087,000662.png,640,360,mono8
663,1768890713569501102,46.015871007,000663.png,640,360,mono8
664,1768890713691767368,46.138137273,000664.png,640,360,mono8
665,1768890713694078006,46.140447911,000665.png,640,360,mono8
666,1768890713766619547,46.212989452,000666.png,640,360,mono8
667,1768890713816559506,46.262929411,000667.png,640,360,mono8
668,1768890713884661178,46.331031083,000668.png,640,360,mono8
669,1768890713943143111,46.389513016,000669.png,640,360,mono8
670,1768890714031971793,46.478341698,000670.png,640,360,mono8
671,1768890714100699581,46.547069486,000671.png,640,360,mono8
672,1768890714163042178,46.609412083,000672.png,640,360,mono8
673,1768890714228187864,46.674557769,000673.png,640,360,mono8
674,1768890714288838578,46.735208483,000674.png,640,360,mono8
675,1768890714358489092,46.804858997,000675.png,640,360,mono8
676,1768890714421254507,46.867624412,000676.png,640,360,mono8
677,1768890714499622388,46.945992293,000677.png,640,360,mono8
678,1768890714559777067,47.006146972,000678.png,640,360,mono8
679,1768890714625748614,47.072118519,000679.png,640,360,mono8
680,1768890714714940274,47.161310179,000680.png,640,360,mono8
681,1768890714758074559,47.204444464,000681.png,640,360,mono8
682,1768890714825189505,47.27155941,000682.png,640,360,mono8
683,1768890714889707283,47.336077188,000683.png,640,360,mono8
684,1768890714978129594,47.424499499,000684.png,640,360,mono8
685,1768890715038029424,47.484399329,000685.png,640,360,mono8
686,1768890715095578391,47.541948296,000686.png,640,360,mono8
687,1768890715162421143,47.608791048,000687.png,640,360,mono8
688,1768890715235775424,47.682145329,000688.png,640,360,mono8
689,1768890715324669259,47.771039164,000689.png,640,360,mono8
690,1768890715449402740,47.895772645,000690.png,640,360,mono8
691,1768890715471632671,47.918002576,000691.png,640,360,mono8
692,1768890715518340386,47.964710291,000692.png,640,360,mono8
693,1768890715604885789,48.051255694,000693.png,640,360,mono8
694,1768890715649116977,48.095486882,000694.png,640,360,mono8
695,1768890715717515483,48.163885388,000695.png,640,360,mono8
696,1768890715802486125,48.24885603,000696.png,640,360,mono8
697,1768890715829075731,48.275445636,000697.png,640,360,mono8
698,1768890715917870428,48.364240333,000698.png,640,360,mono8
699,1768890716037104708,48.483474613,000699.png,640,360,mono8
700,1768890716039798612,48.486168517,000700.png,640,360,mono8
701,1768890716089169608,48.535539513,000701.png,640,360,mono8
702,1768890716172871922,48.619241827,000702.png,640,360,mono8
703,1768890716240898586,48.687268491,000703.png,640,360,mono8
704,1768890716305792846,48.752162751,000704.png,640,360,mono8
705,1768890716360837318,48.807207223,000705.png,640,360,mono8
706,1768890716419649588,48.866019493,000706.png,640,360,mono8
707,1768890716511480817,48.957850722,000707.png,640,360,mono8
708,1768890716562718000,49.009087905,000708.png,640,360,mono8
709,1768890716650869717,49.097239622,000709.png,640,360,mono8
710,1768890716785427868,49.231797773,000710.png,640,360,mono8
711,1768890716808517324,49.254887229,000711.png,640,360,mono8
712,1768890716831515036,49.277884941,000712.png,640,360,mono8
713,1768890716869875307,49.316245212,000713.png,640,360,mono8
714,1768890716944135482,49.390505387,000714.png,640,360,mono8
715,1768890717046437655,49.49280756,000715.png,640,360,mono8
716,1768890717134732702,49.581102607,000716.png,640,360,mono8
717,1768890717233715047,49.680084952,000717.png,640,360,mono8
718,1768890717273200541,49.719570446,000718.png,640,360,mono8
719,1768890717376694402,49.823064307,000719.png,640,360,mono8
720,1768890717422957858,49.869327763,000720.png,640,360,mono8
721,1768890717474050337,49.920420242,000721.png,640,360,mono8
722,1768890717602842052,50.049211957,000722.png,640,360,mono8
723,1768890717653207998,50.099577903,000723.png,640,360,mono8
724,1768890717689836258,50.136206163,000724.png,640,360,mono8
725,1768890717723350483,50.169720388,000725.png,640,360,mono8
726,1768890717789441519,50.235811424,000726.png,640,360,mono8
727,1768890717856606962,50.302976867,000727.png,640,360,mono8
728,1768890717921303237,50.367673142,000728.png,640,360,mono8
729,1768890717987763939,50.434133844,000729.png,640,360,mono8
730,1768890718041796436,50.488166341,000730.png,640,360,mono8
731,1768890718107378957,50.553748862,000731.png,640,360,mono8
732,1768890718174519951,50.620889856,000732.png,640,360,mono8
733,1768890718230583437,50.676953342,000733.png,640,360,mono8
734,1768890718313969589,50.760339494,000734.png,640,360,mono8
735,1768890718385255345,50.83162525,000735.png,640,360,mono8
736,1768890718438678174,50.885048079,000736.png,640,360,mono8
737,1768890718537409797,50.983779702,000737.png,640,360,mono8
738,1768890718612239224,51.058609129,000738.png,640,360,mono8
739,1768890718680728035,51.12709794,000739.png,640,360,mono8
740,1768890718783413795,51.2297837,000740.png,640,360,mono8
741,1768890718812907963,51.259277868,000741.png,640,360,mono8
742,1768890718880593569,51.326963474,000742.png,640,360,mono8
743,1768890718973847878,51.420217783,000743.png,640,360,mono8
744,1768890718999252004,51.445621909,000744.png,640,360,mono8
745,1768890719069766428,51.516136333,000745.png,640,360,mono8
746,1768890719176615734,51.622985639,000746.png,640,360,mono8
747,1768890719185896624,51.632266529,000747.png,640,360,mono8
748,1768890719259276729,51.705646634,000748.png,640,360,mono8
749,1768890719325334549,51.771704454,000749.png,640,360,mono8
750,1768890719385673709,51.832043614,000750.png,640,360,mono8
751,1768890719448672950,51.895042855,000751.png,640,360,mono8
752,1768890719532277343,51.978647248,000752.png,640,360,mono8
753,1768890719605112133,52.051482038,000753.png,640,360,mono8
754,1768890719679201139,52.125571044,000754.png,640,360,mono8
755,1768890719745743346,52.192113251,000755.png,640,360,mono8
756,1768890719815336771,52.261706676,000756.png,640,360,mono8
757,1768890719906788477,52.353158382,000757.png,640,360,mono8
758,1768890719951545204,52.397915109,000758.png,640,360,mono8
759,1768890720143486497,52.589856402,000759.png,640,360,mono8
760,1768890720195903976,52.642273881,000760.png,640,360,mono8
761,1768890720209083866,52.655453771,000761.png,640,360,mono8
762,1768890720257872298,52.704242203,000762.png,640,360,mono8
763,1768890720262867433,52.709237338,000763.png,640,360,mono8
764,1768890720325451311,52.771821216,000764.png,640,360,mono8
765,1768890720387713939,52.834083844,000765.png,640,360,mono8
766,1768890720456692033,52.903061938,000766.png,640,360,mono8
767,1768890720522610876,52.968980781,000767.png,640,360,mono8
768,1768890720591805420,53.038175325,000768.png,640,360,mono8
769,1768890720659763187,53.106133092,000769.png,640,360,mono8
770,1768890720730563085,53.17693299,000770.png,640,360,mono8
771,1768890720787316558,53.233686463,000771.png,640,360,mono8
772,1768890720859242735,53.30561264,000772.png,640,360,mono8
773,1768890720931593618,53.377963523,000773.png,640,360,mono8
774,1768890721009493943,53.455863848,000774.png,640,360,mono8
775,1768890721056276475,53.50264638,000775.png,640,360,mono8
776,1768890721163059445,53.60942935,000776.png,640,360,mono8
777,1768890721231375710,53.677745615,000777.png,640,360,mono8
778,1768890721279670700,53.726040605,000778.png,640,360,mono8
779,1768890721336001483,53.782371388,000779.png,640,360,mono8
780,1768890721431739423,53.878109328,000780.png,640,360,mono8
781,1768890721457035837,53.903405742,000781.png,640,360,mono8
782,1768890721549612574,53.995982479,000782.png,640,360,mono8
783,1768890721678110847,54.124480752,000783.png,640,360,mono8
784,1768890721736072201,54.182442106,000784.png,640,360,mono8
785,1768890721763170641,54.209540546,000785.png,640,360,mono8
786,1768890721831006776,54.277376681,000786.png,640,360,mono8
787,1768890721879577607,54.325947512,000787.png,640,360,mono8
788,1768890721960392159,54.406762064,000788.png,640,360,mono8
789,1768890722006848384,54.453218289,000789.png,640,360,mono8
790,1768890722063656291,54.510026196,000790.png,640,360,mono8
791,1768890722155808417,54.602178322,000791.png,640,360,mono8
792,1768890722234658157,54.681028062,000792.png,640,360,mono8
793,1768890722304943107,54.751313012,000793.png,640,360,mono8
794,1768890722366644227,54.813014132,000794.png,640,360,mono8
795,1768890722433573541,54.879943446,000795.png,640,360,mono8
796,1768890722477402582,54.923772487,000796.png,640,360,mono8
797,1768890722543249808,54.989619713,000797.png,640,360,mono8
798,1768890722615686740,55.062056645,000798.png,640,360,mono8
799,1768890722716226918,55.162596823,000799.png,640,360,mono8
800,1768890722742436458,55.188806363,000800.png,640,360,mono8
801,1768890722797075742,55.243445647,000801.png,640,360,mono8
802,1768890722888267959,55.334637864,000802.png,640,360,mono8
803,1768890722975742392,55.422112297,000803.png,640,360,mono8
804,1768890723063715933,55.510085838,000804.png,640,360,mono8
805,1768890723093571671,55.539941576,000805.png,640,360,mono8
806,1768890723142528008,55.588897913,000806.png,640,360,mono8
807,1768890723209645834,55.656015739,000807.png,640,360,mono8
808,1768890723303055345,55.74942525,000808.png,640,360,mono8
809,1768890723367309345,55.81367925,000809.png,640,360,mono8
810,1768890723427701018,55.874070923,000810.png,640,360,mono8
811,1768890723477915731,55.924285636,000811.png,640,360,mono8
812,1768890723546359805,55.99272971,000812.png,640,360,mono8
813,1768890723617483161,56.063853066,000813.png,640,360,mono8
814,1768890723676547113,56.122917018,000814.png,640,360,mono8
815,1768890723746221915,56.19259182,000815.png,640,360,mono8
816,1768890723817012244,56.263382149,000816.png,640,360,mono8
817,1768890723883252145,56.32962205,000817.png,640,360,mono8
818,1768890723944662288,56.391032193,000818.png,640,360,mono8
819,1768890724030363814,56.476733719,000819.png,640,360,mono8
820,1768890724171736472,56.618106377,000820.png,640,360,mono8
821,1768890724192257816,56.638627721,000821.png,640,360,mono8
822,1768890724218410779,56.664780684,000822.png,640,360,mono8
823,1768890724283670929,56.730040834,000823.png,640,360,mono8
824,1768890724380047178,56.826417083,000824.png,640,360,mono8
825,1768890724424709313,56.871079218,000825.png,640,360,mono8
826,1768890724487864810,56.934234715,000826.png,640,360,mono8
827,1768890724558651748,57.005021653,000827.png,640,360,mono8
828,1768890724597425077,57.043794982,000828.png,640,360,mono8
829,1768890724712502499,57.158872404,000829.png,640,360,mono8
830,1768890724782284982,57.228654887,000830.png,640,360,mono8
831,1768890724840473760,57.286843665,000831.png,640,360,mono8
832,1768890724884845205,57.33121511,000832.png,640,360,mono8
833,1768890724956679925,57.40304983,000833.png,640,360,mono8
834,1768890725031273542,57.477643447,000834.png,640,360,mono8
835,1768890725118770695,57.5651406,000835.png,640,360,mono8
836,1768890725206110920,57.652480825,000836.png,640,360,mono8
837,1768890725245939968,57.692309873,000837.png,640,360,mono8
838,1768890725300349747,57.746719652,000838.png,640,360,mono8
839,1768890725367460661,57.813830566,000839.png,640,360,mono8
840,1768890725456792226,57.903162131,000840.png,640,360,mono8
841,1768890725539839912,57.986209817,000841.png,640,360,mono8
842,1768890725580811911,58.027181816,000842.png,640,360,mono8
843,1768890725646549889,58.092919794,000843.png,640,360,mono8
844,1768890725713017312,58.159387217,000844.png,640,360,mono8
845,1768890725770704167,58.217074072,000845.png,640,360,mono8
846,1768890725891112022,58.337481927,000846.png,640,360,mono8
847,1768890725913564258,58.359934163,000847.png,640,360,mono8
848,1768890725971631564,58.418001469,000848.png,640,360,mono8
849,1768890726023587280,58.469957185,000849.png,640,360,mono8
850,1768890726096562454,58.542932359,000850.png,640,360,mono8
851,1768890726130966189,58.577336094,000851.png,640,360,mono8
852,1768890726212602250,58.658972155,000852.png,640,360,mono8
853,1768890726296228211,58.742598116,000853.png,640,360,mono8
854,1768890726407674442,58.854044347,000854.png,640,360,mono8
855,1768890726442512931,58.888882836,000855.png,640,360,mono8
856,1768890726532393363,58.978763268,000856.png,640,360,mono8
857,1768890726594325781,59.040695686,000857.png,640,360,mono8
858,1768890726682405018,59.128774923,000858.png,640,360,mono8
859,1768890726704612389,59.150982294,000859.png,640,360,mono8
860,1768890726786536420,59.232906325,000860.png,640,360,mono8
861,1768890726909035583,59.355405488,000861.png,640,360,mono8
862,1768890726964640506,59.411010411,000862.png,640,360,mono8
863,1768890726978266767,59.424636672,000863.png,640,360,mono8
864,1768890727056008083,59.502377988,000864.png,640,360,mono8
865,1768890727084450533,59.530820438,000865.png,640,360,mono8
866,1768890727167588011,59.613957916,000866.png,640,360,mono8
867,1768890727233172676,59.679542581,000867.png,640,360,mono8
868,1768890727289931238,59.736301143,000868.png,640,360,mono8
869,1768890727406357755,59.85272766,000869.png,640,360,mono8
870,1768890727458320063,59.904689968,000870.png,640,360,mono8
871,1768890727498858652,59.945228557,000871.png,640,360,mono8
872,1768890727591920160,60.038290065,000872.png,640,360,mono8
873,1768890727672340885,60.11871079,000873.png,640,360,mono8
874,1768890727771206718,60.217576623,000874.png,640,360,mono8
875,1768890727817952193,60.264322098,000875.png,640,360,mono8
876,1768890727881945552,60.328315457,000876.png,640,360,mono8
877,1768890727936546916,60.382916821,000877.png,640,360,mono8
878,1768890728044906120,60.491276025,000878.png,640,360,mono8
879,1768890728095720805,60.54209071,000879.png,640,360,mono8
880,1768890728129599128,60.575969033,000880.png,640,360,mono8
881,1768890728282879507,60.729249412,000881.png,640,360,mono8
882,1768890728331063328,60.777433233,000882.png,640,360,mono8
883,1768890728397471422,60.843841327,000883.png,640,360,mono8
884,1768890728423046525,60.86941643,000884.png,640,360,mono8
885,1768890728462419763,60.908789668,000885.png,640,360,mono8
886,1768890728527826090,60.974195995,000886.png,640,360,mono8
887,1768890728582358334,61.028728239,000887.png,640,360,mono8
888,1768890728629942663,61.076312568,000888.png,640,360,mono8
889,1768890728712245064,61.158614969,000889.png,640,360,mono8
890,1768890728801334227,61.247704132,000890.png,640,360,mono8
891,1768890728869582077,61.315951982,000891.png,640,360,mono8
892,1768890728914758390,61.361128295,000892.png,640,360,mono8
893,1768890729042579955,61.48894986,000893.png,640,360,mono8
894,1768890729046566476,61.492936381,000894.png,640,360,mono8
895,1768890729220715914,61.667085819,000895.png,640,360,mono8
896,1768890729250596612,61.696966517,000896.png,640,360,mono8
897,1768890729287999021,61.734368926,000897.png,640,360,mono8
898,1768890729332172641,61.778542546,000898.png,640,360,mono8
899,1768890729382549851,61.828919756,000899.png,640,360,mono8
900,1768890729424488480,61.870858385,000900.png,640,360,mono8
901,1768890729535963927,61.982333832,000901.png,640,360,mono8
902,1768890729595313257,62.041683162,000902.png,640,360,mono8
903,1768890729656614023,62.102983928,000903.png,640,360,mono8
904,1768890729740570642,62.186940547,000904.png,640,360,mono8
905,1768890729810879561,62.257249466,000905.png,640,360,mono8
906,1768890729860364477,62.306734382,000906.png,640,360,mono8
907,1768890729921275225,62.36764513,000907.png,640,360,mono8
908,1768890729977933978,62.424303883,000908.png,640,360,mono8
909,1768890730076055486,62.522425391,000909.png,640,360,mono8
910,1768890730245635423,62.692005328,000910.png,640,360,mono8
911,1768890730285572344,62.731942249,000911.png,640,360,mono8
912,1768890730338383937,62.784753842,000912.png,640,360,mono8
913,1768890730382534516,62.828904421,000913.png,640,360,mono8
914,1768890730427141258,62.873511163,000914.png,640,360,mono8
915,1768890730480094292,62.926464197,000915.png,640,360,mono8
916,1768890730606921003,63.053290908,000916.png,640,360,mono8
917,1768890730655567738,63.101937643,000917.png,640,360,mono8
918,1768890730680535606,63.126905511,000918.png,640,360,mono8
919,1768890730793731640,63.240101545,000919.png,640,360,mono8
920,1768890730825765855,63.27213576,000920.png,640,360,mono8
921,1768890730855251191,63.301621096,000921.png,640,360,mono8
922,1768890730911472022,63.357841927,000922.png,640,360,mono8
923,1768890730990415746,63.436785651,000923.png,640,360,mono8
924,1768890731148201945,63.59457185,000924.png,640,360,mono8
925,1768890731199435289,63.645805194,000925.png,640,360,mono8
926,1768890731216855749,63.663225654,000926.png,640,360,mono8
927,1768890731286701081,63.733070986,000927.png,640,360,mono8
928,1768890731357994293,63.804364198,000928.png,640,360,mono8
929,1768890731453873291,63.900243196,000929.png,640,360,mono8
930,1768890731478407780,63.924777685,000930.png,640,360,mono8
931,1768890731547310193,63.993680098,000931.png,640,360,mono8
932,1768890731599966106,64.046336011,000932.png,640,360,mono8
933,1768890731661289336,64.107659241,000933.png,640,360,mono8
934,1768890731743336887,64.189706792,000934.png,640,360,mono8
935,1768890731812277157,64.258647062,000935.png,640,360,mono8
936,1768890731886555700,64.332925605,000936.png,640,360,mono8
937,1768890731947001677,64.393371582,000937.png,640,360,mono8
938,1768890732001948323,64.448318228,000938.png,640,360,mono8
939,1768890732063589252,64.509959157,000939.png,640,360,mono8
940,1768890732140672676,64.587042581,000940.png,640,360,mono8
941,1768890732275592397,64.721962302,000941.png,640,360,mono8
942,1768890732277561786,64.723931691,000942.png,640,360,mono8
943,1768890732341799370,64.788169275,000943.png,640,360,mono8
944,1768890732413158951,64.859528856,000944.png,640,360,mono8
945,1768890732479129346,64.925499251,000945.png,640,360,mono8
946,1768890732552824878,64.999194783,000946.png,640,360,mono8
947,1768890732616506330,65.062876235,000947.png,640,360,mono8
948,1768890732684022143,65.130392048,000948.png,640,360,mono8
949,1768890732748730067,65.195099972,000949.png,640,360,mono8
950,1768890732806334938,65.252704843,000950.png,640,360,mono8
951,1768890732884753923,65.331123828,000951.png,640,360,mono8
952,1768890732952058150,65.398428055,000952.png,640,360,mono8
953,1768890733006652827,65.453022732,000953.png,640,360,mono8
954,1768890733085083364,65.531453269,000954.png,640,360,mono8
955,1768890733161271774,65.607641679,000955.png,640,360,mono8
956,1768890733214471210,65.660841115,000956.png,640,360,mono8
957,1768890733281822862,65.728192767,000957.png,640,360,mono8
958,1768890733347416743,65.793786648,000958.png,640,360,mono8
959,1768890733414106919,65.860476824,000959.png,640,360,mono8
960,1768890733469819266,65.916189171,000960.png,640,360,mono8
961,1768890733555953403,66.002323308,000961.png,640,360,mono8
962,1768890733603584164,66.049954069,000962.png,640,360,mono8
963,1768890733687098348,66.133468253,000963.png,640,360,mono8
964,1768890733756971872,66.203341777,000964.png,640,360,mono8
965,1768890733804828938,66.251198843,000965.png,640,360,mono8
966,1768890733893731829,66.340101734,000966.png,640,360,mono8
967,1768890733958784106,66.405154011,000967.png,640,360,mono8
968,1768890734020316170,66.466686075,000968.png,640,360,mono8
969,1768890734059599711,66.505969616,000969.png,640,360,mono8
970,1768890734166921340,66.613291245,000970.png,640,360,mono8
971,1768890734200085226,66.646455131,000971.png,640,360,mono8
972,1768890734380837169,66.827207074,000972.png,640,360,mono8
973,1768890734436438732,66.882808637,000973.png,640,360,mono8
974,1768890734501707939,66.948077844,000974.png,640,360,mono8
975,1768890734572510236,67.018880141,000975.png,640,360,mono8
976,1768890734614201888,67.060571793,000976.png,640,360,mono8
977,1768890734662403628,67.108773533,000977.png,640,360,mono8
978,1768890734718974381,67.165344286,000978.png,640,360,mono8
979,1768890734762686462,67.209056367,000979.png,640,360,mono8
980,1768890734869252950,67.315622855,000980.png,640,360,mono8
981,1768890734915296469,67.361666374,000981.png,640,360,mono8
982,1768890735034071865,67.48044177,000982.png,640,360,mono8
983,1768890735099948884,67.546318789,000983.png,640,360,mono8
984,1768890735132432030,67.578801935,000984.png,640,360,mono8
985,1768890735190587977,67.636957882,000985.png,640,360,mono8
986,1768890735314786127,67.761156032,000986.png,640,360,mono8
987,1768890735363817473,67.810187378,000987.png,640,360,mono8
988,1768890735389757987,67.836127892,000988.png,640,360,mono8
989,1768890735580704169,68.027074074,000989.png,640,360,mono8
990,1768890735631892616,68.078262521,000990.png,640,360,mono8
991,1768890735660924701,68.107294606,000991.png,640,360,mono8
992,1768890735689295246,68.135665151,000992.png,640,360,mono8
993,1768890735691700701,68.138070606,000993.png,640,360,mono8
994,1768890735781972656,68.228342561,000994.png,640,360,mono8
995,1768890735837801292,68.284171197,000995.png,640,360,mono8
996,1768890735907550623,68.353920528,000996.png,640,360,mono8
997,1768890736058716333,68.505086238,000997.png,640,360,mono8
998,1768890736080593173,68.526963078,000998.png,640,360,mono8
999,1768890736088667816,68.535037721,000999.png,640,360,mono8
1000,1768890736259441840,68.705811745,001000.png,640,360,mono8
1001,1768890736298581540,68.744951445,001001.png,640,360,mono8
1002,1768890736331906292,68.778276197,001002.png,640,360,mono8
1003,1768890736445656729,68.892026634,001003.png,640,360,mono8
1004,1768890736465731094,68.912100999,001004.png,640,360,mono8
1005,1768890736494357769,68.940727674,001005.png,640,360,mono8
1006,1768890736565026337,69.011396242,001006.png,640,360,mono8
1007,1768890736661769820,69.108139725,001007.png,640,360,mono8
1008,1768890736731615984,69.177985889,001008.png,640,360,mono8
1009,1768890736764683358,69.211053263,001009.png,640,360,mono8
1010,1768890736834862131,69.281232036,001010.png,640,360,mono8
1011,1768890736901184209,69.347554114,001011.png,640,360,mono8
1012,1768890736984089174,69.430459079,001012.png,640,360,mono8
1013,1768890737039933426,69.486303331,001013.png,640,360,mono8
1014,1768890737107053396,69.553423301,001014.png,640,360,mono8
1015,1768890737175491167,69.621861072,001015.png,640,360,mono8
1016,1768890737234666864,69.681036769,001016.png,640,360,mono8
1017,1768890737320323142,69.766693047,001017.png,640,360,mono8
1018,1768890737374094965,69.82046487,001018.png,640,360,mono8
1019,1768890737516651374,69.963021279,001019.png,640,360,mono8
1020,1768890737543605750,69.989975655,001020.png,640,360,mono8
1021,1768890737582825610,70.029195515,001021.png,640,360,mono8
1022,1768890737651405590,70.097775495,001022.png,640,360,mono8
1023,1768890737705742248,70.152112153,001023.png,640,360,mono8
1024,1768890737773524303,70.219894208,001024.png,640,360,mono8
1025,1768890737826913340,70.273283245,001025.png,640,360,mono8
1026,1768890737926166118,70.372536023,001026.png,640,360,mono8
1027,1768890737999406351,70.445776256,001027.png,640,360,mono8
1028,1768890738044345191,70.490715096,001028.png,640,360,mono8
1029,1768890738102862484,70.549232389,001029.png,640,360,mono8
1030,1768890738173883215,70.62025312,001030.png,640,360,mono8
1031,1768890738248005725,70.69437563,001031.png,640,360,mono8
1032,1768890738378562731,70.824932636,001032.png,640,360,mono8
1033,1768890738432623196,70.878993101,001033.png,640,360,mono8
1034,1768890738500603492,70.946973397,001034.png,640,360,mono8
1035,1768890738570512951,71.016882856,001035.png,640,360,mono8
1036,1768890738641712691,71.088082596,001036.png,640,360,mono8
1037,1768890738692841874,71.139211779,001037.png,640,360,mono8
1038,1768890738757826631,71.204196536,001038.png,640,360,mono8
1039,1768890738823252095,71.269622,001039.png,640,360,mono8
1040,1768890738941008925,71.38737883,001040.png,640,360,mono8
1041,1768890738982239806,71.428609711,001041.png,640,360,mono8
1042,1768890739035683435,71.48205334,001042.png,640,360,mono8
1043,1768890739083372916,71.529742821,001043.png,640,360,mono8
1044,1768890739149928979,71.596298884,001044.png,640,360,mono8
1045,1768890739268135764,71.714505669,001045.png,640,360,mono8
1046,1768890739289801723,71.736171628,001046.png,640,360,mono8
1047,1768890739318851376,71.765221281,001047.png,640,360,mono8
1048,1768890739381028660,71.827398565,001048.png,640,360,mono8
1049,1768890739474514203,71.920884108,001049.png,640,360,mono8
1050,1768890739553948458,72.000318363,001050.png,640,360,mono8
1051,1768890739603102588,72.049472493,001051.png,640,360,mono8
1052,1768890739688715602,72.135085507,001052.png,640,360,mono8
1053,1768890739744542350,72.190912255,001053.png,640,360,mono8
1054,1768890739811968883,72.258338788,001054.png,640,360,mono8
1055,1768890739878803443,72.325173348,001055.png,640,360,mono8
1056,1768890739932313249,72.378683154,001056.png,640,360,mono8
1057,1768890740005790443,72.452160348,001057.png,640,360,mono8
1058,1768890740076696325,72.52306623,001058.png,640,360,mono8
1059,1768890740135609364,72.581979269,001059.png,640,360,mono8
1060,1768890740184076002,72.630445907,001060.png,640,360,mono8
1061,1768890740274568694,72.720938599,001061.png,640,360,mono8
1062,1768890740390471369,72.836841274,001062.png,640,360,mono8
1063,1768890740414882785,72.86125269,001063.png,640,360,mono8
1064,1768890740545203022,72.991572927,001064.png,640,360,mono8
1065,1768890740618123860,73.064493765,001065.png,640,360,mono8
1066,1768890740688760236,73.135130141,001066.png,640,360,mono8
1067,1768890740745033259,73.191403164,001067.png,640,360,mono8
1068,1768890740823571477,73.269941382,001068.png,640,360,mono8
1069,1768890740889592976,73.335962881,001069.png,640,360,mono8
1070,1768890740944300326,73.390670231,001070.png,640,360,mono8
1071,1768890741013658166,73.460028071,001071.png,640,360,mono8
1072,1768890741044009331,73.490379236,001072.png,640,360,mono8
1073,1768890741084915698,73.531285603,001073.png,640,360,mono8
1074,1768890741139206533,73.585576438,001074.png,640,360,mono8
1075,1768890741177696437,73.624066342,001075.png,640,360,mono8
1076,1768890741267988615,73.71435852,001076.png,640,360,mono8
1077,1768890741347126037,73.793495942,001077.png,640,360,mono8
1078,1768890741457169347,73.903539252,001078.png,640,360,mono8
1079,1768890741509063110,73.955433015,001079.png,640,360,mono8
1080,1768890741538622559,73.984992464,001080.png,640,360,mono8
1081,1768890741643581581,74.089951486,001081.png,640,360,mono8
1082,1768890741685243857,74.131613762,001082.png,640,360,mono8
1083,1768890741758200759,74.204570664,001083.png,640,360,mono8
1084,1768890741866748860,74.313118765,001084.png,640,360,mono8
1085,1768890741874711662,74.321081567,001085.png,640,360,mono8
1086,1768890741938372475,74.38474238,001086.png,640,360,mono8
1087,1768890742004753176,74.451123081,001087.png,640,360,mono8
1088,1768890742113144956,74.559514861,001088.png,640,360,mono8
1089,1768890742286189075,74.73255898,001089.png,640,360,mono8
1090,1768890742313176859,74.759546764,001090.png,640,360,mono8
1091,1768890742376540006,74.822909911,001091.png,640,360,mono8
1092,1768890742422310884,74.868680789,001092.png,640,360,mono8
1093,1768890742430267381,74.876637286,001093.png,640,360,mono8
1094,1768890742520897290,74.967267195,001094.png,640,360,mono8
1095,1768890742569958940,75.016328845,001095.png,640,360,mono8
1096,1768890742634499246,75.080869151,001096.png,640,360,mono8
1097,1768890742721740878,75.168110783,001097.png,640,360,mono8
1098,1768890742772599403,75.218969308,001098.png,640,360,mono8
1099,1768890742845091183,75.291461088,001099.png,640,360,mono8
1100,1768890742896670449,75.343040354,001100.png,640,360,mono8
1101,1768890743026426810,75.472796715,001101.png,640,360,mono8
1102,1768890743069841512,75.516211417,001102.png,640,360,mono8
1103,1768890743162093831,75.608463736,001103.png,640,360,mono8
1104,1768890743198900173,75.645270078,001104.png,640,360,mono8
1105,1768890743231517144,75.677887049,001105.png,640,360,mono8
1106,1768890743267226775,75.71359668,001106.png,640,360,mono8
1107,1768890743361869061,75.808238966,001107.png,640,360,mono8
1108,1768890743429189160,75.875559065,001108.png,640,360,mono8
1109,1768890743501352234,75.947722139,001109.png,640,360,mono8
1110,1768890743549035412,75.995405317,001110.png,640,360,mono8
1111,1768890743613047683,76.059417588,001111.png,640,360,mono8
1112,1768890743690289828,76.136659733,001112.png,640,360,mono8
1113,1768890743765793275,76.21216318,001113.png,640,360,mono8
1114,1768890743817790591,76.264160496,001114.png,640,360,mono8
1115,1768890743904519228,76.350889133,001115.png,640,360,mono8
1116,1768890743970188981,76.416558886,001116.png,640,360,mono8
1117,1768890744047959962,76.494329867,001117.png,640,360,mono8
1118,1768890744131826053,76.578195958,001118.png,640,360,mono8
1119,1768890744164717330,76.611087235,001119.png,640,360,mono8
1120,1768890744226447475,76.67281738,001120.png,640,360,mono8
1121,1768890744273021653,76.719391558,001121.png,640,360,mono8
1122,1768890744376434266,76.822804171,001122.png,640,360,mono8
1123,1768890744441681040,76.888050945,001123.png,640,360,mono8
1124,1768890744526295616,76.972665521,001124.png,640,360,mono8
1125,1768890744583755878,77.030125783,001125.png,640,360,mono8
1126,1768890744651416684,77.097786589,001126.png,640,360,mono8
1127,1768890744768235588,77.214605493,001127.png,640,360,mono8
1128,1768890744811583858,77.257953763,001128.png,640,360,mono8
1129,1768890744840041860,77.286411765,001129.png,640,360,mono8
1130,1768890744906975045,77.35334495,001130.png,640,360,mono8
1131,1768890744978342914,77.424712819,001131.png,640,360,mono8
1132,1768890745044571007,77.490940912,001132.png,640,360,mono8
1133,1768890745077284491,77.523654396,001133.png,640,360,mono8
1134,1768890745154314379,77.600684284,001134.png,640,360,mono8
1135,1768890745225110372,77.671480277,001135.png,640,360,mono8
1136,1768890745307641031,77.754010936,001136.png,640,360,mono8
1137,1768890745356590456,77.802960361,001137.png,640,360,mono8
1138,1768890745438916121,77.885286026,001138.png,640,360,mono8
1139,1768890745519141709,77.965511614,001139.png,640,360,mono8
1140,1768890745566599317,78.012969222,001140.png,640,360,mono8
1141,1768890745629047963,78.075417868,001141.png,640,360,mono8
1142,1768890745710734200,78.157104105,001142.png,640,360,mono8
1143,1768890745767495770,78.213865675,001143.png,640,360,mono8
1144,1768890745832156717,78.278526622,001144.png,640,360,mono8
1145,1768890745892202819,78.338572724,001145.png,640,360,mono8
1146,1768890745955199884,78.401569789,001146.png,640,360,mono8
1147,1768890746065624092,78.511993997,001147.png,640,360,mono8
1148,1768890746130074990,78.576444895,001148.png,640,360,mono8
1149,1768890746197113392,78.643483297,001149.png,640,360,mono8
1150,1768890746261886180,78.708256085,001150.png,640,360,mono8
1151,1768890746290776088,78.737145993,001151.png,640,360,mono8
1152,1768890746383358489,78.829728394,001152.png,640,360,mono8
1153,1768890746471237917,78.917607822,001153.png,640,360,mono8
1154,1768890746569592802,79.015962707,001154.png,640,360,mono8
1155,1768890746629643704,79.076013609,001155.png,640,360,mono8
1156,1768890746676991456,79.123361361,001156.png,640,360,mono8
1157,1768890746720725200,79.167095105,001157.png,640,360,mono8
1158,1768890746769440608,79.215810513,001158.png,640,360,mono8
1159,1768890746853864558,79.300234463,001159.png,640,360,mono8
1160,1768890746910162029,79.356531934,001160.png,640,360,mono8
1161,1768890746979149179,79.425519084,001161.png,640,360,mono8
1162,1768890747054718482,79.501088387,001162.png,640,360,mono8
1163,1768890747117104471,79.563474376,001163.png,640,360,mono8
1164,1768890747169974977,79.616344882,001164.png,640,360,mono8
1165,1768890747253149256,79.699519161,001165.png,640,360,mono8
1166,1768890747303908324,79.750278229,001166.png,640,360,mono8
1167,1768890747377348430,79.823718335,001167.png,640,360,mono8
1168,1768890747437333988,79.883703893,001168.png,640,360,mono8
1169,1768890747515618764,79.961988669,001169.png,640,360,mono8
1170,1768890747589067350,80.035437255,001170.png,640,360,mono8
1171,1768890747632452324,80.078822229,001171.png,640,360,mono8
1172,1768890747729660706,80.176030611,001172.png,640,360,mono8
1173,1768890747837552835,80.28392274,001173.png,640,360,mono8
1174,1768890747869099303,80.315469208,001174.png,640,360,mono8
1175,1768890747950420482,80.396790387,001175.png,640,360,mono8
1176,1768890747987059687,80.433429592,001176.png,640,360,mono8
1177,1768890748076904759,80.523274664,001177.png,640,360,mono8
1178,1768890748110305639,80.556675544,001178.png,640,360,mono8
1179,1768890748182697738,80.629067643,001179.png,640,360,mono8
1180,1768890748225543478,80.671913383,001180.png,640,360,mono8
1181,1768890748328479543,80.774849448,001181.png,640,360,mono8
1182,1768890748391242751,80.837612656,001182.png,640,360,mono8
1183,1768890748458908932,80.905278837,001183.png,640,360,mono8
1184,1768890748513698234,80.960068139,001184.png,640,360,mono8
1185,1768890748583760975,81.03013088,001185.png,640,360,mono8
1186,1768890748652909310,81.099279215,001186.png,640,360,mono8
1187,1768890748704469631,81.150839536,001187.png,640,360,mono8
1188,1768890748780217368,81.226587273,001188.png,640,360,mono8
1189,1768890748831897594,81.278267499,001189.png,640,360,mono8
1190,1768890748909852608,81.356222513,001190.png,640,360,mono8
1191,1768890748988587947,81.434957852,001191.png,640,360,mono8
1192,1768890749068211707,81.514581612,001192.png,640,360,mono8
1193,1768890749150881374,81.597251279,001193.png,640,360,mono8
1194,1768890749201166360,81.647536265,001194.png,640,360,mono8
1195,1768890749253860768,81.700230673,001195.png,640,360,mono8
1196,1768890749321055555,81.76742546,001196.png,640,360,mono8
1197,1768890749384675408,81.831045313,001197.png,640,360,mono8
1198,1768890749451167406,81.897537311,001198.png,640,360,mono8
1199,1768890749536827172,81.983197077,001199.png,640,360,mono8
1200,1768890749608958054,82.055327959,001200.png,640,360,mono8
1201,1768890749671934575,82.11830448,001201.png,640,360,mono8
1202,1768890749740392057,82.186761962,001202.png,640,360,mono8
1203,1768890749802973440,82.249343345,001203.png,640,360,mono8
1204,1768890749875566628,82.321936533,001204.png,640,360,mono8
1205,1768890749926393185,82.37276309,001205.png,640,360,mono8
1206,1768890749973060612,82.419430517,001206.png,640,360,mono8
1207,1768890750041884113,82.488254018,001207.png,640,360,mono8
1208,1768890750144398192,82.590768097,001208.png,640,360,mono8
1209,1768890750211439122,82.657809027,001209.png,640,360,mono8
1210,1768890750264912575,82.71128248,001210.png,640,360,mono8
1211,1768890750424598051,82.870967956,001211.png,640,360,mono8
1212,1768890750482233770,82.928603675,001212.png,640,360,mono8
1213,1768890750547810915,82.99418082,001213.png,640,360,mono8
1214,1768890750571279445,83.01764935,001214.png,640,360,mono8
1215,1768890750614088448,83.060458353,001215.png,640,360,mono8
1216,1768890750681414404,83.127784309,001216.png,640,360,mono8
1217,1768890750758879879,83.205249784,001217.png,640,360,mono8
1218,1768890750849499996,83.295869901,001218.png,640,360,mono8
1219,1768890750879258069,83.325627974,001219.png,640,360,mono8
1220,1768890750948456005,83.39482591,001220.png,640,360,mono8
1221,1768890751015528103,83.461898008,001221.png,640,360,mono8
1222,1768890751054253112,83.500623017,001222.png,640,360,mono8
1223,1768890751161254259,83.607624164,001223.png,640,360,mono8
1224,1768890751217241808,83.663611713,001224.png,640,360,mono8
1225,1768890751268911059,83.715280964,001225.png,640,360,mono8
1226,1768890751336442840,83.782812745,001226.png,640,360,mono8
1227,1768890751413784794,83.860154699,001227.png,640,360,mono8
1228,1768890751472758377,83.919128282,001228.png,640,360,mono8
1229,1768890751553447392,83.999817297,001229.png,640,360,mono8
1230,1768890751610375235,84.05674514,001230.png,640,360,mono8
1231,1768890751659209908,84.105579813,001231.png,640,360,mono8
1232,1768890751729497610,84.175867515,001232.png,640,360,mono8
1233,1768890751811296904,84.257666809,001233.png,640,360,mono8
1234,1768890751938791715,84.38516162,001234.png,640,360,mono8
1235,1768890751942567162,84.388937067,001235.png,640,360,mono8
1236,1768890752013927415,84.46029732,001236.png,640,360,mono8
1237,1768890752064260305,84.51063021,001237.png,640,360,mono8
1238,1768890752117023386,84.563393291,001238.png,640,360,mono8
1239,1768890752219565657,84.665935562,001239.png,640,360,mono8
1240,1768890752285886199,84.732256104,001240.png,640,360,mono8
1241,1768890752352922777,84.799292682,001241.png,640,360,mono8
1242,1768890752421438052,84.867807957,001242.png,640,360,mono8
1243,1768890752474981522,84.921351427,001243.png,640,360,mono8
1244,1768890752539198274,84.985568179,001244.png,640,360,mono8
1245,1768890752628935793,85.075305698,001245.png,640,360,mono8
1246,1768890752666604188,85.112974093,001246.png,640,360,mono8
1247,1768890752773548087,85.219917992,001247.png,640,360,mono8
1248,1768890752892496348,85.338866253,001248.png,640,360,mono8
1249,1768890752919785575,85.36615548,001249.png,640,360,mono8
1250,1768890752949153726,85.395523631,001250.png,640,360,mono8
1251,1768890753097806684,85.544176589,001251.png,640,360,mono8
1252,1768890753118264860,85.564634765,001252.png,640,360,mono8
1253,1768890753145884648,85.592254553,001253.png,640,360,mono8
1254,1768890753216934595,85.6633045,001254.png,640,360,mono8
1255,1768890753287765053,85.734134958,001255.png,640,360,mono8
1256,1768890753383148239,85.829518144,001256.png,640,360,mono8
1257,1768890753407937450,85.854307355,001257.png,640,360,mono8
1258,1768890753481485236,85.927855141,001258.png,640,360,mono8
1259,1768890753548305205,85.99467511,001259.png,640,360,mono8
1260,1768890753606500768,86.052870673,001260.png,640,360,mono8
1261,1768890753691887732,86.138257637,001261.png,640,360,mono8
1262,1768890753754328697,86.200698602,001262.png,640,360,mono8
1263,1768890753833598888,86.279968793,001263.png,640,360,mono8
1264,1768890753914661377,86.361031282,001264.png,640,360,mono8
1265,1768890754041200662,86.487570567,001265.png,640,360,mono8
1266,1768890754097431284,86.543801189,001266.png,640,360,mono8
1267,1768890754142154187,86.588524092,001267.png,640,360,mono8
1268,1768890754183946352,86.630316257,001268.png,640,360,mono8
1269,1768890754229240138,86.675610043,001269.png,640,360,mono8
1270,1768890754263395103,86.709765008,001270.png,640,360,mono8
1271,1768890754360405244,86.806775149,001271.png,640,360,mono8
1272,1768890754437207067,86.883576972,001272.png,640,360,mono8
1273,1768890754501001736,86.947371641,001273.png,640,360,mono8
1274,1768890754591145658,87.037515563,001274.png,640,360,mono8
1275,1768890754642533307,87.088903212,001275.png,640,360,mono8
1276,1768890754740887328,87.187257233,001276.png,640,360,mono8
1277,1768890754774601330,87.220971235,001277.png,640,360,mono8
1278,1768890754866240877,87.312610782,001278.png,640,360,mono8
1279,1768890754898971545,87.34534145,001279.png,640,360,mono8
1280,1768890754973489226,87.419859131,001280.png,640,360,mono8
1281,1768890755028310816,87.474680721,001281.png,640,360,mono8
1282,1768890755090896294,87.537266199,001282.png,640,360,mono8
1283,1768890755155405112,87.601775017,001283.png,640,360,mono8
1284,1768890755215579471,87.661949376,001284.png,640,360,mono8
1285,1768890755309246743,87.755616648,001285.png,640,360,mono8
1286,1768890755361285180,87.807655085,001286.png,640,360,mono8
1287,1768890755433694559,87.880064464,001287.png,640,360,mono8
1288,1768890755504345464,87.950715369,001288.png,640,360,mono8
1289,1768890755574849967,88.021219872,001289.png,640,360,mono8
1290,1768890755623348157,88.069718062,001290.png,640,360,mono8
1291,1768890755686140421,88.132510326,001291.png,640,360,mono8
1292,1768890755784862316,88.231232221,001292.png,640,360,mono8
1293,1768890755833694941,88.280064846,001293.png,640,360,mono8
1294,1768890755936350013,88.382719918,001294.png,640,360,mono8
1295,1768890755986917144,88.433287049,001295.png,640,360,mono8
1296,1768890756028343578,88.474713483,001296.png,640,360,mono8
1297,1768890756118861999,88.565231904,001297.png,640,360,mono8
1298,1768890756144318669,88.590688574,001298.png,640,360,mono8
1299,1768890756265992644,88.712362549,001299.png,640,360,mono8
1300,1768890756311327071,88.757696976,001300.png,640,360,mono8
1301,1768890756406294319,88.852664224,001301.png,640,360,mono8
1302,1768890756462636270,88.909006175,001302.png,640,360,mono8
1303,1768890756554349354,89.000719259,001303.png,640,360,mono8
1304,1768890756599248578,89.045618483,001304.png,640,360,mono8
1305,1768890756695780027,89.142149932,001305.png,640,360,mono8
1306,1768890756721255418,89.167625323,001306.png,640,360,mono8
1307,1768890756810000803,89.256370708,001307.png,640,360,mono8
1308,1768890756855970946,89.302340851,001308.png,640,360,mono8
1309,1768890756908804043,89.355173948,001309.png,640,360,mono8
1310,1768890756973317278,89.419687183,001310.png,640,360,mono8
1311,1768890757060879775,89.50724968,001311.png,640,360,mono8
1312,1768890757125642515,89.57201242,001312.png,640,360,mono8
1313,1768890757179696740,89.626066645,001313.png,640,360,mono8
1314,1768890757248467665,89.69483757,001314.png,640,360,mono8
1315,1768890757317096605,89.76346651,001315.png,640,360,mono8
1316,1768890757381423214,89.827793119,001316.png,640,360,mono8
1317,1768890757450537021,89.896906926,001317.png,640,360,mono8
1318,1768890757584255358,90.030625263,001318.png,640,360,mono8
1319,1768890757593443640,90.039813545,001319.png,640,360,mono8
1320,1768890757654965335,90.10133524,001320.png,640,360,mono8
1321,1768890757715600625,90.16197053,001321.png,640,360,mono8
1322,1768890757782734740,90.229104645,001322.png,640,360,mono8
1323,1768890757848789328,90.295159233,001323.png,640,360,mono8
1324,1768890757915532144,90.361902049,001324.png,640,360,mono8
1325,1768890757972096688,90.418466593,001325.png,640,360,mono8
1326,1768890758036050783,90.482420688,001326.png,640,360,mono8
1327,1768890758121157010,90.567526915,001327.png,640,360,mono8
1328,1768890758176855501,90.623225406,001328.png,640,360,mono8
1329,1768890758260072436,90.706442341,001329.png,640,360,mono8
1330,1768890758309999051,90.756368956,001330.png,640,360,mono8
1331,1768890758375803909,90.822173814,001331.png,640,360,mono8
1332,1768890758425831261,90.872201166,001332.png,640,360,mono8
1333,1768890758510292396,90.956662301,001333.png,640,360,mono8
1334,1768890758591034403,91.037404308,001334.png,640,360,mono8
1335,1768890758657745283,91.104115188,001335.png,640,360,mono8
1336,1768890758721155854,91.167525759,001336.png,640,360,mono8
1337,1768890758769938238,91.216308143,001337.png,640,360,mono8
1338,1768890758928542779,91.374912684,001338.png,640,360,mono8
1339,1768890758950993383,91.397363288,001339.png,640,360,mono8
1340,1768890758990645374,91.437015279,001340.png,640,360,mono8
1341,1768890759062182876,91.508552781,001341.png,640,360,mono8
1342,1768890759131713230,91.578083135,001342.png,640,360,mono8
1343,1768890759176893160,91.623263065,001343.png,640,360,mono8
1344,1768890759246979036,91.693348941,001344.png,640,360,mono8
1345,1768890759324502976,91.770872881,001345.png,640,360,mono8
1346,1768890759392518568,91.838888473,001346.png,640,360,mono8
1347,1768890759432126623,91.878496528,001347.png,640,360,mono8
1348,1768890759524406174,91.970776079,001348.png,640,360,mono8
1349,1768890759645054766,92.091424671,001349.png,640,360,mono8
1350,1768890759679981096,92.126351001,001350.png,640,360,mono8
1351,1768890759732137741,92.178507646,001351.png,640,360,mono8
1352,1768890759828414917,92.274784822,001352.png,640,360,mono8
1353,1768890759894917508,92.341287413,001353.png,640,360,mono8
1354,1768890759946585542,92.392955447,001354.png,640,360,mono8
1355,1768890760018293733,92.464663638,001355.png,640,360,mono8
1356,1768890760083334203,92.529704108,001356.png,640,360,mono8
1357,1768890760197727076,92.644096981,001357.png,640,360,mono8
1358,1768890760216878459,92.663248364,001358.png,640,360,mono8
1359,1768890760320602050,92.766971955,001359.png,640,360,mono8
1360,1768890760331859656,92.778229561,001360.png,640,360,mono8
1361,1768890760396570171,92.842940076,001361.png,640,360,mono8
1362,1768890760487675667,92.934045572,001362.png,640,360,mono8
1363,1768890760600646644,93.047016549,001363.png,640,360,mono8
1364,1768890760624103814,93.070473719,001364.png,640,360,mono8
1365,1768890760699082873,93.145452778,001365.png,640,360,mono8
1366,1768890760739113491,93.185483396,001366.png,640,360,mono8
1367,1768890760803007649,93.249377554,001367.png,640,360,mono8
1368,1768890760867950518,93.314320423,001368.png,640,360,mono8
1369,1768890760939392980,93.385762885,001369.png,640,360,mono8
1370,1768890761016053170,93.462423075,001370.png,640,360,mono8
1371,1768890761066664557,93.513034462,001371.png,640,360,mono8
1372,1768890761140056215,93.58642612,001372.png,640,360,mono8
1373,1768890761203026911,93.649396816,001373.png,640,360,mono8
1374,1768890761257147985,93.70351789,001374.png,640,360,mono8
1375,1768890761342702758,93.789072663,001375.png,640,360,mono8
1376,1768890761499320534,93.945690439,001376.png,640,360,mono8
1377,1768890761558230214,94.004600119,001377.png,640,360,mono8
1378,1768890761628245594,94.074615499,001378.png,640,360,mono8
1379,1768890761686276452,94.132646357,001379.png,640,360,mono8
1380,1768890761750791990,94.197161895,001380.png,640,360,mono8
1381,1768890761800259883,94.246629788,001381.png,640,360,mono8
1382,1768890761830304678,94.276674583,001382.png,640,360,mono8
1383,1768890761866524104,94.312894009,001383.png,640,360,mono8
1384,1768890761989395846,94.435765751,001384.png,640,360,mono8
1385,1768890762021337549,94.467707454,001385.png,640,360,mono8
1386,1768890762090104026,94.536473931,001386.png,640,360,mono8
1387,1768890762168518371,94.614888276,001387.png,640,360,mono8
1388,1768890762188955650,94.635325555,001388.png,640,360,mono8
1389,1768890762359582986,94.805952891,001389.png,640,360,mono8
1390,1768890762426111881,94.872481786,001390.png,640,360,mono8
1391,1768890762450151614,94.896521519,001391.png,640,360,mono8
1392,1768890762474561271,94.920931176,001392.png,640,360,mono8
1393,1768890762571435923,95.017805828,001393.png,640,360,mono8
1394,1768890762655182333,95.101552238,001394.png,640,360,mono8
1395,1768890762689901909,95.136271814,001395.png,640,360,mono8
1396,1768890762756935863,95.203305768,001396.png,640,360,mono8
1397,1768890762813038389,95.259408294,001397.png,640,360,mono8
1398,1768890762887029090,95.333398995,001398.png,640,360,mono8
1399,1768890762950794864,95.397164769,001399.png,640,360,mono8
1400,1768890763007190799,95.453560704,001400.png,640,360,mono8
1401,1768890763074540819,95.520910724,001401.png,640,360,mono8
1402,1768890763137816286,95.584186191,001402.png,640,360,mono8
1403,1768890763213685719,95.660055624,001403.png,640,360,mono8
1404,1768890763262976682,95.709346587,001404.png,640,360,mono8
1405,1768890763339432391,95.785802296,001405.png,640,360,mono8
1406,1768890763416571816,95.862941721,001406.png,640,360,mono8
1407,1768890763563130105,96.00950001,001407.png,640,360,mono8
1408,1768890763588804121,96.035174026,001408.png,640,360,mono8
1409,1768890763609113528,96.055483433,001409.png,640,360,mono8
1410,1768890763697523295,96.1438932,001410.png,640,360,mono8
1411,1768890763777312241,96.223682146,001411.png,640,360,mono8
1412,1768890763831927813,96.278297718,001412.png,640,360,mono8
1413,1768890763902566205,96.34893611,001413.png,640,360,mono8
1414,1768890763974328317,96.420698222,001414.png,640,360,mono8
1415,1768890764049926580,96.496296485,001415.png,640,360,mono8
1416,1768890764140452297,96.586822202,001416.png,640,360,mono8
1417,1768890764142862552,96.589232457,001417.png,640,360,mono8
1418,1768890764248831212,96.695201117,001418.png,640,360,mono8
1419,1768890764286499511,96.732869416,001419.png,640,360,mono8
1420,1768890764363860025,96.81022993,001420.png,640,360,mono8
1421,1768890764430040822,96.876410727,001421.png,640,360,mono8
1422,1768890764495835216,96.942205121,001422.png,640,360,mono8
1423,1768890764549696224,96.996066129,001423.png,640,360,mono8
1424,1768890764611368928,97.057738833,001424.png,640,360,mono8
1425,1768890764695246795,97.1416167,001425.png,640,360,mono8
1426,1768890764742761204,97.189131109,001426.png,640,360,mono8
1427,1768890764854187338,97.300557243,001427.png,640,360,mono8
1428,1768890764917857399,97.364227304,001428.png,640,360,mono8
1429,1768890764967645550,97.414015455,001429.png,640,360,mono8
1430,1768890765026575293,97.472945198,001430.png,640,360,mono8
1431,1768890765086263441,97.532633346,001431.png,640,360,mono8
1432,1768890765186473346,97.632843251,001432.png,640,360,mono8
1433,1768890765248215363,97.694585268,001433.png,640,360,mono8
1434,1768890765300750666,97.747120571,001434.png,640,360,mono8
1435,1768890765368306672,97.814676577,001435.png,640,360,mono8
1436,1768890765429365612,97.875735517,001436.png,640,360,mono8
1437,1768890765517689459,97.964059364,001437.png,640,360,mono8
1438,1768890765582530535,98.02890044,001438.png,640,360,mono8
1439,1768890765674171171,98.120541076,001439.png,640,360,mono8
1440,1768890765703893532,98.150263437,001440.png,640,360,mono8
1441,1768890765769445365,98.21581527,001441.png,640,360,mono8
1442,1768890765836923577,98.283293482,001442.png,640,360,mono8
1443,1768890765887090258,98.333460163,001443.png,640,360,mono8
1444,1768890765957000326,98.403370231,001444.png,640,360,mono8
1445,1768890766037920766,98.484290671,001445.png,640,360,mono8
1446,1768890766091611309,98.537981214,001446.png,640,360,mono8
1447,1768890766155101369,98.601471274,001447.png,640,360,mono8
1448,1768890766222808191,98.669178096,001448.png,640,360,mono8
1449,1768890766301991949,98.748361854,001449.png,640,360,mono8
1450,1768890766378020807,98.824390712,001450.png,640,360,mono8
1451,1768890766429013573,98.875383478,001451.png,640,360,mono8
1452,1768890766480462885,98.92683279,001452.png,640,360,mono8
1453,1768890766559712019,99.006081924,001453.png,640,360,mono8
1454,1768890766625552654,99.071922559,001454.png,640,360,mono8
1455,1768890766706667368,99.153037273,001455.png,640,360,mono8
1456,1768890766791575321,99.237945226,001456.png,640,360,mono8
1457,1768890766843338972,99.289708877,001457.png,640,360,mono8
1458,1768890766892186732,99.338556637,001458.png,640,360,mono8
1459,1768890766969022891,99.415392796,001459.png,640,360,mono8
1460,1768890767035640427,99.482010332,001460.png,640,360,mono8
1461,1768890767103076495,99.5494464,001461.png,640,360,mono8
1462,1768890767169580782,99.615950687,001462.png,640,360,mono8
1463,1768890767309625463,99.755995368,001463.png,640,360,mono8
1464,1768890767334993973,99.781363878,001464.png,640,360,mono8
1465,1768890767385864530,99.832234435,001465.png,640,360,mono8
1466,1768890767428620221,99.874990126,001466.png,640,360,mono8
1467,1768890767523925135,99.97029504,001467.png,640,360,mono8
1468,1768890767596684405,100.04305431,001468.png,640,360,mono8
1469,1768890767654776351,100.101146256,001469.png,640,360,mono8
1470,1768890767723747085,100.17011699,001470.png,640,360,mono8
1471,1768890767785868240,100.232238145,001471.png,640,360,mono8
1472,1768890767858636470,100.305006375,001472.png,640,360,mono8
1473,1768890767910353016,100.356722921,001473.png,640,360,mono8
1474,1768890767985393356,100.431763261,001474.png,640,360,mono8
1475,1768890768034822720,100.481192625,001475.png,640,360,mono8
1476,1768890768078274767,100.524644672,001476.png,640,360,mono8
1477,1768890768172766908,100.619136813,001477.png,640,360,mono8
1478,1768890768263825300,100.710195205,001478.png,640,360,mono8
1479,1768890768336167639,100.782537544,001479.png,640,360,mono8
1480,1768890768400564072,100.846933977,001480.png,640,360,mono8
1481,1768890768502451684,100.948821589,001481.png,640,360,mono8
1482,1768890768542441437,100.988811342,001482.png,640,360,mono8
1483,1768890768594753667,101.041123572,001483.png,640,360,mono8
1484,1768890768688036521,101.134406426,001484.png,640,360,mono8
1485,1768890768729713676,101.176083581,001485.png,640,360,mono8
1486,1768890768798969724,101.245339629,001486.png,640,360,mono8
1487,1768890768849548344,101.295918249,001487.png,640,360,mono8
1488,1768890768940274541,101.386644446,001488.png,640,360,mono8
1489,1768890769045340188,101.491710093,001489.png,640,360,mono8
1490,1768890769070092695,101.5164626,001490.png,640,360,mono8
1491,1768890769148552192,101.594922097,001491.png,640,360,mono8
1492,1768890769194471518,101.640841423,001492.png,640,360,mono8
1493,1768890769269984789,101.716354694,001493.png,640,360,mono8
1494,1768890769402702992,101.849072897,001494.png,640,360,mono8
1495,1768890769448389293,101.894759198,001495.png,640,360,mono8
1496,1768890769477778244,101.924148149,001496.png,640,360,mono8
1497,1768890769538845121,101.985215026,001497.png,640,360,mono8
1498,1768890769606110052,102.052479957,001498.png,640,360,mono8
1499,1768890769677688867,102.124058772,001499.png,640,360,mono8
1500,1768890769792180941,102.238550846,001500.png,640,360,mono8
1501,1768890769820204475,102.26657438,001501.png,640,360,mono8
1502,1768890769860632727,102.307002632,001502.png,640,360,mono8
1503,1768890769927831898,102.374201803,001503.png,640,360,mono8
1504,1768890769997112586,102.443482491,001504.png,640,360,mono8
1505,1768890770073421894,102.519791799,001505.png,640,360,mono8
1506,1768890770114570119,102.560940024,001506.png,640,360,mono8
1507,1768890770197799533,102.644169438,001507.png,640,360,mono8
1508,1768890770245229237,102.691599142,001508.png,640,360,mono8
1509,1768890770328242427,102.774612332,001509.png,640,360,mono8
1510,1768890770397459050,102.843828955,001510.png,640,360,mono8
1511,1768890770526299405,102.97266931,001511.png,640,360,mono8
1512,1768890770528278714,102.974648619,001512.png,640,360,mono8
1513,1768890770619174801,103.065544706,001513.png,640,360,mono8
1514,1768890770757886737,103.204256642,001514.png,640,360,mono8
1515,1768890770810301624,103.256671529,001515.png,640,360,mono8
1516,1768890770875689552,103.322059457,001516.png,640,360,mono8
1517,1768890770903775295,103.3501452,001517.png,640,360,mono8
1518,1768890770948058483,103.394428388,001518.png,640,360,mono8
1519,1768890771005007382,103.451377287,001519.png,640,360,mono8
1520,1768890771092169077,103.538538982,001520.png,640,360,mono8
1521,1768890771177884748,103.624254653,001521.png,640,360,mono8
1522,1768890771209424273,103.655794178,001522.png,640,360,mono8
1523,1768890771289219874,103.735589779,001523.png,640,360,mono8
1524,1768890771338478357,103.784848262,001524.png,640,360,mono8
1525,1768890771464064932,103.910434837,001525.png,640,360,mono8
1526,1768890771465096523,103.911466428,001526.png,640,360,mono8
1527,1768890771524664158,103.971034063,001527.png,640,360,mono8
1528,1768890771609565231,104.055935136,001528.png,640,360,mono8
1529,1768890771677106996,104.123476901,001529.png,640,360,mono8
1530,1768890771726218567,104.172588472,001530.png,640,360,mono8
1531,1768890771806635676,104.253005581,001531.png,640,360,mono8
1532,1768890771861875828,104.308245733,001532.png,640,360,mono8
1533,1768890771925480545,104.37185045,001533.png,640,360,mono8
1534,1768890771980050965,104.42642087,001534.png,640,360,mono8
1535,1768890772068709502,104.515079407,001535.png,640,360,mono8
1536,1768890772176856928,104.623226833,001536.png,640,360,mono8
1537,1768890772228368353,104.674738258,001537.png,640,360,mono8
1538,1768890772313697237,104.760067142,001538.png,640,360,mono8
1539,1768890772370693625,104.81706353,001539.png,640,360,mono8
1540,1768890772411763833,104.858133738,001540.png,640,360,mono8
1541,1768890772528847027,104.975216932,001541.png,640,360,mono8
1542,1768890772568045543,105.014415448,001542.png,640,360,mono8
1543,1768890772616351988,105.062721893,001543.png,640,360,mono8
1544,1768890772729703767,105.176073672,001544.png,640,360,mono8
1545,1768890772758879341,105.205249246,001545.png,640,360,mono8
1546,1768890772830031240,105.276401145,001546.png,640,360,mono8
1547,1768890772888722774,105.335092679,001547.png,640,360,mono8
1548,1768890772945209335,105.39157924,001548.png,640,360,mono8
1549,1768890773009877258,105.456247163,001549.png,640,360,mono8
1550,1768890773050282182,105.496652087,001550.png,640,360,mono8
1551,1768890773176311831,105.622681736,001551.png,640,360,mono8
1552,1768890773246089674,105.692459579,001552.png,640,360,mono8
1553,1768890773297171785,105.74354169,001553.png,640,360,mono8
1554,1768890773360979031,105.807348936,001554.png,640,360,mono8
1555,1768890773448958299,105.895328204,001555.png,640,360,mono8
1556,1768890773521266910,105.967636815,001556.png,640,360,mono8
1557,1768890773569506923,106.015876828,001557.png,640,360,mono8
1558,1768890773715446969,106.161816874,001558.png,640,360,mono8
1559,1768890773785511278,106.231881183,001559.png,640,360,mono8
1560,1768890773833585049,106.279954954,001560.png,640,360,mono8
1561,1768890773840682342,106.287052247,001561.png,640,360,mono8
1562,1768890773884052404,106.330422309,001562.png,640,360,mono8
1563,1768890773931397115,106.37776702,001563.png,640,360,mono8
1564,1768890774062404108,106.508774013,001564.png,640,360,mono8
1565,1768890774109582802,106.555952707,001565.png,640,360,mono8
1566,1768890774196686673,106.643056578,001566.png,640,360,mono8
1567,1768890774249869533,106.696239438,001567.png,640,360,mono8
1568,1768890774299407730,106.745777635,001568.png,640,360,mono8
1569,1768890774368027805,106.81439771,001569.png,640,360,mono8
1570,1768890774478400493,106.924770398,001570.png,640,360,mono8
1571,1768890774521154456,106.967524361,001571.png,640,360,mono8
1572,1768890774552141305,106.99851121,001572.png,640,360,mono8
1573,1768890774657981773,107.104351678,001573.png,640,360,mono8
1574,1768890774711621116,107.157991021,001574.png,640,360,mono8
1575,1768890774790917034,107.237286939,001575.png,640,360,mono8
1576,1768890774846135810,107.292505715,001576.png,640,360,mono8
1577,1768890774940315341,107.386685246,001577.png,640,360,mono8
1578,1768890774984356320,107.430726225,001578.png,640,360,mono8
1579,1768890775039622233,107.485992138,001579.png,640,360,mono8
1580,1768890775128339266,107.574709171,001580.png,640,360,mono8
1581,1768890775157725337,107.604095242,001581.png,640,360,mono8
1582,1768890775219782076,107.666151981,001582.png,640,360,mono8
1583,1768890775510624241,107.956994146,001583.png,640,360,mono8
1584,1768890775550579050,107.996948955,001584.png,640,360,mono8
1585,1768890775578954331,108.025324236,001585.png,640,360,mono8
1586,1768890775643229452,108.089599357,001586.png,640,360,mono8
1587,1768890775668216264,108.114586169,001587.png,640,360,mono8
1588,1768890775701296022,108.147665927,001588.png,640,360,mono8
1589,1768890775740437770,108.186807675,001589.png,640,360,mono8
1590,1768890775778264534,108.224634439,001590.png,640,360,mono8
1591,1768890775841353247,108.287723152,001591.png,640,360,mono8
1592,1768890775958543290,108.404913195,001592.png,640,360,mono8
1593,1768890776012564651,108.458934556,001593.png,640,360,mono8
1594,1768890776015569693,108.461939598,001594.png,640,360,mono8
1595,1768890776083710246,108.530080151,001595.png,640,360,mono8
1596,1768890776172464815,108.61883472,001596.png,640,360,mono8
1597,1768890776241870464,108.688240369,001597.png,640,360,mono8
1598,1768890776292375419,108.738745324,001598.png,640,360,mono8
1599,1768890776360301475,108.80667138,001599.png,640,360,mono8
1600,1768890776452925764,108.899295669,001600.png,640,360,mono8
1601,1768890776515090216,108.961460121,001601.png,640,360,mono8
1602,1768890776583451346,109.029821251,001602.png,640,360,mono8
1603,1768890776642748068,109.089117973,001603.png,640,360,mono8
1604,1768890776694453158,109.140823063,001604.png,640,360,mono8
1605,1768890776765714530,109.212084435,001605.png,640,360,mono8
1606,1768890776815864091,109.262233996,001606.png,640,360,mono8
1607,1768890776894620486,109.340990391,001607.png,640,360,mono8
1608,1768890776981263906,109.427633811,001608.png,640,360,mono8
1609,1768890777080830191,109.527200096,001609.png,640,360,mono8
1610,1768890777128073845,109.57444375,001610.png,640,360,mono8
1611,1768890777223314887,109.669684792,001611.png,640,360,mono8
1612,1768890777240912533,109.687282438,001612.png,640,360,mono8
1613,1768890777309452672,109.755822577,001613.png,640,360,mono8
1614,1768890777383930545,109.83030045,001614.png,640,360,mono8
1615,1768890777449204104,109.895574009,001615.png,640,360,mono8
1616,1768890777501794448,109.948164353,001616.png,640,360,mono8
1617,1768890777568682705,110.01505261,001617.png,640,360,mono8
1618,1768890777632527903,110.078897808,001618.png,640,360,mono8
1619,1768890777702022576,110.148392481,001619.png,640,360,mono8
1620,1768890777769523925,110.21589383,001620.png,640,360,mono8
1621,1768890777839127719,110.285497624,001621.png,640,360,mono8
1622,1768890777908829849,110.355199754,001622.png,640,360,mono8
1623,1768890777979847252,110.426217157,001623.png,640,360,mono8
1624,1768890778032232987,110.478602892,001624.png,640,360,mono8
1625,1768890778113082643,110.559452548,001625.png,640,360,mono8
1626,1768890778165360985,110.61173089,001626.png,640,360,mono8
1627,1768890778251645651,110.698015556,001627.png,640,360,mono8
1628,1768890778315887043,110.762256948,001628.png,640,360,mono8
1629,1768890778378341257,110.824711162,001629.png,640,360,mono8
1630,1768890778434025060,110.880394965,001630.png,640,360,mono8
1631,1768890778505155615,110.95152552,001631.png,640,360,mono8
1632,1768890778570698712,111.017068617,001632.png,640,360,mono8
1633,1768890778638994434,111.085364339,001633.png,640,360,mono8
1634,1768890778715903393,111.162273298,001634.png,640,360,mono8
1635,1768890778768264488,111.214634393,001635.png,640,360,mono8
1636,1768890778848145882,111.294515787,001636.png,640,360,mono8
1637,1768890778915631870,111.362001775,001637.png,640,360,mono8
1638,1768890778982175325,111.42854523,001638.png,640,360,mono8
1639,1768890779047580757,111.493950662,001639.png,640,360,mono8
1640,1768890779089083960,111.535453865,001640.png,640,360,mono8
1641,1768890779200095180,111.646465085,001641.png,640,360,mono8
1642,1768890779268843513,111.715213418,001642.png,640,360,mono8
1643,1768890779328941103,111.775311008,001643.png,640,360,mono8
1644,1768890779404506758,111.850876663,001644.png,640,360,mono8
1645,1768890779467631088,111.914000993,001645.png,640,360,mono8
1646,1768890779521778818,111.968148723,001646.png,640,360,mono8
1647,1768890779586870583,112.033240488,001647.png,640,360,mono8
1648,1768890779652491089,112.098860994,001648.png,640,360,mono8
1649,1768890779683902580,112.130272485,001649.png,640,360,mono8
1650,1768890779799813063,112.246182968,001650.png,640,360,mono8
1651,1768890779888821394,112.335191299,001651.png,640,360,mono8
1652,1768890779943528231,112.389898136,001652.png,640,360,mono8
1653,1768890780023412569,112.469782474,001653.png,640,360,mono8
1654,1768890780076685061,112.523054966,001654.png,640,360,mono8
1655,1768890780140835701,112.587205606,001655.png,640,360,mono8
1656,1768890780212718486,112.659088391,001656.png,640,360,mono8
1657,1768890780283280461,112.729650366,001657.png,640,360,mono8
1658,1768890780322545570,112.768915475,001658.png,640,360,mono8
1659,1768890780400070982,112.846440887,001659.png,640,360,mono8
1660,1768890780455982690,112.902352595,001660.png,640,360,mono8
1661,1768890780551015123,112.997385028,001661.png,640,360,mono8
1662,1768890780672463176,113.118833081,001662.png,640,360,mono8
1663,1768890780757335353,113.203705258,001663.png,640,360,mono8
1664,1768890780809655039,113.256024944,001664.png,640,360,mono8
1665,1768890780829391994,113.275761899,001665.png,640,360,mono8
1666,1768890780896774270,113.343144175,001666.png,640,360,mono8
1667,1768890780947920029,113.394289934,001667.png,640,360,mono8
1668,1768890780988748124,113.435118029,001668.png,640,360,mono8
1669,1768890781076115165,113.52248507,001669.png,640,360,mono8
1670,1768890781138738595,113.5851085,001670.png,640,360,mono8
1671,1768890781193519193,113.639889098,001671.png,640,360,mono8
1672,1768890781262804233,113.709174138,001672.png,640,360,mono8
1673,1768890781358337820,113.804707725,001673.png,640,360,mono8
1674,1768890781435061083,113.881430988,001674.png,640,360,mono8
1675,1768890781480731255,113.92710116,001675.png,640,360,mono8
1676,1768890781556979187,114.003349092,001676.png,640,360,mono8
1677,1768890781596366696,114.042736601,001677.png,640,360,mono8
1678,1768890781661025851,114.107395756,001678.png,640,360,mono8
1679,1768890781727625371,114.173995276,001679.png,640,360,mono8
1680,1768890781816146403,114.262516308,001680.png,640,360,mono8
1681,1768890781856936737,114.303306642,001681.png,640,360,mono8
1682,1768890781898189986,114.344559891,001682.png,640,360,mono8
1683,1768890782047258020,114.493627925,001683.png,640,360,mono8
1684,1768890782096847769,114.543217674,001684.png,640,360,mono8
1685,1768890782190334176,114.636704081,001685.png,640,360,mono8
1686,1768890782234448595,114.6808185,001686.png,640,360,mono8
1687,1768890782288098881,114.734468786,001687.png,640,360,mono8
1688,1768890782400358461,114.846728366,001688.png,640,360,mono8
1689,1768890782429620500,114.875990405,001689.png,640,360,mono8
1690,1768890782549708544,114.996078449,001690.png,640,360,mono8
1691,1768890782599283829,115.045653734,001691.png,640,360,mono8
1692,1768890782682661053,115.129030958,001692.png,640,360,mono8
1693,1768890782689065381,115.135435286,001693.png,640,360,mono8
1694,1768890782728009528,115.174379433,001694.png,640,360,mono8
1695,1768890782826576318,115.272946223,001695.png,640,360,mono8
1696,1768890782908836031,115.355205936,001696.png,640,360,mono8
1697,1768890782969858524,115.416228429,001697.png,640,360,mono8
1698,1768890783051999516,115.498369421,001698.png,640,360,mono8
1699,1768890783098186460,115.544556365,001699.png,640,360,mono8
1700,1768890783155290336,115.601660241,001700.png,640,360,mono8
1701,1768890783231255322,115.677625227,001701.png,640,360,mono8
1702,1768890783313962589,115.760332494,001702.png,640,360,mono8
1703,1768890783358177585,115.80454749,001703.png,640,360,mono8
1704,1768890783427809027,115.874178932,001704.png,640,360,mono8
1705,1768890783501617999,115.947987904,001705.png,640,360,mono8
1706,1768890783562662316,116.009032221,001706.png,640,360,mono8
1707,1768890783629925999,116.076295904,001707.png,640,360,mono8
1708,1768890783732982898,116.179352803,001708.png,640,360,mono8
1709,1768890783771827716,116.218197621,001709.png,640,360,mono8
1710,1768890783821340409,116.267710314,001710.png,640,360,mono8
1711,1768890783876346992,116.322716897,001711.png,640,360,mono8
1712,1768890783939237496,116.385607401,001712.png,640,360,mono8
1713,1768890784041892216,116.488262121,001713.png,640,360,mono8
1714,1768890784161735651,116.608105556,001714.png,640,360,mono8
1715,1768890784228796517,116.675166422,001715.png,640,360,mono8
1716,1768890784282608245,116.72897815,001716.png,640,360,mono8
1717,1768890784287340626,116.733710531,001717.png,640,360,mono8
1718,1768890784337595019,116.783964924,001718.png,640,360,mono8
1719,1768890784519431609,116.965801514,001719.png,640,360,mono8
1720,1768890784548012395,116.9943823,001720.png,640,360,mono8
1721,1768890784566208125,117.01257803,001721.png,640,360,mono8
1722,1768890784645951854,117.092321759,001722.png,640,360,mono8
1723,1768890784718918933,117.165288838,001723.png,640,360,mono8
1724,1768890784776674077,117.223043982,001724.png,640,360,mono8
1725,1768890784917385194,117.363755099,001725.png,640,360,mono8
1726,1768890784963549514,117.409919419,001726.png,640,360,mono8
1727,1768890785026607283,117.472977188,001727.png,640,360,mono8
1728,1768890785103331186,117.549701091,001728.png,640,360,mono8
1729,1768890785139130545,117.58550045,001729.png,640,360,mono8
1730,1768890785166321018,117.612690923,001730.png,640,360,mono8
1731,1768890785222208119,117.668578024,001731.png,640,360,mono8
1732,1768890785289401082,117.735770987,001732.png,640,360,mono8
1733,1768890785352638628,117.799008533,001733.png,640,360,mono8
1734,1768890785407927837,117.854297742,001734.png,640,360,mono8
1735,1768890785488652180,117.935022085,001735.png,640,360,mono8
1736,1768890785566640794,118.013010699,001736.png,640,360,mono8
1737,1768890785615936686,118.062306591,001737.png,640,360,mono8
1738,1768890785704480310,118.150850215,001738.png,640,360,mono8
1739,1768890785737692997,118.184062902,001739.png,640,360,mono8
1740,1768890785813124539,118.259494444,001740.png,640,360,mono8
1741,1768890785896717508,118.343087413,001741.png,640,360,mono8
1742,1768890786011193742,118.457563647,001742.png,640,360,mono8
1743,1768890786058957048,118.505326953,001743.png,640,360,mono8
1744,1768890786111278974,118.557648879,001744.png,640,360,mono8
1745,1768890786175655440,118.622025345,001745.png,640,360,mono8
1746,1768890786296205631,118.742575536,001746.png,640,360,mono8
1747,1768890786301877987,118.748247892,001747.png,640,360,mono8
1748,1768890786359578954,118.805948859,001748.png,640,360,mono8
1749,1768890786408416635,118.85478654,001749.png,640,360,mono8
1750,1768890786577566329,119.023936234,001750.png,640,360,mono8
1751,1768890786602734294,119.049104199,001751.png,640,360,mono8
1752,1768890786643578613,119.089948518,001752.png,640,360,mono8
1753,1768890786697627718,119.143997623,001753.png,640,360,mono8
1754,1768890786763139070,119.209508975,001754.png,640,360,mono8
1755,1768890786832354158,119.278724063,001755.png,640,360,mono8
1756,1768890786883109163,119.329479068,001756.png,640,360,mono8
1757,1768890786960126507,119.406496412,001757.png,640,360,mono8
1758,1768890787109517358,119.555887263,001758.png,640,360,mono8
1759,1768890787133727493,119.580097398,001759.png,640,360,mono8
1760,1768890787292666980,119.739036885,001760.png,640,360,mono8
1761,1768890787312348799,119.758718704,001761.png,640,360,mono8
1762,1768890787339650825,119.78602073,001762.png,640,360,mono8
1763,1768890787342488283,119.788858188,001763.png,640,360,mono8
1764,1768890787425610913,119.871980818,001764.png,640,360,mono8
1765,1768890787499975921,119.946345826,001765.png,640,360,mono8
1766,1768890787552849242,119.999219147,001766.png,640,360,mono8
1767,1768890787665498361,120.111868266,001767.png,640,360,mono8
1768,1768890787784892929,120.231262834,001768.png,640,360,mono8
1769,1768890787840562684,120.286932589,001769.png,640,360,mono8
1770,1768890787906613144,120.352983049,001770.png,640,360,mono8
1771,1768890787941736243,120.388106148,001771.png,640,360,mono8
1772,1768890787992875122,120.439245027,001772.png,640,360,mono8
1773,1768890788048212683,120.494582588,001773.png,640,360,mono8
1774,1768890788116827735,120.56319764,001774.png,640,360,mono8
1775,1768890788165589511,120.611959416,001775.png,640,360,mono8
1776,1768890788256413117,120.702783022,001776.png,640,360,mono8
1777,1768890788320092618,120.766462523,001777.png,640,360,mono8
1778,1768890788388335251,120.834705156,001778.png,640,360,mono8
1779,1768890788437525446,120.883895351,001779.png,640,360,mono8
1780,1768890788482633887,120.929003792,001780.png,640,360,mono8
1781,1768890788578002098,121.024372003,001781.png,640,360,mono8
1782,1768890788694396168,121.140766073,001782.png,640,360,mono8
1783,1768890788736255309,121.182625214,001783.png,640,360,mono8
1784,1768890788794983995,121.2413539,001784.png,640,360,mono8
1785,1768890788843393865,121.28976377,001785.png,640,360,mono8
1786,1768890788916454448,121.362824353,001786.png,640,360,mono8
1787,1768890788984979612,121.431349517,001787.png,640,360,mono8
1788,1768890789044880945,121.49125085,001788.png,640,360,mono8
1789,1768890789101824788,121.548194693,001789.png,640,360,mono8
1790,1768890789171689064,121.618058969,001790.png,640,360,mono8
1791,1768890789246983229,121.693353134,001791.png,640,360,mono8
1792,1768890789311120141,121.757490046,001792.png,640,360,mono8
1793,1768890789382988109,121.829358014,001793.png,640,360,mono8
1794,1768890789441987101,121.888357006,001794.png,640,360,mono8
1795,1768890789505199015,121.95156892,001795.png,640,360,mono8
1796,1768890789588585935,122.03495584,001796.png,640,360,mono8
1797,1768890789652203004,122.098572909,001797.png,640,360,mono8
1798,1768890789727384240,122.173754145,001798.png,640,360,mono8
1799,1768890789777923596,122.224293501,001799.png,640,360,mono8
1800,1768890789831948732,122.278318637,001800.png,640,360,mono8
1801,1768890789922703442,122.369073347,001801.png,640,360,mono8
1802,1768890789990365112,122.436735017,001802.png,640,360,mono8
1803,1768890790074654246,122.521024151,001803.png,640,360,mono8
1804,1768890790121708651,122.568078556,001804.png,640,360,mono8
1805,1768890790157038439,122.603408344,001805.png,640,360,mono8
1806,1768890790267478296,122.713848201,001806.png,640,360,mono8
1807,1768890790323232884,122.769602789,001807.png,640,360,mono8
1808,1768890790371279039,122.817648944,001808.png,640,360,mono8
