frame_index,file,side,status,roi_mode,pixels,row_coverage_ratio,vehicle_points_before_crop,vehicle_points_after_crop,fitted_lane_points,angle_deg,line_a,line_b,lost_count
0,000000.png,left,ok,init,1947,0.416667,1947,1947,21,164.900981,-3.70641706835,995.805720232,0
0,000000.png,right,ok,init,2136,0.577778,2136,2136,20,19.672159,2.79717365779,-193.694577389,0
0,000000.png,center,ok,from_left_right,,,,,20,,,,
1,000001.png,left,ok,tracking,1943,0.416667,1943,1943,21,164.887881,-3.70305034069,994.978696149,0
1,000001.png,right,ok,tracking,2128,0.577778,2128,2128,20,19.683296,2.79545943539,-193.27086054,0
1,000001.png,center,ok,from_left_right,,,,,20,,,,
2,000002.png,left,ok,tracking,1945,0.416667,1945,1945,21,164.902569,-3.70682565223,995.858500576,0
2,000002.png,right,ok,tracking,2134,0.577778,2134,2134,20,19.694658,2.79371240486,-192.926897184,0
2,000002.png,center,ok,from_left_right,,,,,20,,,,
3,000003.png,left,ok,tracking,1936,0.411111,1936,1936,21,164.909445,-3.70859546615,996.238107744,0
3,000003.png,right,ok,tracking,2128,0.577778,2128,2128,20,19.686761,2.79492645915,-193.219041808,0
3,000003.png,center,ok,from_left_right,,,,,20,,,,
4,000004.png,left,ok,tracking,1929,0.416667,1929,1929,21,164.902876,-3.70690465361,995.80896007,0
4,000004.png,right,ok,tracking,2121,0.572222,2121,2121,20,19.668295,2.79776889821,-193.749688028,0
4,000004.png,center,ok,from_left_right,,,,,20,,,,
5,000005.png,left,ok,tracking,1948,0.416667,1948,1948,21,164.900849,-3.70638320834,995.83322005,0
5,000005.png,right,ok,tracking,2135,0.577778,2135,2135,20,19.671985,2.79720046575,-193.726227778,0
5,000005.png,center,ok,from_left_right,,,,,20,,,,
6,000006.png,left,ok,tracking,1939,0.416667,1939,1939,21,164.897534,-3.70553054381,995.612993081,0
6,000006.png,right,ok,tracking,2125,0.577778,2125,2125,20,19.684233,2.79531525011,-193.299780967,0
6,000006.png,center,ok,from_left_right,,,,,20,,,,
7,000007.png,left,ok,tracking,1940,0.411111,1940,1940,21,164.898367,-3.70574486863,995.685663379,0
7,000007.png,right,ok,tracking,2128,0.577778,2128,2128,20,19.677335,2.79637670237,-193.538297743,0
7,000007.png,center,ok,from_left_right,,,,,20,,,,
8,000008.png,left,ok,tracking,1949,0.411111,1949,1949,21,164.907774,-3.70816503365,996.198685124,0
8,000008.png,right,ok,tracking,2136,0.577778,2136,2136,20,19.690042,2.79442194123,-192.973130328,0
8,000008.png,center,ok,from_left_right,,,,,20,,,,
9,000009.png,left,ok,tracking,1946,0.416667,1946,1946,21,164.898750,-3.70584334708,995.721132793,0
9,000009.png,right,ok,tracking,2132,0.577778,2132,2132,20,19.685968,2.79504842055,-193.098376713,0
9,000009.png,center,ok,from_left_right,,,,,20,,,,
10,000010.png,left,ok,tracking,1940,0.411111,1940,1940,21,164.915952,-3.71027162465,996.628308064,0
10,000010.png,right,ok,tracking,2134,0.577778,2134,2134,20,19.698426,2.79313350991,-192.723751353,0
10,000010.png,center,ok,from_left_right,,,,,20,,,,
11,000011.png,left,ok,tracking,1940,0.416667,1940,1940,21,164.898721,-3.70583590065,995.635756356,0
11,000011.png,right,ok,tracking,2133,0.577778,2133,2133,20,19.691336,2.79422295746,-193.029534136,0
11,000011.png,center,ok,from_left_right,,,,,20,,,,
12,000012.png,left,ok,tracking,1931,0.411111,1931,1931,21,164.910634,-3.70890147103,996.332310086,0
12,000012.png,right,ok,tracking,2123,0.577778,2123,2123,20,19.684877,2.79521624656,-193.165600446,0
12,000012.png,center,ok,from_left_right,,,,,20,,,,
13,000013.png,left,ok,tracking,1934,0.411111,1934,1934,21,164.895274,-3.70494966628,995.444664574,0
13,000013.png,right,ok,tracking,2128,0.577778,2128,2128,20,19.686188,2.79501451699,-193.111535685,0
13,000013.png,center,ok,from_left_right,,,,,20,,,,
14,000014.png,left,ok,tracking,1933,0.411111,1933,1933,21,164.909503,-3.7086102252,996.23457963,0
14,000014.png,right,ok,tracking,2126,0.577778,2126,2126,20,19.691152,2.79425119103,-192.932086846,0
14,000014.png,center,ok,from_left_right,,,,,20,,,,
15,000015.png,left,ok,tracking,1938,0.411111,1938,1938,21,164.904795,-3.70739826423,996.029322322,0
15,000015.png,right,ok,tracking,2126,0.577778,2126,2126,20,19.687359,2.79483447361,-193.045924191,0
15,000015.png,center,ok,from_left_right,,,,,20,,,,
16,000016.png,left,ok,tracking,1943,0.416667,1943,1943,21,164.895549,-3.7050204162,995.494276115,0
16,000016.png,right,ok,tracking,2131,0.577778,2131,2131,20,19.686618,2.79494843133,-193.139054659,0
16,000016.png,center,ok,from_left_right,,,,,20,,,,
17,000017.png,left,ok,tracking,1933,0.411111,1933,1933,21,164.910834,-3.70895294523,996.31529211,0
17,000017.png,right,ok,tracking,2122,0.577778,2122,2122,20,19.694327,2.79376329819,-192.840997926,0
17,000017.png,center,ok,from_left_right,,,,,20,,,,
18,000018.png,left,ok,tracking,1944,0.416667,1944,1944,21,164.898787,-3.70585287136,995.625063078,0
18,000018.png,right,ok,tracking,2128,0.577778,2128,2128,20,19.683323,2.79545519684,-193.200316978,0
18,000018.png,center,ok,from_left_right,,,,,20,,,,
19,000019.png,left,ok,tracking,1942,0.411111,1942,1942,21,164.895302,-3.70495695807,995.388199499,0
19,000019.png,right,ok,tracking,2125,0.577778,2125,2125,20,19.685277,2.79515465315,-193.141277732,0
19,000019.png,center,ok,from_left_right,,,,,20,,,,
20,000020.png,left,ok,tracking,1936,0.411111,1936,1936,21,164.899294,-3.70598331106,995.671293188,0
20,000020.png,right,ok,tracking,2126,0.577778,2126,2126,20,19.680175,2.79593958202,-193.369867261,0
20,000020.png,center,ok,from_left_right,,,,,20,,,,
21,000021.png,left,ok,tracking,1939,0.411111,1939,1939,21,164.903753,-3.70713027997,995.960341207,0
21,000021.png,right,ok,tracking,2132,0.577778,2132,2132,20,19.687672,2.7947863592,-193.103032236,0
21,000021.png,center,ok,from_left_right,,,,,20,,,,
22,000022.png,left,ok,tracking,1942,0.416667,1942,1942,21,164.895497,-3.70500687293,995.456942652,0
22,000022.png,right,ok,tracking,2136,0.577778,2136,2136,20,19.680344,2.79591365655,-193.342267132,0
22,000022.png,center,ok,from_left_right,,,,,20,,,,
23,000023.png,left,ok,tracking,1938,0.416667,1938,1938,21,164.904777,-3.70739384767,995.998948653,0
23,000023.png,right,ok,tracking,2126,0.577778,2126,2126,20,19.683246,2.79546714094,-193.202818218,0
23,000023.png,center,ok,from_left_right,,,,,20,,,,
24,000024.png,left,ok,tracking,1943,0.416667,1943,1943,21,164.896658,-3.70530532389,995.546926751,0
24,000024.png,right,ok,tracking,2129,0.577778,2129,2129,20,19.679698,2.79601309118,-193.44332926,0
24,000024.png,center,ok,from_left_right,,,,,20,,,,
25,000025.png,left,ok,tracking,1941,0.416667,1941,1941,21,164.896730,-3.70532388338,995.551879236,0
25,000025.png,right,ok,tracking,2129,0.577778,2129,2129,20,19.684222,2.79531699488,-193.209674499,0
25,000025.png,center,ok,from_left_right,,,,,20,,,,
26,000026.png,left,ok,tracking,1942,0.416667,1942,1942,21,164.903673,-3.7071096602,995.945844049,0
26,000026.png,right,ok,tracking,2125,0.577778,2125,2125,20,19.690075,2.79441676231,-192.998208865,0
26,000026.png,center,ok,from_left_right,,,,,20,,,,
27,000027.png,left,ok,tracking,1933,0.416667,1933,1933,21,164.903081,-3.70695730615,995.849170693,0
27,000027.png,right,ok,tracking,2119,0.577778,2119,2119,20,19.693541,2.79388401431,-192.876429634,0
27,000027.png,center,ok,from_left_right,,,,,20,,,,
28,000028.png,left,ok,tracking,1934,0.411111,1934,1934,21,164.898926,-3.70588857078,995.635367102,0
28,000028.png,right,ok,tracking,2121,0.577778,2121,2121,20,19.696095,2.79349153664,-192.779116558,0
28,000028.png,center,ok,from_left_right,,,,,20,,,,
29,000029.png,left,ok,tracking,1937,0.411111,1937,1937,21,164.902518,-3.70681247884,995.95557932,0
29,000029.png,right,ok,tracking,2122,0.577778,2122,2122,21,19.686971,2.79489408097,-193.051306483,0
29,000029.png,center,ok,from_left_right,,,,,21,,,,
30,000030.png,left,ok,tracking,1941,0.416667,1941,1941,21,164.909201,-3.70853254602,996.229028815,0
30,000030.png,right,ok,tracking,2125,0.577778,2125,2125,20,19.686920,2.79490194218,-193.118501327,0
30,000030.png,center,ok,from_left_right,,,,,20,,,,
31,000031.png,left,ok,tracking,1940,0.411111,1940,1940,21,164.897321,-3.70547592445,995.552966897,0
31,000031.png,right,ok,tracking,2123,0.577778,2123,2123,20,19.690581,2.79433907277,-192.977585062,0
31,000031.png,center,ok,from_left_right,,,,,20,,,,
32,000032.png,left,ok,tracking,1935,0.411111,1935,1935,21,164.896109,-3.7051643393,995.543920429,0
32,000032.png,right,ok,tracking,2123,0.577778,2123,2123,20,19.696001,2.79350604038,-192.752414702,0
32,000032.png,center,ok,from_left_right,,,,,20,,,,
33,000033.png,left,ok,tracking,1939,0.411111,1939,1939,21,164.893274,-3.70443579334,995.289698805,0
33,000033.png,right,ok,tracking,2120,0.577778,2120,2120,20,19.677862,2.79629554573,-193.38779477,0
33,000033.png,center,ok,from_left_right,,,,,20,,,,
34,000034.png,left,ok,tracking,1944,0.416667,1944,1944,21,164.891269,-3.70392059866,995.245065826,0
34,000034.png,right,ok,tracking,2131,0.577778,2131,2131,20,19.688289,2.79469142291,-193.076056792,0
34,000034.png,center,ok,from_left_right,,,,,20,,,,
35,000035.png,left,ok,tracking,1937,0.416667,1937,1937,21,164.890646,-3.70376058311,995.158928326,0
35,000035.png,right,ok,tracking,2124,0.577778,2124,2124,20,19.687607,2.79479628036,-193.127472764,0
35,000035.png,center,ok,from_left_right,,,,,20,,,,
36,000036.png,left,ok,tracking,1942,0.416667,1942,1942,21,164.910112,-3.70876700813,996.333003955,0
36,000036.png,right,ok,tracking,2119,0.577778,2119,2119,20,19.685994,2.79504431803,-193.153924663,0
36,000036.png,center,ok,from_left_right,,,,,20,,,,
37,000037.png,left,ok,tracking,1933,0.411111,1933,1933,21,164.911771,-3.70919435684,996.38493421,0
37,000037.png,right,ok,tracking,2128,0.577778,2128,2128,20,19.684702,2.79524310068,-193.176614095,0
37,000037.png,center,ok,from_left_right,,,,,20,,,,
38,000038.png,left,ok,tracking,1937,0.411111,1937,1937,21,164.906880,-3.70793496733,996.132225621,0
38,000038.png,right,ok,tracking,2121,0.577778,2121,2121,20,19.679324,2.79607059442,-193.367950234,0
38,000038.png,center,ok,from_left_right,,,,,20,,,,
39,000039.png,left,ok,tracking,1937,0.416667,1937,1937,21,164.895334,-3.70496502344,995.509736152,0
39,000039.png,right,ok,tracking,2127,0.577778,2127,2127,20,19.696199,2.79347552658,-192.714226423,0
39,000039.png,center,ok,from_left_right,,,,,20,,,,
40,000040.png,left,ok,tracking,1935,0.411111,1935,1935,21,164.914417,-3.70987616911,996.587155737,0
40,000040.png,right,ok,tracking,2128,0.577778,2128,2128,20,19.684214,2.79531824991,-193.205250121,0
40,000040.png,center,ok,from_left_right,,,,,20,,,,
41,000041.png,left,ok,tracking,1940,0.411111,1940,1940,21,164.905189,-3.70749962465,996.052350745,0
41,000041.png,right,ok,tracking,2129,0.577778,2129,2129,20,19.687597,2.79479791827,-193.111219391,0
41,000041.png,center,ok,from_left_right,,,,,20,,,,
42,000042.png,left,ok,tracking,1935,0.416667,1935,1935,21,164.904918,-3.70743011345,996.015415799,0
42,000042.png,right,ok,tracking,2130,0.572222,2130,2130,20,19.671633,2.79725462488,-193.645964444,0
42,000042.png,center,ok,from_left_right,,,,,20,,,,
43,000043.png,left,ok,tracking,1942,0.416667,1942,1942,21,164.904083,-3.70721520237,995.957115699,0
43,000043.png,right,ok,tracking,2125,0.572222,2125,2125,20,19.670024,2.7975026082,-193.652955527,0
43,000043.png,center,ok,from_left_right,,,,,20,,,,
44,000044.png,left,ok,tracking,1937,0.411111,1937,1937,21,164.897069,-3.70541101736,995.476137643,0
44,000044.png,right,ok,tracking,2135,0.577778,2135,2135,20,19.671357,2.79729718067,-193.731150353,0
44,000044.png,center,ok,from_left_right,,,,,20,,,,
45,000045.png,left,ok,tracking,1941,0.411111,1941,1941,21,164.905677,-3.70762539413,996.074841446,0
45,000045.png,right,ok,tracking,2131,0.577778,2131,2131,20,19.675171,2.79670994385,-193.604930787,0
45,000045.png,center,ok,from_left_right,,,,,20,,,,
46,000046.png,left,ok,tracking,1937,0.411111,1937,1937,21,164.920192,-3.71136464037,996.834241337,0
46,000046.png,right,ok,tracking,2131,0.577778,2131,2131,20,19.678742,2.79616011577,-193.448552553,0
46,000046.png,center,ok,from_left_right,,,,,20,,,,
47,000047.png,left,ok,tracking,1941,0.411111,1941,1941,21,164.905705,-3.70763253545,996.062689817,0
47,000047.png,right,ok,tracking,2135,0.577778,2135,2135,20,19.698664,2.79309691227,-192.699457109,0
47,000047.png,center,ok,from_left_right,,,,,20,,,,
48,000048.png,left,ok,tracking,1939,0.411111,1939,1939,21,164.907371,-3.70806139733,996.092079526,0
48,000048.png,right,ok,tracking,2138,0.577778,2138,2138,20,19.684408,2.79528833595,-193.198344718,0
48,000048.png,center,ok,from_left_right,,,,,20,,,,
49,000049.png,left,ok,tracking,1938,0.416667,1938,1938,21,164.894674,-3.70479543157,995.421881494,0
49,000049.png,right,ok,tracking,2127,0.577778,2127,2127,20,19.684963,2.79520299384,-193.172543414,0
49,000049.png,center,ok,from_left_right,,,,,20,,,,
50,000050.png,left,ok,tracking,1932,0.411111,1932,1932,21,164.911388,-3.70909575651,996.32694248,0
50,000050.png,right,ok,tracking,2120,0.577778,2120,2120,20,19.678456,2.79620420678,-193.395970767,0
50,000050.png,center,ok,from_left_right,,,,,20,,,,
51,000051.png,left,ok,tracking,1941,0.416667,1941,1941,21,164.901120,-3.70645295944,995.729726424,0
51,000051.png,right,ok,tracking,2131,0.577778,2131,2131,20,19.683430,2.79543871736,-193.230578274,0
51,000051.png,center,ok,from_left_right,,,,,20,,,,
52,000052.png,left,ok,tracking,1942,0.411111,1942,1942,21,164.903472,-3.70705801886,995.949219576,0
52,000052.png,right,ok,tracking,2124,0.577778,2124,2124,20,19.694028,2.79380919334,-192.861849044,0
52,000052.png,center,ok,from_left_right,,,,,20,,,,
53,000053.png,left,ok,tracking,1938,0.416667,1938,1938,21,164.893003,-3.70436606519,995.307249165,0
53,000053.png,right,ok,tracking,2118,0.577778,2118,2118,20,19.690178,2.79440107796,-193.000314451,0
53,000053.png,center,ok,from_left_right,,,,,20,,,,
54,000054.png,left,ok,tracking,1948,0.416667,1948,1948,21,164.895855,-3.70509905454,995.547224421,0
54,000054.png,right,ok,tracking,2119,0.577778,2119,2119,20,19.686945,2.79489808616,-193.087321808,0
54,000054.png,center,ok,from_left_right,,,,,20,,,,
55,000055.png,left,ok,tracking,1938,0.411111,1938,1938,21,164.912366,-3.70934755719,996.496953254,0
55,000055.png,right,ok,tracking,2128,0.577778,2128,2128,20,19.695253,2.79362092304,-192.824782167,0
55,000055.png,center,ok,from_left_right,,,,,20,,,,
56,000056.png,left,ok,tracking,1944,0.416667,1944,1944,21,164.900465,-3.70628445996,995.768286411,0
56,000056.png,right,ok,tracking,2131,0.577778,2131,2131,20,19.686244,2.7950059957,-193.082953878,0
56,000056.png,center,ok,from_left_right,,,,,20,,,,
57,000057.png,left,ok,tracking,1935,0.416667,1935,1935,21,164.901942,-3.70666435251,995.836870364,0
57,000057.png,right,ok,tracking,2125,0.577778,2125,2125,20,19.684168,2.79532518566,-193.152753756,0
57,000057.png,center,ok,from_left_right,,,,,20,,,,
58,000058.png,left,ok,tracking,1935,0.416667,1935,1935,21,164.905626,-3.70761217314,996.072075272,0
58,000058.png,right,ok,tracking,2119,0.577778,2119,2119,20,19.685885,2.79506110094,-193.097300531,0
58,000058.png,center,ok,from_left_right,,,,,20,,,,
59,000059.png,left,ok,tracking,1936,0.416667,1936,1936,21,164.889812,-3.70354632051,995.130279821,0
59,000059.png,right,ok,tracking,2118,0.577778,2118,2118,20,19.670817,2.79738038247,-193.597746795,0
59,000059.png,center,ok,from_left_right,,,,,20,,,,
60,000060.png,left,ok,tracking,1942,0.416667,1942,1942,21,164.899028,-3.70591477418,995.667572295,0
60,000060.png,right,ok,tracking,2128,0.577778,2128,2128,20,19.683373,2.79544750214,-193.247264758,0
60,000060.png,center,ok,from_left_right,,,,,20,,,,
61,000061.png,left,ok,tracking,1942,0.411111,1942,1942,21,164.903631,-3.70709890031,995.916264673,0
61,000061.png,right,ok,tracking,2129,0.577778,2129,2129,20,19.680594,2.79587518927,-193.318486694,0
61,000061.png,center,ok,from_left_right,,,,,20,,,,
62,000062.png,left,ok,tracking,1941,0.416667,1941,1941,21,164.899342,-3.70599548846,995.708858866,0
62,000062.png,right,ok,tracking,2130,0.577778,2130,2130,20,19.675568,2.79664879479,-193.534723269,0
62,000062.png,center,ok,from_left_right,,,,,20,,,,
63,000063.png,left,ok,tracking,1938,0.416667,1938,1938,21,164.895883,-3.70510614822,995.508174042,0
63,000063.png,right,ok,tracking,2122,0.577778,2122,2122,20,19.688391,2.79467582439,-193.067436802,0
63,000063.png,center,ok,from_left_right,,,,,20,,,,
64,000064.png,left,ok,tracking,1940,0.416667,1940,1940,21,164.894824,-3.70483404549,995.41644049,0
64,000064.png,right,ok,tracking,2131,0.577778,2131,2131,20,19.681812,2.79568772018,-193.312280908,0
64,000064.png,center,ok,from_left_right,,,,,20,,,,
65,000065.png,left,ok,tracking,1939,0.416667,1939,1939,21,164.885492,-3.70243689614,994.850946578,0
65,000065.png,right,ok,tracking,2137,0.577778,2137,2137,20,19.678513,2.79619544895,-193.437031362,0
65,000065.png,center,ok,from_left_right,,,,,20,,,,
66,000066.png,left,ok,tracking,1947,0.411111,1947,1947,21,164.911928,-3.70923490139,996.406566795,0
66,000066.png,right,ok,tracking,2140,0.577778,2140,2140,20,19.679580,2.79603113624,-193.430913936,0
66,000066.png,center,ok,from_left_right,,,,,20,,,,
67,000067.png,left,ok,tracking,1935,0.416667,1935,1935,21,164.900836,-3.70637987484,995.714195138,0
67,000067.png,right,ok,tracking,2126,0.577778,2126,2126,20,19.684383,2.79529217749,-193.198394478,0
67,000067.png,center,ok,from_left_right,,,,,20,,,,
68,000068.png,left,ok,tracking,1937,0.416667,1937,1937,21,164.902026,-3.70668597696,995.869490114,0
68,000068.png,right,ok,tracking,2123,0.577778,2123,2123,20,19.688045,2.79472892179,-193.085162034,0
68,000068.png,center,ok,from_left_right,,,,,20,,,,
69,000069.png,left,ok,tracking,1935,0.416667,1935,1935,21,164.897515,-3.70552588364,995.627564414,0
69,000069.png,right,ok,tracking,2119,0.577778,2119,2119,20,19.683035,2.79549954496,-193.235797539,0
69,000069.png,center,ok,from_left_right,,,,,20,,,,
70,000070.png,left,ok,tracking,1938,0.416667,1938,1938,21,164.901635,-3.70658520273,995.782585414,0
70,000070.png,right,ok,tracking,2129,0.577778,2129,2129,20,19.683569,2.79541737563,-193.30490998,0
70,000070.png,center,ok,from_left_right,,,,,20,,,,
71,000071.png,left,ok,tracking,1924,0.411111,1924,1924,21,164.909905,-3.70871369748,996.253260603,0
71,000071.png,right,ok,tracking,2119,0.577778,2119,2119,20,19.677877,2.79629335984,-193.412291696,0
71,000071.png,center,ok,from_left_right,,,,,20,,,,
72,000072.png,left,ok,tracking,1940,0.411111,1940,1940,21,164.909166,-3.70852355171,996.263311067,0
72,000072.png,right,ok,tracking,2124,0.577778,2124,2124,20,19.697188,2.79332357651,-192.731968666,0
72,000072.png,center,ok,from_left_right,,,,,20,,,,
73,000073.png,left,ok,tracking,1935,0.416667,1935,1935,21,164.908947,-3.70846705285,996.215236358,0
73,000073.png,right,ok,tracking,2130,0.577778,2130,2130,20,19.691980,2.79412394774,-192.969495279,0
73,000073.png,center,ok,from_left_right,,,,,20,,,,
74,000074.png,left,ok,tracking,1932,0.411111,1932,1932,21,164.909473,-3.70860251079,996.197718503,0
74,000074.png,right,ok,tracking,2117,0.577778,2117,2117,20,19.692593,2.79402980057,-192.892558747,0
74,000074.png,center,ok,from_left_right,,,,,20,,,,
75,000075.png,left,ok,tracking,1952,0.416667,1952,1952,21,164.906347,-3.70779783269,996.344823827,0
75,000075.png,right,ok,tracking,2143,0.577778,2143,2143,21,19.690355,2.79437383287,-193.542410316,0
75,000075.png,center,ok,from_left_right,,,,,21,,,,
76,000076.png,left,ok,tracking,1939,0.416667,1939,1939,21,164.916148,-3.71032205857,996.688913018,0
76,000076.png,right,ok,tracking,2123,0.577778,2123,2123,20,19.710089,2.79134277052,-193.240209338,0
76,000076.png,center,ok,from_left_right,,,,,20,,,,
77,000077.png,left,ok,tracking,1943,0.416667,1943,1943,21,164.901790,-3.70662530637,996.891045524,0
77,000077.png,right,ok,tracking,2143,0.577778,2143,2143,20,19.696007,2.79350513539,-194.488534614,0
77,000077.png,center,ok,from_left_right,,,,,20,,,,
78,000078.png,left,ok,tracking,1961,0.416667,1961,1961,21,164.869716,-3.69839131488,995.735656182,0
78,000078.png,right,ok,tracking,2144,0.577778,2144,2144,20,19.707665,2.79171478607,-193.60374184,0
78,000078.png,center,ok,from_left_right,,,,,20,,,,
79,000079.png,left,ok,tracking,1944,0.416667,1944,1944,21,164.866085,-3.69746142681,995.012047978,0
79,000079.png,right,ok,tracking,2140,0.583333,2140,2140,20,19.734981,2.78752801888,-193.159205387,0
79,000079.png,center,ok,from_left_right,,,,,20,,,,
80,000080.png,left,ok,tracking,1955,0.416667,1955,1955,21,164.871536,-3.69885757897,995.734027556,0
80,000080.png,right,ok,tracking,2130,0.577778,2130,2130,20,19.728946,2.78845199954,-191.305233571,0
80,000080.png,center,ok,from_left_right,,,,,20,,,,
81,000081.png,left,ok,tracking,1958,0.416667,1958,1958,21,164.963829,-3.72264870848,1002.50519602,0
81,000081.png,right,ok,tracking,2114,0.577778,2114,2114,20,19.801344,2.77740238451,-188.181584033,0
81,000081.png,center,ok,from_left_right,,,,,20,,,,
82,000082.png,left,rejected_side_geometry,tracking,1967,0.416667,0,0,0,165.078898,-3.75271365021,1008.88463206,6
82,000082.png,right,ok,tracking,2127,0.577778,2127,2127,21,19.934222,2.75732269597,-183.713552415,0
82,000082.png,center,not_published,from_left_right,,,,,0,,,,
83,000083.png,left,insufficient_row_coverage,init,0,0.000000,0,0,0,0.000000,0,0,6
83,000083.png,right,ok,tracking,2099,0.577778,2099,2099,20,19.972819,2.75153811432,-180.714742011,0
83,000083.png,center,not_published,from_left_right,,,,,0,,,,
84,000084.png,left,insufficient_row_coverage,init,0,0.000000,0,0,0,0.000000,0,0,6
84,000084.png,right,ok,tracking,2090,0.577778,2090,2090,20,20.036244,2.74207912758,-177.90862501,0
84,000084.png,center,not_published,from_left_right,,,,,0,,,,
85,000085.png,left,insufficient_row_coverage,init,0,0.000000,0,0,0,0.000000,0,0,6
85,000085.png,right,ok,tracking,2089,0.572222,2089,2089,21,20.018397,2.74473493257,-177.294003834,0
85,000085.png,center,not_published,from_left_right,,,,,0,,,,
86,000086.png,left,insufficient_row_coverage,init,0,0.000000,0,0,0,0.000000,0,0,6
86,000086.png,right,ok,tracking,2079,0.572222,2079,2079,20,20.031486,2.74278673364,-176.625224982,0
86,000086.png,center,not_published,from_left_right,,,,,0,,,,
87,000087.png,left,insufficient_row_coverage,init,0,0.000000,0,0,0,0.000000,0,0,6
87,000087.png,right,ok,tracking,2079,0.572222,2079,2079,20,20.059276,2.73865833784,-175.651098701,0
87,000087.png,center,not_published,from_left_right,,,,,0,,,,
88,000088.png,left,insufficient_row_coverage,init,0,0.000000,0,0,0,0.000000,0,0,6
88,000088.png,right,ok,tracking,2079,0.572222,2079,2079,20,20.149056,2.72539575664,-171.978228087,0
88,000088.png,center,not_published,from_left_right,,,,,0,,,,
89,000089.png,left,insufficient_row_coverage,init,0,0.000000,0,0,0,0.000000,0,0,6
89,000089.png,right,ok,tracking,2075,0.577778,2075,2075,20,20.195585,2.71856677699,-170.674929044,0
89,000089.png,center,not_published,from_left_right,,,,,0,,,,
90,000090.png,left,insufficient_row_coverage,init,0,0.000000,0,0,0,0.000000,0,0,6
90,000090.png,right,ok,tracking,2103,0.583333,2103,2103,21,20.309351,2.70199599413,-168.297047732,0
90,000090.png,center,not_published,from_left_right,,,,,0,,,,
91,000091.png,left,insufficient_row_coverage,init,0,0.000000,0,0,0,0.000000,0,0,6
91,000091.png,right,ok,tracking,2089,0.577778,2089,2089,21,20.291322,2.70461018878,-168.266368733,0
91,000091.png,center,not_published,from_left_right,,,,,0,,,,
92,000092.png,left,insufficient_row_coverage,init,0,0.000000,0,0,0,0.000000,0,0,6
92,000092.png,right,ok,tracking,2103,0.583333,2103,2103,20,20.406442,2.68799381687,-165.851030113,0
92,000092.png,center,not_published,from_left_right,,,,,0,,,,
93,000093.png,left,insufficient_row_coverage,init,0,0.000000,0,0,0,0.000000,0,0,6
93,000093.png,right,ok,tracking,2104,0.577778,2104,2104,20,20.319113,2.70058225529,-167.94260139,0
93,000093.png,center,not_published,from_left_right,,,,,0,,,,
94,000094.png,left,insufficient_row_coverage,init,0,0.000000,0,0,0,0.000000,0,0,6
94,000094.png,right,ok,tracking,2070,0.577778,2070,2070,21,20.366971,2.69367074529,-164.717629184,0
94,000094.png,center,not_published,from_left_right,,,,,0,,,,
95,000095.png,left,insufficient_row_coverage,init,0,0.000000,0,0,0,0.000000,0,0,6
95,000095.png,right,ok,tracking,2078,0.577778,2078,2078,21,20.363095,2.69422940278,-164.479482418,0
95,000095.png,center,not_published,from_left_right,,,,,0,,,,
96,000096.png,left,insufficient_row_coverage,init,0,0.000000,0,0,0,0.000000,0,0,6
96,000096.png,right,ok,tracking,2075,0.577778,2075,2075,21,20.273990,2.70712742317,-167.05489232,0
96,000096.png,center,not_published,from_left_right,,,,,0,,,,
97,000097.png,left,insufficient_row_coverage,init,0,0.000000,0,0,0,0.000000,0,0,6
97,000097.png,right,ok,tracking,2061,0.577778,2061,2061,21,20.313463,2.70140034342,-164.359955505,0
97,000097.png,center,not_published,from_left_right,,,,,0,,,,
98,000098.png,left,insufficient_row_coverage,init,0,0.000000,0,0,0,0.000000,0,0,6
98,000098.png,right,ok,tracking,2055,0.577778,2055,2055,21,20.356300,2.69520911586,-162.877982618,0
98,000098.png,center,not_published,from_left_right,,,,,0,,,,
99,000099.png,left,insufficient_row_coverage,init,0,0.000000,0,0,0,0.000000,0,0,6
99,000099.png,right,ok,tracking,2051,0.572222,2051,2051,21,20.352982,2.69568786865,-162.986332265,0
99,000099.png,center,not_published,from_left_right,,,,,0,,,,
100,000100.png,left,insufficient_row_coverage,init,0,0.000000,0,0,0,0.000000,0,0,6
100,000100.png,right,ok,tracking,2049,0.572222,2049,2049,21,20.229062,2.71367213153,-165.910939216,0
100,000100.png,center,not_published,from_left_right,,,,,0,,,,
101,000101.png,left,insufficient_row_coverage,init,0,0.000000,0,0,0,0.000000,0,0,6
101,000101.png,right,ok,tracking,2057,0.572222,2057,2057,21,20.180930,2.72071441929,-168.879304101,0
101,000101.png,center,not_published,from_left_right,,,,,0,,,,
102,000102.png,left,insufficient_row_coverage,init,0,0.000000,0,0,0,0.000000,0,0,6
102,000102.png,right,ok,tracking,2050,0.572222,2050,2050,21,20.121166,2.72950359844,-169.938142298,0
102,000102.png,center,not_published,from_left_right,,,,,0,,,,
103,000103.png,left,insufficient_row_coverage,init,0,0.000000,0,0,0,0.000000,0,0,6
103,000103.png,right,ok,tracking,2049,0.572222,2049,2049,21,20.188526,2.7196008596,-168.030428502,0
103,000103.png,center,not_published,from_left_right,,,,,0,,,,
104,000104.png,left,insufficient_row_coverage,init,0,0.000000,0,0,0,0.000000,0,0,6
104,000104.png,right,ok,tracking,2058,0.572222,2058,2058,21,20.135947,2.72732526042,-169.763557888,0
104,000104.png,center,not_published,from_left_right,,,,,0,,,,
105,000105.png,left,insufficient_row_coverage,init,0,0.000000,0,0,0,0.000000,0,0,6
105,000105.png,right,ok,tracking,2051,0.566667,2051,2051,21,20.179555,2.72091608647,-166.742754052,0
105,000105.png,center,not_published,from_left_right,,,,,0,,,,
106,000106.png,left,insufficient_row_coverage,init,0,0.000000,0,0,0,0.000000,0,0,6
106,000106.png,right,ok,tracking,2051,0.561111,2051,2051,21,20.133147,2.72773765181,-166.544224868,0
106,000106.png,center,not_published,from_left_right,,,,,0,,,,
107,000107.png,left,insufficient_row_coverage,init,0,0.000000,0,0,0,0.000000,0,0,6
107,000107.png,right,ok,tracking,2029,0.561111,2029,2029,21,20.161788,2.72352411535,-164.87385223,0
107,000107.png,center,not_published,from_left_right,,,,,0,,,,
108,000108.png,left,insufficient_row_coverage,init,0,0.000000,0,0,0,0.000000,0,0,6
108,000108.png,right,ok,tracking,2053,0.566667,2053,2053,21,20.210426,2.71639498411,-165.44420911,0
108,000108.png,center,not_published,from_left_right,,,,,0,,,,
109,000109.png,left,insufficient_row_coverage,init,0,0.000000,0,0,0,0.000000,0,0,6
109,000109.png,right,ok,tracking,2050,0.566667,2050,2050,21,20.297687,2.70368664232,-162.633500279,0
109,000109.png,center,not_published,from_left_right,,,,,0,,,,
110,000110.png,left,insufficient_row_coverage,init,0,0.000000,0,0,0,0.000000,0,0,6
110,000110.png,right,ok,tracking,2017,0.566667,2017,2017,21,20.301455,2.70314034776,-160.418775362,0
110,000110.png,center,not_published,from_left_right,,,,,0,,,,
111,000111.png,left,insufficient_row_coverage,init,0,0.000000,0,0,0,0.000000,0,0,6
111,000111.png,right,ok,tracking,2024,0.566667,2024,2024,21,20.230990,2.71339063046,-161.801081592,0
111,000111.png,center,not_published,from_left_right,,,,,0,,,,
112,000112.png,left,insufficient_row_coverage,init,0,0.000000,0,0,0,0.000000,0,0,6
112,000112.png,right,ok,tracking,2028,0.566667,2028,2028,21,20.204242,2.71729951861,-163.448568096,0
112,000112.png,center,not_published,from_left_right,,,,,0,,,,
113,000113.png,left,insufficient_row_coverage,init,0,0.000000,0,0,0,0.000000,0,0,6
113,000113.png,right,ok,tracking,2025,0.561111,2025,2025,21,20.220257,2.71495793169,-161.57746235,0
113,000113.png,center,not_published,from_left_right,,,,,0,,,,
114,000114.png,left,insufficient_row_coverage,init,0,0.000000,0,0,0,0.000000,0,0,6
114,000114.png,right,ok,tracking,2026,0.561111,2026,2026,21,20.197744,2.718250642,-161.498857841,0
114,000114.png,center,not_published,from_left_right,,,,,0,,,,
115,000115.png,left,insufficient_row_coverage,init,0,0.000000,0,0,0,0.000000,0,0,6
115,000115.png,right,ok,tracking,1997,0.555556,1997,1997,21,20.146050,2.72583804831,-161.001333796,0
115,000115.png,center,not_published,from_left_right,,,,,0,,,,
116,000116.png,left,ok,init,2019,0.422222,2019,2019,21,164.913339,-3.70959825519,1004.87832284,0
116,000116.png,right,ok,tracking,2004,0.538889,2004,2004,21,19.788104,2.77941736837,-171.118838023,0
116,000116.png,center,ok,from_left_right,,,,,21,,,,
117,000117.png,left,ok,tracking,1998,0.422222,1998,1998,21,164.835035,-3.6895265146,998.357732178,0
117,000117.png,right,ok,tracking,1959,0.527778,1959,1959,21,19.618941,2.80539113915,-173.192429745,0
117,000117.png,center,ok,from_left_right,,,,,21,,,,
118,000118.png,left,ok,tracking,1994,0.422222,1994,1994,21,164.981447,-3.72722268955,1006.71399852,0
118,000118.png,right,ok,tracking,1973,0.533333,1973,1973,21,19.747423,2.78562465043,-169.884476446,0
118,000118.png,center,ok,from_left_right,,,,,21,,,,
119,000119.png,left,ok,tracking,2023,0.427778,2023,2023,21,164.863448,-3.69678636717,1002.78358988,0
119,000119.png,right,ok,tracking,1993,0.533333,1993,1993,21,19.617856,2.80555918303,-175.209418433,0
119,000119.png,center,ok,from_left_right,,,,,21,,,,
120,000120.png,left,ok,tracking,2014,0.427778,2014,2014,21,164.955226,-3.72041899435,1008.79046559,0
120,000120.png,right,ok,tracking,1980,0.538889,1980,1980,21,19.697164,2.7933273887,-173.667894341,0
120,000120.png,center,ok,from_left_right,,,,,21,,,,
121,000121.png,left,ok,tracking,2046,0.433333,2046,2046,21,164.933954,-3.71491636459,1011.98937404,0
121,000121.png,right,ok,tracking,2018,0.538889,2018,2018,21,19.640071,2.80212335803,-177.393862086,0
121,000121.png,center,ok,from_left_right,,,,,21,,,,
122,000122.png,left,ok,tracking,2061,0.438889,2061,2061,21,164.855394,-3.6947257835,1007.88296468,0
122,000122.png,right,ok,tracking,2014,0.533333,2014,2014,21,19.514055,2.82171295698,-180.208622919,0
122,000122.png,center,ok,from_left_right,,,,,21,,,,
123,000123.png,left,ok,tracking,2065,0.438889,2065,2065,21,164.824333,-3.68679913735,1008.44784799,0
123,000123.png,right,ok,tracking,2013,0.533333,2013,2013,21,19.471033,2.82845663669,-182.162042731,0
123,000123.png,center,ok,from_left_right,,,,,21,,,,
124,000124.png,left,ok,tracking,2089,0.444444,2089,2089,21,164.756483,-3.66959370263,1008.22159015,0
124,000124.png,right,ok,tracking,2030,0.533333,2030,2030,21,19.443316,2.83281635146,-184.553275925,0
124,000124.png,center,ok,from_left_right,,,,,21,,,,
125,000125.png,left,ok,tracking,2089,0.444444,2089,2089,21,164.758413,-3.67008098203,1007.04023544,0
125,000125.png,right,ok,tracking,2014,0.533333,2014,2014,21,19.476000,2.8276765064,-182.301779161,0
125,000125.png,center,ok,from_left_right,,,,,21,,,,
126,000126.png,left,ok,tracking,2096,0.444444,2096,2096,21,164.803418,-3.68147944798,1010.64439261,0
126,000126.png,right,ok,tracking,2021,0.538889,2021,2021,21,19.492906,2.82502444418,-182.025349737,0
126,000126.png,center,ok,from_left_right,,,,,21,,,,
127,000127.png,left,ok,tracking,2091,0.450000,2091,2091,21,164.671436,-3.64823737641,1002.87750053,0
127,000127.png,right,ok,tracking,2009,0.527778,2009,2009,21,19.347383,2.84799919408,-184.633353327,0
127,000127.png,center,ok,from_left_right,,,,,21,,,,
128,000128.png,left,ok,tracking,2100,0.450000,2100,2100,21,164.559279,-3.62042476111,997.925557244,0
128,000128.png,right,ok,tracking,2003,0.522222,2003,2003,21,19.183669,2.87424636205,-188.71121388,0
128,000128.png,center,ok,from_left_right,,,,,21,,,,
129,000129.png,left,ok,tracking,2099,0.450000,2099,2099,21,164.727823,-3.66237093416,1007.01646166,0
129,000129.png,right,ok,tracking,2006,0.527778,2006,2006,21,19.327314,2.85119365366,-184.76335214,0
129,000129.png,center,ok,from_left_right,,,,,21,,,,
130,000130.png,left,ok,tracking,2099,0.444444,2099,2099,21,164.781280,-3.67586439569,1008.95086639,0
130,000130.png,right,ok,tracking,2005,0.527778,2005,2005,21,19.279260,2.85886885202,-186.63439543,0
130,000130.png,center,ok,from_left_right,,,,,21,,,,
131,000131.png,left,ok,tracking,2082,0.438889,2082,2082,21,164.851367,-3.69369616713,1009.41964341,0
131,000131.png,right,ok,tracking,1990,0.522222,1990,1990,21,19.251734,2.86328186837,-185.030971815,0
131,000131.png,center,ok,from_left_right,,,,,21,,,,
132,000132.png,left,ok,tracking,2080,0.438889,2080,2080,21,164.813040,-3.68392487544,1007.13275785,0
132,000132.png,right,ok,tracking,1966,0.516667,1966,1966,21,19.158606,2.87830276888,-186.77188353,0
132,000132.png,center,ok,from_left_right,,,,,21,,,,
133,000133.png,left,ok,tracking,2103,0.450000,2103,2103,21,164.611647,-3.6333618298,1000.89319498,0
133,000133.png,right,ok,tracking,1988,0.516667,1988,1988,21,18.949472,2.9125523527,-195.009783394,0
133,000133.png,center,ok,from_left_right,,,,,21,,,,
134,000134.png,left,ok,tracking,2095,0.450000,2095,2095,21,164.552574,-3.61877451215,997.636797339,0
134,000134.png,right,ok,tracking,1964,0.505556,1964,1964,21,18.777123,2.94132979453,-199.031743806,0
134,000134.png,center,ok,from_left_right,,,,,21,,,,
135,000135.png,left,ok,tracking,2086,0.455556,2086,2086,21,164.403513,-3.58244565862,990.43464222,0
135,000135.png,right,ok,tracking,1941,0.500000,1941,1941,21,18.620219,2.96797486768,-203.655945419,0
135,000135.png,center,ok,from_left_right,,,,,21,,,,
136,000136.png,left,ok,tracking,2108,0.455556,2108,2108,21,164.415682,-3.58538605765,991.429379165,0
136,000136.png,right,ok,tracking,1953,0.500000,1953,1953,21,18.606272,2.97036424282,-203.831172326,0
136,000136.png,center,ok,from_left_right,,,,,21,,,,
137,000137.png,left,ok,tracking,2113,0.455556,2113,2113,21,164.484781,-3.60216774835,993.90085379,0
137,000137.png,right,ok,tracking,1957,0.500000,1957,1957,21,18.668250,2.95977242781,-201.045842391,0
137,000137.png,center,ok,from_left_right,,,,,21,,,,
138,000138.png,left,ok,tracking,2114,0.461111,2114,2114,21,164.372807,-3.57504590858,989.546095064,0
138,000138.png,right,ok,tracking,1954,0.494444,1954,1954,21,18.550802,2.97990173979,-205.198793749,0
138,000138.png,center,ok,from_left_right,,,,,21,,,,
139,000139.png,left,ok,tracking,2141,0.472222,2141,2141,20,164.170645,-3.52702667779,983.5453932,0
139,000139.png,right,ok,tracking,1965,0.494444,1965,1965,21,18.363274,3.01255674462,-213.056096791,0
139,000139.png,center,ok,from_left_right,,,,,20,,,,
140,000140.png,left,ok,tracking,2172,0.477778,2172,2172,20,164.170899,-3.52708647187,986.94671181,0
140,000140.png,right,ok,tracking,1989,0.500000,1989,1989,21,18.384411,3.00884386242,-213.886940696,0
140,000140.png,center,ok,from_left_right,,,,,20,,,,
141,000141.png,left,ok,tracking,2143,0.466667,2143,2143,20,164.396517,-3.58075723119,996.727892949,0
141,000141.png,right,ok,tracking,1991,0.500000,1991,1991,21,18.492857,2.98992372502,-209.592557704,0
141,000141.png,center,ok,from_left_right,,,,,20,,,,
142,000142.png,left,ok,tracking,2158,0.466667,2158,2158,20,164.445775,-3.59267667249,998.974921785,0
142,000142.png,right,ok,tracking,1988,0.500000,1988,1988,21,18.504009,2.98799016618,-209.11035278,0
142,000142.png,center,ok,from_left_right,,,,,20,,,,
143,000143.png,left,ok,tracking,2158,0.466667,2158,2158,20,164.471124,-3.59883926648,1001.1320684,0
143,000143.png,right,ok,tracking,1993,0.500000,1993,1993,21,18.472903,2.99338882451,-210.304795795,0
143,000143.png,center,ok,from_left_right,,,,,20,,,,
144,000144.png,left,ok,tracking,2165,0.472222,2165,2165,20,164.259561,-3.54799870078,992.505363766,0
144,000144.png,right,ok,tracking,1983,0.488889,1983,1983,21,18.181023,3.04491594015,-219.087875879,0
144,000144.png,center,ok,from_left_right,,,,,20,,,,
145,000145.png,left,ok,tracking,2179,0.483333,2179,2179,20,164.026658,-3.49354840439,981.572128079,0
145,000145.png,right,ok,tracking,1958,0.477778,1958,1958,21,17.973822,3.08247485191,-224.911877517,0
145,000145.png,center,ok,from_left_right,,,,,20,,,,
146,000146.png,left,ok,tracking,2181,0.483333,2181,2181,20,164.063991,-3.50217212588,982.563932792,0
146,000146.png,right,ok,tracking,1953,0.477778,1953,1953,21,18.001874,3.07734111432,-222.261591307,0
146,000146.png,center,ok,from_left_right,,,,,20,,,,
147,000147.png,left,ok,tracking,2172,0.477778,2172,2172,20,164.085160,-3.50707938279,983.484865513,0
147,000147.png,right,ok,tracking,1937,0.472222,1937,1937,21,17.992332,3.07908569414,-221.685374489,0
147,000147.png,center,ok,from_left_right,,,,,20,,,,
148,000148.png,left,ok,tracking,2167,0.477778,2167,2167,20,164.079930,-3.50586595484,983.509278888,0
148,000148.png,right,ok,tracking,1936,0.477778,1936,1936,21,17.973773,3.08248396037,-221.517052096,0
148,000148.png,center,ok,from_left_right,,,,,20,,,,
149,000149.png,left,ok,tracking,2153,0.477778,2153,2153,20,164.023810,-3.49289201999,979.163495603,0
149,000149.png,right,ok,tracking,1913,0.466667,1913,1913,21,17.835327,3.10805005334,-223.940917439,0
149,000149.png,center,ok,from_left_right,,,,,20,,,,
150,000150.png,left,ok,tracking,2176,0.483333,2176,2176,20,164.020092,-3.49203558398,981.22284104,0
150,000150.png,right,ok,tracking,1912,0.466667,1912,1912,21,17.775679,3.11918361755,-227.269684054,0
150,000150.png,center,ok,from_left_right,,,,,20,,,,
151,000151.png,left,ok,tracking,2164,0.483333,2164,2164,20,163.996381,-3.48658326305,979.5393666,0
151,000151.png,right,ok,tracking,1916,0.461111,1916,1916,21,17.720544,3.12953941324,-228.307146911,0
151,000151.png,center,ok,from_left_right,,,,,20,,,,
152,000152.png,left,ok,tracking,2144,0.472222,2144,2144,20,164.219506,-3.53852275563,988.623721684,0
152,000152.png,right,ok,tracking,1905,0.466667,1905,1905,21,17.819603,3.11097799747,-223.753343825,0
152,000152.png,center,ok,from_left_right,,,,,20,,,,
153,000153.png,left,ok,tracking,2133,0.466667,2133,2133,20,164.248475,-3.54537124717,986.344329221,0
153,000153.png,right,ok,tracking,1869,0.455556,1869,1869,21,17.747963,3.12438165248,-222.55225952,0
153,000153.png,center,ok,from_left_right,,,,,20,,,,
154,000154.png,left,ok,tracking,2171,0.494444,2171,2171,20,163.540406,-3.38470688134,958.165113569,0
154,000154.png,right,ok,tracking,1872,0.438889,1872,1872,21,17.166457,3.23718572019,-243.741142996,0
154,000154.png,center,ok,from_left_right,,,,,20,,,,
155,000155.png,left,ok,tracking,2188,0.500000,2188,2188,20,163.533519,-3.38321021482,961.872446697,0
155,000155.png,right,ok,tracking,1878,0.444444,1878,1878,21,17.203054,3.22986866946,-244.297206324,0
155,000155.png,center,ok,from_left_right,,,,,20,,,,
156,000156.png,left,ok,tracking,2203,0.511111,2203,2203,18,163.257464,-3.32420543164,951.710709345,0
156,000156.png,right,ok,tracking,1878,0.438889,1878,1878,21,16.990125,3.27287010002,-254.215588622,0
156,000156.png,center,ok,from_left_right,,,,,18,,,,
157,000157.png,left,ok,tracking,2190,0.511111,2190,2190,20,163.100763,-3.29154506249,943.685188245,0
157,000157.png,right,ok,tracking,1867,0.433333,1867,1867,21,16.827470,3.30642974555,-258.322276673,0
157,000157.png,center,ok,from_left_right,,,,,20,,,,
158,000158.png,left,ok,tracking,2206,0.516667,2206,2206,18,163.055180,-3.28215462897,943.201429658,0
158,000158.png,right,ok,tracking,1861,0.427778,1861,1861,21,16.710452,3.3309657358,-263.67724236,0
158,000158.png,center,ok,from_left_right,,,,,18,,,,
159,000159.png,left,ok,tracking,2209,0.522222,2209,2209,18,162.955847,-3.26186032202,942.336231096,0
159,000159.png,right,ok,tracking,1876,0.427778,1876,1876,21,16.668574,3.33982805609,-267.421033144,0
159,000159.png,center,ok,from_left_right,,,,,18,,,,
160,000160.png,left,ok,tracking,2205,0.522222,2205,2205,18,162.852872,-3.24106266698,935.98658205,0
160,000160.png,right,ok,tracking,1857,0.422222,1857,1857,21,16.415347,3.39435159102,-275.072375263,0
160,000160.png,center,ok,from_left_right,,,,,18,,,,
161,000161.png,left,ok,tracking,2194,0.527778,2194,2194,18,162.789450,-3.22837358013,933.620222602,0
161,000161.png,right,ok,tracking,1850,0.416667,1850,1850,21,16.384361,3.40113568946,-276.00165291,0
161,000161.png,center,ok,from_left_right,,,,,18,,,,
162,000162.png,left,ok,tracking,2196,0.527778,2196,2196,18,162.709206,-3.21244826065,931.406947288,0
162,000162.png,right,ok,tracking,1849,0.411111,1849,1849,21,16.246055,3.43172403756,-281.578514969,0
162,000162.png,center,ok,from_left_right,,,,,18,,,,
163,000163.png,left,ok,tracking,2196,0.533333,2196,2196,18,162.526023,-3.17662489335,924.750191107,0
163,000163.png,right,ok,tracking,1836,0.405556,1836,1836,21,16.008326,3.48550275362,-291.321732311,0
163,000163.png,center,ok,from_left_right,,,,,18,,,,
164,000164.png,left,ok,tracking,2203,0.538889,2203,2203,18,162.335341,-3.14009994014,916.685946979,0
164,000164.png,right,ok,tracking,1815,0.400000,1815,1815,21,15.824281,3.52821741345,-297.632713884,0
164,000164.png,center,ok,from_left_right,,,,,18,,,,
165,000165.png,left,ok,tracking,2210,0.544444,2210,2210,18,162.230377,-3.12031811763,913.886345969,0
165,000165.png,right,ok,tracking,1811,0.394444,1811,1811,21,15.731591,3.55009824204,-301.827861789,0
165,000165.png,center,ok,from_left_right,,,,,18,,,,
166,000166.png,left,ok,tracking,2208,0.550000,2208,2208,18,162.067178,-3.09000627681,907.28800721,0
166,000166.png,right,ok,tracking,1797,0.388889,1797,1797,21,15.553789,3.5927824719,-308.929206809,0
166,000166.png,center,ok,from_left_right,,,,,18,,,,
167,000167.png,left,ok,tracking,2209,0.550000,2209,2209,18,162.047160,-3.08632496343,906.779480605,0
167,000167.png,right,ok,tracking,1790,0.388889,1790,1790,21,15.510270,3.60337515012,-310.080935449,0
167,000167.png,center,ok,from_left_right,,,,,18,,,,
168,000168.png,left,ok,tracking,2188,0.555556,2188,2188,18,161.902254,-3.0599115278,902.612849257,0
168,000168.png,right,ok,tracking,1787,0.383333,1787,1787,21,15.392665,3.63229323898,-316.785303831,0
168,000168.png,center,ok,from_left_right,,,,,18,,,,
169,000169.png,left,ok,tracking,2211,0.555556,2211,2211,18,161.878246,-3.05557475518,900.240290058,0
169,000169.png,right,ok,tracking,1781,0.377778,1781,1781,21,15.202044,3.68009263342,-324.034747934,0
169,000169.png,center,ok,from_left_right,,,,,18,,,,
170,000170.png,left,ok,tracking,2209,0.561111,2209,2209,18,161.698201,-3.02340227935,894.921890168,0
170,000170.png,right,ok,tracking,1757,0.372222,1757,1757,21,15.061136,3.71618533295,-330.670961461,0
170,000170.png,center,ok,from_left_right,,,,,18,,,,
171,000171.png,left,ok,tracking,2202,0.572222,2202,2202,17,161.389962,-2.96971865968,885.701818441,0
171,000171.png,right,ok,tracking,1735,0.366667,1735,1735,21,14.872733,3.76548691967,-340.758293172,0
171,000171.png,center,ok,from_left_right,,,,,17,,,,
172,000172.png,left,ok,tracking,2226,0.577778,2226,2226,17,161.257447,-2.94716347872,881.192710055,0
172,000172.png,right,ok,tracking,1716,0.366667,1716,1716,21,14.724218,3.80521958609,-347.794103282,0
172,000172.png,center,ok,from_left_right,,,,,17,,,,
173,000173.png,left,ok,tracking,2214,0.583333,2214,2214,17,161.069538,-2.91570172103,875.971050727,0
173,000173.png,right,ok,tracking,1683,0.361111,1683,1683,21,14.551849,3.85232844056,-356.812909118,0
173,000173.png,center,ok,from_left_right,,,,,17,,,,
174,000174.png,left,ok,tracking,2206,0.588889,2206,2206,17,160.993918,-2.90320965536,873.755234712,0
174,000174.png,right,ok,tracking,1677,0.355556,1677,1677,21,14.483830,3.87121995744,-361.020533854,0
174,000174.png,center,ok,from_left_right,,,,,17,,,,
175,000175.png,left,ok,tracking,2217,0.594444,2217,2217,16,160.765062,-2.86598051158,865.441542187,0
175,000175.png,right,ok,tracking,1616,0.350000,1616,1616,21,14.273174,3.93084476247,-371.302057072,0
175,000175.png,center,ok,from_left_right,,,,,16,,,,
176,000176.png,left,ok,tracking,2210,0.605556,2210,2210,16,160.513320,-2.82600063028,857.813305852,0
176,000176.png,right,ok,tracking,1585,0.344444,1585,1585,21,14.194031,3.95369343392,-375.803820483,0
176,000176.png,center,ok,from_left_right,,,,,16,,,,
177,000177.png,left,ok,tracking,2228,0.611111,2228,2228,16,160.376516,-2.80468809149,855.41486123,0
177,000177.png,right,ok,tracking,1605,0.350000,1605,1605,21,14.228045,3.94384313381,-376.185786969,0
177,000177.png,center,ok,from_left_right,,,,,16,,,,
178,000178.png,left,ok,tracking,2226,0.611111,2226,2226,16,160.313503,-2.79496707691,852.269896647,0
178,000178.png,right,ok,tracking,1596,0.344444,1596,1596,21,14.032948,4.00097789738,-387.254259888,0
178,000178.png,center,ok,from_left_right,,,,,16,,,,
179,000179.png,left,ok,tracking,2236,0.622222,2236,2236,16,160.034753,-2.75267132259,845.105358071,0
179,000179.png,right,ok,tracking,1573,0.344444,1573,1573,21,13.909903,4.03781960853,-396.412076352,0
179,000179.png,center,ok,from_left_right,,,,,16,,,,
180,000180.png,left,ok,tracking,2227,0.633333,2227,2227,16,159.680380,-2.70050889123,835.338546268,0
180,000180.png,right,ok,tracking,1541,0.333333,1541,1541,21,13.637280,4.12176854312,-413.508018013,0
180,000180.png,center,ok,from_left_right,,,,,16,,,,
181,000181.png,left,ok,tracking,2212,0.633333,2212,2212,16,159.538881,-2.6801645611,830.735484674,0
181,000181.png,right,ok,tracking,1499,0.316667,1499,1499,21,13.438535,4.18507309404,-425.220920486,0
181,000181.png,center,ok,from_left_right,,,,,16,,,,
182,000182.png,left,ok,tracking,2218,0.638889,2218,2218,15,159.464708,-2.66960739836,829.403079957,0
182,000182.png,right,ok,tracking,1513,0.327778,1513,1513,21,13.543625,4.15137237877,-419.37142095,0
182,000182.png,center,ok,from_left_right,,,,,15,,,,
183,000183.png,left,ok,tracking,2228,0.638889,2228,2228,15,159.274725,-2.64289667861,823.96317527,0
183,000183.png,right,ok,tracking,1488,0.316667,1488,1488,21,13.328359,4.22096478745,-433.901274439,0
183,000183.png,center,ok,from_left_right,,,,,15,,,,
184,000184.png,left,ok,tracking,2214,0.644444,2214,2214,15,159.040924,-2.61066105922,817.412606235,0
184,000184.png,right,ok,tracking,1463,0.311111,1463,1463,21,13.184716,4.26864337593,-443.854131192,0
184,000184.png,center,ok,from_left_right,,,,,15,,,,
185,000185.png,left,ok,tracking,2219,0.655556,2219,2219,15,158.761366,-2.57300670534,809.200183477,0
185,000185.png,right,ok,tracking,1342,0.288889,1342,1342,21,12.843782,4.38600057031,-466.399770134,0
185,000185.png,center,ok,from_left_right,,,,,15,,,,
186,000186.png,left,ok,tracking,2221,0.666667,2221,2221,15,158.451180,-2.53231814392,802.216782559,0
186,000186.png,right,ok,tracking,1362,0.283333,1362,1362,21,12.736776,4.42410760656,-475.126262024,0
186,000186.png,center,ok,from_left_right,,,,,15,,,,
187,000187.png,left,ok,tracking,2205,0.666667,2205,2205,14,158.238152,-2.5050146859,796.562202549,0
187,000187.png,right,ok,tracking,1327,0.272222,1327,1327,21,12.517102,4.50434547659,-491.130492253,0
187,000187.png,center,ok,from_left_right,,,,,14,,,,
188,000188.png,left,ok,tracking,2213,0.672222,2213,2213,14,157.988131,-2.47361147541,789.864292705,0
188,000188.png,right,ok,tracking,1328,0.272222,1328,1328,21,12.440855,4.53284692959,-497.33144899,0
188,000188.png,center,ok,from_left_right,,,,,14,,,,
189,000189.png,left,ok,tracking,2217,0.677778,2217,2217,14,157.736047,-2.44262804889,783.979781409,0
189,000189.png,right,ok,tracking,1314,0.272222,1314,1314,21,12.339365,4.57132256231,-506.455216796,0
189,000189.png,center,ok,from_left_right,,,,,14,,,,
190,000190.png,left,ok,tracking,2208,0.683333,2208,2208,13,157.553908,-2.42065283566,777.830046275,0
190,000190.png,right,ok,tracking,1255,0.255556,1255,1255,23,12.085654,4.67028835153,-525.785045975,0
190,000190.png,center,ok,from_left_right,,,,,13,,,,
191,000191.png,left,ok,tracking,2209,0.700000,2209,2209,13,157.101807,-2.36753982597,767.767410841,0
191,000191.png,right,ok,tracking,1274,0.255556,1274,1274,21,11.990938,4.70829150231,-534.555022672,0
191,000191.png,center,ok,from_left_right,,,,,13,,,,
192,000192.png,left,ok,tracking,2198,0.705556,2198,2198,13,156.781144,-2.3310558565,761.351196532,0
192,000192.png,right,ok,tracking,1273,0.261111,1273,1273,21,12.050479,4.6843331865,-532.661736956,0
192,000192.png,center,ok,from_left_right,,,,,13,,,,
193,000193.png,left,ok,tracking,2186,0.705556,2186,2186,12,156.594207,-2.31022282079,755.738546008,0
193,000193.png,right,ok,tracking,1327,0.266667,1327,1327,21,12.009855,4.70065438752,-538.075760865,0
193,000193.png,center,ok,from_left_right,,,,,12,,,,
194,000194.png,left,ok,tracking,2182,0.716667,2182,2182,12,156.271445,-2.27498229657,748.603738407,0
194,000194.png,right,ok,tracking,1348,0.277778,1348,1348,21,12.005728,4.70231848784,-541.67348625,0
194,000194.png,center,ok,from_left_right,,,,,12,,,,
195,000195.png,left,ok,tracking,2172,0.716667,2172,2172,12,156.058284,-2.25219976622,744.189018044,0
195,000195.png,right,ok,tracking,1387,0.294444,1387,1387,21,12.171535,4.63633343864,-532.525109204,0
195,000195.png,center,ok,from_left_right,,,,,12,,,,
196,000196.png,left,ok,tracking,2170,0.722222,2170,2170,12,155.736507,-2.21852236098,737.151022342,0
196,000196.png,right,ok,tracking,1457,0.294444,1457,1457,21,11.951182,4.72442006877,-553.882998876,0
196,000196.png,center,ok,from_left_right,,,,,12,,,,
197,000197.png,left,ok,tracking,2158,0.738889,2158,2158,12,155.400758,-2.18426577685,729.320889347,0
197,000197.png,right,ok,tracking,1476,0.283333,1476,1476,21,11.658792,4.84636801524,-578.90983041,0
197,000197.png,center,ok,from_left_right,,,,,12,,,,
198,000198.png,left,ok,tracking,2168,0.733333,2168,2168,12,155.172581,-2.16148117272,722.756636615,0
198,000198.png,right,ok,tracking,1482,0.277778,1482,1482,21,11.592394,4.87490549254,-584.033163725,0
198,000198.png,center,ok,from_left_right,,,,,12,,,,
199,000199.png,left,ok,tracking,2144,0.738889,2144,2144,12,154.824080,-2.12742850074,713.9236289,0
199,000199.png,right,ok,tracking,1484,0.277778,1484,1484,21,11.553152,4.89192381316,-587.775290644,0
199,000199.png,center,ok,from_left_right,,,,,12,,,,
200,000200.png,left,ok,tracking,2153,0.750000,2153,2153,11,154.552107,-2.10145982763,707.3592813,0
200,000200.png,right,ok,tracking,1488,0.277778,1488,1488,21,11.535329,4.89969098211,-589.893613291,0
200,000200.png,center,ok,from_left_right,,,,,11,,,,
201,000201.png,left,ok,tracking,2144,0.750000,2144,2144,11,154.311050,-2.07887245731,701.239008125,0
201,000201.png,right,ok,tracking,1486,0.277778,1486,1486,21,11.490469,4.91934554076,-594.320311161,0
201,000201.png,center,ok,from_left_right,,,,,11,,,,
202,000202.png,left,ok,tracking,2139,0.761111,2139,2139,12,154.006690,-2.0509115791,695.525808362,0
202,000202.png,right,ok,tracking,1477,0.277778,1477,1477,21,11.465274,4.93045080271,-597.577752162,0
202,000202.png,center,ok,from_left_right,,,,,12,,,,
203,000203.png,left,ok,tracking,2158,0.772222,2158,2158,12,153.711912,-2.02440576397,689.449546829,0
203,000203.png,right,ok,tracking,1473,0.277778,1473,1473,21,11.343406,4.98485442067,-608.840106515,0
203,000203.png,center,ok,from_left_right,,,,,12,,,,
204,000204.png,left,ok,tracking,2137,0.772222,2137,2137,11,153.640085,-2.01803072892,685.566093228,0
204,000204.png,right,ok,tracking,1476,0.272222,1476,1476,21,11.343035,4.98502176483,-608.064911183,0
204,000204.png,center,ok,from_left_right,,,,,11,,,,
205,000205.png,left,ok,tracking,2132,0.772222,2132,2132,12,153.474716,-2.00347516929,681.077774764,0
205,000205.png,right,ok,tracking,1469,0.272222,1469,1469,21,11.317176,4.99671496413,-610.948309046,0
205,000205.png,center,ok,from_left_right,,,,,12,,,,
206,000206.png,left,ok,tracking,2130,0.766667,2130,2130,12,153.467007,-2.00280070833,678.757813546,0
206,000206.png,right,ok,tracking,1308,0.255556,1308,1308,23,11.083825,5.10467023035,-631.285481447,0
206,000206.png,center,ok,from_left_right,,,,,12,,,,
207,000207.png,left,ok,tracking,2097,0.761111,2097,2097,12,153.409984,-1.99782330548,674.621586843,0
207,000207.png,right,ok,tracking,1264,0.244444,1264,1264,23,10.987843,5.15038843899,-638.555453941,0
207,000207.png,center,ok,from_left_right,,,,,12,,,,
208,000208.png,left,ok,tracking,2093,0.766667,2093,2093,12,153.259474,-1.98478009855,670.387947698,0
208,000208.png,right,ok,tracking,1368,0.250000,1368,1368,23,11.096734,5.09858105872,-626.831419949,0
208,000208.png,center,ok,from_left_right,,,,,12,,,,
209,000209.png,left,ok,tracking,2095,0.766667,2095,2095,12,152.971256,-1.96017885086,663.240790041,0
209,000209.png,right,ok,tracking,1221,0.233333,1221,1221,23,10.880155,5.20263007777,-646.741090279,0
209,000209.png,center,ok,from_left_right,,,,,12,,,,
210,000210.png,left,ok,tracking,2106,0.772222,2106,2106,12,152.845733,-1.94961568645,661.172762478,0
210,000210.png,right,ok,tracking,1359,0.250000,1359,1359,21,11.146494,5.07523952969,-621.540048051,0
210,000210.png,center,ok,from_left_right,,,,,12,,,,
211,000211.png,left,ok,tracking,2093,0.766667,2093,2093,12,152.832521,-1.94850918008,659.724629323,0
211,000211.png,right,ok,tracking,1360,0.261111,1360,1360,21,11.429607,4.94625480316,-597.659722737,0
211,000211.png,center,ok,from_left_right,,,,,12,,,,
212,000212.png,left,ok,tracking,2050,0.750000,2050,2050,12,152.871386,-1.9517671698,657.83003079,0
212,000212.png,right,ok,tracking,1422,0.261111,1422,1422,21,11.348644,4.98249248609,-606.485823411,0
212,000212.png,center,ok,from_left_right,,,,,12,,,,
213,000213.png,left,ok,tracking,2067,0.766667,2067,2067,12,152.575506,-1.92717864793,653.146776253,0
213,000213.png,right,ok,tracking,1321,0.294444,1321,1321,21,11.665534,4.84348783016,-583.209749271,0
213,000213.png,center,ok,from_left_right,,,,,12,,,,
214,000214.png,left,ok,tracking,2043,0.761111,2043,2043,12,152.505893,-1.92146458872,651.188177526,0
214,000214.png,right,ok,tracking,1493,0.300000,1493,1493,20,11.648627,4.85071605563,-588.768940031,0
214,000214.png,center,ok,from_left_right,,,,,12,,,,
215,000215.png,left,ok,tracking,2016,0.755556,2016,2016,11,152.345698,-1.90841608965,645.728793921,0
215,000215.png,right,ok,tracking,1571,0.300000,1571,1571,21,11.452997,4.93587993837,-608.651838613,0
215,000215.png,center,ok,from_left_right,,,,,11,,,,
216,000216.png,left,ok,tracking,1995,0.750000,1995,1995,12,152.351474,-1.9088841559,643.394458575,0
216,000216.png,right,ok,tracking,1630,0.300000,1630,1630,21,11.392462,4.96281697341,-615.298335185,0
216,000216.png,center,ok,from_left_right,,,,,12,,,,
217,000217.png,left,ok,tracking,1981,0.744444,1981,1981,12,152.142620,-1.89207336784,637.088610995,0
217,000217.png,right,ok,tracking,1659,0.311111,1659,1659,21,11.485692,4.92144725103,-608.78623858,0
217,000217.png,center,ok,from_left_right,,,,,12,,,,
218,000218.png,left,ok,tracking,1992,0.750000,1992,1992,12,152.131105,-1.89115327637,634.088400988,0
218,000218.png,right,ok,tracking,1714,0.322222,1714,1714,21,11.590984,4.87551512487,-601.187224466,0
218,000218.png,center,ok,from_left_right,,,,,12,,,,
219,000219.png,left,ok,tracking,1983,0.738889,1983,1983,12,152.190790,-1.89592996877,632.124684044,0
219,000219.png,right,ok,tracking,1750,0.322222,1750,1750,21,11.530910,4.90162015085,-607.224350337,0
219,000219.png,center,ok,from_left_right,,,,,12,,,,
220,000220.png,left,ok,tracking,1965,0.727778,1965,1965,12,152.359481,-1.90953333277,633.771118322,0
220,000220.png,right,ok,tracking,1748,0.333333,1748,1748,21,11.634520,4.85676248633,-600.330935658,0
220,000220.png,center,ok,from_left_right,,,,,12,,,,
221,000221.png,left,ok,tracking,1927,0.716667,1927,1927,12,152.614717,-1.9304089955,636.009554992,0
221,000221.png,right,ok,tracking,1794,0.344444,1794,1794,21,11.683226,4.83594678037,-598.071477854,0
221,000221.png,center,ok,from_left_right,,,,,12,,,,
222,000222.png,left,ok,tracking,1898,0.700000,1898,1898,12,153.109892,-1.97195143809,642.795948845,0
222,000222.png,right,ok,tracking,1836,0.350000,1836,1836,21,11.762878,4.80227129983,-593.144011896,0
222,000222.png,center,ok,from_left_right,,,,,12,,,,
223,000223.png,left,ok,tracking,1898,0.683333,1898,1898,13,153.328660,-1.99075882558,644.250240718,0
223,000223.png,right,ok,tracking,1833,0.344444,1833,1833,21,11.618304,4.86373136316,-604.092864716,0
223,000223.png,center,ok,from_left_right,,,,,13,,,,
224,000224.png,left,ok,tracking,1907,0.677778,1907,1907,13,153.586063,-2.01325714028,647.739775482,0
224,000224.png,right,ok,tracking,1890,0.350000,1890,1890,21,11.855651,4.76361111147,-585.104586207,0
224,000224.png,center,ok,from_left_right,,,,,13,,,,
225,000225.png,left,ok,tracking,1854,0.661111,1854,1854,13,153.890071,-2.04035889549,650.742008436,0
225,000225.png,right,ok,tracking,1839,0.344444,1839,1839,21,11.681957,4.83648699644,-598.386994326,0
225,000225.png,center,ok,from_left_right,,,,,13,,,,
226,000226.png,left,ok,tracking,1863,0.655556,1863,1863,13,154.145312,-2.06357043386,654.042185753,0
226,000226.png,right,ok,tracking,1855,0.344444,1855,1855,21,11.715773,4.82213198229,-593.756398958,0
226,000226.png,center,ok,from_left_right,,,,,13,,,,
227,000227.png,left,ok,tracking,1845,0.638889,1845,1845,13,154.385593,-2.08581491647,656.742394414,0
227,000227.png,right,ok,tracking,1784,0.333333,1784,1784,21,11.628745,4.85924215169,-599.550854973,0
227,000227.png,center,ok,from_left_right,,,,,13,,,,
228,000228.png,left,ok,tracking,1848,0.644444,1848,1848,14,154.360358,-2.08346049625,655.71216716,0
228,000228.png,right,ok,tracking,1780,0.327778,1780,1780,21,11.583040,4.87895184881,-602.275784551,0
228,000228.png,center,ok,from_left_right,,,,,14,,,,
229,000229.png,left,ok,tracking,1835,0.650000,1835,1835,14,154.288485,-2.07677833093,655.46455297,0
229,000229.png,right,ok,tracking,1756,0.333333,1756,1756,21,11.646548,4.85160600348,-598.756840215,0
229,000229.png,center,ok,from_left_right,,,,,14,,,,
230,000230.png,left,ok,tracking,1824,0.644444,1824,1824,13,154.432124,-2.09016760503,658.607296752,0
230,000230.png,right,ok,tracking,1794,0.344444,1794,1794,21,11.858659,4.76236768478,-583.53356165,0
230,000230.png,center,ok,from_left_right,,,,,13,,,,
231,000231.png,left,ok,tracking,1820,0.638889,1820,1820,13,154.609005,-2.10684958975,662.392028706,0
231,000231.png,right,ok,tracking,1849,0.350000,1849,1849,20,11.857259,4.76294627838,-586.558315644,0
231,000231.png,center,ok,from_left_right,,,,,13,,,,
232,000232.png,left,ok,tracking,1828,0.650000,1828,1828,13,154.547571,-2.10103112171,664.495377876,0
232,000232.png,right,ok,tracking,1751,0.361111,1751,1751,18,11.969168,4.71711041888,-583.08485854,0
232,000232.png,center,ok,from_left_right,,,,,13,,,,
233,000233.png,left,ok,tracking,1809,0.627778,1809,1809,12,154.699690,-2.11548677035,665.979124513,0
233,000233.png,right,ok,tracking,1918,0.355556,1918,1918,21,11.597915,4.87252032562,-614.62539986,0
233,000233.png,center,ok,from_left_right,,,,,12,,,,
234,000234.png,left,ok,tracking,1789,0.627778,1789,1789,13,154.851060,-2.13003324362,668.447232647,0
234,000234.png,right,ok,tracking,1960,0.355556,1960,1960,21,11.617517,4.86406971832,-612.688714289,0
234,000234.png,center,ok,from_left_right,,,,,13,,,,
235,000235.png,left,ok,tracking,1811,0.627778,1811,1811,13,155.005969,-2.14509032499,671.774291305,0
235,000235.png,right,ok,tracking,1968,0.355556,1968,1968,20,11.730390,4.81595212486,-603.948850693,0
235,000235.png,center,ok,from_left_right,,,,,13,,,,
236,000236.png,left,ok,tracking,1787,0.616667,1787,1787,13,155.183122,-2.16252501724,673.974636987,0
236,000236.png,right,ok,tracking,1977,0.355556,1977,1977,21,11.665598,4.84346089054,-608.75715141,0
236,000236.png,center,ok,from_left_right,,,,,13,,,,
237,000237.png,left,ok,tracking,1817,0.611111,1817,1817,13,155.436220,-2.18784246045,679.349756898,0
237,000237.png,right,ok,tracking,1972,0.366667,1972,1972,20,11.905844,4.74294229995,-590.380501522,0
237,000237.png,center,ok,from_left_right,,,,,13,,,,
238,000238.png,left,ok,tracking,1794,0.611111,1794,1794,12,155.591380,-2.20360643641,682.867574999,0
238,000238.png,right,ok,tracking,1966,0.372222,1966,1966,20,11.970261,4.71666669842,-588.004178216,0
238,000238.png,center,ok,from_left_right,,,,,12,,,,
239,000239.png,left,ok,tracking,1778,0.600000,1778,1778,13,155.912167,-2.23680225678,688.733368677,0
239,000239.png,right,ok,tracking,2035,0.372222,2035,2035,20,12.046701,4.68584623285,-583.610054405,0
239,000239.png,center,ok,from_left_right,,,,,13,,,,
240,000240.png,left,ok,tracking,1754,0.588889,1754,1754,12,156.007432,-2.24682107943,691.975874966,0
240,000240.png,right,ok,tracking,1968,0.383333,1968,1968,18,12.174609,4.63512672675,-577.283754401,0
240,000240.png,center,ok,from_left_right,,,,,12,,,,
241,000241.png,left,ok,tracking,1745,0.583333,1745,1745,12,156.032819,-2.24950365947,692.761598646,0
241,000241.png,right,ok,tracking,2034,0.383333,2034,2034,18,12.122031,4.65584788656,-584.313549551,0
241,000241.png,center,ok,from_left_right,,,,,12,,,,
242,000242.png,left,ok,tracking,1735,0.572222,1735,1735,12,156.190978,-2.26633694948,694.506229391,0
242,000242.png,right,ok,tracking,2056,0.388889,2056,2056,18,12.266310,4.59940587079,-574.947807291,0
242,000242.png,center,ok,from_left_right,,,,,12,,,,
243,000243.png,left,ok,tracking,1722,0.566667,1722,1722,12,156.344834,-2.28291561169,696.409005485,0
243,000243.png,right,ok,tracking,2074,0.400000,2074,2074,18,12.364441,4.56175821538,-568.942300813,0
243,000243.png,center,ok,from_left_right,,,,,12,,,,
244,000244.png,left,ok,tracking,1710,0.561111,1710,1710,12,156.348936,-2.2833603326,695.008067326,0
244,000244.png,right,ok,tracking,2104,0.394444,2104,2104,18,12.273181,4.59675065037,-575.791341967,0
244,000244.png,center,ok,from_left_right,,,,,12,,,,
245,000245.png,left,ok,tracking,1716,0.566667,1716,1716,12,156.482329,-2.29790424934,697.779640028,0
245,000245.png,right,ok,tracking,2080,0.394444,2080,2080,17,12.422248,4.53985489758,-565.757869295,0
245,000245.png,center,ok,from_left_right,,,,,12,,,,
246,000246.png,left,ok,tracking,1698,0.555556,1698,1698,12,156.655676,-2.31703832367,700.319433662,0
246,000246.png,right,ok,tracking,2102,0.400000,2102,2102,17,12.478967,4.51855759216,-562.573918678,0
246,000246.png,center,ok,from_left_right,,,,,12,,,,
247,000247.png,left,ok,tracking,1669,0.544444,1669,1669,12,156.737184,-2.32612827355,699.324482847,0
247,000247.png,right,ok,tracking,2140,0.400000,2140,2140,18,12.397331,4.54927109872,-567.1994211,0
247,000247.png,center,ok,from_left_right,,,,,12,,,,
248,000248.png,left,ok,tracking,1665,0.538889,1665,1665,12,156.897032,-2.34413067408,701.114683253,0
248,000248.png,right,ok,tracking,2133,0.405556,2133,2133,18,12.617288,4.46741065542,-549.876405126,0
248,000248.png,center,ok,from_left_right,,,,,12,,,,
249,000249.png,left,ok,tracking,1651,0.533333,1651,1651,13,156.843114,-2.33803210469,696.839473431,0
249,000249.png,right,ok,tracking,2095,0.400000,2095,2095,20,12.405188,4.54629781733,-563.651894445,0
249,000249.png,center,ok,from_left_right,,,,,13,,,,
250,000250.png,left,ok,tracking,1638,0.538889,1638,1638,13,156.921636,-2.34692260119,698.565342188,0
250,000250.png,right,ok,tracking,2119,0.400000,2119,2119,20,12.550301,4.49204202465,-552.306735291,0
250,000250.png,center,ok,from_left_right,,,,,13,,,,
251,000251.png,left,ok,tracking,1652,0.533333,1652,1652,13,156.998191,-2.35564557806,699.66926587,0
251,000251.png,right,ok,tracking,2101,0.405556,2101,2101,18,12.765359,4.41386688104,-538.011281775,0
251,000251.png,center,ok,from_left_right,,,,,13,,,,
252,000252.png,left,ok,tracking,1633,0.522222,1633,1633,13,157.241647,-2.38375483606,702.586831595,0
252,000252.png,right,ok,tracking,2145,0.405556,2145,2145,20,12.729550,4.42670343822,-539.349296993,0
252,000252.png,center,ok,from_left_right,,,,,13,,,,
253,000253.png,left,ok,tracking,1649,0.533333,1649,1649,13,157.275920,-2.38775774585,703.954774818,0
253,000253.png,right,ok,tracking,2092,0.411111,2092,2092,18,12.858478,4.38081553845,-532.365449189,0
253,000253.png,center,ok,from_left_right,,,,,13,,,,
254,000254.png,left,ok,tracking,1629,0.522222,1629,1629,13,157.267873,-2.386816803,703.354908012,0
254,000254.png,right,ok,tracking,2112,0.405556,2112,2112,18,12.685881,4.44245404551,-545.361057687,0
254,000254.png,center,ok,from_left_right,,,,,13,,,,
255,000255.png,left,ok,tracking,1625,0.522222,1625,1625,13,157.377782,-2.39972241994,706.169852097,0
255,000255.png,right,ok,tracking,2125,0.411111,2125,2125,18,12.733260,4.42537020326,-542.759480352,0
255,000255.png,center,ok,from_left_right,,,,,13,,,,
256,000256.png,left,ok,tracking,1601,0.505556,1601,1601,13,157.782223,-2.44825350539,714.389443171,0
256,000256.png,right,ok,tracking,2107,0.416667,2107,2107,17,13.011200,4.32761634361,-524.240463923,0
256,000256.png,center,ok,from_left_right,,,,,13,,,,
257,000257.png,left,ok,tracking,1591,0.494444,1591,1591,13,158.052612,-2.48164526781,719.587992158,0
257,000257.png,right,ok,tracking,2141,0.422222,2141,2141,18,13.119935,4.29048128415,-517.166316077,0
257,000257.png,center,ok,from_left_right,,,,,13,,,,
258,000258.png,left,ok,tracking,1562,0.483333,1562,1562,13,158.286728,-2.51119560074,724.206412361,0
258,000258.png,right,ok,tracking,2131,0.427778,2131,2131,17,13.215981,4.25817914582,-511.65333972,0
258,000258.png,center,ok,from_left_right,,,,,13,,,,
259,000259.png,left,ok,tracking,1552,0.483333,1552,1552,13,158.316611,-2.51501116192,724.915925532,0
259,000259.png,right,ok,tracking,2100,0.422222,2100,2100,17,13.262648,4.24264992056,-510.416795823,0
259,000259.png,center,ok,from_left_right,,,,,13,,,,
260,000260.png,left,ok,tracking,1526,0.466667,1526,1526,13,158.711154,-2.56634351637,731.822244333,0
260,000260.png,right,ok,tracking,2170,0.433333,2170,2170,18,13.314756,4.22543653489,-505.037599223,0
260,000260.png,center,ok,from_left_right,,,,,13,,,,
261,000261.png,left,ok,tracking,1541,0.466667,1541,1541,13,158.693513,-2.56400961606,731.009116831,0
261,000261.png,right,ok,tracking,2120,0.433333,2120,2120,17,13.432935,4.18688354749,-499.350419583,0
261,000261.png,center,ok,from_left_right,,,,,13,,,,
262,000262.png,left,ok,tracking,1520,0.455556,1520,1520,13,159.102241,-2.6190484848,739.370450259,0
262,000262.png,right,ok,tracking,2179,0.444444,2179,2179,17,13.617101,4.12811326053,-487.094938177,0
262,000262.png,center,ok,from_left_right,,,,,13,,,,
263,000263.png,left,ok,tracking,1513,0.450000,1513,1513,13,159.023687,-2.6083116443,736.238493615,0
263,000263.png,right,ok,tracking,2138,0.438889,2138,2138,17,13.663160,4.11365816325,-485.53199533,0
263,000263.png,center,ok,from_left_right,,,,,13,,,,
264,000264.png,left,ok,tracking,1504,0.455556,1504,1504,13,158.878484,-2.5886657186,733.794759044,0
264,000264.png,right,ok,tracking,2104,0.438889,2104,2104,16,13.668773,4.11190290726,-488.404106286,0
264,000264.png,center,ok,from_left_right,,,,,13,,,,
265,000265.png,left,ok,tracking,1480,0.450000,1480,1480,13,159.261980,-2.6411215918,743.230484607,0
265,000265.png,right,ok,tracking,2136,0.450000,2136,2136,16,13.937817,4.02940577677,-473.70538738,0
265,000265.png,center,ok,from_left_right,,,,,13,,,,
266,000266.png,left,ok,tracking,1477,0.450000,1477,1477,13,159.218168,-2.63503531869,741.724533104,0
266,000266.png,right,ok,tracking,2150,0.450000,2150,2150,16,13.952136,4.0251025724,-475.056275262,0
266,000266.png,center,ok,from_left_right,,,,,13,,,,
267,000267.png,left,ok,tracking,1484,0.450000,1484,1484,13,159.291426,-2.64522598727,745.021008033,0
267,000267.png,right,ok,tracking,2093,0.455556,2093,2093,15,14.230511,3.94313081838,-462.384425689,0
267,000267.png,center,ok,from_left_right,,,,,13,,,,
268,000268.png,left,ok,tracking,1452,0.427778,1452,1452,13,159.631169,-2.6934028796,751.272473292,0
268,000268.png,right,ok,tracking,2206,0.461111,2206,2206,16,14.130916,3.97209440221,-465.858587763,0
268,000268.png,center,ok,from_left_right,,,,,13,,,,
269,000269.png,left,ok,tracking,1460,0.433333,1460,1460,13,159.675559,-2.69981137779,751.39136539,0
269,000269.png,right,ok,tracking,2179,0.466667,2179,2179,16,14.334679,3.9132589712,-455.385002969,0
269,000269.png,center,ok,from_left_right,,,,,13,,,,
270,000270.png,left,ok,tracking,1443,0.427778,1443,1443,13,159.786213,-2.71590354255,753.362621305,0
270,000270.png,right,ok,tracking,2191,0.466667,2191,2191,16,14.446304,3.88171665109,-449.166788996,0
270,000270.png,center,ok,from_left_right,,,,,13,,,,
271,000271.png,left,ok,tracking,1430,0.416667,1430,1430,14,159.977973,-2.7441944599,757.150349732,0
271,000271.png,right,ok,tracking,2208,0.477778,2208,2208,16,14.627035,3.83164640416,-438.886245307,0
271,000271.png,center,ok,from_left_right,,,,,14,,,,
272,000272.png,left,ok,tracking,1438,0.416667,1438,1438,14,160.105788,-2.7633416374,759.90344639,0
272,000272.png,right,ok,tracking,2200,0.483333,2200,2200,16,14.904951,3.75696989005,-424.977117899,0
272,000272.png,center,ok,from_left_right,,,,,14,,,,
273,000273.png,left,ok,tracking,1436,0.411111,1436,1436,14,160.233426,-2.78269943883,762.72662111,0
273,000273.png,right,ok,tracking,2222,0.488889,2222,2222,15,15.040843,3.72143760845,-419.036587865,0
273,000273.png,center,ok,from_left_right,,,,,14,,,,
274,000274.png,left,ok,tracking,1399,0.411111,1399,1399,14,160.293447,-2.79188545997,763.138745537,0
274,000274.png,right,ok,tracking,2214,0.494444,2214,2214,15,15.110716,3.70341068925,-415.160188207,0
274,000274.png,center,ok,from_left_right,,,,,14,,,,
275,000275.png,left,ok,tracking,1413,0.411111,1413,1413,14,160.221430,-2.78086984444,761.015997501,0
275,000275.png,right,ok,tracking,2219,0.488889,2219,2219,15,15.211978,3.67757272327,-411.027331023,0
275,000275.png,center,ok,from_left_right,,,,,14,,,,
276,000276.png,left,ok,tracking,1404,0.400000,1404,1404,14,160.535936,-2.82955170568,768.100109349,0
276,000276.png,right,ok,tracking,2246,0.500000,2246,2246,16,15.369998,3.63791653575,-401.043673049,0
276,000276.png,center,ok,from_left_right,,,,,14,,,,
277,000277.png,left,ok,tracking,1399,0.394444,1399,1397,15,160.782984,-2.86886526784,773.768006327,0
277,000277.png,right,ok,tracking,2244,0.505556,2244,2244,16,15.636151,3.57289245793,-386.60204693,0
277,000277.png,center,ok,from_left_right,,,,,15,,,,
278,000278.png,left,ok,tracking,1394,0.394444,1394,1389,15,160.756688,-2.8646345072,771.211677142,0
278,000278.png,right,ok,tracking,2248,0.511111,2248,2248,16,15.651499,3.56920849119,-384.587580333,0
278,000278.png,center,ok,from_left_right,,,,,15,,,,
279,000279.png,left,ok,tracking,1405,0.394444,1405,1395,15,160.819168,-2.87470498529,773.024038621,0
279,000279.png,right,ok,tracking,2239,0.516667,2239,2239,16,15.853623,3.5213428083,-375.948008015,0
279,000279.png,center,ok,from_left_right,,,,,15,,,,
280,000280.png,left,ok,tracking,1406,0.394444,1406,1395,15,160.951266,-2.89620593577,777.257940748,0
280,000280.png,right,ok,tracking,2245,0.516667,2245,2245,16,16.060555,3.47355474511,-366.942040002,0
280,000280.png,center,ok,from_left_right,,,,,15,,,,
281,000281.png,left,ok,tracking,1396,0.388889,1396,1383,15,161.084277,-2.91814760383,780.417513407,0
281,000281.png,right,ok,tracking,2257,0.527778,2257,2257,15,16.292129,3.42147802329,-356.607236983,0
281,000281.png,center,ok,from_left_right,,,,,15,,,,
282,000282.png,left,ok,tracking,1401,0.383333,1401,1385,15,161.269125,-2.94913873171,786.194488752,0
282,000282.png,right,ok,tracking,2263,0.533333,2263,2263,16,16.498008,3.37637445798,-346.587107932,0
282,000282.png,center,ok,from_left_right,,,,,15,,,,
283,000283.png,left,ok,tracking,1391,0.383333,1391,1375,15,161.360231,-2.96463130161,791.231180277,0
283,000283.png,right,ok,tracking,2243,0.538889,2243,2243,15,16.785568,3.31517754161,-336.461193646,0
283,000283.png,center,ok,from_left_right,,,,,15,,,,
284,000284.png,left,ok,tracking,1391,0.388889,1391,1379,15,161.275544,-2.95022548182,789.390345838,0
284,000284.png,right,ok,tracking,2260,0.538889,2260,2260,15,16.796255,3.3129422878,-336.059364369,0
284,000284.png,center,ok,from_left_right,,,,,15,,,,
285,000285.png,left,ok,tracking,1384,0.383333,1384,1376,15,161.417213,-2.97439554694,794.547270295,0
285,000285.png,right,ok,tracking,2260,0.550000,2260,2260,14,16.995120,3.27184921006,-327.867033886,0
285,000285.png,center,ok,from_left_right,,,,,14,,,,
286,000286.png,left,ok,tracking,1382,0.372222,1382,1374,15,161.740306,-3.03087105803,804.7498226,0
286,000286.png,right,ok,tracking,2273,0.555556,2273,2273,14,17.280484,3.21448639985,-315.510194854,0
286,000286.png,center,ok,from_left_right,,,,,14,,,,
287,000287.png,left,ok,tracking,1386,0.377778,1386,1374,15,161.786674,-3.03913477806,807.531773843,0
287,000287.png,right,ok,tracking,2279,0.566667,2279,2279,14,17.466071,3.17815604834,-307.771007569,0
287,000287.png,center,ok,from_left_right,,,,,14,,,,
288,000288.png,left,ok,tracking,1394,0.372222,1394,1383,15,161.966494,-3.07157057987,814.003417868,0
288,000288.png,right,ok,tracking,2293,0.566667,2293,2293,15,17.490689,3.17339288224,-305.416838065,0
288,000288.png,center,ok,from_left_right,,,,,15,,,,
289,000289.png,left,ok,tracking,1400,0.377778,1400,1389,15,161.934675,-3.06578566772,812.219002788,0
289,000289.png,right,ok,tracking,2290,0.561111,2290,2290,16,17.540761,3.1637450603,-301.366249353,0
289,000289.png,center,ok,from_left_right,,,,,15,,,,
290,000290.png,left,ok,tracking,1399,0.372222,1399,1384,15,162.052485,-3.08730353623,818.064919783,0
290,000290.png,right,ok,tracking,2284,0.572222,2284,2284,15,17.713116,3.13093930719,-295.02708517,0
290,000290.png,center,ok,from_left_right,,,,,15,,,,
291,000291.png,left,ok,tracking,1409,0.377778,1409,1396,16,162.055539,-3.08786499803,819.332952483,0
291,000291.png,right,ok,tracking,2280,0.572222,2280,2280,16,17.699094,3.1335851985,-294.702766024,0
291,000291.png,center,ok,from_left_right,,,,,16,,,,
292,000292.png,left,ok,tracking,1417,0.377778,1417,1403,16,162.388178,-3.15014403916,832.092262119,0
292,000292.png,right,ok,tracking,2297,0.583333,2297,2297,16,17.882123,3.09936557651,-286.775336072,0
292,000292.png,center,ok,from_left_right,,,,,16,,,,
293,000293.png,left,ok,tracking,1420,0.377778,1420,1405,16,162.381916,-3.14895074341,834.170589225,0
293,000293.png,right,ok,tracking,2288,0.583333,2288,2288,16,17.915974,3.09311094451,-285.844639657,0
293,000293.png,center,ok,from_left_right,,,,,16,,,,
294,000294.png,left,ok,tracking,1450,0.383333,1450,1438,16,162.362741,-3.14530132055,835.302639077,0
294,000294.png,right,ok,tracking,2298,0.577778,2298,2298,16,17.801362,3.11438093883,-288.836059668,0
294,000294.png,center,ok,from_left_right,,,,,16,,,,
295,000295.png,left,ok,tracking,1456,0.383333,1456,1445,16,162.622227,-3.19534727464,846.752045311,0
295,000295.png,right,ok,tracking,2320,0.583333,2320,2320,16,17.883503,3.09911012578,-283.786545667,0
295,000295.png,center,ok,from_left_right,,,,,16,,,,
296,000296.png,left,ok,tracking,1478,0.383333,1478,1466,16,162.624022,-3.19569857917,849.660430681,0
296,000296.png,right,ok,tracking,2295,0.577778,2295,2295,16,17.800568,3.1145292279,-285.769648581,0
296,000296.png,center,ok,from_left_right,,,,,16,,,,
297,000297.png,left,ok,tracking,1475,0.372222,1475,1467,16,163.109740,-3.29340024006,868.534427196,0
297,000297.png,right,ok,tracking,2314,0.583333,2314,2314,17,17.971630,3.08287672328,-276.917667661,0
297,000297.png,center,ok,from_left_right,,,,,16,,,,
298,000298.png,left,ok,tracking,1494,0.372222,1494,1482,16,163.205147,-3.31323536784,872.670295357,0
298,000298.png,right,ok,tracking,2314,0.577778,2314,2314,18,17.992563,3.07904336628,-273.674085872,0
298,000298.png,center,ok,from_left_right,,,,,16,,,,
299,000299.png,left,ok,tracking,1531,0.388889,1531,1516,16,162.989827,-3.26877681663,867.877980971,0
299,000299.png,right,ok,tracking,2295,0.577778,2295,2295,18,17.971880,3.08283081324,-274.435374626,0
299,000299.png,center,ok,from_left_right,,,,,16,,,,
300,000300.png,left,ok,tracking,1527,0.388889,1527,1519,16,163.144223,-3.3005440712,875.212572329,0
300,000300.png,right,ok,tracking,2295,0.577778,2295,2295,18,18.055938,3.06749020553,-269.668121888,0
300,000300.png,center,ok,from_left_right,,,,,16,,,,
301,000301.png,left,ok,tracking,1559,0.388889,1559,1548,16,163.215040,-3.31530476051,881.439948419,0
301,000301.png,right,ok,tracking,2305,0.583333,2305,2305,18,18.226791,3.03673085714,-263.378774566,0
301,000301.png,center,ok,from_left_right,,,,,16,,,,
302,000302.png,left,ok,tracking,1579,0.400000,1579,1574,16,163.194215,-3.31095154554,884.08737962,0
302,000302.png,right,ok,tracking,2307,0.583333,2307,2307,20,18.267336,3.02951298724,-262.461350392,0
302,000302.png,center,ok,from_left_right,,,,,16,,,,
303,000303.png,left,ok,tracking,1580,0.388889,1580,1579,16,163.254919,-3.32367016448,887.040654375,0
303,000303.png,right,ok,tracking,2333,0.577778,2333,2333,20,18.153180,3.049914806,-263.860655039,0
303,000303.png,center,ok,from_left_right,,,,,16,,,,
304,000304.png,left,ok,tracking,1594,0.405556,1594,1594,17,162.931652,-3.25695181052,878.926337501,0
304,000304.png,right,ok,tracking,2323,0.577778,2323,2323,21,18.117249,3.05638769215,-266.269588145,0
304,000304.png,center,ok,from_left_right,,,,,17,,,,
305,000305.png,left,ok,tracking,1605,0.394444,1605,1605,16,163.153064,-3.30238025323,887.376790619,0
305,000305.png,right,ok,tracking,2337,0.572222,2337,2337,21,18.110362,3.05763121772,-264.162603876,0
305,000305.png,center,ok,from_left_right,,,,,16,,,,
306,000306.png,left,ok,tracking,1617,0.405556,1617,1617,16,163.083232,-3.28792791345,886.22247575,0
306,000306.png,right,ok,tracking,2339,0.572222,2339,2339,21,18.158477,3.04896254285,-261.389125521,0
306,000306.png,center,ok,from_left_right,,,,,16,,,,
307,000307.png,left,ok,tracking,1627,0.411111,1627,1627,16,163.106231,-3.29267490345,889.546960155,0
307,000307.png,right,ok,tracking,2352,0.572222,2352,2352,21,18.282662,3.02679276154,-257.68872468,0
307,000307.png,center,ok,from_left_right,,,,,16,,,,
308,000308.png,left,ok,tracking,1625,0.405556,1625,1625,16,163.097248,-3.29081923326,889.939107882,0
308,000308.png,right,ok,tracking,2355,0.572222,2355,2355,21,18.155520,3.04949399862,-261.022280648,0
308,000308.png,center,ok,from_left_right,,,,,16,,,,
309,000309.png,left,ok,tracking,1634,0.411111,1634,1634,16,162.890377,-3.24860929291,882.171570988,0
309,000309.png,right,ok,tracking,2348,0.561111,2348,2348,21,17.969407,3.08328436841,-266.322604712,0
309,000309.png,center,ok,from_left_right,,,,,16,,,,
310,000310.png,left,ok,tracking,1640,0.411111,1640,1640,16,162.937443,-3.2581253272,884.770029525,0
310,000310.png,right,ok,tracking,2332,0.566667,2332,2332,21,18.050859,3.06841314779,-262.587557268,0
310,000310.png,center,ok,from_left_right,,,,,16,,,,
311,000311.png,left,ok,tracking,1657,0.416667,1657,1657,16,162.875822,-3.24567676258,883.543480152,0
311,000311.png,right,ok,tracking,2351,0.566667,2351,2351,21,18.127852,3.05447496909,-259.561422358,0
311,000311.png,center,ok,from_left_right,,,,,16,,,,
312,000312.png,left,ok,tracking,1651,0.416667,1651,1651,16,162.754062,-3.22133267025,879.707446462,0
312,000312.png,right,ok,tracking,2353,0.561111,2353,2353,21,18.010779,3.0757145004,-264.154476264,0
312,000312.png,center,ok,from_left_right,,,,,16,,,,
313,000313.png,left,ok,tracking,1623,0.411111,1623,1623,15,162.726172,-3.21580345464,875.009406629,0
313,000313.png,right,ok,tracking,2365,0.555556,2365,2365,21,17.822879,3.11036757564,-269.381382163,0
313,000313.png,center,ok,from_left_right,,,,,15,,,,
314,000314.png,left,ok,tracking,1604,0.400000,1604,1604,15,162.757511,-3.22201775657,873.102899646,0
314,000314.png,right,ok,tracking,2332,0.544444,2332,2332,21,17.730098,3.12774050636,-271.790963747,0
314,000314.png,center,ok,from_left_right,,,,,15,,,,
315,000315.png,left,ok,tracking,1614,0.405556,1614,1614,16,162.658628,-3.20248381152,867.105927971,0
315,000315.png,right,ok,tracking,2363,0.555556,2363,2363,21,17.978363,3.08164284023,-263.376649123,0
315,000315.png,center,ok,from_left_right,,,,,16,,,,
316,000316.png,left,ok,tracking,1606,0.400000,1606,1606,16,162.857824,-3.24205726065,872.453470339,0
316,000316.png,right,ok,tracking,2397,0.561111,2397,2397,21,18.107905,3.05807503982,-259.120067606,0
316,000316.png,center,ok,from_left_right,,,,,16,,,,
317,000317.png,left,ok,tracking,1607,0.400000,1607,1607,16,162.710543,-3.21271235753,864.817295827,0
317,000317.png,right,ok,tracking,2397,0.561111,2397,2397,21,18.123701,3.05522348021,-259.612044122,0
317,000317.png,center,ok,from_left_right,,,,,16,,,,
318,000318.png,left,ok,tracking,1593,0.394444,1593,1593,16,162.723796,-3.2153330212,863.64396509,0
318,000318.png,right,ok,tracking,2422,0.566667,2422,2422,21,18.183716,3.04443315508,-258.370501055,0
318,000318.png,center,ok,from_left_right,,,,,16,,,,
319,000319.png,left,ok,tracking,1559,0.394444,1559,1559,16,162.789090,-3.22830171892,864.336698968,0
319,000319.png,right,ok,tracking,2406,0.566667,2406,2406,21,18.246492,3.0332198431,-256.973461812,0
319,000319.png,center,ok,from_left_right,,,,,16,,,,
320,000320.png,left,ok,tracking,1554,0.388889,1554,1554,16,162.847514,-3.23998714494,866.191406857,0
320,000320.png,right,ok,tracking,2443,0.577778,2443,2443,21,18.503735,2.98803762459,-249.577020333,0
320,000320.png,center,ok,from_left_right,,,,,16,,,,
321,000321.png,left,ok,tracking,1545,0.388889,1545,1545,16,162.877057,-3.24592538205,866.189171564,0
321,000321.png,right,ok,tracking,2475,0.588889,2475,2475,21,18.777200,2.94131678524,-241.315230551,0
321,000321.png,center,ok,from_left_right,,,,,16,,,,
322,000322.png,left,ok,tracking,1540,0.388889,1540,1540,16,162.805019,-3.23148008526,861.936148944,0
322,000322.png,right,ok,tracking,2465,0.588889,2465,2465,21,18.721301,2.95076006083,-243.539560216,0
322,000322.png,center,ok,from_left_right,,,,,16,,,,
323,000323.png,left,ok,tracking,1544,0.388889,1544,1543,16,162.780591,-3.2266083487,861.40744043,0
323,000323.png,right,ok,tracking,2493,0.600000,2493,2493,21,18.893174,2.92189678074,-238.492292212,0
323,000323.png,center,ok,from_left_right,,,,,16,,,,
324,000324.png,left,ok,tracking,1531,0.377778,1531,1530,16,163.040938,-3.27923084738,869.726272171,0
324,000324.png,right,ok,tracking,2480,0.600000,2480,2480,21,18.918737,2.91764714126,-236.963184385,0
324,000324.png,center,ok,from_left_right,,,,,16,,,,
325,000325.png,left,ok,tracking,1554,0.388889,1554,1542,16,162.957301,-3.26215561154,864.98547976,0
325,000325.png,right,ok,tracking,2490,0.600000,2490,2490,21,18.927839,2.91613663005,-236.43042168,0
325,000325.png,center,ok,from_left_right,,,,,16,,,,
326,000326.png,left,ok,tracking,1563,0.394444,1563,1554,16,162.812142,-3.23290314942,861.64895445,0
326,000326.png,right,ok,tracking,2500,0.600000,2500,2500,21,18.967936,2.90949921291,-235.690674689,0
326,000326.png,center,ok,from_left_right,,,,,16,,,,
327,000327.png,left,ok,tracking,1533,0.383333,1533,1531,16,162.874111,-3.24533236256,864.586723439,0
327,000327.png,right,ok,tracking,2483,0.600000,2483,2483,21,18.904970,2.91993453533,-237.604619077,0
327,000327.png,center,ok,from_left_right,,,,,16,,,,
328,000328.png,left,ok,tracking,1531,0.383333,1531,1530,16,162.936785,-3.25799193697,867.196416828,0
328,000328.png,right,ok,tracking,2457,0.600000,2457,2457,21,18.847852,2.92945868308,-239.438596127,0
328,000328.png,center,ok,from_left_right,,,,,16,,,,
329,000329.png,left,ok,tracking,1537,0.383333,1537,1536,16,162.992652,-3.26935291599,869.809072604,0
329,000329.png,right,ok,tracking,2473,0.600000,2473,2473,21,18.915348,2.91820996017,-237.115085467,0
329,000329.png,center,ok,from_left_right,,,,,16,,,,
330,000330.png,left,ok,tracking,1528,0.383333,1528,1527,16,162.981037,-3.26698497701,869.405321078,0
330,000330.png,right,ok,tracking,2447,0.600000,2447,2447,21,18.837346,2.93121661458,-239.575344468,0
330,000330.png,center,ok,from_left_right,,,,,16,,,,
331,000331.png,left,ok,tracking,1533,0.383333,1533,1532,16,163.067628,-3.28471415124,873.313191439,0
331,000331.png,right,ok,tracking,2450,0.600000,2450,2450,21,18.893440,2.92185256702,-237.505796694,0
331,000331.png,center,ok,from_left_right,,,,,16,,,,
332,000332.png,left,ok,tracking,1539,0.377778,1539,1539,16,163.186243,-3.30928785334,879.454262529,0
332,000332.png,right,ok,tracking,2473,0.600000,2473,2473,21,19.034107,2.89860451195,-233.100929675,0
332,000332.png,center,ok,from_left_right,,,,,16,,,,
333,000333.png,left,ok,tracking,1552,0.377778,1552,1552,16,163.133691,-3.29835931839,877.32530849,0
333,000333.png,right,ok,tracking,2452,0.594444,2452,2452,21,18.839266,2.93089514223,-238.740955332,0
333,000333.png,center,ok,from_left_right,,,,,16,,,,
334,000334.png,left,ok,tracking,1570,0.383333,1570,1570,16,163.091322,-3.28959618214,876.117069178,0
334,000334.png,right,ok,tracking,2457,0.588889,2457,2457,21,18.753163,2.94537088334,-240.841245174,0
334,000334.png,center,ok,from_left_right,,,,,16,,,,
335,000335.png,left,ok,tracking,1568,0.394444,1568,1568,16,162.659509,-3.20265699517,860.954647777,0
335,000335.png,right,ok,tracking,2438,0.577778,2438,2438,21,18.451114,2.9971809907,-250.746189595,0
335,000335.png,center,ok,from_left_right,,,,,16,,,,
336,000336.png,left,ok,tracking,1564,0.400000,1564,1564,16,162.537072,-3.17876504051,856.70297578,0
336,000336.png,right,ok,tracking,2399,0.572222,2399,2399,21,18.140955,3.05211426498,-260.261560223,0
336,000336.png,center,ok,from_left_right,,,,,16,,,,
337,000337.png,left,ok,tracking,1555,0.394444,1555,1555,16,162.611587,-3.19326675931,858.173295261,0
337,000337.png,right,ok,tracking,2367,0.566667,2367,2367,21,18.091845,3.06097914237,-260.538031097,0
337,000337.png,center,ok,from_left_right,,,,,16,,,,
338,000338.png,left,ok,tracking,1509,0.377778,1509,1509,16,163.141393,-3.29995675903,875.301713227,0
338,000338.png,right,ok,tracking,2336,0.572222,2336,2336,21,18.430200,3.00082897646,-245.601245098,0
338,000338.png,center,ok,from_left_right,,,,,16,,,,
339,000339.png,left,ok,tracking,1521,0.377778,1521,1515,16,163.490577,-3.37390573837,888.464158066,0
339,000339.png,right,ok,tracking,2369,0.577778,2369,2369,21,18.894342,2.9217024495,-229.661110929,0
339,000339.png,center,ok,from_left_right,,,,,16,,,,
340,000340.png,left,ok,tracking,1540,0.383333,1540,1528,17,163.340043,-3.34165691948,883.511977761,0
340,000340.png,right,ok,tracking,2359,0.577778,2359,2359,21,18.880061,2.92408106804,-230.917961513,0
340,000340.png,center,ok,from_left_right,,,,,17,,,,
341,000341.png,left,ok,tracking,1532,0.377778,1532,1523,17,163.377064,-3.3495352405,883.859424525,0
341,000341.png,right,ok,tracking,2330,0.572222,2330,2330,21,18.750784,2.94577259992,-234.145979312,0
341,000341.png,center,ok,from_left_right,,,,,17,,,,
342,000342.png,left,ok,tracking,1483,0.400000,1483,1469,16,162.841607,-3.23880209197,867.575909723,0
342,000342.png,right,ok,tracking,2413,0.594444,2413,2413,21,19.304884,2.85477162397,-217.993703152,0
342,000342.png,center,ok,from_left_right,,,,,16,,,,
343,000343.png,left,ok,tracking,1578,0.394444,1578,1575,16,163.072419,-3.28570037114,879.089513599,0
343,000343.png,right,ok,tracking,2392,0.583333,2392,2392,21,18.878706,2.92430698243,-232.969468919,0
343,000343.png,center,ok,from_left_right,,,,,16,,,,
344,000344.png,left,ok,tracking,1567,0.383333,1567,1567,16,163.413424,-3.35730623818,895.585134707,0
344,000344.png,right,ok,tracking,2441,0.600000,2441,2441,21,19.385652,2.8419252653,-217.628633587,0
344,000344.png,center,ok,from_left_right,,,,,16,,,,
345,000345.png,left,ok,tracking,1563,0.383333,1563,1563,16,163.596131,-3.39686173153,903.559593201,0
345,000345.png,right,ok,tracking,2489,0.611111,2489,2489,21,19.679631,2.79602340615,-209.682051929,0
345,000345.png,center,ok,from_left_right,,,,,16,,,,
346,000346.png,left,ok,tracking,1560,0.377778,1560,1560,16,163.576014,-3.39246437567,902.266934573,0
346,000346.png,right,ok,tracking,2453,0.611111,2453,2453,21,19.377349,2.84324109598,-219.869589363,0
346,000346.png,center,ok,from_left_right,,,,,16,,,,
347,000347.png,left,ok,tracking,1564,0.383333,1564,1564,16,163.392320,-3.35279176554,893.429655578,0
347,000347.png,right,ok,tracking,2405,0.594444,2405,2405,21,18.902241,2.92038820355,-234.8120548,0
347,000347.png,center,ok,from_left_right,,,,,16,,,,
348,000348.png,left,ok,tracking,1577,0.388889,1577,1577,16,163.119102,-3.29533697914,882.963237012,0
348,000348.png,right,ok,tracking,2405,0.583333,2405,2405,21,18.653234,2.96233232192,-242.595942704,0
348,000348.png,center,ok,from_left_right,,,,,16,,,,
349,000349.png,left,ok,tracking,1579,0.388889,1579,1579,16,163.182651,-3.30853890991,885.357807298,0
349,000349.png,right,ok,tracking,2395,0.583333,2395,2395,21,18.676916,2.9582969287,-241.646724083,0
349,000349.png,center,ok,from_left_right,,,,,16,,,,
350,000350.png,left,ok,tracking,1572,0.383333,1572,1572,16,163.405063,-3.35551635729,894.999994135,0
350,000350.png,right,ok,tracking,2406,0.594444,2406,2406,21,18.981268,2.90729822243,-231.882047793,0
350,000350.png,center,ok,from_left_right,,,,,16,,,,
351,000351.png,left,ok,tracking,1577,0.394444,1577,1577,16,163.263276,-3.32542804511,891.8213077,0
351,000351.png,right,ok,tracking,2456,0.605556,2456,2456,21,19.287156,2.85760521013,-223.587107173,0
351,000351.png,center,ok,from_left_right,,,,,16,,,,
352,000352.png,left,ok,tracking,1568,0.388889,1568,1568,15,163.250865,-3.32281801188,890.058763168,0
352,000352.png,right,ok,tracking,2438,0.594444,2438,2438,21,18.839505,2.93085511536,-238.892312423,0
352,000352.png,center,ok,from_left_right,,,,,15,,,,
353,000353.png,left,ok,tracking,1555,0.388889,1555,1555,15,163.153865,-3.30254672095,885.920960671,0
353,000353.png,right,ok,tracking,2428,0.594444,2428,2428,21,18.849778,2.92913654437,-239.437075147,0
353,000353.png,center,ok,from_left_right,,,,,15,,,,
354,000354.png,left,ok,tracking,1535,0.377778,1535,1535,15,163.240998,-3.32074547683,888.138281656,0
354,000354.png,right,ok,tracking,2452,0.600000,2452,2452,21,19.021222,2.90072011847,-234.922225887,0
354,000354.png,center,ok,from_left_right,,,,,15,,,,
355,000355.png,left,ok,tracking,1542,0.377778,1542,1542,15,163.308426,-3.33495528837,889.28652019,0
355,000355.png,right,ok,tracking,2461,0.605556,2461,2461,21,19.065054,2.89353421923,-234.186071579,0
355,000355.png,center,ok,from_left_right,,,,,15,,,,
356,000356.png,left,ok,tracking,1538,0.377778,1538,1538,15,163.252994,-3.32326553092,884.643978648,0
356,000356.png,right,ok,tracking,2457,0.605556,2457,2457,21,19.070616,2.89262449232,-234.445789642,0
356,000356.png,center,ok,from_left_right,,,,,15,,,,
357,000357.png,left,ok,tracking,1524,0.372222,1524,1524,15,163.330194,-3.33956662707,885.335381891,0
357,000357.png,right,ok,tracking,2439,0.605556,2439,2439,21,19.044816,2.89684815405,-235.123535122,0
357,000357.png,center,ok,from_left_right,,,,,15,,,,
358,000358.png,left,ok,tracking,1533,0.372222,1533,1533,16,163.437787,-3.36253167983,888.768250333,0
358,000358.png,right,ok,tracking,2444,0.611111,2444,2444,21,19.118411,2.8848294131,-232.55766989,0
358,000358.png,center,ok,from_left_right,,,,,16,,,,
359,000359.png,left,ok,tracking,1525,0.366667,1525,1525,16,163.396511,-3.35368732649,884.641519827,0
359,000359.png,right,ok,tracking,2420,0.600000,2420,2420,21,18.866883,2.92627913138,-239.554952951,0
359,000359.png,center,ok,from_left_right,,,,,16,,,,
360,000360.png,left,ok,tracking,1545,0.372222,1545,1542,16,163.460343,-3.3673828106,889.339671632,0
360,000360.png,right,ok,tracking,2455,0.611111,2455,2455,21,19.349097,2.84772664194,-224.446121168,0
360,000360.png,center,ok,from_left_right,,,,,16,,,,
361,000361.png,left,ok,tracking,1534,0.372222,1534,1533,16,163.519884,-3.38025074115,892.674785373,0
361,000361.png,right,ok,tracking,2473,0.616667,2473,2473,21,19.524738,2.82004278007,-219.486608342,0
361,000361.png,center,ok,from_left_right,,,,,16,,,,
362,000362.png,left,ok,tracking,1551,0.372222,1551,1551,16,163.508841,-3.37785722732,893.495338031,0
362,000362.png,right,ok,tracking,2480,0.616667,2480,2480,21,19.413744,2.83748122922,-223.379865247,0
362,000362.png,center,ok,from_left_right,,,,,16,,,,
363,000363.png,left,ok,tracking,1519,0.366667,1519,1519,16,163.706612,-3.421198847,900.449113116,0
363,000363.png,right,ok,tracking,2494,0.622222,2494,2494,21,19.622671,2.80481387968,-216.970671905,0
363,000363.png,center,ok,from_left_right,,,,,16,,,,
364,000364.png,left,ok,tracking,1524,0.366667,1524,1524,16,163.629879,-3.40426198696,897.480787119,0
364,000364.png,right,ok,tracking,2502,0.627778,2502,2502,21,19.738199,2.78703548146,-214.353494578,0
364,000364.png,center,ok,from_left_right,,,,,16,,,,
365,000365.png,left,ok,tracking,1527,0.372222,1527,1527,16,163.543988,-3.38548575642,894.399627806,0
365,000365.png,right,ok,tracking,2491,0.627778,2491,2491,21,19.711477,2.79112983152,-215.776330767,0
365,000365.png,center,ok,from_left_right,,,,,16,,,,
366,000366.png,left,ok,tracking,1503,0.366667,1503,1503,16,163.476532,-3.37087278647,890.376185398,0
366,000366.png,right,ok,tracking,2461,0.622222,2461,2461,21,19.520072,2.82077209831,-221.596224317,0
366,000366.png,center,ok,from_left_right,,,,,16,,,,
367,000367.png,left,ok,tracking,1512,0.361111,1512,1512,16,163.544943,-3.38569347627,892.114901966,0
367,000367.png,right,ok,tracking,2473,0.622222,2473,2473,21,19.578206,2.8117101004,-219.699931329,0
367,000367.png,center,ok,from_left_right,,,,,16,,,,
368,000368.png,left,ok,tracking,1527,0.372222,1527,1526,16,163.321137,-3.33764664533,883.356134705,0
368,000368.png,right,ok,tracking,2484,0.627778,2484,2484,21,19.622603,2.80482437389,-218.688329308,0
368,000368.png,center,ok,from_left_right,,,,,16,,,,
369,000369.png,left,ok,tracking,1498,0.361111,1498,1497,16,163.652875,-3.40932146971,896.168968773,0
369,000369.png,right,ok,tracking,2473,0.627778,2473,2473,21,19.724963,2.78906224529,-214.977570227,0
369,000369.png,center,ok,from_left_right,,,,,16,,,,
370,000370.png,left,ok,tracking,1474,0.355556,1474,1472,16,163.793123,-3.4404812487,899.994237321,0
370,000370.png,right,ok,tracking,2480,0.633333,2480,2480,21,19.872062,2.76668380355,-210.106557367,0
370,000370.png,center,ok,from_left_right,,,,,16,,,,
371,000371.png,left,ok,tracking,1505,0.366667,1505,1500,16,163.591547,-3.39585882559,891.396747011,0
371,000371.png,right,ok,tracking,2481,0.627778,2481,2481,21,19.648556,2.80081305974,-216.527996218,0
371,000371.png,center,ok,from_left_right,,,,,16,,,,
372,000372.png,left,ok,tracking,1475,0.355556,1475,1472,16,163.716663,-3.42342883963,894.964774261,0
372,000372.png,right,ok,tracking,2446,0.627778,2446,2446,21,19.638462,2.80237195991,-216.593915117,0
372,000372.png,center,ok,from_left_right,,,,,16,,,,
373,000373.png,left,ok,tracking,1463,0.355556,1463,1455,16,163.665709,-3.41215130386,891.5040723,0
373,000373.png,right,ok,tracking,2448,0.622222,2448,2448,21,19.623331,2.80471177244,-216.848648279,0
373,000373.png,center,ok,from_left_right,,,,,16,,,,
374,000374.png,left,ok,tracking,1461,0.361111,1461,1450,16,163.586452,-3.39474468741,887.910747583,0
374,000374.png,right,ok,tracking,2424,0.622222,2424,2424,21,19.609802,2.80680672878,-216.901163594,0
374,000374.png,center,ok,from_left_right,,,,,16,,,,
375,000375.png,left,ok,tracking,1514,0.366667,1514,1502,16,163.543424,-3.38536307613,888.842740522,0
375,000375.png,right,ok,tracking,2478,0.627778,2478,2478,21,19.718507,2.79005173606,-214.37115786,0
375,000375.png,center,ok,from_left_right,,,,,16,,,,
376,000376.png,left,ok,tracking,1491,0.366667,1491,1486,16,163.598151,-3.39730374181,890.831734467,0
376,000376.png,right,ok,tracking,2454,0.627778,2454,2454,21,19.662556,2.79865330541,-216.027992934,0
376,000376.png,center,ok,from_left_right,,,,,16,,,,
377,000377.png,left,ok,tracking,1482,0.361111,1482,1477,16,163.645982,-3.40780338312,892.974052326,0
377,000377.png,right,ok,tracking,2434,0.627778,2434,2434,21,19.697210,2.79332023194,-215.067337172,0
377,000377.png,center,ok,from_left_right,,,,,16,,,,
378,000378.png,left,ok,tracking,1489,0.361111,1489,1482,16,163.740267,-3.42867634971,898.234000883,0
378,000378.png,right,ok,tracking,2485,0.638889,2485,2485,21,20.038671,2.74171829903,-205.16359394,0
378,000378.png,center,ok,from_left_right,,,,,16,,,,
379,000379.png,left,ok,tracking,1469,0.361111,1469,1464,16,163.816079,-3.44563139569,901.632075192,0
379,000379.png,right,ok,tracking,2497,0.644444,2497,2497,21,20.113129,2.73068943031,-202.970384093,0
379,000379.png,center,ok,from_left_right,,,,,16,,,,
380,000380.png,left,ok,tracking,1436,0.350000,1436,1432,16,163.836637,-3.45025583117,899.856565095,0
380,000380.png,right,ok,tracking,2459,0.638889,2459,2459,21,19.968934,2.75211943929,-206.008204624,0
380,000380.png,center,ok,from_left_right,,,,,16,,,,
381,000381.png,left,ok,tracking,1446,0.355556,1446,1434,16,163.751835,-3.4312536829,894.988802832,0
381,000381.png,right,ok,tracking,2437,0.627778,2437,2437,21,19.857597,2.76887033287,-207.944757005,0
381,000381.png,center,ok,from_left_right,,,,,16,,,,
382,000382.png,left,ok,tracking,1501,0.366667,1501,1486,16,163.650167,-3.40872493517,892.571159867,0
382,000382.png,right,ok,tracking,2442,0.622222,2442,2442,21,19.754843,2.78449061146,-210.496874787,0
382,000382.png,center,ok,from_left_right,,,,,16,,,,
383,000383.png,left,ok,tracking,1496,0.366667,1496,1485,16,163.633236,-3.40499959594,892.48260011,0
383,000383.png,right,ok,tracking,2414,0.622222,2414,2414,21,19.672952,2.79705151405,-212.27885024,0
383,000383.png,center,ok,from_left_right,,,,,16,,,,
384,000384.png,left,ok,tracking,1495,0.361111,1495,1486,16,163.693157,-3.41821782448,894.635508555,0
384,000384.png,right,ok,tracking,2409,0.627778,2409,2409,21,19.848946,2.77017942134,-206.046108475,0
384,000384.png,center,ok,from_left_right,,,,,16,,,,
385,000385.png,left,ok,tracking,1536,0.366667,1536,1526,16,163.555046,-3.38789249117,891.263537975,0
385,000385.png,right,ok,tracking,2429,0.627778,2429,2429,21,19.923159,2.75898459407,-204.341874326,0
385,000385.png,center,ok,from_left_right,,,,,16,,,,
386,000386.png,left,ok,tracking,1538,0.372222,1538,1532,16,163.636135,-3.40563692463,897.289439001,0
386,000386.png,right,ok,tracking,2449,0.627778,2449,2449,21,19.966240,2.75252260117,-203.189925508,0
386,000386.png,center,ok,from_left_right,,,,,16,,,,
387,000387.png,left,ok,tracking,1542,0.372222,1542,1540,16,163.698413,-3.41938162732,900.465334249,0
387,000387.png,right,ok,tracking,2437,0.627778,2437,2437,21,19.919940,2.75946853527,-204.067636088,0
387,000387.png,center,ok,from_left_right,,,,,16,,,,
388,000388.png,left,ok,tracking,1553,0.372222,1553,1551,16,163.800805,-3.44220312757,906.326485347,0
388,000388.png,right,ok,tracking,2433,0.627778,2433,2433,21,19.957240,2.75387046656,-202.269030823,0
388,000388.png,center,ok,from_left_right,,,,,16,,,,
389,000389.png,left,ok,tracking,1592,0.383333,1592,1587,16,163.864323,-3.45650187298,913.818776444,0
389,000389.png,right,ok,tracking,2473,0.638889,2473,2473,21,20.296720,2.70382695119,-192.56557279,0
389,000389.png,center,ok,from_left_right,,,,,16,,,,
390,000390.png,left,ok,tracking,1587,0.377778,1587,1587,16,163.951857,-3.47638726805,917.497864844,0
390,000390.png,right,ok,tracking,2448,0.627778,2448,2448,21,20.050015,2.74003292729,-198.303697904,0
390,000390.png,center,ok,from_left_right,,,,,16,,,,
391,000391.png,left,ok,tracking,1611,0.388889,1611,1610,17,163.876541,-3.45926477648,917.718491547,0
391,000391.png,right,ok,tracking,2437,0.622222,2437,2437,21,19.882963,2.76503808369,-201.859374682,0
391,000391.png,center,ok,from_left_right,,,,,17,,,,
392,000392.png,left,ok,tracking,1635,0.388889,1635,1635,16,163.806159,-3.44340417648,917.753181804,0
392,000392.png,right,ok,tracking,2434,0.616667,2434,2434,21,19.718652,2.79002951719,-205.74352696,0
392,000392.png,center,ok,from_left_right,,,,,16,,,,
393,000393.png,left,ok,tracking,1637,0.394444,1637,1637,17,163.915334,-3.46806448887,922.892822343,0
393,000393.png,right,ok,tracking,2384,0.605556,2384,2384,21,19.508001,2.822660157,-209.293202502,0
393,000393.png,center,ok,from_left_right,,,,,17,,,,
394,000394.png,left,ok,tracking,1670,0.400000,1670,1670,17,163.970954,-3.48075368279,930.30674126,0
394,000394.png,right,ok,tracking,2418,0.611111,2418,2418,21,19.720994,2.78967042168,-202.184099945,0
394,000394.png,center,ok,from_left_right,,,,,17,,,,
395,000395.png,left,ok,tracking,1679,0.400000,1679,1679,17,163.997396,-3.48681623575,931.383161237,0
395,000395.png,right,ok,tracking,2365,0.588889,2365,2365,21,19.182888,2.87437270538,-216.413352406,0
395,000395.png,center,ok,from_left_right,,,,,17,,,,
396,000396.png,left,ok,tracking,1696,0.405556,1696,1696,17,163.919675,-3.46905175976,929.377017111,0
396,000396.png,right,ok,tracking,2321,0.572222,2321,2321,21,18.977947,2.90784621984,-220.370182797,0
396,000396.png,center,ok,from_left_right,,,,,17,,,,
397,000397.png,left,ok,tracking,1706,0.405556,1706,1706,17,163.944926,-3.47480495514,931.812426702,0
397,000397.png,right,ok,tracking,2296,0.566667,2296,2296,21,18.854492,2.92834858352,-222.309153117,0
397,000397.png,center,ok,from_left_right,,,,,17,,,,
398,000398.png,left,ok,tracking,1717,0.400000,1717,1717,18,164.212522,-3.53687535379,946.28691112,0
398,000398.png,right,ok,tracking,2322,0.566667,2322,2322,21,18.963512,2.9102302291,-217.344757369,0
398,000398.png,center,ok,from_left_right,,,,,18,,,,
399,000399.png,left,ok,tracking,1732,0.400000,1732,1732,18,164.351780,-3.56999497782,955.046407304,0
399,000399.png,right,ok,tracking,2332,0.566667,2332,2332,21,19.093745,2.88884766611,-212.17574831,0
399,000399.png,center,ok,from_left_right,,,,,18,,,,
400,000400.png,left,ok,tracking,1751,0.411111,1751,1751,18,164.146698,-3.52141778694,948.161559223,0
400,000400.png,right,ok,tracking,2309,0.555556,2309,2309,21,18.661995,2.96083824463,-225.499668065,0
400,000400.png,center,ok,from_left_right,,,,,18,,,,
401,000401.png,left,ok,tracking,1750,0.411111,1750,1750,17,164.186252,-3.53069134384,950.449417141,0
401,000401.png,right,ok,tracking,2283,0.544444,2283,2283,21,18.473243,2.99332976651,-230.501934128,0
401,000401.png,center,ok,from_left_right,,,,,17,,,,
402,000402.png,left,ok,tracking,1761,0.416667,1761,1761,18,164.041444,-3.49695913345,944.655620028,0
402,000402.png,right,ok,tracking,2268,0.533333,2268,2268,21,18.238463,3.03464980661,-237.214432087,0
402,000402.png,center,ok,from_left_right,,,,,18,,,,
403,000403.png,left,ok,tracking,1780,0.422222,1780,1780,18,163.881808,-3.46045704244,939.184362554,0
403,000403.png,right,ok,tracking,2257,0.527778,2257,2257,21,18.057952,3.06712424872,-242.602385138,0
403,000403.png,center,ok,from_left_right,,,,,18,,,,
404,000404.png,left,ok,tracking,1777,0.422222,1777,1777,18,163.852553,-3.45384394206,939.352707467,0
404,000404.png,right,ok,tracking,2251,0.522222,2251,2251,21,17.967972,3.08354754984,-245.312596663,0
404,000404.png,center,ok,from_left_right,,,,,18,,,,
405,000405.png,left,ok,tracking,1802,0.427778,1802,1802,18,163.672148,-3.41357249209,932.365068679,0
405,000405.png,right,ok,tracking,2233,0.511111,2233,2233,21,17.588745,3.15454927863,-258.550904096,0
405,000405.png,center,ok,from_left_right,,,,,18,,,,
406,000406.png,left,ok,tracking,1817,0.433333,1817,1817,18,163.533281,-3.38315846207,927.284781197,0
406,000406.png,right,ok,tracking,2219,0.500000,2219,2219,21,17.358551,3.19911234902,-266.854122267,0
406,000406.png,center,ok,from_left_right,,,,,18,,,,
407,000407.png,left,ok,tracking,1835,0.444444,1835,1835,18,163.377712,-3.34967341905,922.470369174,0
407,000407.png,right,ok,tracking,2234,0.500000,2234,2234,21,17.327934,3.20512586603,-268.464691045,0
407,000407.png,center,ok,from_left_right,,,,,18,,,,
408,000408.png,left,ok,tracking,1826,0.444444,1826,1826,17,163.346994,-3.34313343602,920.738371043,0
408,000408.png,right,ok,tracking,2251,0.500000,2251,2251,21,17.281503,3.21428479035,-270.511013976,0
408,000408.png,center,ok,from_left_right,,,,,17,,,,
409,000409.png,left,ok,tracking,1782,0.438889,1782,1782,17,163.421076,-3.35894590257,921.883755099,0
409,000409.png,right,ok,tracking,2261,0.505556,2261,2261,21,17.400038,3.19099646165,-266.411665267,0
409,000409.png,center,ok,from_left_right,,,,,17,,,,
410,000410.png,left,ok,tracking,1806,0.438889,1806,1806,18,163.275053,-3.32790840102,915.270313229,0
410,000410.png,right,ok,tracking,2279,0.505556,2279,2279,21,17.360069,3.19881472831,-268.94379681,0
410,000410.png,center,ok,from_left_right,,,,,18,,,,
411,000411.png,left,ok,tracking,1794,0.450000,1794,1794,18,162.943077,-3.25926791785,900.435241995,0
411,000411.png,right,ok,tracking,2217,0.488889,2217,2217,21,16.779041,3.31654393805,-292.152235592,0
411,000411.png,center,ok,from_left_right,,,,,18,,,,
412,000412.png,left,ok,tracking,1811,0.444444,1811,1811,18,162.968385,-3.26440928952,901.105393619,0
412,000412.png,right,ok,tracking,2260,0.494444,2260,2260,21,16.986859,3.27353777207,-284.045342998,0
412,000412.png,center,ok,from_left_right,,,,,18,,,,
413,000413.png,left,ok,tracking,1824,0.455556,1824,1824,19,162.684081,-3.20749137303,890.990990073,0
413,000413.png,right,ok,tracking,2257,0.494444,2257,2257,21,16.918674,3.28753499157,-287.694521647,0
413,000413.png,center,ok,from_left_right,,,,,19,,,,
414,000414.png,left,ok,tracking,1839,0.455556,1839,1839,19,162.634016,-3.19765537497,889.64075598,0
414,000414.png,right,ok,tracking,2263,0.488889,2263,2263,21,16.785339,3.31522534817,-293.568888807,0
414,000414.png,center,ok,from_left_right,,,,,19,,,,
415,000415.png,left,ok,tracking,1865,0.466667,1865,1865,20,162.297711,-3.1329819047,879.131762122,0
415,000415.png,right,ok,tracking,2247,0.483333,2247,2247,21,16.600807,3.354260803,-302.089822492,0
415,000415.png,center,ok,from_left_right,,,,,20,,,,
416,000416.png,left,ok,tracking,1886,0.472222,1886,1886,20,162.158844,-3.10696592794,874.892654695,0
416,000416.png,right,ok,tracking,2247,0.477778,2247,2247,21,16.348721,3.40896979163,-312.521323189,0
416,000416.png,center,ok,from_left_right,,,,,20,,,,
417,000417.png,left,ok,tracking,1886,0.477778,1886,1886,20,162.144182,-3.1042418145,875.464027816,0
417,000417.png,right,ok,tracking,2245,0.477778,2245,2245,21,16.345857,3.40960086185,-312.397272154,0
417,000417.png,center,ok,from_left_right,,,,,20,,,,
418,000418.png,left,ok,tracking,1887,0.477778,1887,1887,20,162.047407,-3.08637037929,872.863608035,0
418,000418.png,right,ok,tracking,2222,0.472222,2222,2222,21,16.094277,3.4658806496,-323.266611191,0
418,000418.png,center,ok,from_left_right,,,,,20,,,,
419,000419.png,left,ok,tracking,1906,0.483333,1906,1906,20,161.930464,-3.0650215447,868.77185425,0
419,000419.png,right,ok,tracking,2221,0.466667,2221,2221,21,15.942354,3.50070367404,-329.280840231,0
419,000419.png,center,ok,from_left_right,,,,,20,,,,
420,000420.png,left,ok,tracking,1923,0.488889,1923,1923,20,161.770467,-3.03624183519,863.643252374,0
420,000420.png,right,ok,tracking,2168,0.455556,2168,2168,21,15.702538,3.55700849373,-338.656582581,0
420,000420.png,center,ok,from_left_right,,,,,20,,,,
421,000421.png,left,ok,tracking,1942,0.500000,1942,1942,20,161.607699,-3.00746016376,861.672104428,0
421,000421.png,right,ok,tracking,2206,0.455556,2206,2206,21,15.822584,3.52861570533,-332.985325532,0
421,000421.png,center,ok,from_left_right,,,,,20,,,,
422,000422.png,left,ok,tracking,1946,0.500000,1946,1946,20,161.543094,-2.99617220719,858.560039457,0
422,000422.png,right,ok,tracking,2162,0.450000,2162,2162,21,15.513616,3.60255876108,-346.62623027,0
422,000422.png,center,ok,from_left_right,,,,,20,,,,
423,000423.png,left,ok,tracking,1968,0.505556,1968,1968,20,161.418157,-2.97455777073,854.919937264,0
423,000423.png,right,ok,tracking,2156,0.444444,2156,2156,21,15.366630,3.63875348029,-352.907951813,0
423,000423.png,center,ok,from_left_right,,,,,20,,,,
424,000424.png,left,ok,tracking,1969,0.511111,1969,1969,20,161.292382,-2.95307985558,851.058829362,0
424,000424.png,right,ok,tracking,2125,0.433333,2125,2125,21,15.220376,3.67544486308,-358.873856601,0
424,000424.png,center,ok,from_left_right,,,,,20,,,,
425,000425.png,left,ok,tracking,1977,0.511111,1977,1977,20,161.128463,-2.92550261606,844.760002348,0
425,000425.png,right,ok,tracking,2071,0.422222,2071,2071,21,14.903962,3.75723078976,-372.053582888,0
425,000425.png,center,ok,from_left_right,,,,,20,,,,
426,000426.png,left,ok,tracking,2000,0.522222,2000,2000,20,160.906084,-2.8888196638,838.995799422,0
426,000426.png,right,ok,tracking,2086,0.416667,2086,2086,21,14.846788,3.77237222643,-374.660765101,0
426,000426.png,center,ok,from_left_right,,,,,20,,,,
427,000427.png,left,ok,tracking,1975,0.516667,1975,1975,20,161.013431,-2.90642400297,841.674933485,0
427,000427.png,right,ok,tracking,2092,0.422222,2092,2092,21,15.037238,3.72237218411,-363.772484453,0
427,000427.png,center,ok,from_left_right,,,,,20,,,,
428,000428.png,left,ok,tracking,2002,0.527778,2002,2002,20,160.832136,-2.87680313401,836.709715229,0
428,000428.png,right,ok,tracking,2055,0.416667,2055,2055,21,14.851278,3.77117888253,-373.031539939,0
428,000428.png,center,ok,from_left_right,,,,,20,,,,
429,000429.png,left,ok,tracking,2017,0.533333,2017,2017,20,160.760136,-2.86518858538,835.734279579,0
429,000429.png,right,ok,tracking,2042,0.411111,2042,2042,21,14.783998,3.78913270854,-375.506516128,0
429,000429.png,center,ok,from_left_right,,,,,20,,,,
430,000430.png,left,ok,tracking,2006,0.538889,2006,2006,20,160.588185,-2.83778596408,830.214724906,0
430,000430.png,right,ok,tracking,2015,0.405556,2015,2015,21,14.653261,3.8244809745,-381.160538279,0
430,000430.png,center,ok,from_left_right,,,,,20,,,,
431,000431.png,left,ok,tracking,2032,0.538889,2032,2032,20,160.572993,-2.83538741184,830.940647632,0
431,000431.png,right,ok,tracking,2003,0.400000,2003,2003,21,14.620564,3.83341831525,-381.829131899,0
431,000431.png,center,ok,from_left_right,,,,,20,,,,
432,000432.png,left,ok,tracking,2031,0.544444,2031,2031,20,160.445411,-2.81538529496,827.801916933,0
432,000432.png,right,ok,tracking,1978,0.400000,1978,1978,21,14.544785,3.85428236463,-384.566678219,0
432,000432.png,center,ok,from_left_right,,,,,20,,,,
433,000433.png,left,ok,tracking,2034,0.555556,2034,2034,21,160.245209,-2.78449864892,822.894219151,0
433,000433.png,right,ok,tracking,1965,0.394444,1965,1965,21,14.470742,3.87487468228,-386.947100767,0
433,000433.png,center,ok,from_left_right,,,,,21,,,,
434,000434.png,left,ok,tracking,2078,0.561111,2078,2078,20,160.220509,-2.78072952698,824.956171391,0
434,000434.png,right,ok,tracking,1988,0.400000,1988,1988,21,14.598108,3.83957889925,-379.788998561,0
434,000434.png,center,ok,from_left_right,,,,,20,,,,
435,000435.png,left,ok,tracking,2075,0.566667,2075,2075,20,160.049307,-2.7548516054,819.21724212,0
435,000435.png,right,ok,tracking,1884,0.383333,1884,1884,21,14.283096,3.92799773876,-393.532388853,0
435,000435.png,center,ok,from_left_right,,,,,20,,,,
436,000436.png,left,ok,tracking,2131,0.572222,2131,2131,20,160.019640,-2.75041053284,822.065372199,0
436,000436.png,right,ok,tracking,1972,0.388889,1972,1972,21,14.525401,3.85965347845,-380.137783293,0
436,000436.png,center,ok,from_left_right,,,,,20,,,,
437,000437.png,left,ok,tracking,2115,0.577778,2115,2115,20,159.980714,-2.74460262017,821.903109477,0
437,000437.png,right,ok,tracking,1922,0.383333,1922,1922,21,14.490790,3.86927885024,-381.431364677,0
437,000437.png,center,ok,from_left_right,,,,,20,,,,
438,000438.png,left,ok,tracking,2115,0.577778,2115,2115,20,160.018598,-2.75025480638,821.870648549,0
438,000438.png,right,ok,tracking,1890,0.383333,1890,1890,21,14.516227,3.86220033121,-377.235087672,0
438,000438.png,center,ok,from_left_right,,,,,20,,,,
439,000439.png,left,ok,tracking,2110,0.583333,2110,2110,21,159.897787,-2.73230137389,818.349323535,0
439,000439.png,right,ok,tracking,1866,0.377778,1866,1866,21,14.489349,3.86968047542,-376.953697661,0
439,000439.png,center,ok,from_left_right,,,,,21,,,,
440,000440.png,left,ok,tracking,2104,0.583333,2104,2104,21,159.813216,-2.71985625496,815.67213708,0
440,000440.png,right,ok,tracking,1868,0.377778,1868,1868,21,14.475213,3.87362554717,-376.969387891,0
440,000440.png,center,ok,from_left_right,,,,,21,,,,
441,000441.png,left,ok,tracking,2136,0.594444,2136,2136,20,159.625859,-2.69263797641,811.198534504,0
441,000441.png,right,ok,tracking,1891,0.377778,1891,1891,21,14.445876,3.88183686607,-378.713473994,0
441,000441.png,center,ok,from_left_right,,,,,20,,,,
442,000442.png,left,ok,tracking,2155,0.600000,2155,2155,20,159.579126,-2.68592348759,812.498549867,0
442,000442.png,right,ok,tracking,1969,0.383333,1969,1969,21,14.652938,3.82456905511,-368.907170769,0
442,000442.png,center,ok,from_left_right,,,,,20,,,,
443,000443.png,left,ok,tracking,2122,0.594444,2122,2122,21,159.639042,-2.69453749199,810.540364837,0
443,000443.png,right,ok,tracking,1852,0.372222,1852,1852,21,14.473627,3.87406856113,-375.84461308,0
443,000443.png,center,ok,from_left_right,,,,,21,,,,
444,000444.png,left,ok,tracking,2135,0.594444,2135,2135,20,159.700207,-2.70338128442,814.160810983,0
444,000444.png,right,ok,tracking,1918,0.377778,1918,1918,21,14.608866,3.83662521263,-369.378094242,0
444,000444.png,center,ok,from_left_right,,,,,20,,,,
445,000445.png,left,ok,tracking,2152,0.600000,2152,2152,20,159.589585,-2.68742367575,812.355766319,0
445,000445.png,right,ok,tracking,1911,0.377778,1911,1911,21,14.557197,3.85085041742,-373.134415673,0
445,000445.png,center,ok,from_left_right,,,,,20,,,,
446,000446.png,left,ok,tracking,2137,0.594444,2137,2137,21,159.794438,-2.71710651201,816.704254782,0
446,000446.png,right,ok,tracking,1876,0.377778,1876,1876,21,14.682248,3.81659052587,-364.681857717,0
446,000446.png,center,ok,from_left_right,,,,,21,,,,
447,000447.png,left,ok,tracking,2141,0.600000,2141,2141,20,159.759070,-2.71194057656,817.831340082,0
447,000447.png,right,ok,tracking,1915,0.383333,1915,1915,21,14.700666,3.81159287143,-364.965933838,0
447,000447.png,center,ok,from_left_right,,,,,20,,,,
448,000448.png,left,ok,tracking,2144,0.594444,2144,2144,20,159.916213,-2.73502627564,821.838128895,0
448,000448.png,right,ok,tracking,1899,0.383333,1899,1899,21,14.759480,3.79571527893,-361.147607659,0
448,000448.png,center,ok,from_left_right,,,,,20,,,,
449,000449.png,left,ok,tracking,2143,0.594444,2143,2143,20,159.922974,-2.73602729463,822.905801522,0
449,000449.png,right,ok,tracking,1873,0.377778,1873,1873,21,14.619631,3.83367384342,-368.369942043,0
449,000449.png,center,ok,from_left_right,,,,,20,,,,
450,000450.png,left,ok,tracking,2147,0.594444,2147,2147,20,159.811013,-2.71953337124,820.341556633,0
450,000450.png,right,ok,tracking,1862,0.372222,1862,1862,21,14.494524,3.86823808869,-374.079346616,0
450,000450.png,center,ok,from_left_right,,,,,20,,,,
451,000451.png,left,ok,tracking,2157,0.594444,2157,2157,20,159.894566,-2.73182552214,822.725701298,0
451,000451.png,right,ok,tracking,1869,0.377778,1869,1869,21,14.583593,3.84357080746,-368.839892632,0
451,000451.png,center,ok,from_left_right,,,,,20,,,,
452,000452.png,left,ok,tracking,2153,0.594444,2153,2153,20,159.981726,-2.74475336245,825.911765097,0
452,000452.png,right,ok,tracking,1907,0.377778,1907,1907,21,14.726975,3.80447488939,-361.46752766,0
452,000452.png,center,ok,from_left_right,,,,,20,,,,
453,000453.png,left,ok,tracking,2159,0.594444,2159,2159,20,160.049469,-2.75487590736,828.267489512,0
453,000453.png,right,ok,tracking,1917,0.383333,1917,1917,21,14.846551,3.7724351343,-355.101504839,0
453,000453.png,center,ok,from_left_right,,,,,20,,,,
454,000454.png,left,ok,tracking,2164,0.594444,2164,2164,20,160.096973,-2.76201359476,831.590224233,0
454,000454.png,right,ok,tracking,1927,0.388889,1927,1927,21,14.941954,3.74723195292,-350.706013682,0
454,000454.png,center,ok,from_left_right,,,,,20,,,,
455,000455.png,left,ok,tracking,2166,0.588889,2166,2166,20,160.181371,-2.77477581667,833.580857613,0
455,000455.png,right,ok,tracking,1911,0.383333,1911,1911,21,14.882196,3.7629815127,-353.268151614,0
455,000455.png,center,ok,from_left_right,,,,,20,,,,
456,000456.png,left,ok,tracking,2157,0.588889,2157,2157,20,160.147152,-2.76958878539,832.08941432,0
456,000456.png,right,ok,tracking,1868,0.377778,1868,1868,21,14.755639,3.79674842253,-358.549515773,0
456,000456.png,center,ok,from_left_right,,,,,20,,,,
457,000457.png,left,ok,tracking,2156,0.594444,2156,2156,20,160.138243,-2.76824122997,832.668158037,0
457,000457.png,right,ok,tracking,1884,0.383333,1884,1884,21,14.800222,3.78478863163,-355.921485278,0
457,000457.png,center,ok,from_left_right,,,,,20,,,,
458,000458.png,left,ok,tracking,2182,0.594444,2182,2182,20,160.230558,-2.78226188794,837.02542241,0
458,000458.png,right,ok,tracking,1906,0.383333,1906,1906,21,14.925847,3.75146499544,-349.641000691,0
458,000458.png,center,ok,from_left_right,,,,,20,,,,
459,000459.png,left,ok,tracking,2183,0.594444,2183,2183,20,160.236827,-2.78321857967,837.362405173,0
459,000459.png,right,ok,tracking,1901,0.383333,1901,1901,21,14.816534,3.78043041472,-355.169656438,0
459,000459.png,center,ok,from_left_right,,,,,20,,,,
460,000460.png,left,ok,tracking,2187,0.600000,2187,2187,20,160.171548,-2.77328508087,837.020671582,0
460,000460.png,right,ok,tracking,1939,0.383333,1939,1939,21,14.901928,3.75776751784,-351.379070883,0
460,000460.png,center,ok,from_left_right,,,,,20,,,,
461,000461.png,left,ok,tracking,2218,0.605556,2218,2218,20,160.078911,-2.75929584542,837.022808565,0
461,000461.png,right,ok,tracking,1943,0.383333,1943,1943,21,14.826663,3.77772899759,-357.169141536,0
461,000461.png,center,ok,from_left_right,,,,,20,,,,
462,000462.png,left,ok,tracking,2215,0.605556,2215,2215,20,160.077594,-2.75909789643,836.513501729,0
462,000462.png,right,ok,tracking,1905,0.377778,1905,1905,21,14.632131,3.83025211662,-367.174666482,0
462,000462.png,center,ok,from_left_right,,,,,20,,,,
463,000463.png,left,ok,tracking,2222,0.611111,2222,2222,20,159.964509,-2.74219104129,834.18960732,0
463,000463.png,right,ok,tracking,1902,0.377778,1902,1902,21,14.602725,3.83831072384,-369.155143278,0
463,000463.png,center,ok,from_left_right,,,,,20,,,,
464,000464.png,left,ok,tracking,2225,0.611111,2225,2225,20,160.032445,-2.75232587347,837.426528983,0
464,000464.png,right,ok,tracking,1925,0.383333,1925,1925,21,14.668119,3.82043285021,-366.018789119,0
464,000464.png,center,ok,from_left_right,,,,,20,,,,
465,000465.png,left,ok,tracking,2215,0.600000,2215,2215,20,160.229492,-2.78209915547,842.650593347,0
465,000465.png,right,ok,tracking,1944,0.383333,1944,1944,21,14.831211,3.77651704801,-356.61315301,0
465,000465.png,center,ok,from_left_right,,,,,20,,,,
466,000466.png,left,ok,tracking,2241,0.616667,2241,2241,20,159.982366,-2.74484861026,837.198649528,0
466,000466.png,right,ok,tracking,1955,0.377778,1955,1955,21,14.643430,3.82716398662,-367.706371677,0
466,000466.png,center,ok,from_left_right,,,,,20,,,,
467,000467.png,left,ok,tracking,2229,0.616667,2229,2229,20,159.885929,-2.73055041148,834.564552719,0
467,000467.png,right,ok,tracking,1912,0.377778,1912,1912,21,14.549447,3.85299256094,-372.085468739,0
467,000467.png,center,ok,from_left_right,,,,,20,,,,
468,000468.png,left,ok,tracking,2234,0.622222,2234,2234,20,159.789199,-2.7163401887,831.118633885,0
468,000468.png,right,ok,tracking,1870,0.372222,1870,1870,21,14.511319,3.86356409399,-372.45426904,0
468,000468.png,center,ok,from_left_right,,,,,20,,,,
469,000469.png,left,ok,tracking,2224,0.616667,2224,2224,20,159.985992,-2.74538886198,838.040782099,0
469,000469.png,right,ok,tracking,1953,0.383333,1953,1953,21,14.807921,3.78273049919,-356.611775363,0
469,000469.png,center,ok,from_left_right,,,,,20,,,,
470,000470.png,left,ok,tracking,2178,0.616667,2178,2178,20,159.938386,-2.73831151448,837.253880558,0
470,000470.png,right,ok,tracking,1943,0.383333,1943,1943,21,14.719420,3.80651652506,-361.596494481,0
470,000470.png,center,ok,from_left_right,,,,,20,,,,
471,000471.png,left,ok,tracking,536,0.172222,536,536,23,158.752577,-2.57183816376,802.193144593,0
471,000471.png,right,ok,tracking,1861,0.372222,1861,1861,21,14.381137,3.90007293694,-378.926042104,0
471,000471.png,center,ok,from_left_right,,,,,21,,,,
472,000472.png,left,ok,tracking,566,0.183333,566,566,23,158.759644,-2.57277768384,802.385901762,0
472,000472.png,right,ok,tracking,1869,0.372222,1869,1869,21,14.402239,3.89411117095,-376.262107027,0
472,000472.png,center,ok,from_left_right,,,,,21,,,,
473,000473.png,left,ok,tracking,521,0.166667,521,521,23,158.715175,-2.5668759485,802.28346651,0
473,000473.png,right,ok,tracking,1849,0.366667,1849,1849,21,14.365937,3.90437775802,-377.817430529,0
473,000473.png,center,ok,from_left_right,,,,,21,,,,
474,000474.png,left,ok,tracking,448,0.150000,448,448,23,158.558175,-2.54622643962,796.501005378,0
474,000474.png,right,ok,tracking,1825,0.361111,1825,1825,21,14.399007,3.89502302739,-374.101275962,0
474,000474.png,center,ok,from_left_right,,,,,21,,,,
475,000475.png,left,ok,tracking,614,0.200000,614,614,23,158.813887,-2.58000851984,803.135921611,0
475,000475.png,right,ok,tracking,1797,0.361111,1797,1797,21,14.353028,3.90804098729,-375.386116634,0
475,000475.png,center,ok,from_left_right,,,,,21,,,,
476,000476.png,left,ok,tracking,2182,0.638889,2182,2182,20,159.381454,-2.65784434505,821.528130187,0
476,000476.png,right,ok,tracking,1784,0.355556,1784,1784,22,14.216957,3.94704905169,-382.851176385,0
476,000476.png,center,ok,from_left_right,,,,,20,,,,
477,000477.png,left,ok,tracking,2206,0.633333,2206,2206,20,159.496825,-2.67416973318,824.131073611,0
477,000477.png,right,ok,tracking,1784,0.361111,1784,1784,21,14.333986,3.91345625655,-374.932214244,0
477,000477.png,center,ok,from_left_right,,,,,20,,,,
478,000478.png,left,ok,tracking,2223,0.638889,2223,2223,20,159.384559,-2.6582814044,820.834493148,0
478,000478.png,right,ok,tracking,1775,0.355556,1775,1775,21,14.325316,3.91592654262,-374.867441239,0
478,000478.png,center,ok,from_left_right,,,,,20,,,,
479,000479.png,left,ok,tracking,2192,0.638889,2192,2192,20,159.378720,-2.65745954854,820.336343258,0
479,000479.png,right,ok,tracking,1775,0.355556,1775,1775,22,14.331644,3.91412320389,-373.81128984,0
479,000479.png,center,ok,from_left_right,,,,,20,,,,
480,000480.png,left,ok,tracking,2209,0.638889,2209,2209,20,159.326385,-2.65011332606,819.057899622,0
480,000480.png,right,ok,tracking,1688,0.350000,1688,1688,21,14.242268,3.93973783015,-376.567958263,0
480,000480.png,center,ok,from_left_right,,,,,20,,,,
481,000481.png,left,ok,tracking,2241,0.644444,2241,2241,20,159.316113,-2.6486757356,822.04267783,0
481,000481.png,right,ok,tracking,1742,0.350000,1742,1742,23,14.329480,3.91473955164,-372.33250089,0
481,000481.png,center,ok,from_left_right,,,,,20,,,,
482,000482.png,left,ok,tracking,2163,0.650000,2163,2163,20,159.306018,-2.64726407438,823.395172131,0
482,000482.png,right,ok,tracking,1733,0.350000,1733,1733,22,14.245849,3.93870544205,-377.118494471,0
482,000482.png,center,ok,from_left_right,,,,,20,,,,
483,000483.png,left,ok,tracking,1804,0.650000,1804,1804,21,158.923544,-2.59473472635,814.085720975,0
483,000483.png,right,ok,tracking,1629,0.344444,1629,1629,23,14.038691,3.99927407332,-387.890614687,0
483,000483.png,center,ok,from_left_right,,,,,21,,,,
484,000484.png,left,ok,tracking,313,0.111111,313,313,23,157.444384,-2.40760086201,773.512886638,0
484,000484.png,right,ok,tracking,1656,0.344444,1656,1656,23,14.120650,3.9751026647,-383.024108435,0
484,000484.png,center,ok,from_left_right,,,,,23,,,,
485,000485.png,left,ok,tracking,488,0.172222,488,488,23,157.670345,-2.43466187706,779.106882115,0
485,000485.png,right,ok,tracking,1645,0.344444,1645,1645,23,14.123504,3.97426600878,-382.455686214,0
485,000485.png,center,ok,from_left_right,,,,,23,,,,
486,000486.png,left,ok,tracking,403,0.138889,403,403,23,157.438912,-2.40695189623,775.503484367,0
486,000486.png,right,ok,tracking,1709,0.344444,1709,1709,23,14.189388,3.9550415887,-379.198497214,0
486,000486.png,center,ok,from_left_right,,,,,23,,,,
487,000487.png,left,ok,init,631,0.244444,631,631,23,157.576537,-2.42336459146,777.307275721,0
487,000487.png,right,ok,tracking,1600,0.333333,1600,1600,23,14.005550,4.00912636781,-388.669145991,0
487,000487.png,center,ok,from_left_right,,,,,23,,,,
488,000488.png,left,ok,tracking,498,0.177778,498,498,23,157.446209,-2.40781735491,775.593762926,0
488,000488.png,right,ok,tracking,1714,0.350000,1714,1714,22,14.277251,3.92967449125,-373.220335152,0
488,000488.png,center,ok,from_left_right,,,,,22,,,,
489,000489.png,left,ok,tracking,502,0.177778,502,502,23,157.711305,-2.43962299008,783.110834183,0
489,000489.png,right,ok,tracking,1674,0.344444,1674,1674,23,14.095428,3.98251198036,-383.973868851,0
489,000489.png,center,ok,from_left_right,,,,,23,,,,
490,000490.png,left,ok,tracking,432,0.144444,432,432,23,157.609929,-2.42737571617,781.454652168,0
490,000490.png,right,ok,tracking,1629,0.333333,1629,1629,23,13.976017,4.01794504284,-390.976584421,0
490,000490.png,center,ok,from_left_right,,,,,23,,,,
491,000491.png,left,ok,tracking,880,0.300000,880,880,23,156.898415,-2.34428749513,764.860028823,0
491,000491.png,right,ok,tracking,1681,0.344444,1681,1681,23,14.079751,3.98713014656,-385.357079257,0
491,000491.png,center,ok,from_left_right,,,,,23,,,,
492,000492.png,left,ok,tracking,329,0.105556,329,329,23,156.859246,-2.33985395636,764.406144237,0
492,000492.png,right,ok,tracking,1577,0.322222,1577,1577,23,13.806537,4.06926633045,-400.746827313,0
492,000492.png,center,ok,from_left_right,,,,,23,,,,
493,000493.png,left,ok,init,404,0.144444,404,404,23,157.588521,-2.4248028621,782.562037653,0
493,000493.png,right,ok,tracking,1490,0.305556,1490,1490,23,13.629704,4.12414831822,-410.979679553,0
493,000493.png,center,ok,from_left_right,,,,,23,,,,
494,000494.png,left,ok,init,371,0.116667,371,371,23,157.138306,-2.37175391466,771.453607391,0
494,000494.png,right,ok,tracking,1471,0.300000,1471,1471,23,13.669902,4.11155011237,-407.099616872,0
494,000494.png,center,ok,from_left_right,,,,,23,,,,
495,000495.png,left,ok,tracking,1019,0.383333,1019,1019,21,157.698113,-2.43802328298,784.910225599,0
495,000495.png,right,ok,tracking,1520,0.305556,1520,1520,23,13.801010,4.07096107208,-398.941518167,0
495,000495.png,center,ok,from_left_right,,,,,21,,,,
496,000496.png,left,ok,tracking,771,0.277778,771,771,23,157.694107,-2.43753782319,786.177372089,0
496,000496.png,right,ok,tracking,1540,0.305556,1540,1540,23,13.858650,4.05335462273,-395.672599377,0
496,000496.png,center,ok,from_left_right,,,,,23,,,,
497,000497.png,left,ok,tracking,1239,0.427778,1239,1239,21,157.197925,-2.37866482698,772.80808178,0
497,000497.png,right,ok,tracking,1462,0.294444,1462,1462,23,13.659615,4.11476721145,-407.006334078,0
497,000497.png,center,ok,from_left_right,,,,,21,,,,
498,000498.png,left,ok,tracking,952,0.350000,952,952,21,157.289716,-2.38937219629,777.705671804,0
498,000498.png,right,ok,tracking,1471,0.294444,1471,1471,23,13.659262,4.11487758347,-406.921503077,0
498,000498.png,center,ok,from_left_right,,,,,21,,,,
499,000499.png,left,ok,tracking,1161,0.433333,1161,1161,21,157.179810,-2.37656132652,775.711310879,0
499,000499.png,right,ok,tracking,1458,0.288889,1458,1458,23,13.607348,4.13118648363,-409.841977976,0
499,000499.png,center,ok,from_left_right,,,,,21,,,,
500,000500.png,left,ok,tracking,943,0.316667,943,943,21,157.244052,-2.38403530798,777.128155824,0
500,000500.png,right,ok,tracking,1355,0.277778,1355,1355,23,13.450948,4.18106547362,-418.107259252,0
500,000500.png,center,ok,from_left_right,,,,,21,,,,
501,000501.png,left,ok,tracking,1117,0.394444,1117,1117,21,156.858047,-2.33971849639,768.969308969,0
501,000501.png,right,ok,tracking,1420,0.277778,1420,1420,23,13.590560,4.13648652416,-409.227683326,0
501,000501.png,center,ok,from_left_right,,,,,21,,,,
502,000502.png,left,ok,tracking,759,0.266667,759,759,23,157.180517,-2.37664337027,775.605311395,0
502,000502.png,right,ok,tracking,1301,0.261111,1301,1301,23,13.383469,4.20293937685,-420.594321046,0
502,000502.png,center,ok,from_left_right,,,,,23,,,,
503,000503.png,left,ok,tracking,567,0.183333,567,567,23,156.438456,-2.29310362791,760.237190846,0
503,000503.png,right,ok,tracking,1327,0.261111,1327,1327,23,13.406485,4.19545417586,-418.554030257,0
503,000503.png,center,ok,from_left_right,,,,,23,,,,
504,000504.png,left,ok,tracking,610,0.194444,610,610,22,156.213240,-2.26872321451,756.259277771,0
504,000504.png,right,ok,tracking,1295,0.255556,1295,1295,23,13.346458,4.21502878498,-421.8576059,0
504,000504.png,center,ok,from_left_right,,,,,22,,,,
505,000505.png,left,ok,tracking,637,0.205556,637,637,23,156.145846,-2.26151194785,754.228278089,0
505,000505.png,right,ok,tracking,1224,0.244444,1224,1224,23,13.277028,4.23788647407,-424.783509993,0
505,000505.png,center,ok,from_left_right,,,,,23,,,,
506,000506.png,left,ok,tracking,717,0.222222,717,717,21,156.333998,-2.28174131071,758.829779052,0
506,000506.png,right,ok,tracking,1268,0.250000,1268,1268,23,13.432125,4.18714555941,-414.012709616,0
506,000506.png,center,ok,from_left_right,,,,,21,,,,
507,000507.png,left,ok,tracking,755,0.244444,755,755,21,156.159497,-2.26296959005,757.031267136,0
507,000507.png,right,ok,tracking,1275,0.250000,1275,1275,23,13.497498,4.16610123631,-409.718268514,0
507,000507.png,center,ok,from_left_right,,,,,21,,,,
508,000508.png,left,ok,tracking,821,0.261111,821,821,21,155.948218,-2.24058488487,752.719527573,0
508,000508.png,right,ok,tracking,1203,0.238889,1203,1203,23,13.249546,4.24699905118,-424.972362771,0
508,000508.png,center,ok,from_left_right,,,,,21,,,,
509,000509.png,left,ok,tracking,875,0.283333,875,875,21,155.774061,-2.22240948236,750.094052075,0
509,000509.png,right,ok,tracking,1192,0.233333,1192,1192,23,13.274537,4.23871075621,-422.510417997,0
509,000509.png,center,ok,from_left_right,,,,,21,,,,
510,000510.png,left,ok,tracking,925,0.300000,925,925,21,155.742281,-2.21911926424,748.330166636,0
510,000510.png,right,ok,tracking,1149,0.227778,1149,1149,23,13.264619,4.24199660977,-421.924118501,0
510,000510.png,center,ok,from_left_right,,,,,21,,,,
511,000511.png,left,ok,tracking,1047,0.344444,1047,1047,20,155.571771,-2.2016038717,746.671547215,0
511,000511.png,right,ok,tracking,1198,0.233333,1198,1198,23,13.435079,4.1861900974,-410.202063517,0
511,000511.png,center,ok,from_left_right,,,,,20,,,,
512,000512.png,left,ok,tracking,1164,0.372222,1164,1164,20,155.514757,-2.19579824008,744.778001555,0
512,000512.png,right,ok,tracking,1171,0.227778,1171,1171,23,13.344110,4.21579802484,-415.630332521,0
512,000512.png,center,ok,from_left_right,,,,,20,,,,
513,000513.png,left,ok,tracking,1295,0.422222,1295,1295,20,155.314698,-2.17562583873,740.495503665,0
513,000513.png,right,ok,tracking,1123,0.222222,1123,1123,23,13.235644,4.25162291144,-422.198675288,0
513,000513.png,center,ok,from_left_right,,,,,20,,,,
514,000514.png,left,ok,tracking,1486,0.483333,1486,1486,20,155.139928,-2.15825260029,738.086694469,0
514,000514.png,right,ok,tracking,1183,0.227778,1183,1183,23,13.536934,4.15350286485,-402.760645566,0
514,000514.png,center,ok,from_left_right,,,,,20,,,,
515,000515.png,left,ok,tracking,1702,0.555556,1702,1702,20,155.145455,-2.15879848548,736.095242141,0
515,000515.png,right,ok,tracking,1188,0.227778,1188,1188,23,13.483094,4.17072069921,-406.748748687,0
515,000515.png,center,ok,from_left_right,,,,,20,,,,
516,000516.png,left,ok,tracking,1976,0.644444,1976,1976,20,155.107658,-2.15506977436,733.222263083,0
516,000516.png,right,ok,tracking,1161,0.227778,1161,1161,23,13.365727,4.20872630464,-414.376599452,0
516,000516.png,center,ok,from_left_right,,,,,20,,,,
517,000517.png,left,ok,tracking,2408,0.800000,2408,2408,18,155.035927,-2.14802238717,734.013429918,0
517,000517.png,right,ok,tracking,1184,0.227778,1184,1184,23,13.436998,4.18556993663,-409.818003383,0
517,000517.png,center,ok,from_left_right,,,,,18,,,,
518,000518.png,left,ok,tracking,2486,0.833333,2486,2486,18,154.705464,-2.11603861024,728.381699778,0
518,000518.png,right,ok,tracking,1064,0.211111,1064,1064,23,13.015386,4.32617547765,-437.366684748,0
518,000518.png,center,ok,from_left_right,,,,,18,,,,
519,000519.png,left,ok,tracking,2492,0.838889,2492,2492,18,154.635763,-2.10939209286,727.606216341,0
519,000519.png,right,ok,tracking,1108,0.216667,1108,1108,23,13.161229,4.27653634545,-427.087466367,0
519,000519.png,center,ok,from_left_right,,,,,18,,,,
520,000520.png,left,ok,tracking,2497,0.855556,2497,2497,17,154.290277,-2.07694451379,720.448151862,0
520,000520.png,right,ok,tracking,1088,0.211111,1088,1088,23,13.072378,4.3066479412,-432.92346218,0
520,000520.png,center,ok,from_left_right,,,,,17,,,,
521,000521.png,left,ok,tracking,2480,0.844444,2480,2480,18,154.343988,-2.08193546346,720.51743696,0
521,000521.png,right,ok,tracking,1039,0.205556,1039,1039,23,12.965770,4.34331261635,-439.386332668,0
521,000521.png,center,ok,from_left_right,,,,,18,,,,
522,000522.png,left,ok,tracking,2467,0.855556,2467,2467,18,154.067631,-2.0564611769,713.910563036,0
522,000522.png,right,ok,tracking,1052,0.205556,1052,1052,23,13.067475,4.30832143141,-431.989508174,0
522,000522.png,center,ok,from_left_right,,,,,18,,,,
523,000523.png,left,ok,tracking,2459,0.844444,2459,2459,18,154.146295,-2.06366066019,713.251221308,0
523,000523.png,right,ok,tracking,1164,0.222222,1164,1164,23,13.708543,4.09950842967,-389.74670768,0
523,000523.png,center,ok,from_left_right,,,,,18,,,,
524,000524.png,left,ok,tracking,2458,0.838889,2458,2458,18,154.094572,-2.05892224547,710.149294699,0
524,000524.png,right,ok,tracking,1183,0.227778,1183,1183,23,13.749075,4.08694863466,-387.770590595,0
524,000524.png,center,ok,from_left_right,,,,,18,,,,
525,000525.png,left,ok,tracking,2423,0.833333,2423,2423,20,154.093746,-2.05884679783,707.884781004,0
525,000525.png,right,ok,tracking,1228,0.238889,1228,1228,23,13.962367,4.02203331223,-375.197185255,0
525,000525.png,center,ok,from_left_right,,,,,20,,,,
526,000526.png,left,ok,tracking,2428,0.827778,2428,2428,20,154.164665,-2.06534777195,709.448056257,0
526,000526.png,right,ok,tracking,1259,0.238889,1259,1259,23,14.050166,3.99587305426,-370.515590558,0
526,000526.png,center,ok,from_left_right,,,,,20,,,,
527,000527.png,left,ok,tracking,2419,0.838889,2419,2419,20,153.973287,-2.0478800064,705.503946719,0
527,000527.png,right,ok,tracking,1219,0.233333,1219,1219,23,13.720104,4.09591845238,-391.523304342,0
527,000527.png,center,ok,from_left_right,,,,,20,,,,
528,000528.png,left,ok,tracking,2456,0.850000,2456,2456,18,153.854448,-2.03715288445,705.303741837,0
528,000528.png,right,ok,tracking,1164,0.222222,1164,1164,23,13.339225,4.21739921016,-416.497695538,0
528,000528.png,center,ok,from_left_right,,,,,18,,,,
529,000529.png,left,ok,tracking,2449,0.855556,2449,2449,19,153.685620,-2.0220684676,703.361377345,0
529,000529.png,right,ok,tracking,1175,0.222222,1175,1175,23,13.365044,4.20894961579,-415.275076433,0
529,000529.png,center,ok,from_left_right,,,,,19,,,,
530,000530.png,left,ok,tracking,2446,0.855556,2446,2446,20,153.655981,-2.01943874754,702.507018334,0
530,000530.png,right,ok,tracking,1164,0.222222,1164,1164,23,13.182433,4.26940935244,-427.702229023,0
530,000530.png,center,ok,from_left_right,,,,,20,,,,
531,000531.png,left,ok,tracking,2457,0.855556,2457,2457,20,153.653349,-2.01920551532,702.711394058,0
531,000531.png,right,ok,tracking,1251,0.238889,1251,1251,23,13.798300,4.07179232114,-387.972566964,0
531,000531.png,center,ok,from_left_right,,,,,20,,,,
532,000532.png,left,ok,tracking,2445,0.855556,2445,2445,20,153.495833,-2.00532442929,696.139489291,0
532,000532.png,right,ok,tracking,1201,0.227778,1201,1201,23,13.361834,4.20999834521,-416.700935486,0
532,000532.png,center,ok,from_left_right,,,,,20,,,,
533,000533.png,left,ok,tracking,2440,0.855556,2440,2440,20,153.490844,-2.0048873016,695.02991946,0
533,000533.png,right,ok,tracking,1262,0.244444,1262,1262,23,13.804984,4.06974239354,-389.067858157,0
533,000533.png,center,ok,from_left_right,,,,,20,,,,
534,000534.png,left,ok,tracking,2397,0.844444,2397,2397,20,153.563020,-2.01122649401,695.07133997,0
534,000534.png,right,ok,tracking,1335,0.261111,1335,1335,23,14.061311,3.99257544477,-374.433086782,0
534,000534.png,center,ok,from_left_right,,,,,20,,,,
535,000535.png,left,ok,tracking,2349,0.827778,2349,2349,20,153.784454,-2.03087718196,696.119193095,0
535,000535.png,right,ok,tracking,1337,0.255556,1337,1337,23,13.860209,4.05288053747,-388.118030883,0
535,000535.png,center,ok,from_left_right,,,,,20,,,,
536,000536.png,left,ok,tracking,2344,0.827778,2344,2344,20,153.767673,-2.02937718369,694.601418748,0
536,000536.png,right,ok,tracking,1331,0.255556,1331,1331,23,13.614332,4.12898539037,-404.858797172,0
536,000536.png,center,ok,from_left_right,,,,,20,,,,
537,000537.png,left,ok,tracking,2363,0.838889,2363,2363,20,153.778156,-2.03031399731,699.144055413,0
537,000537.png,right,ok,tracking,1369,0.261111,1369,1369,23,13.668640,4.11194451672,-402.553738409,0
537,000537.png,center,ok,from_left_right,,,,,20,,,,
538,000538.png,left,ok,tracking,2327,0.827778,2327,2327,20,153.928147,-2.04379472015,699.858309869,0
538,000538.png,right,ok,tracking,1336,0.255556,1336,1336,23,13.336828,4.21818528555,-425.240122573,0
538,000538.png,center,ok,from_left_right,,,,,20,,,,
539,000539.png,left,ok,tracking,2310,0.827778,2310,2310,20,153.934183,-2.04434019983,700.114347384,0
539,000539.png,right,ok,tracking,1333,0.250000,1333,1333,23,13.219030,4.25716134533,-433.915204328,0
539,000539.png,center,ok,from_left_right,,,,,20,,,,
540,000540.png,left,ok,tracking,631,0.244444,631,631,23,152.904178,-1.95452275804,681.641092542,0
540,000540.png,right,ok,tracking,1347,0.255556,1347,1347,23,13.184143,4.26883539882,-436.951219453,0
540,000540.png,center,ok,from_left_right,,,,,23,,,,
541,000541.png,left,ok,tracking,2359,0.827778,2359,2359,20,154.008840,-2.0511069524,701.692184405,0
541,000541.png,right,ok,tracking,1329,0.255556,1329,1329,23,13.037412,4.31860862546,-446.990688758,0
541,000541.png,center,ok,from_left_right,,,,,20,,,,
542,000542.png,left,ok,tracking,692,0.266667,692,692,23,153.428085,-1.99940114789,691.006365684,0
542,000542.png,right,ok,tracking,1345,0.255556,1345,1345,23,13.124358,4.28898327792,-440.97777402,0
542,000542.png,center,ok,from_left_right,,,,,23,,,,
543,000543.png,left,ok,tracking,2299,0.827778,2299,2299,20,153.951050,-2.04586588434,701.258662017,0
543,000543.png,right,ok,tracking,1380,0.261111,1380,1380,23,13.244680,4.2486164951,-433.258947086,0
543,000543.png,center,ok,from_left_right,,,,,20,,,,
544,000544.png,left,ok,tracking,2338,0.822222,2338,2338,20,154.041479,-2.054076681,701.22719631,0
544,000544.png,right,ok,tracking,1383,0.261111,1383,1383,23,13.203387,4.26238843702,-436.556551487,0
544,000544.png,center,ok,from_left_right,,,,,20,,,,
545,000545.png,left,ok,tracking,2308,0.816667,2308,2308,20,154.273755,-2.07541311231,704.898370712,0
545,000545.png,right,ok,tracking,1418,0.272222,1418,1418,23,13.341963,4.21650141468,-427.990118916,0
545,000545.png,center,ok,from_left_right,,,,,20,,,,
546,000546.png,left,ok,tracking,2271,0.805556,2271,2271,20,154.506149,-2.09712276583,707.783656741,0
546,000546.png,right,ok,tracking,1480,0.283333,1480,1480,23,13.591692,4.13612865556,-412.43084688,0
546,000546.png,center,ok,from_left_right,,,,,20,,,,
547,000547.png,left,ok,tracking,776,0.350000,776,776,23,152.793271,-1.94522757257,675.304229505,0
547,000547.png,right,ok,tracking,1472,0.277778,1472,1472,23,13.401425,4.1970977065,-425.917866847,0
547,000547.png,center,ok,from_left_right,,,,,23,,,,
548,000548.png,left,ok,tracking,598,0.238889,598,598,23,153.246560,-1.98366731454,684.598593342,0
548,000548.png,right,ok,tracking,1428,0.272222,1428,1428,23,13.094343,4.29916690974,-447.423231071,0
548,000548.png,center,ok,from_left_right,,,,,23,,,,
549,000549.png,left,ok,tracking,679,0.255556,679,679,23,153.572312,-2.01204498571,689.873512218,0
549,000549.png,right,ok,tracking,1446,0.277778,1446,1446,23,13.147697,4.28109666622,-444.052982847,0
549,000549.png,center,ok,from_left_right,,,,,23,,,,
550,000550.png,left,ok,tracking,984,0.400000,984,984,21,152.909301,-1.95495387134,678.893008138,0
550,000550.png,right,ok,tracking,1401,0.266667,1401,1401,23,12.897991,4.36693299832,-461.65073083,0
550,000550.png,center,ok,from_left_right,,,,,21,,,,
551,000551.png,left,ok,tracking,947,0.383333,947,947,21,152.952625,-1.95860522306,681.089169067,0
551,000551.png,right,ok,tracking,1461,0.277778,1461,1461,23,13.148169,4.2809373801,-444.827930466,0
551,000551.png,center,ok,from_left_right,,,,,21,,,,
552,000552.png,left,ok,tracking,901,0.361111,901,901,21,152.686516,-1.93634629173,676.507319436,0
552,000552.png,right,ok,tracking,1337,0.255556,1337,1337,23,12.639000,4.45948208743,-480.540126175,0
552,000552.png,center,ok,from_left_right,,,,,21,,,,
553,000553.png,left,ok,tracking,926,0.361111,926,926,21,152.899469,-1.95412665273,682.218629188,0
553,000553.png,right,ok,tracking,1451,0.272222,1451,1451,23,13.103368,4.2961001016,-447.765799566,0
553,000553.png,center,ok,from_left_right,,,,,21,,,,
554,000554.png,left,ok,tracking,961,0.372222,961,961,21,152.800547,-1.94583523403,681.270168336,0
554,000554.png,right,ok,tracking,1523,0.288889,1523,1523,23,13.434703,4.18631161139,-426.10405108,0
554,000554.png,center,ok,from_left_right,,,,,21,,,,
555,000555.png,left,ok,tracking,1119,0.444444,1119,1119,21,152.524927,-1.9230243162,672.371821298,0
555,000555.png,right,ok,tracking,1464,0.272222,1464,1464,23,13.015148,4.32625714284,-455.111994884,0
555,000555.png,center,ok,from_left_right,,,,,21,,,,
556,000556.png,left,ok,init,1058,0.422222,1058,1058,21,152.797073,-1.9455450872,676.19799305,0
556,000556.png,right,ok,tracking,1522,0.288889,1522,1522,23,13.286478,4.2347616633,-437.367281647,0
556,000556.png,center,ok,from_left_right,,,,,21,,,,
557,000557.png,left,ok,tracking,1050,0.411111,1050,1050,21,153.377223,-1.99497260288,685.425115909,0
557,000557.png,right,ok,tracking,1493,0.277778,1493,1493,23,13.010023,4.32802161478,-457.337670667,0
557,000557.png,center,ok,from_left_right,,,,,21,,,,
558,000558.png,left,ok,tracking,914,0.344444,914,914,21,153.725018,-2.02557244269,691.378660123,0
558,000558.png,right,ok,tracking,1484,0.277778,1484,1484,23,12.861304,4.37981995405,-468.125878637,0
558,000558.png,center,ok,from_left_right,,,,,21,,,,
559,000559.png,left,ok,tracking,903,0.344444,903,903,21,153.634253,-2.01751446326,689.720940191,0
559,000559.png,right,ok,tracking,1439,0.272222,1439,1439,23,12.666181,4.4495942772,-481.891697252,0
559,000559.png,center,ok,from_left_right,,,,,21,,,,
560,000560.png,left,ok,tracking,857,0.327778,857,857,21,154.091877,-2.05867583065,698.868046773,0
560,000560.png,right,ok,tracking,1491,0.283333,1491,1491,23,12.921703,4.35864185606,-463.680354133,0
560,000560.png,center,ok,from_left_right,,,,,21,,,,
561,000561.png,left,ok,tracking,1345,0.516667,1345,1345,21,152.927176,-1.95645907946,677.875202311,0
561,000561.png,right,ok,tracking,1574,0.300000,1574,1574,23,13.262683,4.24263822333,-440.583665664,0
561,000561.png,center,ok,from_left_right,,,,,21,,,,
562,000562.png,left,ok,tracking,1565,0.644444,1565,1565,21,152.653283,-1.9335945501,673.607176568,0
562,000562.png,right,ok,tracking,1547,0.288889,1547,1547,23,13.069191,4.30773577201,-454.629747211,0
562,000562.png,center,ok,from_left_right,,,,,21,,,,
563,000563.png,left,ok,init,1397,0.538889,1397,1397,21,153.031944,-1.96531854313,680.43898081,0
563,000563.png,right,ok,tracking,1508,0.277778,1508,1508,23,12.803599,4.40023693601,-473.431128313,0
563,000563.png,center,ok,from_left_right,,,,,21,,,,
564,000564.png,left,ok,init,1343,0.516667,1343,1343,21,153.273996,-1.98603266252,685.075792463,0
564,000564.png,right,ok,tracking,1576,0.294444,1576,1576,23,13.134680,4.28549201022,-450.462262738,0
564,000564.png,center,ok,from_left_right,,,,,21,,,,
565,000565.png,left,ok,tracking,894,0.333333,894,894,21,154.583363,-2.10441780093,709.546389145,0
565,000565.png,right,ok,tracking,1602,0.300000,1602,1602,23,13.180865,4.26993545003,-447.608767224,0
565,000565.png,center,ok,from_left_right,,,,,21,,,,
566,000566.png,left,ok,tracking,1142,0.416667,1142,1142,21,154.476557,-2.09433784196,707.161849074,0
566,000566.png,right,ok,tracking,1573,0.300000,1573,1573,23,13.105104,4.29551058542,-453.121205427,0
566,000566.png,center,ok,from_left_right,,,,,21,,,,
567,000567.png,left,ok,tracking,1199,0.433333,1199,1199,21,154.140692,-2.06314654986,701.815784271,0
567,000567.png,right,ok,tracking,1587,0.300000,1587,1587,23,13.096701,4.29836516004,-453.982934912,0
567,000567.png,center,ok,from_left_right,,,,,21,,,,
568,000568.png,left,ok,tracking,673,0.222222,673,673,23,154.738766,-2.11922628742,712.617665607,0
568,000568.png,right,ok,tracking,1507,0.288889,1507,1507,23,12.872180,4.37599207827,-468.943769634,0
568,000568.png,center,ok,from_left_right,,,,,23,,,,
569,000569.png,left,ok,tracking,119,0.100000,119,119,5,151.800530,-1.86503352748,649.328296636,0
569,000569.png,right,ok,tracking,1490,0.283333,1490,1490,23,12.782984,4.40757496699,-475.075286549,0
569,000569.png,center,ok,from_left_right,,,,,5,,,,
570,000570.png,left,ok,init,819,0.272222,819,819,22,154.885820,-2.13339679076,712.931809699,0
570,000570.png,right,ok,tracking,1574,0.300000,1574,1574,23,13.129234,4.28733340122,-451.110085681,0
570,000570.png,center,ok,from_left_right,,,,,22,,,,
571,000571.png,left,ok,tracking,851,0.283333,851,851,21,154.963528,-2.14094778039,711.836263526,0
571,000571.png,right,ok,tracking,1590,0.300000,1590,1590,23,13.187534,4.26769831805,-447.82340361,0
571,000571.png,center,ok,from_left_right,,,,,21,,,,
572,000572.png,left,ok,tracking,959,0.316667,959,959,21,155.114860,-2.15577940516,714.127870562,0
572,000572.png,right,ok,tracking,1663,0.316667,1663,1663,23,13.516862,4.15990603701,-426.984479567,0
572,000572.png,center,ok,from_left_right,,,,,21,,,,
573,000573.png,left,ok,tracking,1045,0.344444,1045,1045,21,155.261502,-2.170313545,714.191786896,0
573,000573.png,right,ok,tracking,1648,0.316667,1648,1648,23,13.298190,4.23089465651,-442.586089124,0
573,000573.png,center,ok,from_left_right,,,,,21,,,,
574,000574.png,left,ok,tracking,1171,0.383333,1171,1171,21,155.328833,-2.17704109613,714.336301962,0
574,000574.png,right,ok,tracking,1623,0.305556,1623,1623,23,13.069013,4.30779625695,-459.153643958,0
574,000574.png,center,ok,from_left_right,,,,,21,,,,
575,000575.png,left,ok,tracking,1392,0.450000,1392,1392,21,155.629911,-2.20755032304,723.15415707,0
575,000575.png,right,ok,tracking,1708,0.327778,1708,1708,23,13.351332,4.21343280726,-440.91512612,0
575,000575.png,center,ok,from_left_right,,,,,21,,,,
576,000576.png,left,insufficient_row_coverage,init,11,0.011111,0,0,0,0.000000,0,0,6
576,000576.png,right,ok,tracking,1667,0.316667,1667,1667,23,13.151138,4.27993616209,-454.458610024,0
576,000576.png,center,not_published,from_left_right,,,,,0,,,,
577,000577.png,left,ok,init,1737,0.555556,1737,1737,20,155.985323,-2.24448920344,729.950844859,0
577,000577.png,right,ok,tracking,1716,0.327778,1716,1716,22,13.293947,4.23229465241,-445.716089362,0
577,000577.png,center,ok,from_left_right,,,,,20,,,,
578,000578.png,left,ok,tracking,2228,0.716667,2228,2228,20,156.098104,-2.25642667161,732.336228357,0
578,000578.png,right,ok,tracking,1689,0.322222,1689,1689,23,13.152227,4.27956916969,-455.476981212,0
578,000578.png,center,ok,from_left_right,,,,,20,,,,
579,000579.png,left,ok,tracking,2254,0.727778,2254,2254,18,156.129491,-2.25976776807,734.265963891,0
579,000579.png,right,ok,tracking,1742,0.333333,1742,1742,21,13.289290,4.23383235114,-447.029218346,0
579,000579.png,center,ok,from_left_right,,,,,18,,,,
580,000580.png,left,ok,tracking,2255,0.722222,2255,2255,20,156.361120,-2.28468240844,738.403212524,0
580,000580.png,right,ok,tracking,1765,0.338889,1765,1765,22,13.373854,4.20607382331,-441.239375958,0
580,000580.png,center,ok,from_left_right,,,,,20,,,,
581,000581.png,left,ok,tracking,2231,0.705556,2231,2231,20,156.625796,-2.31372107138,743.94359103,0
581,000581.png,right,ok,tracking,1810,0.344444,1810,1810,21,13.538157,4.15311327928,-431.045658535,0
581,000581.png,center,ok,from_left_right,,,,,20,,,,
582,000582.png,left,ok,tracking,2230,0.700000,2230,2230,20,156.760837,-2.32877743294,745.315453446,0
582,000582.png,right,ok,tracking,1786,0.350000,1786,1786,21,13.587514,4.13744934062,-426.810746961,0
582,000582.png,center,ok,from_left_right,,,,,20,,,,
583,000583.png,left,ok,tracking,2223,0.700000,2223,2223,20,156.850664,-2.33888447084,748.186606187,0
583,000583.png,right,ok,tracking,1807,0.350000,1807,1807,21,13.636940,4.12187523791,-423.615138861,0
583,000583.png,center,ok,from_left_right,,,,,20,,,,
584,000584.png,left,ok,tracking,2229,0.700000,2229,2229,20,156.883742,-2.34262503893,750.149883339,0
584,000584.png,right,ok,tracking,1778,0.344444,1778,1778,22,13.550557,4.1491676134,-429.018768698,0
584,000584.png,center,ok,from_left_right,,,,,20,,,,
585,000585.png,left,ok,tracking,2221,0.688889,2221,2221,20,157.083111,-2.3653861561,753.562046762,0
585,000585.png,right,ok,tracking,1777,0.350000,1777,1777,21,13.720200,4.09588877575,-416.945169269,0
585,000585.png,center,ok,from_left_right,,,,,20,,,,
586,000586.png,left,ok,tracking,2247,0.700000,2247,2247,20,157.045220,-2.3610314916,755.6746321,0
586,000586.png,right,ok,tracking,1891,0.355556,1891,1891,21,13.939815,4.0288047298,-404.663412968,0
586,000586.png,center,ok,from_left_right,,,,,20,,,,
587,000587.png,left,ok,tracking,2250,0.705556,2250,2250,20,156.882909,-2.34253071138,751.542701499,0
587,000587.png,right,ok,tracking,1791,0.344444,1791,1791,21,13.627329,4.12489478431,-424.164961905,0
587,000587.png,center,ok,from_left_right,,,,,20,,,,
588,000588.png,left,ok,tracking,2257,0.705556,2257,2257,20,156.970541,-2.3524886718,754.93070695,0
588,000588.png,right,ok,tracking,1862,0.350000,1862,1862,21,13.731080,4.09251571634,-418.251328619,0
588,000588.png,center,ok,from_left_right,,,,,20,,,,
589,000589.png,left,ok,tracking,2261,0.705556,2261,2261,20,156.905961,-2.34514329351,753.187635155,0
589,000589.png,right,ok,tracking,1814,0.350000,1814,1814,21,13.654147,4.11647909571,-423.016083368,0
589,000589.png,center,ok,from_left_right,,,,,20,,,,
590,000590.png,left,ok,tracking,2254,0.700000,2254,2254,20,157.014649,-2.35752798994,755.471852156,0
590,000590.png,right,ok,tracking,1849,0.355556,1849,1849,21,13.765897,4.08175696538,-415.769089431,0
590,000590.png,center,ok,from_left_right,,,,,20,,,,
591,000591.png,left,ok,tracking,2259,0.705556,2259,2259,20,156.965896,-2.35195905772,756.060194874,0
591,000591.png,right,ok,tracking,1875,0.355556,1875,1875,21,13.768992,4.08080321053,-416.30180917,0
591,000591.png,center,ok,from_left_right,,,,,20,,,,
592,000592.png,left,ok,tracking,2256,0.705556,2256,2256,20,156.925771,-2.34739231499,753.306274597,0
592,000592.png,right,ok,tracking,1747,0.344444,1747,1747,21,13.618186,4.12777164669,-423.875897446,0
592,000592.png,center,ok,from_left_right,,,,,20,,,,
593,000593.png,left,ok,tracking,2233,0.705556,2233,2233,20,156.857948,-2.33970724542,751.296277803,0
593,000593.png,right,ok,tracking,1644,0.333333,1644,1644,21,13.429891,4.18786826349,-433.714635026,0
593,000593.png,center,ok,from_left_right,,,,,20,,,,
594,000594.png,left,ok,tracking,2242,0.705556,2242,2242,20,156.924191,-2.34721284372,753.562622487,0
594,000594.png,right,ok,tracking,1651,0.333333,1651,1651,23,13.512063,4.16143982248,-427.159603311,0
594,000594.png,center,ok,from_left_right,,,,,20,,,,
595,000595.png,left,ok,tracking,2233,0.700000,2233,2233,20,157.031987,-2.35951397535,754.816891328,0
595,000595.png,right,ok,tracking,1581,0.322222,1581,1581,22,13.519428,4.15908657454,-424.18529603,0
595,000595.png,center,ok,from_left_right,,,,,20,,,,
596,000596.png,left,ok,tracking,2241,0.700000,2241,2241,20,156.951311,-2.35029737977,753.230939651,0
596,000596.png,right,ok,tracking,1555,0.316667,1555,1555,23,13.503818,4.16407721344,-423.986450203,0
596,000596.png,center,ok,from_left_right,,,,,20,,,,
597,000597.png,left,ok,tracking,2221,0.700000,2221,2221,20,157.072412,-2.36415522748,756.592343972,0
597,000597.png,right,ok,tracking,1602,0.316667,1602,1602,23,13.639791,4.12098028772,-414.752363932,0
597,000597.png,center,ok,from_left_right,,,,,20,,,,
598,000598.png,left,ok,tracking,2210,0.700000,2210,2210,20,157.002665,-2.35615700988,754.422873752,0
598,000598.png,right,ok,tracking,1530,0.305556,1530,1530,23,13.541112,4.15217240571,-419.421377432,0
598,000598.png,center,ok,from_left_right,,,,,20,,,,
599,000599.png,left,ok,tracking,375,0.144444,375,375,23,154.757592,-2.12103183164,707.611959641,0
599,000599.png,right,ok,tracking,1607,0.316667,1607,1607,23,13.682299,4.10767948941,-410.682931454,0
599,000599.png,center,ok,from_left_right,,,,,23,,,,
600,000600.png,left,ok,tracking,384,0.144444,384,384,23,155.125828,-2.15686099517,714.67564595,0
600,000600.png,right,ok,tracking,1574,0.316667,1574,1574,23,13.655875,4.11593793189,-411.762679337,0
600,000600.png,center,ok,from_left_right,,,,,23,,,,
601,000601.png,left,ok,tracking,508,0.183333,508,508,23,155.256205,-2.16978573451,717.305820375,0
601,000601.png,right,ok,tracking,1578,0.316667,1578,1578,23,13.729737,4.09293176029,-406.836871655,0
601,000601.png,center,ok,from_left_right,,,,,23,,,,
602,000602.png,left,ok,tracking,2210,0.700000,2210,2210,20,157.121384,-2.36979859428,760.024635355,0
602,000602.png,right,ok,tracking,1619,0.322222,1619,1619,23,13.820430,4.06501288011,-401.874819709,0
602,000602.png,center,ok,from_left_right,,,,,20,,,,
603,000603.png,left,ok,tracking,2243,0.705556,2243,2243,20,156.964199,-2.351765673,756.353984091,0
603,000603.png,right,ok,tracking,1512,0.300000,1512,1512,23,13.552409,4.1485787732,-417.461820634,0
603,000603.png,center,ok,from_left_right,,,,,20,,,,
604,000604.png,left,ok,tracking,2224,0.711111,2224,2224,20,156.950149,-2.35016501807,756.663622134,0
604,000604.png,right,ok,tracking,1525,0.300000,1525,1525,23,13.611353,4.129923945,-413.138952793,0
604,000604.png,center,ok,from_left_right,,,,,20,,,,
605,000605.png,left,ok,tracking,2236,0.716667,2236,2236,20,156.881497,-2.34237082394,756.534913011,0
605,000605.png,right,ok,tracking,1578,0.305556,1578,1578,23,13.683044,4.10744732046,-408.92548305,0
605,000605.png,center,ok,from_left_right,,,,,20,,,,
606,000606.png,left,ok,tracking,2249,0.716667,2249,2249,20,156.932232,-2.34812667642,757.315955569,0
606,000606.png,right,ok,tracking,1573,0.311111,1573,1573,23,13.716635,4.09699492634,-407.055942681,0
606,000606.png,center,ok,from_left_right,,,,,20,,,,
607,000607.png,left,ok,tracking,2251,0.716667,2251,2251,20,156.854865,-2.33935891587,755.61333724,0
607,000607.png,right,ok,tracking,1546,0.311111,1546,1546,23,13.634852,4.12253085389,-412.159149577,0
607,000607.png,center,ok,from_left_right,,,,,20,,,,
608,000608.png,left,insufficient_row_coverage,init,235,0.088889,0,0,0,0.000000,0,0,6
608,000608.png,right,ok,tracking,1469,0.300000,1469,1469,23,13.587128,4.13757137307,-413.367886051,0
608,000608.png,center,not_published,from_left_right,,,,,0,,,,
609,000609.png,left,ok,init,326,0.127778,326,326,23,155.111790,-2.15547685759,718.933823358,0
609,000609.png,right,ok,tracking,1506,0.300000,1506,1506,23,13.640573,4.12073485221,-410.30053702,0
609,000609.png,center,ok,from_left_right,,,,,23,,,,
610,000610.png,left,ok,tracking,356,0.138889,356,356,23,154.443802,-2.09126234796,707.317928949,0
610,000610.png,right,ok,tracking,1537,0.305556,1537,1537,23,13.707725,4.09976244416,-406.518012954,0
610,000610.png,center,ok,from_left_right,,,,,23,,,,
611,000611.png,left,ok,tracking,405,0.150000,405,405,23,155.303180,-2.1744738126,723.404024253,0
611,000611.png,right,ok,tracking,1503,0.300000,1503,1503,23,13.635619,4.12228982225,-410.245497224,0
611,000611.png,center,ok,from_left_right,,,,,23,,,,
612,000612.png,left,ok,tracking,322,0.127778,322,322,23,155.376884,-2.18186328342,725.153879149,0
612,000612.png,right,ok,tracking,1505,0.300000,1505,1505,23,13.718953,4.09627571,-404.406671686,0
612,000612.png,center,ok,from_left_right,,,,,23,,,,
613,000613.png,left,ok,tracking,411,0.155556,411,411,23,155.689800,-2.21370366605,733.357386001,0
613,000613.png,right,ok,tracking,1576,0.311111,1576,1576,23,13.897520,4.04156262838,-394.039665508,0
613,000613.png,center,ok,from_left_right,,,,,23,,,,
614,000614.png,left,ok,tracking,368,0.138889,368,368,23,155.244041,-2.16857441935,723.572556051,0
614,000614.png,right,ok,tracking,1482,0.300000,1482,1482,23,13.683178,4.10740552371,-406.514177737,0
614,000614.png,center,ok,from_left_right,,,,,23,,,,
615,000615.png,left,ok,tracking,264,0.100000,264,264,23,154.038807,-2.05383331553,701.498883977,0
615,000615.png,right,ok,tracking,1519,0.300000,1519,1519,23,13.750021,4.08665608136,-402.010257026,0
615,000615.png,center,ok,from_left_right,,,,,23,,,,
616,000616.png,left,insufficient_row_coverage,init,265,0.088889,0,0,0,0.000000,0,0,6
616,000616.png,right,ok,tracking,1498,0.300000,1498,1498,23,13.739262,4.08998263245,-402.294222932,0
616,000616.png,center,not_published,from_left_right,,,,,0,,,,
617,000617.png,left,ok,init,496,0.177778,496,496,23,156.057115,-2.25207590529,740.293909419,0
617,000617.png,right,ok,tracking,1452,0.300000,1452,1452,23,13.775949,4.07866101527,-398.451497459,0
617,000617.png,center,ok,from_left_right,,,,,23,,,,
618,000618.png,left,ok,tracking,676,0.244444,676,676,23,155.531694,-2.19752031329,730.122756952,0
618,000618.png,right,ok,tracking,1430,0.288889,1430,1430,23,13.687274,4.10612820376,-403.215709096,0
618,000618.png,center,ok,from_left_right,,,,,23,,,,
619,000619.png,left,ok,tracking,752,0.283333,752,752,23,155.176444,-2.1618636116,722.705030896,0
619,000619.png,right,ok,tracking,1398,0.277778,1398,1398,23,13.668260,4.11206348641,-403.121965066,0
619,000619.png,center,ok,from_left_right,,,,,23,,,,
620,000620.png,left,ok,tracking,840,0.311111,840,840,23,155.037502,-2.14817671953,720.12048945,0
620,000620.png,right,ok,tracking,1467,0.294444,1467,1467,23,13.891748,4.04330967641,-390.040947089,0
620,000620.png,center,ok,from_left_right,,,,,23,,,,
621,000621.png,left,ok,tracking,780,0.283333,780,780,23,156.071228,-2.25357233395,740.290198646,0
621,000621.png,right,ok,tracking,1473,0.294444,1473,1473,23,13.821373,4.06472449321,-394.960561912,0
621,000621.png,center,ok,from_left_right,,,,,23,,,,
622,000622.png,left,ok,tracking,782,0.277778,782,782,23,155.936979,-2.23940446089,734.810774218,0
622,000622.png,right,ok,tracking,1458,0.288889,1458,1458,23,13.746720,4.08767627816,-399.861146684,0
622,000622.png,center,ok,from_left_right,,,,,23,,,,
623,000623.png,left,ok,tracking,397,0.133333,397,397,23,154.938845,-2.13854449043,714.378917978,0
623,000623.png,right,ok,tracking,1517,0.300000,1517,1517,23,13.892370,4.04312125972,-391.883010806,0
623,000623.png,center,ok,from_left_right,,,,,23,,,,
624,000624.png,left,ok,tracking,725,0.261111,725,725,23,155.633112,-2.20787849759,725.631059764,0
624,000624.png,right,ok,tracking,1505,0.294444,1505,1505,23,13.736958,4.0906957353,-402.750041376,0
624,000624.png,center,ok,from_left_right,,,,,23,,,,
625,000625.png,left,ok,tracking,436,0.138889,436,436,23,155.426594,-2.18687063458,717.336173541,0
625,000625.png,right,ok,tracking,1535,0.300000,1535,1535,23,13.764874,4.08207253611,-402.17704309,0
625,000625.png,center,ok,from_left_right,,,,,23,,,,
626,000626.png,left,ok,tracking,1171,0.455556,1171,1171,21,155.748810,-2.21979455717,721.976888924,0
626,000626.png,right,ok,tracking,1589,0.316667,1589,1589,23,13.966529,4.02078589852,-391.400105802,0
626,000626.png,center,ok,from_left_right,,,,,21,,,,
627,000627.png,left,ok,tracking,504,0.161111,504,504,23,155.894680,-2.23497119548,724.169660521,0
627,000627.png,right,ok,tracking,1662,0.327778,1662,1662,23,13.992262,4.01308975099,-391.361887055,0
627,000627.png,center,ok,from_left_right,,,,,23,,,,
628,000628.png,left,ok,tracking,552,0.177778,552,552,23,155.790390,-2.22410317214,722.24411286,0
628,000628.png,right,ok,tracking,1674,0.333333,1674,1674,23,13.909824,4.03784349796,-398.200937992,0
628,000628.png,center,ok,from_left_right,,,,,23,,,,
629,000629.png,left,ok,tracking,588,0.188889,588,588,21,155.843601,-2.22963724585,723.34170058,0
629,000629.png,right,ok,tracking,1657,0.322222,1657,1657,23,13.665663,4.11287515567,-414.733906951,0
629,000629.png,center,ok,from_left_right,,,,,21,,,,
630,000630.png,left,ok,tracking,632,0.200000,632,632,21,155.840414,-2.22930512902,724.128388694,0
630,000630.png,right,ok,tracking,1689,0.327778,1689,1689,23,13.636462,4.12202540366,-417.784592407,0
630,000630.png,center,ok,from_left_right,,,,,21,,,,
631,000631.png,left,ok,tracking,683,0.216667,683,683,21,155.931577,-2.23883750549,726.762365433,0
631,000631.png,right,ok,tracking,1720,0.338889,1720,1720,23,13.660374,4.11452966621,-417.323011604,0
631,000631.png,center,ok,from_left_right,,,,,21,,,,
632,000632.png,left,ok,tracking,740,0.233333,740,740,21,156.205222,-2.26786328057,732.274820962,0
632,000632.png,right,ok,tracking,1728,0.333333,1728,1728,23,13.589685,4.13676299838,-422.366144652,0
632,000632.png,center,ok,from_left_right,,,,,21,,,,
633,000633.png,left,ok,tracking,793,0.255556,793,793,20,156.285715,-2.27652122364,734.202478585,0
633,000633.png,right,ok,tracking,1716,0.333333,1716,1716,22,13.524032,4.15761670629,-426.844293258,0
633,000633.png,center,ok,from_left_right,,,,,20,,,,
634,000634.png,left,ok,tracking,870,0.277778,870,870,17,156.369863,-2.28563175313,738.972474481,0
634,000634.png,right,ok,tracking,1772,0.344444,1772,1772,22,13.665803,4.11283153905,-419.027913056,0
634,000634.png,center,ok,from_left_right,,,,,17,,,,
635,000635.png,left,ok,tracking,958,0.294444,958,958,17,156.431351,-2.29232773227,739.055948064,0
635,000635.png,right,ok,tracking,1676,0.327778,1676,1676,23,13.344607,4.21563506926,-439.489862679,0
635,000635.png,center,ok,from_left_right,,,,,17,,,,
636,000636.png,left,ok,tracking,1054,0.322222,1054,1054,17,156.801574,-2.33335179927,748.386257992,0
636,000636.png,right,ok,tracking,1769,0.344444,1769,1769,22,13.597131,4.13441023173,-423.629077579,0
636,000636.png,center,ok,from_left_right,,,,,17,,,,
637,000637.png,left,ok,tracking,1168,0.361111,1168,1168,16,156.870750,-2.34115462213,751.538143679,0
637,000637.png,right,ok,tracking,1784,0.344444,1784,1784,21,13.658044,4.11525889944,-420.840647777,0
637,000637.png,center,ok,from_left_right,,,,,16,,,,
638,000638.png,left,ok,tracking,1319,0.394444,1319,1319,16,157.006929,-2.35664474917,753.264371248,0
638,000638.png,right,ok,tracking,1693,0.333333,1693,1693,23,13.390916,4.20051459779,-437.043054053,0
638,000638.png,center,ok,from_left_right,,,,,16,,,,
639,000639.png,left,ok,tracking,1490,0.444444,1490,1490,15,157.184686,-2.37712723623,758.26385189,0
639,000639.png,right,ok,tracking,1793,0.344444,1793,1793,21,13.687760,4.10597656911,-419.078328025,0
639,000639.png,center,ok,from_left_right,,,,,15,,,,
640,000640.png,left,ok,tracking,1741,0.522222,1741,1741,15,157.258340,-2.3857030736,757.617513783,0
640,000640.png,right,ok,tracking,1801,0.344444,1801,1801,21,13.571018,4.14267206297,-427.335923631,0
640,000640.png,center,ok,from_left_right,,,,,15,,,,
641,000641.png,left,ok,tracking,2158,0.661111,2158,2158,13,157.402470,-2.40263768209,760.456969765,0
641,000641.png,right,ok,tracking,1823,0.350000,1823,1823,21,13.666605,4.11258074373,-421.875817631,0
641,000641.png,center,ok,from_left_right,,,,,13,,,,
642,000642.png,left,ok,tracking,2121,0.644444,2121,2121,13,157.429007,-2.405778001,761.627854053,0
642,000642.png,right,ok,tracking,1818,0.350000,1818,1818,21,13.638371,4.12142599182,-424.194862667,0
642,000642.png,center,ok,from_left_right,,,,,13,,,,
643,000643.png,left,ok,tracking,2113,0.644444,2113,2113,13,157.395096,-2.40176620658,761.093029186,0
643,000643.png,right,ok,tracking,1830,0.350000,1830,1830,21,13.626841,4.12504839766,-425.422087164,0
643,000643.png,center,ok,from_left_right,,,,,13,,,,
644,000644.png,left,ok,tracking,2115,0.644444,2115,2115,12,157.412257,-2.4037950195,761.521666904,0
644,000644.png,right,ok,tracking,1810,0.350000,1810,1810,21,13.586054,4.13791119255,-427.860504202,0
644,000644.png,center,ok,from_left_right,,,,,12,,,,
645,000645.png,left,ok,tracking,2092,0.638889,2092,2092,12,157.389781,-2.40113849932,761.414293772,0
645,000645.png,right,ok,tracking,1803,0.350000,1803,1803,21,13.540582,4.15234106808,-430.569259599,0
645,000645.png,center,ok,from_left_right,,,,,12,,,,
646,000646.png,left,ok,tracking,2071,0.633333,2071,2071,12,157.497742,-2.413944453,762.951572786,0
646,000646.png,right,ok,tracking,1747,0.344444,1747,1747,23,13.519450,4.15907932006,-430.637211826,0
646,000646.png,center,ok,from_left_right,,,,,12,,,,
647,000647.png,left,ok,tracking,2043,0.627778,2043,2043,11,157.529593,-2.41774478583,765.261061848,0
647,000647.png,right,ok,tracking,1864,0.355556,1864,1864,21,13.818598,4.06557330734,-412.758927862,0
647,000647.png,center,ok,from_left_right,,,,,11,,,,
648,000648.png,left,ok,tracking,2032,0.616667,2032,2032,11,157.617232,-2.42825449786,767.775062487,0
648,000648.png,right,ok,tracking,1862,0.355556,1862,1862,21,13.779900,4.07744503836,-415.54093701,0
648,000648.png,center,ok,from_left_right,,,,,11,,,,
649,000649.png,left,ok,tracking,2020,0.616667,2020,2020,11,157.523740,-2.41704569249,763.777795948,0
649,000649.png,right,ok,tracking,1636,0.338889,1636,1636,23,13.424265,4.18968930704,-435.114325927,0
649,000649.png,center,ok,from_left_right,,,,,11,,,,
650,000650.png,left,ok,tracking,2027,0.611111,2027,2027,10,157.539042,-2.41887421563,764.990513825,0
650,000650.png,right,ok,tracking,1737,0.344444,1737,1737,22,13.566774,4.14401788828,-425.15373106,0
650,000650.png,center,ok,from_left_right,,,,,10,,,,
651,000651.png,left,ok,tracking,2010,0.605556,2010,2010,10,157.624608,-2.42914257619,768.599618005,0
651,000651.png,right,ok,tracking,1807,0.350000,1807,1807,21,13.796695,4.0722846099,-410.968602306,0
651,000651.png,center,ok,from_left_right,,,,,10,,,,
652,000652.png,left,ok,tracking,1978,0.600000,1978,1978,10,157.661155,-2.43355110667,768.791256148,0
652,000652.png,right,ok,tracking,1742,0.344444,1742,1742,23,13.674589,4.11008595363,-418.029238777,0
652,000652.png,center,ok,from_left_right,,,,,10,,,,
653,000653.png,left,ok,tracking,1958,0.588889,1958,1958,9,157.747241,-2.44398972366,772.504356489,0
653,000653.png,right,ok,tracking,1799,0.350000,1799,1799,21,13.789516,4.07448898014,-411.091615159,0
653,000653.png,center,ok,from_left_right,,,,,9,,,,
654,000654.png,left,ok,tracking,1925,0.583333,1925,1925,9,157.768939,-2.44663287367,772.114451773,0
654,000654.png,right,ok,tracking,1711,0.344444,1711,1711,23,13.615404,4.12864763866,-420.651937166,0
654,000654.png,center,ok,from_left_right,,,,,9,,,,
655,000655.png,left,ok,tracking,1947,0.577778,1947,1947,9,157.796450,-2.44999121834,774.212810812,0
655,000655.png,right,ok,tracking,1787,0.350000,1787,1787,22,13.827414,4.06287779944,-407.892066114,0
655,000655.png,center,ok,from_left_right,,,,,9,,,,
656,000656.png,left,ok,tracking,1908,0.566667,1908,1908,8,157.959443,-2.47005142478,777.699815895,0
656,000656.png,right,ok,tracking,1807,0.350000,1807,1807,21,13.905232,4.03923073689,-403.301047606,0
656,000656.png,center,ok,from_left_right,,,,,8,,,,
657,000657.png,left,ok,tracking,1864,0.555556,1864,1864,8,157.834532,-2.45465312179,774.189719989,0
657,000657.png,right,ok,tracking,1733,0.344444,1733,1733,23,13.675634,4.10975979232,-416.511051334,0
657,000657.png,center,ok,from_left_right,,,,,8,,,,
658,000658.png,left,ok,tracking,1873,0.555556,1873,1873,8,157.836598,-2.4549064716,775.04187912,0
658,000658.png,right,ok,tracking,1727,0.344444,1727,1727,22,13.650519,4.11761570285,-417.427752076,0
658,000658.png,center,ok,from_left_right,,,,,8,,,,
659,000659.png,left,ok,tracking,1792,0.538889,1792,1792,7,157.781779,-2.44819937354,774.1124585,0
659,000659.png,right,ok,tracking,1720,0.344444,1720,1720,22,13.651284,4.11737597773,-417.447037709,0
659,000659.png,center,ok,from_left_right,,,,,7,,,,
660,000660.png,left,ok,init,1748,0.522222,1748,1748,7,157.810582,-2.45171941871,774.713415408,0
660,000660.png,right,ok,tracking,1662,0.333333,1662,1662,23,13.503305,4.16424160444,-426.082199683,0
660,000660.png,center,ok,from_left_right,,,,,7,,,,
661,000661.png,left,ok,init,1716,0.511111,1716,1716,7,157.910649,-2.46401677036,779.65665164,0
661,000661.png,right,ok,tracking,1754,0.344444,1754,1754,23,13.787638,4.07506604178,-408.735037505,0
661,000661.png,center,ok,from_left_right,,,,,7,,,,
662,000662.png,left,ok,tracking,1666,0.500000,1666,1666,6,157.856231,-2.45731616795,776.963394014,0
662,000662.png,right,ok,tracking,1721,0.344444,1721,1721,22,13.669679,4.11161983049,-415.782420417,0
662,000662.png,center,ok,from_left_right,,,,,6,,,,
663,000663.png,left,ok,init,1583,0.477778,1583,1583,6,157.809986,-2.45164649382,776.564089593,0
663,000663.png,right,ok,tracking,1690,0.333333,1690,1690,23,13.612330,4.12961612879,-419.315500524,0
663,000663.png,center,ok,from_left_right,,,,,6,,,,
664,000664.png,left,ok,init,1532,0.466667,1532,1532,6,157.667782,-2.43435196549,772.775582434,0
664,000664.png,right,ok,tracking,1661,0.327778,1661,1661,23,13.507337,4.16295134188,-425.900162811,0
664,000664.png,center,ok,from_left_right,,,,,6,,,,
665,000665.png,left,ok,init,1455,0.450000,1455,1455,5,157.679181,-2.43573056071,773.644462704,0
665,000665.png,right,ok,tracking,1630,0.322222,1630,1630,23,13.427102,4.18877060105,-430.633505462,0
665,000665.png,center,ok,from_left_right,,,,,5,,,,
666,000666.png,left,ok,tracking,1384,0.433333,1384,1384,5,157.526025,-2.41731853913,768.974780877,0
666,000666.png,right,ok,tracking,1632,0.322222,1632,1632,23,13.465265,4.17645242856,-427.782378026,0
666,000666.png,center,ok,from_left_right,,,,,5,,,,
667,000667.png,left,ok,tracking,1264,0.394444,1264,1264,5,157.698298,-2.43804561004,773.354936141,0
667,000667.png,right,ok,tracking,1598,0.316667,1598,1598,23,13.423846,4.18982479023,-429.691171581,0
667,000667.png,center,ok,from_left_right,,,,,5,,,,
668,000668.png,left,ok,tracking,1171,0.372222,1171,1171,4,157.331991,-2.39433119928,762.392936646,0
668,000668.png,right,ok,tracking,1598,0.316667,1598,1598,23,13.430266,4.18774679061,-428.890562538,0
668,000668.png,center,ok,from_left_right,,,,,4,,,,
669,000669.png,left,ok,tracking,1042,0.333333,1042,1042,4,157.175915,-2.37610956014,758.07451887,0
669,000669.png,right,ok,tracking,1586,0.311111,1586,1586,23,13.391889,4.20019797204,-431.148134483,0
669,000669.png,center,ok,from_left_right,,,,,4,,,,
670,000670.png,left,ok,tracking,899,0.294444,899,899,4,157.081192,-2.36516536256,754.691905974,0
670,000670.png,right,ok,tracking,1526,0.300000,1526,1526,23,13.226894,4.25453791703,-441.461001087,0
670,000670.png,center,ok,from_left_right,,,,,4,,,,
671,000671.png,left,ok,tracking,765,0.255556,765,765,4,157.054736,-2.36212389053,754.523149233,0
671,000671.png,right,ok,tracking,1519,0.300000,1519,1519,23,13.289666,4.23370847321,-436.67602197,0
671,000671.png,center,ok,from_left_right,,,,,4,,,,
672,000672.png,left,ok,tracking,640,0.244444,640,640,3,156.467671,-2.29629846439,735.380342308,0
672,000672.png,right,ok,tracking,1568,0.305556,1568,1568,23,13.435560,4.18603468829,-426.982056459,0
672,000672.png,center,ok,from_left_right,,,,,3,,,,
673,000673.png,left,insufficient_row_coverage,init,92,0.066667,0,0,0,0.000000,0,0,6
673,000673.png,right,ok,tracking,1542,0.305556,1542,1542,23,13.408244,4.194883132,-428.298726746,0
673,000673.png,center,not_published,from_left_right,,,,,0,,,,
674,000674.png,left,ok,init,149,0.100000,149,149,23,130.072988,-0.841272765334,449.22388947,0
674,000674.png,right,ok,tracking,1599,0.316667,1599,1599,23,13.565257,4.14449892614,-418.617648536,0
674,000674.png,center,ok,from_left_right,,,,,23,,,,
675,000675.png,left,insufficient_row_coverage,init,114,0.072222,0,0,0,0.000000,0,0,6
675,000675.png,right,ok,tracking,1547,0.300000,1547,1547,23,13.366620,4.20843484866,-431.230465342,0
675,000675.png,center,not_published,from_left_right,,,,,0,,,,
676,000676.png,left,ok,init,172,0.105556,172,172,23,130.999046,-0.869257504892,454.340178379,0
676,000676.png,right,ok,tracking,1536,0.300000,1536,1536,23,13.319124,4.22399973215,-434.3946286,0
676,000676.png,center,ok,from_left_right,,,,,23,,,,
677,000677.png,left,insufficient_row_coverage,init,132,0.083333,0,0,0,0.000000,0,0,6
677,000677.png,right,ok,tracking,1521,0.294444,1521,1521,23,13.250659,4.24662932322,-439.28548643,0
677,000677.png,center,not_published,from_left_right,,,,,0,,,,
678,000678.png,left,insufficient_row_coverage,init,137,0.083333,0,0,0,0.000000,0,0,6
678,000678.png,right,ok,tracking,1509,0.294444,1509,1509,23,13.191855,4.2662497006,-442.893085396,0
678,000678.png,center,not_published,from_left_right,,,,,0,,,,
679,000679.png,left,insufficient_row_coverage,init,152,0.088889,0,0,0,0.000000,0,0,6
679,000679.png,right,ok,tracking,1500,0.294444,1500,1500,23,13.159492,4.27712143632,-444.90644097,0
679,000679.png,center,not_published,from_left_right,,,,,0,,,,
680,000680.png,left,insufficient_row_coverage,init,163,0.094444,0,0,0,0.000000,0,0,6
680,000680.png,right,ok,tracking,1544,0.300000,1544,1544,23,13.353148,4.21283867642,-431.850778665,0
680,000680.png,center,not_published,from_left_right,,,,,0,,,,
681,000681.png,left,ok,init,166,0.100000,166,166,23,123.993013,-0.67433111415,412.06814345,0
681,000681.png,right,ok,tracking,1516,0.294444,1516,1516,23,13.243040,4.24916186862,-439.015461563,0
681,000681.png,center,ok,from_left_right,,,,,23,,,,
682,000682.png,left,ok,tracking,185,0.105556,185,185,23,124.062970,-0.676108758928,411.540047645,0
682,000682.png,right,ok,tracking,1526,0.294444,1526,1526,23,13.273851,4.23893786359,-437.090228526,0
682,000682.png,center,ok,from_left_right,,,,,23,,,,
683,000683.png,left,ok,tracking,185,0.111111,185,185,23,125.345090,-0.70922160657,418.116636294,0
683,000683.png,right,ok,tracking,1546,0.300000,1546,1546,23,13.346114,4.21514133659,-432.529562548,0
683,000683.png,center,ok,from_left_right,,,,,23,,,,
684,000684.png,left,ok,tracking,212,0.116667,212,212,23,130.960843,-0.868087603645,449.84180867,0
684,000684.png,right,ok,tracking,1489,0.288889,1489,1489,23,13.044879,4.31604929207,-452.657213044,0
684,000684.png,center,ok,from_left_right,,,,,23,,,,
685,000685.png,left,ok,tracking,236,0.127778,236,236,23,131.317131,-0.879051359181,451.771154572,0
685,000685.png,right,ok,tracking,1511,0.288889,1511,1511,23,13.177610,4.27102852515,-443.740317287,0
685,000685.png,center,ok,from_left_right,,,,,23,,,,
686,000686.png,left,ok,tracking,283,0.172222,283,283,23,138.053091,-1.11268420589,499.009587079,0
686,000686.png,right,ok,tracking,1465,0.283333,1465,1465,23,12.961823,4.34468151785,-458.460600212,0
686,000686.png,center,ok,from_left_right,,,,,23,,,,
687,000687.png,left,ok,tracking,257,0.133333,257,257,23,132.383351,-0.912592754334,456.555324353,0
687,000687.png,right,ok,tracking,1485,0.283333,1485,1485,23,13.024455,4.32305679337,-453.87973424,0
687,000687.png,center,ok,from_left_right,,,,,23,,,,
688,000688.png,left,ok,tracking,273,0.144444,273,273,23,133.590324,-0.951965144594,463.281124205,0
688,000688.png,right,ok,tracking,1494,0.288889,1494,1494,23,13.130856,4.28678465804,-446.895254997,0
688,000688.png,center,ok,from_left_right,,,,,23,,,,
689,000689.png,left,ok,tracking,293,0.155556,293,293,23,137.161073,-1.07843112947,487.051879144,0
689,000689.png,right,ok,tracking,1399,0.266667,1399,1399,23,12.694106,4.43947921194,-477.626820952,0
689,000689.png,center,ok,from_left_right,,,,,23,,,,
690,000690.png,left,ok,tracking,308,0.161111,308,308,23,137.478455,-1.09048496557,487.316108171,0
690,000690.png,right,ok,tracking,1473,0.277778,1473,1473,23,12.981239,4.33795580753,-457.287630438,0
690,000690.png,center,ok,from_left_right,,,,,23,,,,
691,000691.png,left,ok,tracking,329,0.172222,329,329,21,139.345605,-1.16448081881,499.851872441,0
691,000691.png,right,ok,tracking,1454,0.272222,1454,1454,23,12.879410,4.37345075543,-465.119406331,0
691,000691.png,center,ok,from_left_right,,,,,21,,,,
692,000692.png,left,ok,tracking,361,0.183333,361,361,21,140.751555,-1.22400667411,510.704860586,0
692,000692.png,right,ok,tracking,1482,0.277778,1482,1482,23,12.999642,4.33159925999,-457.309337699,0
692,000692.png,center,ok,from_left_right,,,,,21,,,,
693,000693.png,left,ok,tracking,396,0.194444,396,396,20,143.015764,-1.32780477484,532.378942841,0
693,000693.png,right,ok,tracking,1526,0.294444,1526,1526,23,13.165811,4.27499435023,-446.571220498,0
693,000693.png,center,ok,from_left_right,,,,,20,,,,
694,000694.png,left,ok,tracking,436,0.211111,436,436,20,142.907633,-1.32260322236,530.585582164,0
694,000694.png,right,ok,tracking,1545,0.294444,1545,1545,23,13.114734,4.29224360203,-450.84116534,0
694,000694.png,center,ok,from_left_right,,,,,20,,,,
695,000695.png,left,ok,tracking,471,0.222222,471,471,20,144.166296,-1.3848164389,542.290967982,0
695,000695.png,right,ok,tracking,1501,0.277778,1501,1501,23,12.790606,4.40485919292,-474.458782923,0
695,000695.png,center,ok,from_left_right,,,,,20,,,,
696,000696.png,left,ok,tracking,510,0.238889,510,510,18,145.502902,-1.4551669196,557.404444782,0
696,000696.png,right,ok,tracking,1517,0.283333,1517,1517,23,12.864466,4.37870660809,-469.875048421,0
696,000696.png,center,ok,from_left_right,,,,,18,,,,
697,000697.png,left,ok,tracking,587,0.255556,587,587,17,146.868051,-1.53212871525,572.861990431,0
697,000697.png,right,ok,tracking,1525,0.283333,1525,1525,23,12.797931,4.40225228449,-475.436755548,0
697,000697.png,center,ok,from_left_right,,,,,17,,,,
698,000698.png,left,ok,tracking,646,0.277778,646,646,17,147.471911,-1.56798871463,579.699917918,0
698,000698.png,right,ok,tracking,1557,0.294444,1557,1557,23,12.931933,4.35507420827,-466.624418793,0
698,000698.png,center,ok,from_left_right,,,,,17,,,,
699,000699.png,left,ok,tracking,725,0.294444,725,725,16,148.618720,-1.63946728959,594.205682343,0
699,000699.png,right,ok,tracking,1573,0.294444,1573,1573,23,12.852341,4.38297932394,-473.064989725,0
699,000699.png,center,ok,from_left_right,,,,,16,,,,
700,000700.png,left,ok,tracking,797,0.327778,797,797,16,149.228750,-1.67943107596,602.41655749,0
700,000700.png,right,ok,tracking,1545,0.288889,1545,1545,23,12.703425,4.43611365575,-484.90874965,0
700,000700.png,center,ok,from_left_right,,,,,16,,,,
701,000701.png,left,ok,tracking,916,0.366667,916,916,15,150.060841,-1.73630611591,615.04343219,0
701,000701.png,right,ok,tracking,1579,0.294444,1579,1579,23,12.834019,4.38945158809,-476.319558574,0
701,000701.png,center,ok,from_left_right,,,,,15,,,,
702,000702.png,left,ok,tracking,1023,0.405556,1023,1023,15,150.657022,-1.77885118464,622.812275403,0
702,000702.png,right,ok,tracking,1565,0.288889,1565,1565,23,12.612762,4.46906680367,-493.637088414,0
702,000702.png,center,ok,from_left_right,,,,,15,,,,
703,000703.png,left,ok,tracking,1197,0.455556,1197,1197,14,151.330814,-1.82887167943,633.489742675,0
703,000703.png,right,ok,tracking,1577,0.294444,1577,1577,23,12.584677,4.47936973901,-496.726472763,0
703,000703.png,center,ok,from_left_right,,,,,14,,,,
704,000704.png,left,ok,tracking,1419,0.527778,1419,1419,13,152.010773,-1.88157983696,644.694468604,0
704,000704.png,right,ok,tracking,1610,0.300000,1610,1610,23,12.701730,4.43672514703,-489.007264141,0
704,000704.png,center,ok,from_left_right,,,,,13,,,,
705,000705.png,left,ok,tracking,1690,0.611111,1690,1690,12,152.515769,-1.92227367281,652.801036147,0
705,000705.png,right,ok,tracking,1583,0.288889,1583,1583,23,12.401990,4.54750789387,-512.785515702,0
705,000705.png,center,ok,from_left_right,,,,,12,,,,
706,000706.png,left,ok,tracking,2045,0.733333,2045,2045,12,153.040662,-1.96605860832,662.959845142,0
706,000706.png,right,ok,tracking,1611,0.294444,1611,1611,23,12.525018,4.50140581987,-504.332293435,0
706,000706.png,center,ok,from_left_right,,,,,12,,,,
707,000707.png,left,ok,tracking,2033,0.738889,2033,2033,11,153.092676,-1.97048335726,662.094167904,0
707,000707.png,right,ok,tracking,1630,0.300000,1630,1630,23,12.496907,4.51186112106,-507.541439568,0
707,000707.png,center,ok,from_left_right,,,,,11,,,,
708,000708.png,left,ok,tracking,2019,0.733333,2019,2019,11,153.108857,-1.97186307685,661.03477242,0
708,000708.png,right,ok,tracking,1652,0.300000,1652,1652,23,12.520080,4.5032391791,-506.835850556,0
708,000708.png,center,ok,from_left_right,,,,,11,,,,
709,000709.png,left,ok,tracking,2017,0.727778,2017,2017,11,153.052787,-1.9670886761,660.935413509,0
709,000709.png,right,ok,tracking,1696,0.316667,1696,1696,23,12.675667,4.44615325924,-496.359993039,0
709,000709.png,center,ok,from_left_right,,,,,11,,,,
710,000710.png,left,ok,tracking,1993,0.727778,1993,1993,11,153.002606,-1.96283117602,658.125511472,0
710,000710.png,right,ok,tracking,1685,0.305556,1685,1685,23,12.421279,4.54022037206,-516.842608752,0
710,000710.png,center,ok,from_left_right,,,,,11,,,,
711,000711.png,left,ok,tracking,1985,0.722222,1985,1985,11,153.044688,-1.96640049864,658.621551533,0
711,000711.png,right,ok,tracking,1691,0.305556,1691,1691,23,12.325210,4.57673804007,-525.260661509,0
711,000711.png,center,ok,from_left_right,,,,,11,,,,
712,000712.png,left,ok,tracking,1973,0.711111,1973,1973,11,153.182340,-1.97814823799,661.628417331,0
712,000712.png,right,ok,tracking,1718,0.316667,1718,1718,22,12.398415,4.54886078214,-520.375839746,0
712,000712.png,center,ok,from_left_right,,,,,11,,,,
713,000713.png,left,ok,tracking,1962,0.711111,1962,1962,10,153.258155,-1.98466639901,662.990341601,0
713,000713.png,right,ok,tracking,1720,0.311111,1720,1720,23,12.249411,4.6059492434,-532.776768072,0
713,000713.png,center,ok,from_left_right,,,,,10,,,,
714,000714.png,left,ok,tracking,1962,0.705556,1962,1962,10,153.321386,-1.99012887739,665.708450488,0
714,000714.png,right,ok,tracking,1719,0.311111,1719,1719,23,12.205536,4.62302070152,-536.864445774,0
714,000714.png,center,ok,from_left_right,,,,,10,,,,
715,000715.png,left,ok,tracking,1964,0.705556,1964,1964,10,153.292958,-1.98767005565,666.715213178,0
715,000715.png,right,ok,tracking,1713,0.305556,1713,1713,23,12.098110,4.66533426484,-545.950142696,0
715,000715.png,center,ok,from_left_right,,,,,10,,,,
716,000716.png,left,ok,tracking,1966,0.711111,1966,1966,10,153.208290,-1.98037544953,665.193967475,0
716,000716.png,right,ok,tracking,1657,0.300000,1657,1657,23,11.856496,4.76326195648,-565.488860864,0
716,000716.png,center,ok,from_left_right,,,,,10,,,,
717,000717.png,left,ok,tracking,1969,0.705556,1969,1969,9,153.284926,-1.98697617185,669.815833158,0
717,000717.png,right,ok,tracking,1690,0.300000,1690,1690,23,11.977470,4.71374352792,-555.286383983,0
717,000717.png,center,ok,from_left_right,,,,,9,,,,
718,000718.png,left,ok,tracking,1979,0.705556,1979,1979,9,153.175470,-1.97755927498,669.554544798,0
718,000718.png,right,ok,tracking,1679,0.300000,1679,1679,23,11.904968,4.74330159812,-561.181901361,0
718,000718.png,center,ok,from_left_right,,,,,9,,,,
719,000719.png,left,ok,tracking,1976,0.716667,1976,1976,9,153.025473,-1.96476945834,669.177534817,0
719,000719.png,right,ok,tracking,1623,0.288889,1623,1623,23,11.707878,4.8254761148,-577.513458573,0
719,000719.png,center,ok,from_left_right,,,,,9,,,,
720,000720.png,left,ok,tracking,1976,0.716667,1976,1976,8,153.009819,-1.96344225307,671.337395125,0
720,000720.png,right,ok,tracking,1614,0.283333,1614,1614,23,11.660648,4.84557479179,-581.184203832,0
720,000720.png,center,ok,from_left_right,,,,,8,,,,
721,000721.png,left,ok,tracking,1964,0.716667,1964,1964,8,152.795490,-1.94541286695,669.482735265,0
721,000721.png,right,ok,tracking,1460,0.272222,1460,1460,23,11.384348,4.96644912101,-605.351455614,0
721,000721.png,center,ok,from_left_right,,,,,8,,,,
722,000722.png,left,ok,tracking,1986,0.733333,1986,1986,8,152.550657,-1.92513594604,668.776606376,0
722,000722.png,right,ok,tracking,1437,0.261111,1437,1437,23,11.215606,5.0431591759,-620.116988861,0
722,000722.png,center,ok,from_left_right,,,,,8,,,,
723,000723.png,left,ok,tracking,1982,0.733333,1982,1982,8,152.488624,-1.92005121737,670.106976512,0
723,000723.png,right,ok,tracking,1435,0.261111,1435,1435,23,11.178536,5.06031733897,-622.49666297,0
723,000723.png,center,ok,from_left_right,,,,,8,,,,
724,000724.png,left,ok,tracking,1987,0.733333,1987,1987,7,152.415176,-1.91405823531,670.906372766,0
724,000724.png,right,ok,tracking,1270,0.244444,1270,1270,23,10.917590,5.18435439898,-646.504648377,0
724,000724.png,center,ok,from_left_right,,,,,7,,,,
725,000725.png,left,ok,tracking,1980,0.738889,1980,1980,7,152.210015,-1.89747259257,670.984536897,0
725,000725.png,right,ok,tracking,1201,0.233333,1201,1201,23,10.709671,5.28745826285,-666.127491638,0
725,000725.png,center,ok,from_left_right,,,,,7,,,,
726,000726.png,left,ok,tracking,1995,0.744444,1995,1995,7,151.898670,-1.87272894527,667.616975158,0
726,000726.png,right,ok,tracking,1126,0.222222,1126,1126,23,10.501397,5.39478300622,-686.414046094,0
726,000726.png,center,ok,from_left_right,,,,,7,,,,
727,000727.png,left,ok,tracking,1977,0.733333,1977,1977,7,151.614013,-1.85054297142,665.706159759,0
727,000727.png,right,ok,tracking,1066,0.211111,1066,1066,23,10.319875,5.4918147946,-704.422721311,0
727,000727.png,center,ok,from_left_right,,,,,7,,,,
728,000728.png,left,ok,tracking,1921,0.716667,1921,1921,6,151.388896,-1.83328425592,665.929444079,0
728,000728.png,right,ok,tracking,1165,0.216667,1165,1165,23,10.460176,5.41652529987,-687.690285207,0
728,000728.png,center,ok,from_left_right,,,,,6,,,,
729,000729.png,left,ok,tracking,1897,0.705556,1897,1897,6,151.017599,-1.80535529402,661.914465546,0
729,000729.png,right,rejected_side_geometry,tracking,977,0.200000,0,0,0,10.131469,5.59616326774,-722.627364501,6
729,000729.png,center,not_published,from_left_right,,,,,0,,,,
730,000730.png,left,ok,tracking,1793,0.683333,1793,1793,6,150.535583,-1.7700579976,658.497027446,0
730,000730.png,right,ok,init,1863,0.200000,1863,1863,23,10.807943,5.23823794691,-636.474871085,0
730,000730.png,center,ok,from_left_right,,,,,6,,,,
731,000731.png,left,ok,tracking,1746,0.666667,1746,1746,5,150.589672,-1.7739663526,660.570746162,0
731,000731.png,right,ok,tracking,1143,0.200000,1143,1143,23,11.394604,4.96185900819,-579.339402236,0
731,000731.png,center,ok,from_left_right,,,,,5,,,,
732,000732.png,left,ok,tracking,1640,0.638889,1640,1640,5,149.787066,-1.71728021279,650.949033851,0
732,000732.png,right,ok,tracking,1055,0.188889,1055,1055,23,11.175745,5.06161396554,-599.610521564,0
732,000732.png,center,ok,from_left_right,,,,,5,,,,
733,000733.png,left,ok,tracking,1544,0.605556,1544,1544,5,149.471997,-1.69576733116,647.593538582,0
733,000733.png,right,ok,tracking,1082,0.188889,1082,1082,23,11.236151,5.03369816649,-593.66357552,0
733,000733.png,center,ok,from_left_right,,,,,5,,,,
734,000734.png,left,ok,tracking,1474,0.583333,1474,1474,4,149.221623,-1.67895594731,642.513657782,0
734,000734.png,right,ok,tracking,1088,0.188889,1088,1088,23,11.289745,5.00917702428,-588.420671068,0
734,000734.png,center,ok,from_left_right,,,,,4,,,,
735,000735.png,left,ok,tracking,1352,0.544444,1352,1352,4,148.993598,-1.66385834751,639.726721749,0
735,000735.png,right,ok,tracking,1028,0.183333,1028,1028,23,11.119521,5.08786620152,-604.215537415,0
735,000735.png,center,ok,from_left_right,,,,,4,,,,
736,000736.png,left,ok,tracking,1162,0.483333,1162,1162,4,147.893033,-1.59370609731,624.112755792,0
736,000736.png,right,ok,tracking,1059,0.183333,1059,1059,23,11.188648,5.05562584156,-597.437448585,0
736,000736.png,center,ok,from_left_right,,,,,4,,,,
737,000737.png,left,ok,tracking,1016,0.427778,1016,1016,3,147.817252,-1.5890339234,625.208052882,0
737,000737.png,right,ok,tracking,1094,0.188889,1094,1094,23,11.347087,4.98319433352,-582.41497673,0
737,000737.png,center,ok,from_left_right,,,,,3,,,,
738,000738.png,left,ok,tracking,842,0.361111,842,842,3,147.255640,-1.55501055305,616.002333118,0
738,000738.png,right,ok,tracking,1123,0.188889,1123,1123,23,11.534735,4.89995008382,-565.29633736,0
738,000738.png,center,ok,from_left_right,,,,,3,,,,
739,000739.png,left,ok,tracking,577,0.266667,577,577,3,146.704973,-1.52264249821,607.233157198,0
739,000739.png,right,ok,tracking,1151,0.200000,1151,1151,23,11.785184,4.79292108877,-543.757031558,0
739,000739.png,center,ok,from_left_right,,,,,3,,,,
740,000740.png,left,insufficient_row_coverage,init,23,0.033333,0,0,0,0.000000,0,0,6
740,000740.png,right,ok,tracking,1131,0.194444,1131,1131,23,11.635471,4.85635470823,-556.903086019,0
740,000740.png,center,not_published,from_left_right,,,,,0,,,,
741,000741.png,left,insufficient_row_coverage,init,45,0.044444,0,0,0,0.000000,0,0,6
741,000741.png,right,ok,tracking,1136,0.194444,1136,1136,23,11.632525,4.85761907668,-557.522422352,0
741,000741.png,center,not_published,from_left_right,,,,,0,,,,
742,000742.png,left,insufficient_row_coverage,init,28,0.038889,0,0,0,0.000000,0,0,6
742,000742.png,right,ok,tracking,1138,0.194444,1138,1138,23,11.603105,4.87027995326,-560.200625661,0
742,000742.png,center,not_published,from_left_right,,,,,0,,,,
743,000743.png,left,insufficient_row_coverage,init,7,0.016667,0,0,0,0.000000,0,0,6
743,000743.png,right,ok,tracking,1137,0.194444,1137,1137,23,11.575269,4.88231818533,-562.605316169,0
743,000743.png,center,not_published,from_left_right,,,,,0,,,,
744,000744.png,left,insufficient_row_coverage,init,37,0.038889,0,0,0,0.000000,0,0,6
744,000744.png,right,ok,tracking,1173,0.205556,1173,1173,21,11.839865,4.77014749374,-540.161143161,0
744,000744.png,center,not_published,from_left_right,,,,,0,,,,
745,000745.png,left,insufficient_row_coverage,init,34,0.038889,0,0,0,0.000000,0,0,6
745,000745.png,right,ok,tracking,1156,0.200000,1156,1156,23,11.689540,4.83326087149,-553.750245822,0
745,000745.png,center,not_published,from_left_right,,,,,0,,,,
746,000746.png,left,insufficient_row_coverage,init,0,0.000000,0,0,0,0.000000,0,0,6
746,000746.png,right,ok,tracking,1161,0.200000,1161,1161,22,11.641138,4.85392414501,-558.771745112,0
746,000746.png,center,not_published,from_left_right,,,,,0,,,,
747,000747.png,left,insufficient_row_coverage,init,0,0.000000,0,0,0,0.000000,0,0,6
747,000747.png,right,ok,tracking,1227,0.216667,1227,1227,21,12.038385,4.68918069248,-525.427301913,0
747,000747.png,center,not_published,from_left_right,,,,,0,,,,
748,000748.png,left,insufficient_row_coverage,init,0,0.000000,0,0,0,0.000000,0,0,6
748,000748.png,right,ok,tracking,1270,0.222222,1270,1270,21,12.163787,4.63937760853,-515.920785603,0
748,000748.png,center,not_published,from_left_right,,,,,0,,,,
749,000749.png,left,insufficient_row_coverage,init,0,0.000000,0,0,0,0.000000,0,0,6
749,000749.png,right,ok,tracking,1300,0.222222,1300,1300,21,12.258847,4.60229332711,-508.964875378,0
749,000749.png,center,not_published,from_left_right,,,,,0,,,,
750,000750.png,left,insufficient_row_coverage,init,0,0.000000,0,0,0,0.000000,0,0,6
750,000750.png,right,ok,tracking,1263,0.216667,1263,1263,23,11.971570,4.71613589897,-532.797438077,0
750,000750.png,center,not_published,from_left_right,,,,,0,,,,
751,000751.png,left,insufficient_row_coverage,init,0,0.000000,0,0,0,0.000000,0,0,6
751,000751.png,right,ok,tracking,1302,0.222222,1302,1302,23,12.063567,4.67909766654,-525.408897024,0
751,000751.png,center,not_published,from_left_right,,,,,0,,,,
752,000752.png,left,insufficient_row_coverage,init,0,0.000000,0,0,0,0.000000,0,0,6
752,000752.png,right,ok,tracking,1205,0.205556,1205,1205,23,11.701881,4.82801924248,-555.94337312,0
752,000752.png,center,not_published,from_left_right,,,,,0,,,,
753,000753.png,left,insufficient_row_coverage,init,0,0.000000,0,0,0,0.000000,0,0,6
753,000753.png,right,ok,tracking,1230,0.211111,1230,1230,23,11.623911,4.86131929308,-562.75655125,0
753,000753.png,center,not_published,from_left_right,,,,,0,,,,
754,000754.png,left,insufficient_row_coverage,init,0,0.000000,0,0,0,0.000000,0,0,6
754,000754.png,right,ok,tracking,1157,0.205556,1157,1157,23,11.415168,4.95268006438,-581.409678925,0
754,000754.png,center,not_published,from_left_right,,,,,0,,,,
755,000755.png,left,insufficient_row_coverage,init,0,0.000000,0,0,0,0.000000,0,0,6
755,000755.png,right,ok,tracking,1215,0.205556,1215,1215,23,11.515251,4.9084689736,-572.045680579,0
755,000755.png,center,not_published,from_left_right,,,,,0,,,,
756,000756.png,left,insufficient_row_coverage,init,0,0.000000,0,0,0,0.000000,0,0,6
756,000756.png,right,ok,tracking,1209,0.205556,1209,1209,23,11.532571,4.90089482763,-570.321462426,0
756,000756.png,center,not_published,from_left_right,,,,,0,,,,
757,000757.png,left,insufficient_row_coverage,init,0,0.000000,0,0,0,0.000000,0,0,6
757,000757.png,right,ok,tracking,1179,0.205556,1179,1179,23,11.446677,4.93867910499,-577.963346469,0
757,000757.png,center,not_published,from_left_right,,,,,0,,,,
758,000758.png,left,insufficient_row_coverage,init,0,0.000000,0,0,0,0.000000,0,0,6
758,000758.png,right,ok,tracking,1218,0.211111,1218,1218,23,11.615232,4.86505341466,-563.093820225,0
758,000758.png,center,not_published,from_left_right,,,,,0,,,,
759,000759.png,left,ok,init,266,0.194444,266,266,21,102.078887,-0.213996029197,306.334978654,0
759,000759.png,right,ok,tracking,1122,0.194444,1122,1122,23,11.296553,5.00607832521,-591.741508308,0
759,000759.png,center,ok,from_left_right,,,,,21,,,,
760,000760.png,left,ok,tracking,290,0.205556,290,290,20,104.418440,-0.257099451713,313.458659989,0
760,000760.png,right,ok,tracking,1124,0.194444,1124,1124,23,11.203105,5.04893304858,-600.353974106,0
760,000760.png,center,ok,from_left_right,,,,,20,,,,
761,000761.png,left,ok,tracking,316,0.216667,316,316,18,109.869521,-0.361393385725,334.533331041,0
761,000761.png,right,ok,tracking,1159,0.200000,1159,1159,23,11.300876,5.00411306946,-590.895694266,0
761,000761.png,center,ok,from_left_right,,,,,18,,,,
762,000762.png,left,ok,tracking,333,0.227778,333,333,18,113.345138,-0.431602279747,347.995844444,0
762,000762.png,right,ok,tracking,1105,0.194444,1105,1105,23,11.151328,5.07298265474,-604.83704464,0
762,000762.png,center,ok,from_left_right,,,,,18,,,,
763,000763.png,left,ok,tracking,387,0.250000,387,387,17,116.547197,-0.499610550169,360.94774256,0
763,000763.png,right,ok,tracking,1152,0.194444,1152,1152,23,11.269126,5.01858377741,-593.509047546,0
763,000763.png,center,ok,from_left_right,,,,,17,,,,
764,000764.png,left,ok,tracking,426,0.272222,426,426,17,121.318527,-0.608452501577,382.467330509,0
764,000764.png,right,ok,tracking,1005,0.183333,1005,1005,23,10.842158,5.22130817029,-634.700263961,0
764,000764.png,center,ok,from_left_right,,,,,17,,,,
765,000765.png,left,ok,tracking,479,0.300000,479,479,16,123.918433,-0.672439206399,395.29174456,0
765,000765.png,right,ok,tracking,1129,0.194444,1129,1129,23,11.130293,5.0828164958,-606.085935352,0
765,000765.png,center,ok,from_left_right,,,,,16,,,,
766,000766.png,left,ok,tracking,547,0.327778,547,547,16,126.349495,-0.735903845983,407.774635173,0
766,000766.png,right,ok,tracking,1170,0.211111,1170,1170,23,11.648050,4.85096298813,-558.949274646,0
766,000766.png,center,ok,from_left_right,,,,,16,,,,
767,000767.png,left,ok,tracking,622,0.355556,622,622,16,130.207187,-0.845280572208,429.437144994,0
767,000767.png,right,ok,tracking,1219,0.211111,1219,1219,23,11.783901,4.79345804333,-547.464344737,0
767,000767.png,center,ok,from_left_right,,,,,16,,,,
768,000768.png,left,ok,tracking,699,0.400000,699,699,15,131.983765,-0.899891089885,440.037249072,0
768,000768.png,right,ok,tracking,1191,0.222222,1191,1191,20,12.067675,4.67745676883,-524.886796469,0
768,000768.png,center,ok,from_left_right,,,,,15,,,,
769,000769.png,left,ok,tracking,827,0.455556,827,827,15,134.721473,-0.990324546581,459.024036925,0
769,000769.png,right,ok,tracking,1258,0.238889,1258,1258,20,12.341935,4.57034057825,-504.0266953,0
769,000769.png,center,ok,from_left_right,,,,,15,,,,
770,000770.png,left,ok,tracking,981,0.522222,981,981,13,136.696585,-1.06104751624,473.5730299,0
770,000770.png,right,ok,tracking,1276,0.244444,1276,1276,18,12.553607,4.49082012951,-488.92770377,0
770,000770.png,center,ok,from_left_right,,,,,13,,,,
771,000771.png,left,ok,tracking,1171,0.611111,1171,1171,11,138.517576,-1.13099328498,489.541003463,0
771,000771.png,right,ok,tracking,1161,0.216667,1161,1161,20,11.630437,4.85851550508,-566.636217321,0
771,000771.png,center,ok,from_left_right,,,,,11,,,,
772,000772.png,left,ok,tracking,1440,0.727778,1440,1440,11,140.097903,-1.19589763166,504.446555326,0
772,000772.png,right,ok,tracking,1199,0.211111,1199,1199,21,11.290522,5.0088231136,-598.809872389,0
772,000772.png,center,ok,from_left_right,,,,,11,,,,
773,000773.png,left,ok,tracking,1755,0.850000,1755,1755,11,141.907643,-1.27569770291,519.637576782,0
773,000773.png,right,ok,tracking,1261,0.222222,1261,1261,21,11.390850,4.96353832762,-590.452554198,0
773,000773.png,center,ok,from_left_right,,,,,11,,,,
774,000774.png,left,ok,tracking,1738,0.844444,1738,1738,10,142.086751,-1.28394393523,517.887223881,0
774,000774.png,right,ok,tracking,1230,0.211111,1230,1230,23,11.130642,5.08265293325,-615.174485621,0
774,000774.png,center,ok,from_left_right,,,,,10,,,,
775,000775.png,left,ok,tracking,1753,0.844444,1753,1753,11,142.469846,-1.30180621396,518.218820662,0
775,000775.png,right,ok,tracking,1070,0.194444,1070,1070,23,10.606040,5.34033925928,-667.696245541,0
775,000775.png,center,ok,from_left_right,,,,,11,,,,
776,000776.png,left,ok,tracking,1790,0.850000,1790,1790,11,142.867961,-1.32070133292,519.484393476,0
776,000776.png,right,rejected_side_geometry,tracking,988,0.183333,0,0,0,10.157606,5.58145858597,-716.597486744,6
776,000776.png,center,not_published,from_left_right,,,,,0,,,,
777,000777.png,left,ok,tracking,1777,0.833333,1777,1777,10,143.453054,-1.34910917829,523.994615717,0
777,000777.png,right,insufficient_row_coverage,init,0,0.000000,0,0,0,0.000000,0,0,6
777,000777.png,center,not_published,from_left_right,,,,,0,,,,
778,000778.png,left,ok,tracking,1832,0.838889,1832,1832,10,144.009944,-1.37688440072,523.404598765,0
778,000778.png,right,insufficient_row_coverage,init,0,0.000000,0,0,0,0.000000,0,0,6
778,000778.png,center,not_published,from_left_right,,,,,0,,,,
779,000779.png,left,ok,tracking,1841,0.833333,1841,1841,10,144.493392,-1.40160631513,527.388280853,0
779,000779.png,right,insufficient_row_coverage,init,0,0.000000,0,0,0,0.000000,0,0,6
779,000779.png,center,not_published,from_left_right,,,,,0,,,,
780,000780.png,left,ok,tracking,1874,0.827778,1874,1874,10,145.266523,-1.4423820028,534.714308528,0
780,000780.png,right,insufficient_row_coverage,init,0,0.000000,0,0,0,0.000000,0,0,6
780,000780.png,center,not_published,from_left_right,,,,,0,,,,
781,000781.png,left,ok,tracking,1885,0.822222,1885,1885,9,145.914266,-1.47778630173,539.03456258,0
781,000781.png,right,insufficient_row_coverage,init,0,0.000000,0,0,0,0.000000,0,0,6
781,000781.png,center,not_published,from_left_right,,,,,0,,,,
782,000782.png,left,ok,tracking,1893,0.811111,1893,1893,9,146.607768,-1.51702711194,547.757878456,0
782,000782.png,right,insufficient_row_coverage,init,0,0.000000,0,0,0,0.000000,0,0,6
782,000782.png,center,not_published,from_left_right,,,,,0,,,,
783,000783.png,left,ok,tracking,1870,0.800000,1870,1870,9,147.138684,-1.54805543923,552.256733596,0
783,000783.png,right,insufficient_row_coverage,init,0,0.000000,0,0,0,0.000000,0,0,6
783,000783.png,center,not_published,from_left_right,,,,,0,,,,
784,000784.png,left,ok,tracking,1858,0.788889,1858,1858,9,147.713261,-1.58265443055,559.065212532,0
784,000784.png,right,ok,init,2534,0.244444,2534,2534,23,10.404518,5.44615272292,-703.07917882,0
784,000784.png,center,ok,from_left_right,,,,,9,,,,
785,000785.png,left,ok,tracking,1832,0.761111,1832,1832,8,148.061861,-1.60418602401,563.855462753,0
785,000785.png,right,ok,tracking,1434,0.250000,1434,1434,23,11.046013,5.12258703853,-636.162709756,0
785,000785.png,center,ok,from_left_right,,,,,8,,,,
786,000786.png,left,ok,tracking,1793,0.738889,1793,1793,8,148.643742,-1.64107895193,570.939116585,0
786,000786.png,right,ok,tracking,1460,0.250000,1460,1460,23,11.302430,5.00340675074,-611.804541998,0
786,000786.png,center,ok,from_left_right,,,,,8,,,,
787,000787.png,left,ok,tracking,1753,0.700000,1753,1753,8,149.602995,-1.70466286281,585.511293764,0
787,000787.png,right,ok,tracking,1471,0.283333,1471,1471,21,11.864048,4.76014120664,-562.770577805,0
787,000787.png,center,ok,from_left_right,,,,,8,,,,
788,000788.png,left,ok,tracking,1715,0.672222,1715,1715,7,150.181500,-1.74479186247,593.179234114,0
788,000788.png,right,ok,tracking,1568,0.294444,1568,1568,21,12.166278,4.63839837411,-539.30732914,0
788,000788.png,center,ok,from_left_right,,,,,7,,,,
789,000789.png,left,ok,tracking,1681,0.655556,1681,1681,7,150.503090,-1.76771644064,598.240838005,0
789,000789.png,right,ok,tracking,1620,0.288889,1620,1620,20,11.959404,4.7210758268,-558.454139039,0
789,000789.png,center,ok,from_left_right,,,,,7,,,,
790,000790.png,left,ok,tracking,1649,0.627778,1649,1649,7,150.898533,-1.79653716088,605.277734352,0
790,000790.png,right,ok,tracking,1635,0.300000,1635,1635,21,12.069363,4.67678276867,-551.396834644,0
790,000790.png,center,ok,from_left_right,,,,,7,,,,
791,000791.png,left,ok,tracking,1596,0.600000,1596,1596,6,151.388259,-1.83323580361,612.148588538,0
791,000791.png,right,ok,tracking,1657,0.322222,1657,1657,18,12.369514,4.55982798483,-529.120401737,0
791,000791.png,center,ok,from_left_right,,,,,6,,,,
792,000792.png,left,ok,tracking,1526,0.572222,1526,1526,6,151.940487,-1.87602296255,621.645431996,0
792,000792.png,right,ok,tracking,1732,0.344444,1732,1732,18,12.684235,4.44304962904,-507.150455731,0
792,000792.png,center,ok,from_left_right,,,,,6,,,,
793,000793.png,left,ok,tracking,1485,0.538889,1485,1485,6,152.321536,-1.90646005712,627.871378548,0
793,000793.png,right,ok,tracking,1842,0.338889,1842,1842,19,12.605710,4.47164946627,-515.672222932,0
793,000793.png,center,ok,from_left_right,,,,,6,,,,
794,000794.png,left,ok,tracking,1424,0.511111,1424,1424,6,152.563619,-1.92620102986,630.54356898,0
794,000794.png,right,ok,tracking,1834,0.338889,1834,1834,18,12.402995,4.54712764379,-534.397457436,0
794,000794.png,center,ok,from_left_right,,,,,6,,,,
795,000795.png,left,ok,tracking,1333,0.483333,1333,1333,5,152.778499,-1.94399484471,634.835838536,0
795,000795.png,right,ok,tracking,1859,0.338889,1859,1859,17,12.533864,4.49812563158,-526.578040649,0
795,000795.png,center,ok,from_left_right,,,,,5,,,,
796,000796.png,left,ok,tracking,1250,0.450000,1250,1250,5,153.417181,-1.99845046473,646.977032492,0
796,000796.png,right,ok,tracking,1900,0.350000,1900,1900,17,12.874636,4.37512862073,-503.244009685,0
796,000796.png,center,ok,from_left_right,,,,,5,,,,
797,000797.png,left,ok,tracking,1160,0.405556,1160,1160,5,153.755291,-2.0282715933,651.05496931,0
797,000797.png,right,ok,tracking,2010,0.355556,2010,2010,17,12.787567,4.40594177353,-512.734866146,0
797,000797.png,center,ok,from_left_right,,,,,5,,,,
798,000798.png,left,ok,tracking,1008,0.361111,1008,1008,4,153.945431,-2.04535742186,654.486081484,0
798,000798.png,right,ok,tracking,2082,0.350000,2082,2082,17,12.406220,4.54590760037,-544.789535564,0
798,000798.png,center,ok,from_left_right,,,,,4,,,,
799,000799.png,left,ok,tracking,874,0.316667,874,874,4,153.923511,-2.04337586324,651.665164156,0
799,000799.png,right,ok,tracking,2164,0.361111,2164,2164,17,12.389651,4.5521811335,-548.263678047,0
799,000799.png,center,ok,from_left_right,,,,,4,,,,
800,000800.png,left,ok,tracking,722,0.266667,722,722,4,153.982971,-2.04875813667,649.004315859,0
800,000800.png,right,ok,tracking,2127,0.372222,2127,2127,20,12.438979,4.53355280684,-546.882840336,0
800,000800.png,center,ok,from_left_right,,,,,4,,,,
801,000801.png,left,ok,tracking,537,0.205556,537,537,3,153.919108,-2.04297823,644.043577643,0
801,000801.png,right,ok,tracking,2110,0.372222,2110,2110,17,12.700832,4.43704944695,-528.967775542,0
801,000801.png,center,ok,from_left_right,,,,,3,,,,
802,000802.png,left,ok,tracking,223,0.105556,223,223,3,151.854005,-1.86922057928,585.328115714,0
802,000802.png,right,ok,tracking,2137,0.383333,2137,2137,18,12.715243,4.43185204184,-530.382648801,0
802,000802.png,center,ok,from_left_right,,,,,3,,,,
803,000803.png,left,insufficient_row_coverage,init,0,0.000000,0,0,0,0.000000,0,0,6
803,000803.png,right,ok,tracking,2210,0.388889,2210,2210,20,12.581088,4.48068953827,-542.734335067,0
803,000803.png,center,not_published,from_left_right,,,,,0,,,,
804,000804.png,left,insufficient_row_coverage,init,0,0.000000,0,0,0,0.000000,0,0,6
804,000804.png,right,ok,tracking,2147,0.394444,2147,2147,18,12.614419,4.46846025287,-543.40340405,0
804,000804.png,center,not_published,from_left_right,,,,,0,,,,
805,000805.png,left,insufficient_row_coverage,init,0,0.000000,0,0,0,0.000000,0,0,6
805,000805.png,right,ok,tracking,2275,0.400000,2275,2275,20,12.911745,4.36212020317,-522.60743688,0
805,000805.png,center,not_published,from_left_right,,,,,0,,,,
806,000806.png,left,insufficient_row_coverage,init,0,0.000000,0,0,0,0.000000,0,0,6
806,000806.png,right,ok,tracking,2329,0.405556,2329,2329,20,12.992425,4.33408991968,-517.96058151,0
806,000806.png,center,not_published,from_left_right,,,,,0,,,,
807,000807.png,left,insufficient_row_coverage,init,0,0.000000,0,0,0,0.000000,0,0,6
807,000807.png,right,ok,tracking,2291,0.411111,2291,2291,20,13.230211,4.25343234373,-503.044773002,0
807,000807.png,center,not_published,from_left_right,,,,,0,,,,
808,000808.png,left,insufficient_row_coverage,init,0,0.000000,0,0,0,0.000000,0,0,6
808,000808.png,right,ok,tracking,2332,0.411111,2332,2332,20,13.129951,4.28709095242,-511.263259856,0
808,000808.png,center,not_published,from_left_right,,,,,0,,,,
809,000809.png,left,insufficient_row_coverage,init,0,0.000000,0,0,0,0.000000,0,0,6
809,000809.png,right,ok,tracking,2335,0.411111,2335,2335,20,13.148730,4.28074824217,-511.046680584,0
809,000809.png,center,not_published,from_left_right,,,,,0,,,,
810,000810.png,left,insufficient_row_coverage,init,0,0.000000,0,0,0,0.000000,0,0,6
810,000810.png,right,ok,tracking,2355,0.416667,2355,2355,20,13.216308,4.25807002708,-506.994992771,0
810,000810.png,center,not_published,from_left_right,,,,,0,,,,
811,000811.png,left,insufficient_row_coverage,init,0,0.000000,0,0,0,0.000000,0,0,6
811,000811.png,right,ok,tracking,2351,0.416667,2351,2351,20,13.175810,4.27163300264,-510.299457032,0
811,000811.png,center,not_published,from_left_right,,,,,0,,,,
812,000812.png,left,insufficient_row_coverage,init,0,0.000000,0,0,0,0.000000,0,0,6
812,000812.png,right,ok,tracking,2358,0.416667,2358,2358,20,13.184470,4.26872577162,-509.725388678,0
812,000812.png,center,not_published,from_left_right,,,,,0,,,,
813,000813.png,left,insufficient_row_coverage,init,0,0.000000,0,0,0,0.000000,0,0,6
813,000813.png,right,ok,tracking,2336,0.416667,2336,2336,20,13.022449,4.32374620789,-520.969189758,0
813,000813.png,center,not_published,from_left_right,,,,,0,,,,
814,000814.png,left,insufficient_row_coverage,init,0,0.000000,0,0,0,0.000000,0,0,6
814,000814.png,right,ok,tracking,2327,0.411111,2327,2327,21,12.887717,4.3705346495,-529.411977756,0
814,000814.png,center,not_published,from_left_right,,,,,0,,,,
815,000815.png,left,insufficient_row_coverage,init,0,0.000000,0,0,0,0.000000,0,0,6
815,000815.png,right,ok,tracking,2321,0.411111,2321,2321,21,12.998656,4.3319396204,-520.70501845,0
815,000815.png,center,not_published,from_left_right,,,,,0,,,,
816,000816.png,left,insufficient_row_coverage,init,0,0.000000,0,0,0,0.000000,0,0,6
816,000816.png,right,ok,tracking,2343,0.416667,2343,2343,21,13.186760,4.26795766409,-507.026626191,0
816,000816.png,center,not_published,from_left_right,,,,,0,,,,
817,000817.png,left,ok,init,280,0.133333,280,202,17,100.559767,-0.186418210388,217.550586989,0
817,000817.png,right,ok,tracking,2346,0.422222,2346,2346,21,13.447682,4.18211922987,-489.4756554,0
817,000817.png,center,ok,from_left_right,,,,,17,,,,
818,000818.png,left,ok,tracking,313,0.150000,313,240,17,114.143555,-0.448234213841,270.555875582,0
818,000818.png,right,ok,tracking,2332,0.422222,2332,2332,21,13.285694,4.23502048487,-499.673293107,0
818,000818.png,center,ok,from_left_right,,,,,17,,,,
819,000819.png,left,ok,tracking,357,0.155556,357,267,17,114.632442,-0.458520841234,271.633842406,0
819,000819.png,right,ok,tracking,2339,0.411111,2339,2339,21,13.071285,4.30702104421,-514.003341985,0
819,000819.png,center,ok,from_left_right,,,,,17,,,,
820,000820.png,left,ok,tracking,373,0.166667,373,293,17,122.237861,-0.630656849502,307.21454146,0
820,000820.png,right,ok,tracking,2354,0.422222,2354,2354,21,13.357068,4.2115563616,-494.38658985,0
820,000820.png,center,ok,from_left_right,,,,,17,,,,
821,000821.png,left,ok,tracking,381,0.172222,381,318,17,131.767581,-0.893085569769,362.178049944,0
821,000821.png,right,ok,tracking,2383,0.427778,2383,2383,21,13.513546,4.16096583797,-483.902676569,0
821,000821.png,center,ok,from_left_right,,,,,17,,,,
822,000822.png,left,ok,tracking,398,0.177778,398,353,16,137.911375,-1.10716374417,408.516772409,0
822,000822.png,right,ok,tracking,2337,0.427778,2337,2337,21,13.672763,4.11065630366,-473.876202311,0
822,000822.png,center,ok,from_left_right,,,,,16,,,,
823,000823.png,left,ok,tracking,441,0.183333,441,390,17,141.730790,-1.26761957686,442.724882074,0
823,000823.png,right,ok,tracking,2332,0.444444,2332,2332,21,14.116125,3.97643006249,-447.602409021,0
823,000823.png,center,ok,from_left_right,,,,,17,,,,
824,000824.png,left,ok,tracking,474,0.200000,474,436,16,145.675680,-1.464609365,485.158060863,0
824,000824.png,right,ok,tracking,2348,0.444444,2348,2348,21,14.125216,3.97376437409,-448.123954526,0
824,000824.png,center,ok,from_left_right,,,,,16,,,,
825,000825.png,left,ok,tracking,504,0.205556,504,499,16,150.777540,-1.78764343211,558.280130275,0
825,000825.png,right,ok,tracking,2354,0.450000,2354,2354,21,14.285507,3.92730667552,-440.104474351,0
825,000825.png,center,ok,from_left_right,,,,,16,,,,
826,000826.png,left,ok,tracking,571,0.227778,571,548,16,150.641302,-1.77770922647,555.478374723,0
826,000826.png,right,ok,tracking,2382,0.461111,2382,2382,21,14.662600,3.82193554769,-420.04461622,0
826,000826.png,center,ok,from_left_right,,,,,16,,,,
827,000827.png,left,ok,tracking,640,0.238889,640,611,17,151.681897,-1.85579661413,572.307995685,0
827,000827.png,right,ok,tracking,2416,0.472222,2416,2416,20,14.851146,3.77121398814,-411.024253932,0
827,000827.png,center,ok,from_left_right,,,,,17,,,,
828,000828.png,left,ok,tracking,717,0.255556,717,687,17,152.129955,-1.89106140622,581.215373454,0
828,000828.png,right,ok,tracking,2428,0.477778,2428,2428,20,14.958295,3.74294638023,-406.9058603,0
828,000828.png,center,ok,from_left_right,,,,,17,,,,
829,000829.png,left,ok,tracking,746,0.255556,746,746,16,155.490602,-2.19334627033,649.989474409,0
829,000829.png,right,ok,tracking,2445,0.472222,2445,2445,20,14.846470,3.77245656008,-413.573963642,0
829,000829.png,center,ok,from_left_right,,,,,16,,,,
830,000830.png,left,ok,tracking,830,0.283333,830,829,16,156.092801,-2.2558630182,664.500256249,0
830,000830.png,right,ok,tracking,2449,0.477778,2449,2449,21,15.029221,3.72445197207,-404.264916524,0
830,000830.png,center,ok,from_left_right,,,,,16,,,,
831,000831.png,left,ok,tracking,924,0.300000,924,923,16,156.847751,-2.33855554211,683.997899143,0
831,000831.png,right,ok,tracking,2465,0.483333,2465,2465,21,15.111291,3.70326305759,-400.373538795,0
831,000831.png,center,ok,from_left_right,,,,,16,,,,
832,000832.png,left,ok,tracking,1007,0.316667,1007,1007,15,157.732842,-2.44223849148,708.751994344,0
832,000832.png,right,ok,tracking,2453,0.483333,2453,2453,21,15.100541,3.70602574208,-401.057514433,0
832,000832.png,center,ok,from_left_right,,,,,15,,,,
833,000833.png,left,ok,tracking,1153,0.344444,1153,1153,15,158.250498,-2.50658311146,724.890525769,0
833,000833.png,right,ok,tracking,2473,0.488889,2473,2473,20,15.125108,3.69971781788,-399.424833425,0
833,000833.png,center,ok,from_left_right,,,,,15,,,,
834,000834.png,left,ok,tracking,1285,0.377778,1285,1285,14,158.726572,-2.56838619547,738.822354298,0
834,000834.png,right,ok,tracking,2414,0.483333,2414,2414,21,14.962361,3.74188150521,-406.833656842,0
834,000834.png,center,ok,from_left_right,,,,,14,,,,
835,000835.png,left,ok,tracking,1433,0.411111,1433,1433,13,159.100902,-2.61886488175,752.76004344,0
835,000835.png,right,ok,tracking,2405,0.477778,2405,2405,21,14.841545,3.77376631576,-411.919952734,0
835,000835.png,center,ok,from_left_right,,,,,13,,,,
836,000836.png,left,ok,tracking,1622,0.450000,1622,1622,13,159.761338,-2.71227126916,774.655483614,0
836,000836.png,right,ok,tracking,2379,0.472222,2379,2379,21,14.896082,3.75931084798,-407.152694956,0
836,000836.png,center,ok,from_left_right,,,,,13,,,,
837,000837.png,left,ok,tracking,1647,0.461111,1647,1647,12,159.847347,-2.72486679545,779.169464348,0
837,000837.png,right,ok,tracking,2368,0.472222,2368,2368,21,14.942013,3.74721643618,-402.892501828,0
837,000837.png,center,ok,from_left_right,,,,,12,,,,
838,000838.png,left,ok,tracking,1663,0.466667,1663,1663,12,159.913426,-2.73461380908,783.568002792,0
838,000838.png,right,ok,tracking,2362,0.472222,2362,2362,21,15.046282,3.72002848698,-396.093004932,0
838,000838.png,center,ok,from_left_right,,,,,12,,,,
839,000839.png,left,ok,tracking,1682,0.472222,1682,1682,13,159.942358,-2.73890076085,784.494995429,0
839,000839.png,right,ok,tracking,2323,0.472222,2323,2323,21,15.036973,3.72244088914,-394.18697101,0
839,000839.png,center,ok,from_left_right,,,,,13,,,,
840,000840.png,left,ok,tracking,1667,0.466667,1667,1667,12,159.968191,-2.7427387056,788.081266605,0
840,000840.png,right,ok,tracking,2307,0.466667,2307,2307,21,15.045699,3.72017944418,-391.670262885,0
840,000840.png,center,ok,from_left_right,,,,,12,,,,
841,000841.png,left,ok,tracking,1671,0.461111,1671,1671,12,160.242151,-2.78403146883,797.699650392,0
841,000841.png,right,ok,tracking,2282,0.466667,2282,2282,21,15.227631,3.67360865119,-379.52953853,0
841,000841.png,center,ok,from_left_right,,,,,12,,,,
842,000842.png,left,ok,tracking,1707,0.466667,1707,1707,12,160.410799,-2.81000207438,804.561105175,0
842,000842.png,right,ok,tracking,2297,0.472222,2297,2297,21,15.438883,3.62087740964,-367.0715156,0
842,000842.png,center,ok,from_left_right,,,,,12,,,,
843,000843.png,left,ok,tracking,1730,0.472222,1730,1730,12,160.401564,-2.80856887862,805.939848388,0
843,000843.png,right,ok,tracking,2286,0.466667,2286,2286,21,15.434584,3.62193649275,-365.34903999,0
843,000843.png,center,ok,from_left_right,,,,,12,,,,
844,000844.png,left,ok,tracking,1722,0.466667,1722,1722,12,160.418627,-2.81121800387,808.199907053,0
844,000844.png,right,ok,tracking,2277,0.466667,2277,2277,21,15.413548,3.62712685639,-363.782983565,0
844,000844.png,center,ok,from_left_right,,,,,12,,,,
845,000845.png,left,ok,tracking,1725,0.466667,1725,1725,12,160.508153,-2.82519039433,811.131646007,0
845,000845.png,right,ok,tracking,2237,0.461111,2237,2237,21,15.400687,3.63030717532,-361.322637129,0
845,000845.png,center,ok,from_left_right,,,,,12,,,,
846,000846.png,left,ok,tracking,1732,0.466667,1732,1732,12,160.492331,-2.82271217711,812.661169314,0
846,000846.png,right,ok,tracking,2207,0.455556,2207,2207,21,15.389609,3.63305051319,-359.163184984,0
846,000846.png,center,ok,from_left_right,,,,,12,,,,
847,000847.png,left,ok,tracking,1724,0.461111,1724,1724,11,160.530024,-2.82862266106,816.259522993,0
847,000847.png,right,ok,tracking,2193,0.450000,2193,2193,21,15.397727,3.63103970519,-356.149316337,0
847,000847.png,center,ok,from_left_right,,,,,11,,,,
848,000848.png,left,ok,tracking,1734,0.466667,1734,1734,11,160.481730,-2.82105369245,815.756605953,0
848,000848.png,right,ok,tracking,2161,0.444444,2161,2161,21,15.292260,3.65732551182,-358.400993587,0
848,000848.png,center,ok,from_left_right,,,,,11,,,,
849,000849.png,left,ok,tracking,1718,0.461111,1718,1718,11,160.575660,-2.83580820586,823.235596392,0
849,000849.png,right,ok,tracking,2185,0.444444,2185,2185,21,15.392660,3.63229453104,-352.481048402,0
849,000849.png,center,ok,from_left_right,,,,,11,,,,
850,000850.png,left,ok,tracking,1748,0.461111,1748,1748,11,160.563535,-2.83389584793,823.179840328,0
850,000850.png,right,ok,tracking,2152,0.433333,2152,2152,21,15.225190,3.6742263491,-358.180948475,0
850,000850.png,center,ok,from_left_right,,,,,11,,,,
851,000851.png,left,ok,tracking,1739,0.461111,1739,1739,10,160.536919,-2.82970615699,824.632784075,0
851,000851.png,right,ok,tracking,2153,0.433333,2153,2153,21,15.313050,3.65211584442,-352.765065665,0
851,000851.png,center,ok,from_left_right,,,,,10,,,,
852,000852.png,left,ok,tracking,1739,0.466667,1739,1739,10,160.452418,-2.81647727473,825.491070676,0
852,000852.png,right,ok,tracking,2143,0.433333,2143,2143,21,15.197846,3.68115850363,-357.627865147,0
852,000852.png,center,ok,from_left_right,,,,,10,,,,
853,000853.png,left,ok,tracking,1736,0.466667,1736,1736,10,160.388398,-2.80652783718,823.85293642,0
853,000853.png,right,ok,tracking,2116,0.422222,2116,2116,21,14.949769,3.74518131701,-368.572203811,0
853,000853.png,center,ok,from_left_right,,,,,10,,,,
854,000854.png,left,ok,tracking,1748,0.466667,1748,1748,9,160.314173,-2.79507005495,823.811018111,0
854,000854.png,right,ok,tracking,2120,0.422222,2120,2120,21,14.950559,3.74497403691,-367.725072894,0
854,000854.png,center,ok,from_left_right,,,,,9,,,,
855,000855.png,left,ok,tracking,1727,0.466667,1727,1727,9,160.088131,-2.76068252193,818.66336899,0
855,000855.png,right,ok,tracking,2093,0.411111,2093,2093,21,14.682324,3.81656989986,-380.710506212,0
855,000855.png,center,ok,from_left_right,,,,,9,,,,
856,000856.png,left,ok,tracking,1737,0.466667,1737,1737,9,159.971324,-2.74320479242,818.398768032,0
856,000856.png,right,ok,tracking,2095,0.411111,2095,2095,21,14.674467,3.81870548957,-380.574644827,0
856,000856.png,center,ok,from_left_right,,,,,9,,,,
857,000857.png,left,ok,tracking,1705,0.466667,1705,1705,8,159.751872,-2.71089137302,814.744626272,0
857,000857.png,right,ok,tracking,2121,0.405556,2121,2121,21,14.555771,3.85124423412,-386.912962924,0
857,000857.png,center,ok,from_left_right,,,,,8,,,,
858,000858.png,left,ok,tracking,1704,0.466667,1704,1704,8,159.645852,-2.69551959455,811.4581994,0
858,000858.png,right,ok,tracking,2101,0.400000,2101,2101,21,14.328445,3.91503470633,-398.633805251,0
858,000858.png,center,ok,from_left_right,,,,,8,,,,
859,000859.png,left,ok,tracking,1648,0.455556,1648,1648,7,159.591450,-2.68769124619,810.175838419,0
859,000859.png,right,ok,tracking,2102,0.400000,2102,2102,21,14.395006,3.89615261623,-394.398348821,0
859,000859.png,center,ok,from_left_right,,,,,7,,,,
860,000860.png,left,ok,tracking,1594,0.450000,1594,1594,7,159.447352,-2.66714768918,807.494686167,0
860,000860.png,right,ok,tracking,2098,0.394444,2098,2098,21,14.271205,3.93141011206,-401.182692812,0
860,000860.png,center,ok,from_left_right,,,,,7,,,,
861,000861.png,left,ok,tracking,1587,0.444444,1587,1587,7,159.356560,-2.65434467784,803.637788495,0
861,000861.png,right,ok,tracking,2098,0.388889,2098,2098,21,14.118580,3.97570996989,-409.166364593,0
861,000861.png,center,ok,from_left_right,,,,,7,,,,
862,000862.png,left,ok,tracking,1541,0.433333,1541,1541,7,159.161752,-2.6272340097,798.631323184,0
862,000862.png,right,ok,tracking,2111,0.388889,2111,2111,21,14.077397,3.98782454229,-411.250743973,0
862,000862.png,center,ok,from_left_right,,,,,7,,,,
863,000863.png,left,ok,tracking,1446,0.416667,1446,1446,6,159.177792,-2.62944792222,796.713255063,0
863,000863.png,right,ok,tracking,2076,0.383333,2076,2076,21,13.841956,4.05843906807,-424.97907182,0
863,000863.png,center,ok,from_left_right,,,,,6,,,,
864,000864.png,left,ok,tracking,1392,0.400000,1392,1392,6,159.160059,-2.62700063693,794.250653524,0
864,000864.png,right,ok,tracking,2049,0.372222,2049,2049,21,13.555257,4.14767383487,-441.534145914,0
864,000864.png,center,ok,from_left_right,,,,,6,,,,
865,000865.png,left,ok,tracking,1311,0.377778,1311,1311,6,159.033575,-2.6096588624,791.707285676,0
865,000865.png,right,ok,tracking,2058,0.366667,2058,2058,21,13.418821,4.191452618,-449.25498576,0
865,000865.png,center,ok,from_left_right,,,,,6,,,,
866,000866.png,left,ok,tracking,1234,0.361111,1234,1234,5,159.094301,-2.61795981916,792.781862442,0
866,000866.png,right,ok,tracking,2036,0.366667,2036,2036,21,13.377560,4.20486498901,-450.823339592,0
866,000866.png,center,ok,from_left_right,,,,,5,,,,
867,000867.png,left,ok,tracking,1145,0.333333,1145,1145,5,158.908118,-2.59265418356,784.577168184,0
867,000867.png,right,ok,tracking,1984,0.361111,1984,1984,21,13.214239,4.25876071002,-460.621374098,0
867,000867.png,center,ok,from_left_right,,,,,5,,,,
868,000868.png,left,ok,tracking,1030,0.305556,1030,1030,5,158.746334,-2.57100868596,779.615970727,0
868,000868.png,right,ok,tracking,1913,0.355556,1913,1913,21,12.989558,4.33508035745,-475.351690701,0
868,000868.png,center,ok,from_left_right,,,,,5,,,,
869,000869.png,left,ok,tracking,897,0.272222,897,897,4,158.557084,-2.54608393781,771.375008398,0
869,000869.png,right,ok,tracking,1787,0.344444,1787,1787,21,12.753696,4.41804008333,-490.785789435,0
869,000869.png,center,ok,from_left_right,,,,,4,,,,
870,000870.png,left,ok,tracking,771,0.233333,771,771,4,158.413106,-2.52740056045,768.342854185,0
870,000870.png,right,ok,tracking,1829,0.344444,1829,1829,21,12.762299,4.41496106723,-489.555731125,0
870,000870.png,center,ok,from_left_right,,,,,4,,,,
871,000871.png,left,ok,tracking,588,0.200000,588,588,4,157.554830,-2.42076322986,737.289469949,0
871,000871.png,right,ok,tracking,1767,0.338889,1767,1767,22,12.715054,4.43192015877,-493.542936587,0
871,000871.png,center,ok,from_left_right,,,,,4,,,,
872,000872.png,left,ok,tracking,367,0.133333,367,367,3,156.612372,-2.31223332519,705.493155005,0
872,000872.png,right,ok,tracking,1735,0.327778,1735,1735,22,12.509460,4.50718671997,-509.002674705,0
872,000872.png,center,ok,from_left_right,,,,,3,,,,
873,000873.png,left,insufficient_row_coverage,init,130,0.061111,0,0,0,0.000000,0,0,6
873,000873.png,right,ok,tracking,1703,0.322222,1703,1703,23,12.387018,4.55317972053,-519.509045289,0
873,000873.png,center,not_published,from_left_right,,,,,0,,,,
874,000874.png,left,insufficient_row_coverage,init,139,0.066667,0,0,0,0.000000,0,0,6
874,000874.png,right,ok,tracking,1708,0.311111,1708,1708,23,12.192251,4.62821359028,-535.326741593,0
874,000874.png,center,not_published,from_left_right,,,,,0,,,,
875,000875.png,left,ok,init,276,0.138889,276,276,23,151.417279,-1.83544653901,614.777969351,0
875,000875.png,right,ok,tracking,1667,0.305556,1667,1667,23,12.074764,4.6746276321,-545.395370507,0
875,000875.png,center,ok,from_left_right,,,,,23,,,,
876,000876.png,left,ok,tracking,380,0.177778,380,380,23,151.428825,-1.83632731329,614.808129607,0
876,000876.png,right,ok,tracking,1683,0.305556,1683,1683,23,12.121222,4.65616837779,-542.718685523,0
876,000876.png,center,ok,from_left_right,,,,,23,,,,
877,000877.png,left,ok,tracking,405,0.177778,405,405,23,152.600439,-1.92923173729,633.083881797,0
877,000877.png,right,ok,tracking,1677,0.300000,1677,1677,23,12.029319,4.69282080886,-550.929928386,0
877,000877.png,center,ok,from_left_right,,,,,23,,,,
878,000878.png,left,ok,tracking,359,0.155556,359,359,23,153.311124,-1.98924074925,644.401027573,0
878,000878.png,right,ok,tracking,1675,0.300000,1675,1675,23,12.054981,4.68253089073,-548.304465021,0
878,000878.png,center,ok,from_left_right,,,,,23,,,,
879,000879.png,left,ok,tracking,413,0.172222,413,413,23,153.614526,-2.01577000327,649.694096622,0
879,000879.png,right,ok,tracking,1720,0.311111,1720,1720,22,12.237655,4.61051155481,-534.124151533,0
879,000879.png,center,ok,from_left_right,,,,,22,,,,
880,000880.png,left,ok,tracking,445,0.183333,445,445,23,153.932502,-2.04418831511,655.520276298,0
880,000880.png,right,ok,tracking,1739,0.316667,1739,1739,23,12.344334,4.56942418784,-525.645634375,0
880,000880.png,center,ok,from_left_right,,,,,23,,,,
881,000881.png,left,insufficient_row_coverage,init,260,0.094444,0,0,0,0.000000,0,0,6
881,000881.png,right,ok,tracking,1760,0.316667,1760,1760,21,12.396220,4.54969205263,-522.383825858,0
881,000881.png,center,not_published,from_left_right,,,,,0,,,,
882,000882.png,left,ok,init,559,0.211111,559,559,23,154.879925,-2.13282572544,678.143951,0
882,000882.png,right,ok,tracking,1751,0.316667,1751,1751,23,12.388676,4.55255092697,-523.113918458,0
882,000882.png,center,ok,from_left_right,,,,,23,,,,
883,000883.png,left,ok,tracking,307,0.111111,307,307,23,153.187963,-1.97863055297,646.494034383,0
883,000883.png,right,ok,tracking,1778,0.327778,1778,1778,22,12.563636,4.48711790613,-508.76914459,0
883,000883.png,center,ok,from_left_right,,,,,22,,,,
884,000884.png,left,ok,tracking,726,0.255556,726,726,23,155.705880,-2.21536062681,697.250941435,0
884,000884.png,right,ok,tracking,1852,0.344444,1852,1852,21,12.868275,4.37736584078,-487.777136012,0
884,000884.png,center,ok,from_left_right,,,,,21,,,,
885,000885.png,left,ok,tracking,708,0.250000,708,708,23,156.154754,-2.26246291402,708.687848756,0
885,000885.png,right,ok,tracking,1893,0.355556,1893,1893,21,12.912984,4.36168698474,-485.79466171,0
885,000885.png,center,ok,from_left_right,,,,,21,,,,
886,000886.png,left,ok,tracking,759,0.272222,759,759,23,156.100217,-2.25665130289,707.096361364,0
886,000886.png,right,ok,tracking,1792,0.344444,1792,1792,21,12.630988,4.46240461664,-504.225831703,0
886,000886.png,center,ok,from_left_right,,,,,21,,,,
887,000887.png,left,ok,init,425,0.138889,425,425,23,155.856240,-2.23095516144,704.246833374,0
887,000887.png,right,ok,tracking,1904,0.355556,1904,1904,21,13.136077,4.28501971661,-469.959889874,0
887,000887.png,center,ok,from_left_right,,,,,21,,,,
888,000888.png,left,ok,tracking,427,0.138889,427,427,23,156.164270,-2.26347954536,708.528695254,0
888,000888.png,right,ok,tracking,1908,0.355556,1908,1908,21,13.012512,4.32716444987,-477.617992867,0
888,000888.png,center,ok,from_left_right,,,,,21,,,,
889,000889.png,left,ok,tracking,448,0.144444,448,448,23,156.446390,-2.2939705381,713.711451884,0
889,000889.png,right,ok,tracking,1934,0.355556,1934,1934,21,13.185417,4.26840821016,-465.144624338,0
889,000889.png,center,ok,from_left_right,,,,,21,,,,
890,000890.png,left,ok,tracking,588,0.194444,588,588,23,157.638494,-2.43081596974,743.567362206,0
890,000890.png,right,ok,tracking,2008,0.366667,2008,2008,21,13.533150,4.15470861003,-443.651576803,0
890,000890.png,center,ok,from_left_right,,,,,21,,,,
891,000891.png,left,ok,tracking,476,0.150000,476,476,23,157.061276,-2.36287516002,725.692330871,0
891,000891.png,right,ok,tracking,1935,0.361111,1935,1935,21,13.379827,4.20412606106,-451.706300579,0
891,000891.png,center,ok,from_left_right,,,,,21,,,,
892,000892.png,left,ok,tracking,485,0.150000,485,485,23,157.652241,-2.43247460797,735.224013506,0
892,000892.png,right,ok,tracking,1742,0.355556,1742,1742,21,13.309559,4.22714755545,-451.355665699,0
892,000892.png,center,ok,from_left_right,,,,,21,,,,
893,000893.png,left,ok,tracking,509,0.155556,509,509,23,158.251124,-2.50666271857,748.409254716,0
893,000893.png,right,ok,tracking,1770,0.350000,1770,1770,21,13.369283,4.20756539054,-443.922804443,0
893,000893.png,center,ok,from_left_right,,,,,21,,,,
894,000894.png,left,ok,tracking,575,0.172222,575,575,23,158.670198,-2.56093071457,759.137168258,0
894,000894.png,right,ok,tracking,1807,0.350000,1807,1807,21,13.463764,4.17693547171,-437.781508408,0
894,000894.png,center,ok,from_left_right,,,,,21,,,,
895,000895.png,left,ok,tracking,653,0.188889,653,653,23,158.884741,-2.58950698425,766.33602109,0
895,000895.png,right,ok,tracking,1873,0.361111,1873,1873,21,13.674895,4.10999040371,-426.619659811,0
895,000895.png,center,ok,from_left_right,,,,,21,,,,
896,000896.png,left,ok,tracking,716,0.205556,716,716,23,159.180475,-2.62981858332,774.488252855,0
896,000896.png,right,ok,tracking,1927,0.366667,1927,1927,21,13.852734,4.05515506077,-418.050542324,0
896,000896.png,center,ok,from_left_right,,,,,21,,,,
897,000897.png,left,ok,tracking,799,0.227778,799,799,23,159.361863,-2.65508957696,782.919520266,0
897,000897.png,right,ok,tracking,1957,0.366667,1957,1957,21,13.845363,4.0574005737,-421.566576572,0
897,000897.png,center,ok,from_left_right,,,,,21,,,,
898,000898.png,left,ok,tracking,905,0.255556,905,905,23,159.490358,-2.67325001124,791.358193352,0
898,000898.png,right,ok,tracking,1992,0.377778,1992,1992,21,14.219846,3.94621339942,-401.652468884,0
898,000898.png,center,ok,from_left_right,,,,,21,,,,
899,000899.png,left,ok,tracking,1030,0.294444,1030,1030,21,159.671012,-2.69915357935,800.115856508,0
899,000899.png,right,ok,tracking,1988,0.394444,1988,1988,21,14.678509,3.81760671326,-378.188614873,0
899,000899.png,center,ok,from_left_right,,,,,21,,,,
900,000900.png,left,ok,tracking,1150,0.316667,1150,1150,21,159.994323,-2.74663061718,806.772073992,0
900,000900.png,right,ok,tracking,2116,0.400000,2116,2116,21,14.596939,3.83989999121,-385.741772075,0
900,000900.png,center,ok,from_left_right,,,,,21,,,,
901,000901.png,left,insufficient_row_coverage,init,18,0.011111,0,0,0,0.000000,0,0,6
901,000901.png,right,ok,tracking,2125,0.400000,2125,2125,21,14.348460,3.90933881342,-402.235324023,0
901,000901.png,center,not_published,from_left_right,,,,,0,,,,
902,000902.png,left,ok,init,1392,0.377778,1392,1392,21,160.152511,-2.77040007122,812.745753254,0
902,000902.png,right,ok,tracking,2077,0.400000,2077,2077,21,14.145711,3.96776652756,-415.027021568,0
902,000902.png,center,ok,from_left_right,,,,,21,,,,
903,000903.png,left,ok,tracking,1603,0.422222,1603,1603,21,160.469442,-2.8191336164,823.849345264,0
903,000903.png,right,ok,tracking,2069,0.400000,2069,2069,21,14.157459,3.96433626211,-414.841652173,0
903,000903.png,center,ok,from_left_right,,,,,21,,,,
904,000904.png,left,ok,tracking,1824,0.477778,1824,1824,21,160.589654,-2.83801814145,827.616080375,0
904,000904.png,right,ok,tracking,2051,0.400000,2051,2051,21,14.269548,3.93188632713,-407.279677015,0
904,000904.png,center,ok,from_left_right,,,,,21,,,,
905,000905.png,left,ok,tracking,2027,0.538889,2027,2027,20,160.725259,-2.85959252726,831.835468113,0
905,000905.png,right,ok,tracking,2000,0.394444,2000,2000,21,14.245237,3.93888182973,-405.475786531,0
905,000905.png,center,ok,from_left_right,,,,,20,,,,
906,000906.png,left,ok,tracking,2042,0.544444,2042,2042,20,160.855048,-2.88051675605,841.039088849,0
906,000906.png,right,ok,tracking,2100,0.405556,2100,2100,21,14.555374,3.85135410659,-389.927160937,0
906,000906.png,center,ok,from_left_right,,,,,20,,,,
907,000907.png,left,ok,tracking,2041,0.538889,2041,2041,20,160.897339,-2.88739397446,841.77866967,0
907,000907.png,right,ok,tracking,2015,0.394444,2015,2015,21,14.360173,3.90601273691,-398.62093158,0
907,000907.png,center,ok,from_left_right,,,,,20,,,,
908,000908.png,left,ok,tracking,2032,0.533333,2032,2032,21,160.939240,-2.89423671473,841.397765297,0
908,000908.png,right,ok,tracking,1974,0.394444,1974,1974,21,14.343419,3.91077192362,-397.936640722,0
908,000908.png,center,ok,from_left_right,,,,,21,,,,
909,000909.png,left,ok,tracking,2049,0.533333,2049,2049,20,161.274976,-2.95012928202,855.396433703,0
909,000909.png,right,ok,tracking,2083,0.411111,2083,2083,21,14.904391,3.75711761884,-369.361606412,0
909,000909.png,center,ok,from_left_right,,,,,20,,,,
910,000910.png,left,ok,tracking,2042,0.527778,2042,2042,21,161.360703,-2.96471199386,856.80652917,0
910,000910.png,right,ok,tracking,2047,0.405556,2047,2047,21,14.706670,3.80996623476,-380.717491734,0
910,000910.png,center,ok,from_left_right,,,,,21,,,,
911,000911.png,left,ok,tracking,2014,0.522222,2014,2014,21,161.425988,-2.97590438403,857.874877657,0
911,000911.png,right,ok,tracking,2027,0.411111,2027,2027,21,14.805447,3.78339160286,-374.902592286,0
911,000911.png,center,ok,from_left_right,,,,,21,,,,
912,000912.png,left,ok,tracking,2044,0.522222,2044,2044,21,161.553451,-2.99797655036,864.344960007,0
912,000912.png,right,ok,tracking,2060,0.416667,2060,2060,21,14.988164,3.73513696682,-366.892173289,0
912,000912.png,center,ok,from_left_right,,,,,21,,,,
913,000913.png,left,ok,tracking,2028,0.522222,2028,2028,21,161.454114,-2.9807495333,860.665194926,0
913,000913.png,right,ok,tracking,2029,0.411111,2029,2029,21,14.832293,3.77622897541,-374.877938649,0
913,000913.png,center,ok,from_left_right,,,,,21,,,,
914,000914.png,left,ok,tracking,2036,0.522222,2036,2036,21,161.662286,-3.01705753952,868.695375659,0
914,000914.png,right,ok,tracking,2067,0.416667,2067,2067,21,15.052040,3.71853770387,-363.816866846,0
914,000914.png,center,ok,from_left_right,,,,,21,,,,
915,000915.png,left,ok,tracking,2046,0.516667,2046,2046,21,161.748349,-3.03230168121,871.604527294,0
915,000915.png,right,ok,tracking,2077,0.422222,2077,2077,21,15.199909,3.68063462866,-356.449053185,0
915,000915.png,center,ok,from_left_right,,,,,21,,,,
916,000916.png,left,ok,tracking,2040,0.516667,2040,2040,21,161.744244,-3.03157137786,871.707357719,0
916,000916.png,right,ok,tracking,2075,0.427778,2075,2075,21,15.167854,3.68878995623,-358.210833957,0
916,000916.png,center,ok,from_left_right,,,,,21,,,,
917,000917.png,left,ok,tracking,2040,0.516667,2040,2040,21,161.768930,-3.03596767786,872.65544807,0
917,000917.png,right,ok,tracking,2051,0.422222,2051,2051,21,15.104897,3.7049057203,-361.273915886,0
917,000917.png,center,ok,from_left_right,,,,,21,,,,
918,000918.png,left,ok,tracking,2005,0.511111,2005,2005,21,161.873135,-3.05465292037,875.193061052,0
918,000918.png,right,ok,tracking,2041,0.427778,2041,2041,21,15.285647,3.65898543871,-351.454762197,0
918,000918.png,center,ok,from_left_right,,,,,21,,,,
919,000919.png,left,ok,tracking,1974,0.511111,1974,1974,21,162.007819,-3.07911325032,880.494422716,0
919,000919.png,right,ok,tracking,2061,0.427778,2061,2061,21,15.417249,3.62621279039,-345.796911243,0
919,000919.png,center,ok,from_left_right,,,,,21,,,,
920,000920.png,left,insufficient_row_coverage,init,212,0.066667,0,0,0,0.000000,0,0,6
920,000920.png,right,ok,tracking,2082,0.433333,2082,2082,21,15.496006,3.60685980352,-342.890120433,0
920,000920.png,center,not_published,from_left_right,,,,,0,,,,
921,000921.png,left,insufficient_row_coverage,init,185,0.061111,0,0,0,0.000000,0,0,6
921,000921.png,right,ok,tracking,2049,0.433333,2049,2049,21,15.589120,3.58422504913,-337.760781849,0
921,000921.png,center,not_published,from_left_right,,,,,0,,,,
922,000922.png,left,insufficient_row_coverage,init,267,0.077778,0,0,0,0.000000,0,0,6
922,000922.png,right,ok,tracking,2066,0.438889,2066,2066,21,15.757132,3.54404379702,-329.001969309,0
922,000922.png,center,not_published,from_left_right,,,,,0,,,,
923,000923.png,left,ok,init,329,0.100000,329,329,23,161.266817,-2.94874817281,853.687828202,0
923,000923.png,right,ok,tracking,2042,0.438889,2042,2042,21,15.720359,3.55276674102,-329.683245805,0
923,000923.png,center,ok,from_left_right,,,,,21,,,,
924,000924.png,left,ok,tracking,330,0.100000,330,330,23,161.724984,-3.02814939802,870.551762366,0
924,000924.png,right,ok,tracking,2076,0.438889,2076,2076,21,15.854469,3.52114480522,-323.70639403,0
924,000924.png,center,ok,from_left_right,,,,,21,,,,
925,000925.png,left,insufficient_row_coverage,init,284,0.083333,0,0,0,0.000000,0,0,6
925,000925.png,right,ok,tracking,2087,0.444444,2087,2087,21,15.940029,3.50124164537,-320.427696229,0
925,000925.png,center,not_published,from_left_right,,,,,0,,,,
926,000926.png,left,insufficient_row_coverage,init,312,0.094444,0,0,0,0.000000,0,0,6
926,000926.png,right,ok,tracking,2030,0.444444,2030,2030,21,15.882974,3.51449072446,-322.023354185,0
926,000926.png,center,not_published,from_left_right,,,,,0,,,,
927,000927.png,left,insufficient_row_coverage,init,301,0.083333,0,0,0,0.000000,0,0,6
927,000927.png,right,ok,tracking,2068,0.444444,2068,2068,21,15.933032,3.5028613518,-320.161767594,0
927,000927.png,center,not_published,from_left_right,,,,,0,,,,
928,000928.png,left,insufficient_row_coverage,init,310,0.088889,0,0,0,0.000000,0,0,6
928,000928.png,right,ok,tracking,2067,0.444444,2067,2067,21,15.976930,3.49272159866,-317.569083502,0
928,000928.png,center,not_published,from_left_right,,,,,0,,,,
929,000929.png,left,insufficient_row_coverage,init,297,0.083333,0,0,0,0.000000,0,0,6
929,000929.png,right,ok,tracking,2053,0.444444,2053,2053,21,16.039461,3.47837114956,-314.393218867,0
929,000929.png,center,not_published,from_left_right,,,,,0,,,,
930,000930.png,left,insufficient_row_coverage,init,257,0.077778,0,0,0,0.000000,0,0,6
930,000930.png,right,ok,tracking,2095,0.450000,2095,2095,21,16.245706,3.43180182353,-305.614402235,0
930,000930.png,center,not_published,from_left_right,,,,,0,,,,
931,000931.png,left,ok,init,375,0.100000,375,375,23,161.982220,-3.0744370191,879.583423213,0
931,000931.png,right,ok,tracking,2077,0.455556,2077,2077,21,16.322328,3.41479281637,-301.928181721,0
931,000931.png,center,ok,from_left_right,,,,,21,,,,
932,000932.png,left,ok,init,645,0.194444,645,645,23,162.221598,-3.11867377057,889.13330535,0
932,000932.png,right,ok,tracking,2083,0.444444,2083,2083,21,16.099267,3.46474772914,-312.172987495,0
932,000932.png,center,ok,from_left_right,,,,,21,,,,
933,000933.png,left,ok,init,555,0.161111,555,555,23,162.234227,-3.12103971128,888.604283545,0
933,000933.png,right,ok,tracking,2021,0.438889,2021,2021,21,15.998124,3.48784541254,-314.88371065,0
933,000933.png,center,ok,from_left_right,,,,,21,,,,
934,000934.png,left,ok,init,571,0.172222,571,571,23,162.830091,-3.23649422611,911.422433812,0
934,000934.png,right,ok,tracking,2023,0.444444,2023,2023,21,16.089586,3.46694612902,-310.456093268,0
934,000934.png,center,ok,from_left_right,,,,,21,,,,
935,000935.png,left,insufficient_row_coverage,init,190,0.055556,0,0,0,0.000000,0,0,6
935,000935.png,right,ok,tracking,2091,0.450000,2091,2091,21,16.295079,3.42082402369,-303.236693085,0
935,000935.png,center,not_published,from_left_right,,,,,0,,,,
936,000936.png,left,insufficient_row_coverage,init,202,0.061111,0,0,0,0.000000,0,0,6
936,000936.png,right,ok,tracking,2077,0.455556,2077,2077,21,16.431936,3.39072965129,-297.121312231,0
936,000936.png,center,not_published,from_left_right,,,,,0,,,,
937,000937.png,left,insufficient_row_coverage,init,202,0.061111,0,0,0,0.000000,0,0,6
937,000937.png,right,ok,tracking,2074,0.455556,2074,2074,21,16.401740,3.39732749702,-298.426985234,0
937,000937.png,center,not_published,from_left_right,,,,,0,,,,
938,000938.png,left,insufficient_row_coverage,init,208,0.066667,0,0,0,0.000000,0,0,6
938,000938.png,right,ok,tracking,2070,0.450000,2070,2070,21,16.267539,3.42693931407,-304.005816165,0
938,000938.png,center,not_published,from_left_right,,,,,0,,,,
939,000939.png,left,insufficient_row_coverage,init,214,0.066667,0,0,0,0.000000,0,0,6
939,000939.png,right,ok,tracking,2054,0.455556,2054,2054,21,16.374109,3.40338596321,-298.797531159,0
939,000939.png,center,not_published,from_left_right,,,,,0,,,,
940,000940.png,left,insufficient_row_coverage,init,225,0.066667,0,0,0,0.000000,0,0,6
940,000940.png,right,ok,tracking,2079,0.455556,2079,2079,21,16.445679,3.38773453637,-296.268365993,0
940,000940.png,center,not_published,from_left_right,,,,,0,,,,
941,000941.png,left,insufficient_row_coverage,init,229,0.066667,0,0,0,0.000000,0,0,6
941,000941.png,right,ok,tracking,2055,0.455556,2055,2055,21,16.569762,3.36091102049,-290.607433822,0
941,000941.png,center,not_published,from_left_right,,,,,0,,,,
942,000942.png,left,insufficient_row_coverage,init,248,0.072222,0,0,0,0.000000,0,0,6
942,000942.png,right,ok,tracking,2063,0.455556,2063,2063,21,16.505544,3.37474425619,-293.277742609,0
942,000942.png,center,not_published,from_left_right,,,,,0,,,,
943,000943.png,left,insufficient_row_coverage,init,268,0.077778,0,0,0,0.000000,0,0,6
943,000943.png,right,ok,tracking,2035,0.455556,2035,2035,21,16.573869,3.36002969328,-289.716118602,0
943,000943.png,center,not_published,from_left_right,,,,,0,,,,
944,000944.png,left,insufficient_row_coverage,init,265,0.077778,0,0,0,0.000000,0,0,6
944,000944.png,right,ok,tracking,2046,0.461111,2046,2046,21,16.749057,3.32283447844,-281.508365609,0
944,000944.png,center,not_published,from_left_right,,,,,0,,,,
945,000945.png,left,insufficient_row_coverage,init,308,0.088889,0,0,0,0.000000,0,0,6
945,000945.png,right,ok,tracking,2053,0.455556,2053,2053,21,16.566669,3.36157478812,-289.622858487,0
945,000945.png,center,not_published,from_left_right,,,,,0,,,,
946,000946.png,left,insufficient_row_coverage,init,311,0.088889,0,0,0,0.000000,0,0,6
946,000946.png,right,ok,tracking,1996,0.450000,1996,1996,21,16.342041,3.41044201899,-297.831028126,0
946,000946.png,center,not_published,from_left_right,,,,,0,,,,
947,000947.png,left,insufficient_row_coverage,init,324,0.088889,0,0,0,0.000000,0,0,6
947,000947.png,right,ok,tracking,2011,0.455556,2011,2011,21,16.497594,3.37646412409,-290.134486411,0
947,000947.png,center,not_published,from_left_right,,,,,0,,,,
948,000948.png,left,ok,init,364,0.100000,364,364,23,161.430198,-2.97662866384,861.652849132,0
948,000948.png,right,ok,tracking,2040,0.450000,2040,2040,21,16.444143,3.38806905153,-292.975775226,0
948,000948.png,center,ok,from_left_right,,,,,21,,,,
949,000949.png,left,ok,tracking,382,0.105556,382,382,23,161.635074,-3.01226618194,867.99745968,0
949,000949.png,right,ok,tracking,1994,0.444444,1994,1994,21,16.316198,3.41614783468,-296.697405362,0
949,000949.png,center,ok,from_left_right,,,,,21,,,,
950,000950.png,left,ok,tracking,411,0.111111,411,411,23,162.082977,-3.09291748808,885.570097498,0
950,000950.png,right,ok,tracking,2072,0.466667,2072,2072,21,16.937649,3.28362872158,-272.461812498,0
950,000950.png,center,ok,from_left_right,,,,,21,,,,
951,000951.png,left,ok,tracking,433,0.116667,433,433,23,162.176805,-3.11030867272,888.136823855,0
951,000951.png,right,ok,tracking,2046,0.466667,2046,2046,21,16.853275,3.30106358923,-276.54161137,0
951,000951.png,center,ok,from_left_right,,,,,21,,,,
952,000952.png,left,ok,tracking,467,0.122222,467,467,23,162.409142,-3.15414546236,898.314436116,0
952,000952.png,right,ok,tracking,2090,0.472222,2090,2090,21,17.104476,3.24964753773,-267.527992531,0
952,000952.png,center,ok,from_left_right,,,,,21,,,,
953,000953.png,left,ok,tracking,494,0.127778,494,494,23,162.495520,-3.17073033372,900.2771902,0
953,000953.png,right,ok,tracking,2045,0.466667,2045,2045,21,16.883600,3.29477772774,-276.078651503,0
953,000953.png,center,ok,from_left_right,,,,,21,,,,
954,000954.png,left,ok,tracking,517,0.133333,517,517,23,162.530565,-3.17750426594,901.885870433,0
954,000954.png,right,ok,tracking,2040,0.461111,2040,2040,21,16.844732,3.30283840941,-277.375236105,0
954,000954.png,center,ok,from_left_right,,,,,21,,,,
955,000955.png,left,ok,tracking,574,0.144444,574,574,23,162.728972,-3.21635761614,911.580664611,0
955,000955.png,right,ok,tracking,2066,0.461111,2066,2066,21,16.839095,3.30401036429,-277.980613035,0
955,000955.png,center,ok,from_left_right,,,,,21,,,,
956,000956.png,left,ok,tracking,587,0.150000,587,587,23,162.602466,-3.19148520345,903.873823332,0
956,000956.png,right,ok,tracking,2018,0.466667,2018,2018,21,16.913404,3.28862144625,-272.698414757,0
956,000956.png,center,ok,from_left_right,,,,,21,,,,
957,000957.png,left,ok,tracking,620,0.161111,620,620,23,162.714139,-3.21342317283,907.88832755,0
957,000957.png,right,ok,tracking,2025,0.461111,2025,2025,21,16.861855,3.29928281562,-274.485004216,0
957,000957.png,center,ok,from_left_right,,,,,21,,,,
958,000958.png,left,ok,tracking,667,0.172222,667,667,21,162.588948,-3.18884821301,904.250334798,0
958,000958.png,right,ok,tracking,2042,0.461111,2042,2042,21,16.917621,3.28775209914,-272.929576887,0
958,000958.png,center,ok,from_left_right,,,,,21,,,,
959,000959.png,left,ok,tracking,701,0.183333,701,701,21,162.507157,-3.17297685355,900.555751076,0
959,000959.png,right,ok,tracking,2027,0.461111,2027,2027,21,16.820531,3.30787543153,-275.833826769,0
959,000959.png,center,ok,from_left_right,,,,,21,,,,
960,000960.png,left,ok,tracking,758,0.200000,758,758,21,162.543252,-3.17996308795,902.972731323,0
960,000960.png,right,ok,tracking,2041,0.461111,2041,2041,21,16.838075,3.30422249364,-275.848707542,0
960,000960.png,center,ok,from_left_right,,,,,21,,,,
961,000961.png,left,ok,tracking,803,0.205556,803,803,21,162.880400,-3.24659862569,913.465115081,0
961,000961.png,right,ok,tracking,1993,0.461111,1993,1993,21,17.044254,3.26183971779,-265.19739479,0
961,000961.png,center,ok,from_left_right,,,,,21,,,,
962,000962.png,left,ok,tracking,871,0.222222,871,871,20,162.877288,-3.24597192724,914.558371819,0
962,000962.png,right,ok,tracking,2027,0.461111,2027,2027,21,17.080791,3.25443266412,-263.744788724,0
962,000962.png,center,ok,from_left_right,,,,,20,,,,
963,000963.png,left,ok,tracking,941,0.238889,941,941,20,162.941185,-3.25888416389,917.540510472,0
963,000963.png,right,ok,tracking,2015,0.466667,2015,2015,21,17.195962,3.23128426083,-258.600567365,0
963,000963.png,center,ok,from_left_right,,,,,20,,,,
964,000964.png,left,ok,tracking,1020,0.255556,1020,1020,18,163.091981,-3.28973212571,922.95940315,0
964,000964.png,right,ok,tracking,1986,0.461111,1986,1986,21,17.046244,3.26143549264,-264.567907793,0
964,000964.png,center,ok,from_left_right,,,,,18,,,,
965,000965.png,left,ok,tracking,1148,0.283333,1148,1148,18,163.054660,-3.28204794922,923.164109184,0
965,000965.png,right,ok,tracking,2022,0.461111,2022,2022,21,16.963731,3.27827319372,-268.169833621,0
965,000965.png,center,ok,from_left_right,,,,,18,,,,
966,000966.png,left,ok,tracking,1258,0.305556,1258,1258,17,163.142740,-3.30023633596,926.068299476,0
966,000966.png,right,ok,tracking,1980,0.455556,1980,1980,21,16.887292,3.29401408059,-269.91529997,0
966,000966.png,center,ok,from_left_right,,,,,17,,,,
967,000967.png,left,ok,tracking,1403,0.344444,1403,1403,17,163.120160,-3.29555609099,926.612255882,0
967,000967.png,right,ok,tracking,1996,0.461111,1996,1996,21,16.962693,3.27848618912,-267.324312339,0
967,000967.png,center,ok,from_left_right,,,,,17,,,,
968,000968.png,left,ok,tracking,1543,0.372222,1543,1543,16,163.225876,-3.31757389401,932.491147794,0
968,000968.png,right,ok,tracking,2002,0.461111,2002,2002,21,16.929525,3.28530020681,-269.677088695,0
968,000968.png,center,ok,from_left_right,,,,,16,,,,
969,000969.png,left,ok,init,1714,0.411111,1714,1714,16,163.312117,-3.33573636967,935.092987828,0
969,000969.png,right,ok,tracking,1976,0.455556,1976,1976,21,16.875131,3.29653115161,-271.669908193,0
969,000969.png,center,ok,from_left_right,,,,,16,,,,
970,000970.png,left,ok,tracking,1902,0.455556,1902,1902,15,163.313177,-3.33596080351,936.745396989,0
970,000970.png,right,ok,tracking,1984,0.455556,1984,1984,21,16.869683,3.29765988664,-272.084624314,0
970,000970.png,center,ok,from_left_right,,,,,15,,,,
971,000971.png,left,ok,tracking,1890,0.455556,1890,1890,14,163.217765,-3.31587511862,933.136948846,0
971,000971.png,right,ok,tracking,1978,0.455556,1978,1978,21,16.858873,3.29990151105,-271.362438521,0
971,000971.png,center,ok,from_left_right,,,,,14,,,,
972,000972.png,left,ok,tracking,1876,0.450000,1876,1876,14,163.398398,-3.35409072895,940.15571378,0
972,000972.png,right,ok,tracking,1972,0.461111,1972,1972,21,17.070371,3.25654195895,-261.896592736,0
972,000972.png,center,ok,from_left_right,,,,,14,,,,
973,000973.png,left,ok,tracking,1881,0.444444,1881,1881,13,163.405188,-3.3555430857,941.732798501,0
973,000973.png,right,ok,tracking,2005,0.461111,2005,2005,21,17.031842,3.26436299248,-263.851350477,0
973,000973.png,center,ok,from_left_right,,,,,13,,,,
974,000974.png,left,insufficient_row_coverage,init,78,0.033333,0,0,0,0.000000,0,0,6
974,000974.png,right,ok,tracking,1982,0.455556,1982,1982,21,16.964848,3.27804420796,-266.671318451,0
974,000974.png,center,not_published,from_left_right,,,,,0,,,,
975,000975.png,left,ok,init,2033,0.477778,2033,2033,21,163.567385,-3.39058150357,950.205272948,0
975,000975.png,right,ok,tracking,2017,0.461111,2017,2017,21,17.096709,3.25121518999,-262.679484887,0
975,000975.png,center,ok,from_left_right,,,,,21,,,,
976,000976.png,left,ok,tracking,2038,0.477778,2038,2038,21,163.439667,-3.36293558007,943.859607185,0
976,000976.png,right,ok,tracking,1980,0.455556,1980,1980,21,16.901518,3.29107402849,-268.261959679,0
976,000976.png,center,ok,from_left_right,,,,,21,,,,
977,000977.png,left,ok,tracking,2014,0.472222,2014,2014,21,163.614849,-3.40096253721,952.085648141,0
977,000977.png,right,ok,tracking,1998,0.461111,1998,1998,21,17.162218,3.23803519463,-258.293685249,0
977,000977.png,center,ok,from_left_right,,,,,21,,,,
978,000978.png,left,ok,tracking,2041,0.477778,2041,2041,21,163.614488,-3.4008832188,952.865811695,0
978,000978.png,right,ok,tracking,2017,0.450000,2017,2017,21,17.082287,3.25413000991,-262.418616631,0
978,000978.png,center,ok,from_left_right,,,,,21,,,,
979,000979.png,left,ok,tracking,2050,0.483333,2050,2050,21,163.485730,-3.37285839735,947.304226472,0
979,000979.png,right,ok,tracking,1997,0.455556,1997,1997,21,17.093287,3.25190644578,-260.764793612,0
979,000979.png,center,ok,from_left_right,,,,,21,,,,
980,000980.png,left,ok,tracking,2032,0.488889,2032,2032,21,163.330676,-3.33966885531,941.755889409,0
980,000980.png,right,ok,tracking,1990,0.455556,1990,1990,21,16.955485,3.279964763,-264.675287422,0
980,000980.png,center,ok,from_left_right,,,,,21,,,,
981,000981.png,left,ok,tracking,2009,0.488889,2009,2009,21,163.386395,-3.35152623345,944.629139955,0
981,000981.png,right,ok,tracking,2015,0.455556,2015,2015,21,17.085877,3.25340402793,-259.51039455,0
981,000981.png,center,ok,from_left_right,,,,,21,,,,
982,000982.png,left,ok,tracking,2009,0.477778,2009,2009,21,163.604962,-3.39879531377,953.439951663,0
982,000982.png,right,ok,tracking,2009,0.461111,2009,2009,21,17.226361,3.2252242543,-254.833043688,0
982,000982.png,center,ok,from_left_right,,,,,21,,,,
983,000983.png,left,ok,tracking,2036,0.477778,2036,2036,21,163.615872,-3.40118691565,954.764810862,0
983,000983.png,right,ok,tracking,2036,0.461111,2036,2036,21,17.289582,3.21268775459,-252.63213458,0
983,000983.png,center,ok,from_left_right,,,,,21,,,,
984,000984.png,left,ok,tracking,2072,0.483333,2072,2072,21,163.489416,-3.37365481546,949.496774683,0
984,000984.png,right,ok,tracking,2012,0.466667,2012,2012,21,17.265173,3.21751747364,-253.152987866,0
984,000984.png,center,ok,from_left_right,,,,,21,,,,
985,000985.png,left,insufficient_row_coverage,init,84,0.027778,0,0,0,0.000000,0,0,6
985,000985.png,right,ok,tracking,2017,0.455556,2017,2017,21,17.104000,3.24974358427,-259.640566701,0
985,000985.png,center,not_published,from_left_right,,,,,0,,,,
986,000986.png,left,insufficient_row_coverage,init,64,0.027778,0,0,0,0.000000,0,0,6
986,000986.png,right,ok,tracking,1992,0.455556,1992,1992,21,17.000576,3.27073507068,-263.102854974,0
986,000986.png,center,not_published,from_left_right,,,,,0,,,,
987,000987.png,left,insufficient_row_coverage,init,71,0.027778,0,0,0,0.000000,0,0,6
987,000987.png,right,ok,tracking,1995,0.455556,1995,1995,21,17.079123,3.25477006174,-258.877048275,0
987,000987.png,center,not_published,from_left_right,,,,,0,,,,
988,000988.png,left,insufficient_row_coverage,init,62,0.027778,0,0,0,0.000000,0,0,6
988,000988.png,right,ok,tracking,2033,0.455556,2033,2033,21,16.996149,3.27163898226,-263.269780117,0
988,000988.png,center,not_published,from_left_right,,,,,0,,,,
989,000989.png,left,insufficient_row_coverage,init,52,0.022222,0,0,0,0.000000,0,0,6
989,000989.png,right,ok,tracking,1984,0.450000,1984,1984,21,16.851840,3.30136167605,-267.685118524,0
989,000989.png,center,not_published,from_left_right,,,,,0,,,,
990,000990.png,left,insufficient_row_coverage,init,73,0.027778,0,0,0,0.000000,0,0,6
990,000990.png,right,ok,tracking,1950,0.438889,1950,1950,21,16.525404,3.37045491416,-280.141927927,0
990,000990.png,center,not_published,from_left_right,,,,,0,,,,
991,000991.png,left,insufficient_row_coverage,init,143,0.050000,0,0,0,0.000000,0,0,6
991,000991.png,right,ok,tracking,1926,0.427778,1926,1926,21,16.269284,3.42655133371,-289.087026945,0
991,000991.png,center,not_published,from_left_right,,,,,0,,,,
992,000992.png,left,insufficient_row_coverage,init,214,0.072222,0,0,0,0.000000,0,0,6
992,000992.png,right,ok,tracking,1937,0.427778,1937,1937,21,16.352971,3.40803397395,-285.101160692,0
992,000992.png,center,not_published,from_left_right,,,,,0,,,,
993,000993.png,left,insufficient_row_coverage,init,147,0.050000,0,0,0,0.000000,0,0,6
993,000993.png,right,ok,tracking,1954,0.427778,1954,1954,21,16.293470,3.42118070971,-288.681620409,0
993,000993.png,center,not_published,from_left_right,,,,,0,,,,
994,000994.png,left,insufficient_row_coverage,init,191,0.061111,0,0,0,0.000000,0,0,6
994,000994.png,right,ok,tracking,1972,0.433333,1972,1972,21,16.409023,3.39573406639,-284.134891786,0
994,000994.png,center,not_published,from_left_right,,,,,0,,,,
995,000995.png,left,insufficient_row_coverage,init,257,0.077778,0,0,0,0.000000,0,0,6
995,000995.png,right,ok,tracking,1975,0.433333,1975,1975,21,16.437248,3.38957144225,-283.170943523,0
995,000995.png,center,not_published,from_left_right,,,,,0,,,,
996,000996.png,left,insufficient_row_coverage,init,288,0.088889,0,0,0,0.000000,0,0,6
996,000996.png,right,ok,tracking,1993,0.433333,1993,1993,21,16.387550,3.40043632432,-286.27056005,0
996,000996.png,center,not_published,from_left_right,,,,,0,,,,
997,000997.png,left,insufficient_row_coverage,init,245,0.077778,0,0,0,0.000000,0,0,6
997,000997.png,right,ok,tracking,2003,0.438889,2003,2003,21,16.472976,3.38179989055,-283.2540948,0
997,000997.png,center,not_published,from_left_right,,,,,0,,,,
998,000998.png,left,ok,init,364,0.111111,364,364,23,162.571307,-3.18541269137,911.645455248,0
998,000998.png,right,ok,tracking,2026,0.444444,2026,2026,21,16.582130,3.35825872862,-280.727620714,0
998,000998.png,center,ok,from_left_right,,,,,21,,,,
999,000999.png,left,insufficient_row_coverage,init,164,0.044444,0,0,0,0.000000,0,0,6
999,000999.png,right,ok,tracking,2056,0.455556,2056,2056,21,16.815309,3.30896426645,-272.430375113,0
999,000999.png,center,not_published,from_left_right,,,,,0,,,,
1000,001000.png,left,insufficient_row_coverage,init,161,0.044444,0,0,0,0.000000,0,0,6
1000,001000.png,right,ok,tracking,2035,0.444444,2035,2035,21,16.547863,3.36561660749,-284.371839052,0
1000,001000.png,center,not_published,from_left_right,,,,,0,,,,
1001,001001.png,left,insufficient_row_coverage,init,180,0.050000,0,0,0,0.000000,0,0,6
1001,001001.png,right,ok,tracking,2036,0.450000,2036,2036,21,16.578654,3.35900372413,-283.307623529,0
1001,001001.png,center,not_published,from_left_right,,,,,0,,,,
1002,001002.png,left,insufficient_row_coverage,init,100,0.055556,0,0,0,0.000000,0,0,6
1002,001002.png,right,ok,tracking,2030,0.444444,2030,2030,21,16.486355,3.37889809462,-286.787614727,0
1002,001002.png,center,not_published,from_left_right,,,,,0,,,,
1003,001003.png,left,insufficient_row_coverage,init,221,0.055556,0,0,0,0.000000,0,0,6
1003,001003.png,right,ok,tracking,2057,0.450000,2057,2057,21,16.499803,3.37598594476,-286.932249948,0
1003,001003.png,center,not_published,from_left_right,,,,,0,,,,
1004,001004.png,left,insufficient_row_coverage,init,0,0.000000,0,0,0,0.000000,0,0,6
1004,001004.png,right,ok,tracking,2100,0.455556,2100,2100,21,16.625641,3.34895831263,-284.443764982,0
1004,001004.png,center,not_published,from_left_right,,,,,0,,,,
1005,001005.png,left,insufficient_row_coverage,init,0,0.000000,0,0,0,0.000000,0,0,6
1005,001005.png,right,ok,tracking,2020,0.450000,2020,2020,21,16.514568,3.37279399839,-288.998016827,0
1005,001005.png,center,not_published,from_left_right,,,,,0,,,,
1006,001006.png,left,insufficient_row_coverage,init,297,0.066667,0,0,0,0.000000,0,0,6
1006,001006.png,right,ok,tracking,2075,0.455556,2075,2075,21,16.591303,3.35629404947,-286.762825012,0
1006,001006.png,center,not_published,from_left_right,,,,,0,,,,
1007,001007.png,left,insufficient_row_coverage,init,0,0.000000,0,0,0,0.000000,0,0,6
1007,001007.png,right,ok,tracking,2097,0.455556,2097,2097,21,16.607012,3.35293438123,-288.332239268,0
1007,001007.png,center,not_published,from_left_right,,,,,0,,,,
1008,001008.png,left,insufficient_row_coverage,init,0,0.000000,0,0,0,0.000000,0,0,6
1008,001008.png,right,ok,tracking,2098,0.466667,2098,2098,21,16.935289,3.28411407324,-275.358055523,0
1008,001008.png,center,not_published,from_left_right,,,,,0,,,,
1009,001009.png,left,insufficient_row_coverage,init,362,0.077778,0,0,0,0.000000,0,0,6
1009,001009.png,right,ok,tracking,2090,0.466667,2090,2090,21,16.818886,3.30821842871,-281.501438615,0
1009,001009.png,center,not_published,from_left_right,,,,,0,,,,
1010,001010.png,left,insufficient_row_coverage,init,0,0.000000,0,0,0,0.000000,0,0,6
1010,001010.png,right,ok,tracking,2051,0.461111,2051,2051,21,16.729912,3.3268622775,-284.287715437,0
1010,001010.png,center,not_published,from_left_right,,,,,0,,,,
1011,001011.png,left,insufficient_row_coverage,init,0,0.000000,0,0,0,0.000000,0,0,6
1011,001011.png,right,ok,tracking,2070,0.466667,2070,2070,21,16.755334,3.32151576744,-283.36255744,0
1011,001011.png,center,not_published,from_left_right,,,,,0,,,,
1012,001012.png,left,insufficient_row_coverage,init,0,0.000000,0,0,0,0.000000,0,0,6
1012,001012.png,right,ok,tracking,2105,0.472222,2105,2105,21,16.905714,3.29020782136,-278.252402048,0
1012,001012.png,center,not_published,from_left_right,,,,,0,,,,
1013,001013.png,left,insufficient_row_coverage,init,0,0.000000,0,0,0,0.000000,0,0,6
1013,001013.png,right,ok,tracking,2044,0.461111,2044,2044,21,16.721219,3.32869436589,-284.773814497,0
1013,001013.png,center,not_published,from_left_right,,,,,0,,,,
1014,001014.png,left,insufficient_row_coverage,init,0,0.000000,0,0,0,0.000000,0,0,6
1014,001014.png,right,ok,tracking,2101,0.466667,2101,2101,21,16.881404,3.29523228,-278.910824863,0
1014,001014.png,center,not_published,from_left_right,,,,,0,,,,
1015,001015.png,left,insufficient_row_coverage,init,0,0.000000,0,0,0,0.000000,0,0,6
1015,001015.png,right,ok,tracking,2051,0.466667,2051,2051,21,16.833290,3.30521814206,-280.103789352,0
1015,001015.png,center,not_published,from_left_right,,,,,0,,,,
1016,001016.png,left,insufficient_row_coverage,init,0,0.000000,0,0,0,0.000000,0,0,6
1016,001016.png,right,ok,tracking,2043,0.461111,2043,2043,21,16.784644,3.31537091142,-281.185741948,0
1016,001016.png,center,not_published,from_left_right,,,,,0,,,,
1017,001017.png,left,insufficient_row_coverage,init,0,0.000000,0,0,0,0.000000,0,0,6
1017,001017.png,right,ok,tracking,2085,0.466667,2085,2085,21,16.896868,3.29203461872,-276.968241473,0
1017,001017.png,center,not_published,from_left_right,,,,,0,,,,
1018,001018.png,left,insufficient_row_coverage,init,0,0.000000,0,0,0,0.000000,0,0,6
1018,001018.png,right,ok,tracking,2050,0.466667,2050,2050,21,16.919533,3.28735785663,-274.607837538,0
1018,001018.png,center,not_published,from_left_right,,,,,0,,,,
1019,001019.png,left,insufficient_row_coverage,init,0,0.000000,0,0,0,0.000000,0,0,6
1019,001019.png,right,ok,tracking,2074,0.472222,2074,2074,21,17.116993,3.2471237031,-266.724323811,0
1019,001019.png,center,not_published,from_left_right,,,,,0,,,,
1020,001020.png,left,ok,init,1107,0.144444,1107,906,23,104.323661,-0.255336645517,271.739777904,0
1020,001020.png,right,ok,tracking,2047,0.466667,2047,2047,21,17.033962,3.26393170249,-269.69166175,0
1020,001020.png,center,ok,from_left_right,,,,,21,,,,
1021,001021.png,left,ok,init,1152,0.150000,1152,937,23,108.478098,-0.334170323705,286.338582998,0
1021,001021.png,right,ok,tracking,2051,0.466667,2051,2051,21,17.053036,3.26005666459,-268.583455403,0
1021,001021.png,center,ok,from_left_right,,,,,21,,,,
1022,001022.png,left,ok,init,1304,0.166667,1304,1071,23,110.442879,-0.37274878187,292.050678026,0
1022,001022.png,right,ok,tracking,2088,0.466667,2088,2088,21,17.003346,3.27016948574,-271.982249914,0
1022,001022.png,center,ok,from_left_right,,,,,21,,,,
1023,001023.png,left,ok,init,1303,0.177778,1303,1088,23,127.288363,-0.76147494113,372.540212042,0
1023,001023.png,right,ok,tracking,2046,0.466667,2046,2046,21,16.965869,3.27783496329,-272.343923772,0
1023,001023.png,center,ok,from_left_right,,,,,21,,,,
1024,001024.png,left,ok,init,1386,0.188889,1386,1158,21,130.630662,-0.858032369881,389.542267526,0
1024,001024.png,right,ok,tracking,2037,0.466667,2037,2037,21,16.972305,3.27651625414,-271.097462708,0
1024,001024.png,center,ok,from_left_right,,,,,21,,,,
1025,001025.png,left,ok,init,1516,0.205556,1516,1281,21,132.492641,-0.916094913135,399.891825003,0
1025,001025.png,right,ok,tracking,2075,0.466667,2075,2075,21,17.085296,3.25352149415,-267.926026182,0
1025,001025.png,center,ok,from_left_right,,,,,21,,,,
1026,001026.png,left,ok,init,1545,0.216667,1545,1323,21,139.502091,-1.17093610623,451.514885823,0
1026,001026.png,right,ok,tracking,2036,0.466667,2036,2036,21,17.019724,3.26682998546,-269.117205047,0
1026,001026.png,center,ok,from_left_right,,,,,21,,,,
1027,001027.png,left,ok,init,1640,0.233333,1640,1430,20,142.816928,-1.3182599364,480.029855306,0
1027,001027.png,right,ok,tracking,2031,0.466667,2031,2031,21,16.956916,3.27967114878,-271.622008639,0
1027,001027.png,center,ok,from_left_right,,,,,20,,,,
1028,001028.png,left,ok,init,1689,0.244444,1689,1479,20,145.077816,-1.43228428358,502.548149755,0
1028,001028.png,right,ok,tracking,2042,0.472222,2042,2042,21,17.107617,3.24901391406,-265.638890556,0
1028,001028.png,center,ok,from_left_right,,,,,20,,,,
1029,001029.png,left,ok,init,1768,0.272222,1768,1556,18,148.861291,-1.65518959574,548.595833764,0
1029,001029.png,right,ok,tracking,2056,0.466667,2056,2056,21,17.031721,3.2643876338,-268.924457527,0
1029,001029.png,center,ok,from_left_right,,,,,18,,,,
1030,001030.png,left,ok,init,1839,0.288889,1839,1662,18,151.603577,-1.84973731504,588.106857499,0
1030,001030.png,right,ok,tracking,2002,0.455556,2002,2002,21,16.875082,3.29654124966,-273.32520273,0
1030,001030.png,center,ok,from_left_right,,,,,18,,,,
1031,001031.png,left,ok,init,1895,0.316667,1895,1717,17,153.959429,-2.0466244481,631.454248549,0
1031,001031.png,right,ok,tracking,2021,0.461111,2021,2021,21,16.974789,3.2760075536,-269.26209687,0
1031,001031.png,center,ok,from_left_right,,,,,17,,,,
1032,001032.png,left,ok,init,2095,0.355556,2095,1874,16,154.881354,-2.13296410499,650.024052199,0
1032,001032.png,right,ok,tracking,2054,0.461111,2054,2054,21,16.941934,3.2827478341,-271.617875632,0
1032,001032.png,center,ok,from_left_right,,,,,16,,,,
1033,001033.png,left,ok,init,2173,0.372222,2173,2150,16,157.860800,-2.45787761553,722.349601861,0
1033,001033.png,right,ok,tracking,2003,0.461111,2003,2003,21,16.784342,3.31543403254,-276.394620593,0
1033,001033.png,center,ok,from_left_right,,,,,16,,,,
1034,001034.png,left,ok,tracking,1534,0.405556,1534,1534,16,160.558192,-2.8330539191,811.453606368,0
1034,001034.png,right,ok,tracking,2003,0.461111,2003,2003,21,16.836044,3.30464512271,-273.628808574,0
1034,001034.png,center,ok,from_left_right,,,,,16,,,,
1035,001035.png,left,ok,tracking,1888,0.450000,1888,1888,16,162.101972,-3.09642389759,875.070328382,0
1035,001035.png,right,ok,tracking,1997,0.455556,1997,1997,21,16.767815,3.31889647667,-276.974162188,0
1035,001035.png,center,ok,from_left_right,,,,,16,,,,
1036,001036.png,left,ok,tracking,1974,0.444444,1974,1974,15,162.780207,-3.22653176954,908.232585605,0
1036,001036.png,right,ok,tracking,2007,0.461111,2007,2007,21,16.989889,3.2729182023,-268.295733189,0
1036,001036.png,center,ok,from_left_right,,,,,15,,,,
1037,001037.png,left,ok,tracking,1957,0.444444,1957,1957,14,163.062085,-3.28357408938,923.075921303,0
1037,001037.png,right,ok,tracking,2009,0.461111,2009,2009,21,16.976408,3.27567609566,-268.681626977,0
1037,001037.png,center,ok,from_left_right,,,,,14,,,,
1038,001038.png,left,ok,tracking,1943,0.444444,1943,1943,13,163.113485,-3.29417478622,926.390778456,0
1038,001038.png,right,ok,tracking,2006,0.461111,2006,2006,21,16.960022,3.27903388309,-269.236495779,0
1038,001038.png,center,ok,from_left_right,,,,,13,,,,
1039,001039.png,left,ok,tracking,1921,0.444444,1921,1921,13,163.169500,-3.30579881672,929.515122893,0
1039,001039.png,right,ok,tracking,1997,0.461111,1997,1997,21,16.920976,3.28706061499,-271.085023096,0
1039,001039.png,center,ok,from_left_right,,,,,13,,,,
1040,001040.png,left,ok,tracking,1906,0.438889,1906,1906,13,163.318362,-3.33705880418,935.557040246,0
1040,001040.png,right,ok,tracking,1998,0.461111,1998,1998,21,17.045962,3.26149287174,-265.722646415,0
1040,001040.png,center,ok,from_left_right,,,,,13,,,,
1041,001041.png,left,ok,tracking,1881,0.433333,1881,1881,12,163.299258,-3.333016766,934.631449779,0
1041,001041.png,right,ok,tracking,2005,0.461111,2005,2005,21,17.009161,3.26898316252,-266.662287521,0
1041,001041.png,center,ok,from_left_right,,,,,12,,,,
1042,001042.png,left,ok,tracking,1797,0.433333,1797,1797,12,163.397180,-3.35383043943,941.831908639,0
1042,001042.png,right,ok,tracking,2005,0.461111,2005,2005,21,17.093787,3.25180545426,-263.162805579,0
1042,001042.png,center,ok,from_left_right,,,,,12,,,,
1043,001043.png,left,ok,tracking,1849,0.433333,1849,1849,12,163.251323,-3.32291433306,934.057789903,0
1043,001043.png,right,ok,tracking,1983,0.461111,1983,1983,21,17.020349,3.2667026656,-265.357704829,0
1043,001043.png,center,ok,from_left_right,,,,,12,,,,
1044,001044.png,left,ok,tracking,1770,0.416667,1770,1770,11,163.619358,-3.40195168604,952.300567667,0
1044,001044.png,right,ok,tracking,2020,0.466667,2020,2020,21,17.340602,3.20263512552,-253.708467252,0
1044,001044.png,center,ok,from_left_right,,,,,11,,,,
1045,001045.png,left,insufficient_row_coverage,init,30,0.016667,0,0,0,0.000000,0,0,6
1045,001045.png,right,ok,tracking,2008,0.472222,2008,2008,21,17.408235,3.18939747663,-251.169941858,0
1045,001045.png,center,not_published,from_left_right,,,,,0,,,,
1046,001046.png,left,insufficient_row_coverage,init,31,0.016667,0,0,0,0.000000,0,0,6
1046,001046.png,right,ok,tracking,2018,0.472222,2018,2018,21,17.351451,3.2005048629,-253.342740924,0
1046,001046.png,center,not_published,from_left_right,,,,,0,,,,
1047,001047.png,left,insufficient_row_coverage,init,53,0.022222,0,0,0,0.000000,0,0,6
1047,001047.png,right,ok,tracking,2038,0.466667,2038,2038,21,17.279172,3.21474595721,-257.509327887,0
1047,001047.png,center,not_published,from_left_right,,,,,0,,,,
1048,001048.png,left,insufficient_row_coverage,init,75,0.027778,0,0,0,0.000000,0,0,6
1048,001048.png,right,ok,tracking,2034,0.466667,2034,2034,21,17.095707,3.25141757748,-265.599451272,0
1048,001048.png,center,not_published,from_left_right,,,,,0,,,,
1049,001049.png,left,insufficient_row_coverage,init,39,0.022222,0,0,0,0.000000,0,0,6
1049,001049.png,right,ok,tracking,1979,0.461111,1979,1979,21,17.088008,3.25297326778,-262.699329823,0
1049,001049.png,center,not_published,from_left_right,,,,,0,,,,
1050,001050.png,left,insufficient_row_coverage,init,53,0.022222,0,0,0,0.000000,0,0,6
1050,001050.png,right,ok,tracking,2032,0.466667,2032,2032,21,17.243912,3.22173501552,-256.957256268,0
1050,001050.png,center,not_published,from_left_right,,,,,0,,,,
1051,001051.png,left,insufficient_row_coverage,init,57,0.027778,0,0,0,0.000000,0,0,6
1051,001051.png,right,ok,tracking,2024,0.466667,2024,2024,21,17.309627,3.20873141509,-254.49113296,0
1051,001051.png,center,not_published,from_left_right,,,,,0,,,,
1052,001052.png,left,insufficient_row_coverage,init,47,0.022222,0,0,0,0.000000,0,0,6
1052,001052.png,right,ok,tracking,1978,0.461111,1978,1978,21,17.072084,3.25619505185,-263.025911772,0
1052,001052.png,center,not_published,from_left_right,,,,,0,,,,
1053,001053.png,left,insufficient_row_coverage,init,44,0.022222,0,0,0,0.000000,0,0,6
1053,001053.png,right,ok,tracking,1966,0.455556,1966,1966,21,16.935158,3.28414097051,-266.168177614,0
1053,001053.png,center,not_published,from_left_right,,,,,0,,,,
1054,001054.png,left,insufficient_row_coverage,init,45,0.022222,0,0,0,0.000000,0,0,6
1054,001054.png,right,ok,tracking,1977,0.455556,1977,1977,21,16.984391,3.27404244453,-263.248776895,0
1054,001054.png,center,not_published,from_left_right,,,,,0,,,,
1055,001055.png,left,insufficient_row_coverage,init,72,0.027778,0,0,0,0.000000,0,0,6
1055,001055.png,right,ok,tracking,1997,0.455556,1997,1997,21,17.007739,3.26927327655,-263.783324515,0
1055,001055.png,center,not_published,from_left_right,,,,,0,,,,
1056,001056.png,left,insufficient_row_coverage,init,62,0.027778,0,0,0,0.000000,0,0,6
1056,001056.png,right,ok,tracking,1975,0.455556,1975,1975,21,17.010146,3.26878219346,-263.590878997,0
1056,001056.png,center,not_published,from_left_right,,,,,0,,,,
1057,001057.png,left,insufficient_row_coverage,init,65,0.027778,0,0,0,0.000000,0,0,6
1057,001057.png,right,ok,tracking,1973,0.455556,1973,1973,21,17.001437,3.27055920019,-262.489935743,0
1057,001057.png,center,not_published,from_left_right,,,,,0,,,,
1058,001058.png,left,insufficient_row_coverage,init,107,0.038889,0,0,0,0.000000,0,0,6
1058,001058.png,right,ok,tracking,1980,0.450000,1980,1980,21,16.886265,3.29422640362,-268.229424343,0
1058,001058.png,center,not_published,from_left_right,,,,,0,,,,
1059,001059.png,left,insufficient_row_coverage,init,185,0.061111,0,0,0,0.000000,0,0,6
1059,001059.png,right,ok,tracking,1978,0.455556,1978,1978,21,16.993594,3.27216108437,-263.249539687,0
1059,001059.png,center,not_published,from_left_right,,,,,0,,,,
1060,001060.png,left,insufficient_row_coverage,init,240,0.072222,0,0,0,0.000000,0,0,6
1060,001060.png,right,ok,tracking,1977,0.450000,1977,1977,21,16.868610,3.29788224792,-268.196327463,0
1060,001060.png,center,not_published,from_left_right,,,,,0,,,,
1061,001061.png,left,insufficient_row_coverage,init,305,0.083333,0,0,0,0.000000,0,0,6
1061,001061.png,right,ok,tracking,1952,0.444444,1952,1952,21,16.810615,3.30994334081,-269.110831952,0
1061,001061.png,center,not_published,from_left_right,,,,,0,,,,
1062,001062.png,left,insufficient_row_coverage,init,305,0.083333,0,0,0,0.000000,0,0,6
1062,001062.png,right,ok,tracking,2018,0.450000,2018,2018,21,16.937632,3.28363214845,-264.339486876,0
1062,001062.png,center,not_published,from_left_right,,,,,0,,,,
1063,001063.png,left,ok,init,416,0.116667,416,416,23,162.476360,-3.1670378472,909.974973401,0
1063,001063.png,right,ok,tracking,2005,0.444444,2005,2005,21,16.818615,3.3082748585,-269.767561748,0
1063,001063.png,center,ok,from_left_right,,,,,21,,,,
1064,001064.png,left,ok,tracking,493,0.144444,493,493,23,162.698589,-3.21035184676,917.401317134,0
1064,001064.png,right,ok,tracking,1976,0.444444,1976,1976,21,16.725648,3.3277606539,-271.966321855,0
1064,001064.png,center,ok,from_left_right,,,,,21,,,,
1065,001065.png,left,ok,tracking,399,0.133333,399,399,23,162.761327,-3.22277590924,920.395377412,0
1065,001065.png,right,ok,tracking,1984,0.444444,1984,1984,21,16.873611,3.29684588984,-266.336897909,0
1065,001065.png,center,ok,from_left_right,,,,,21,,,,
1066,001066.png,left,insufficient_row_coverage,init,145,0.050000,0,0,0,0.000000,0,0,6
1066,001066.png,right,ok,tracking,1982,0.450000,1982,1982,21,16.914631,3.28836830564,-265.012666695,0
1066,001066.png,center,not_published,from_left_right,,,,,0,,,,
1067,001067.png,left,insufficient_row_coverage,init,160,0.050000,0,0,0,0.000000,0,0,6
1067,001067.png,right,ok,tracking,2022,0.450000,2022,2022,21,16.948757,3.28134600428,-264.712792434,0
1067,001067.png,center,not_published,from_left_right,,,,,0,,,,
1068,001068.png,left,insufficient_row_coverage,init,181,0.055556,0,0,0,0.000000,0,0,6
1068,001068.png,right,ok,tracking,2085,0.455556,2085,2085,21,17.149887,3.24050872462,-257.978506039,0
1068,001068.png,center,not_published,from_left_right,,,,,0,,,,
1069,001069.png,left,insufficient_row_coverage,init,190,0.055556,0,0,0,0.000000,0,0,6
1069,001069.png,right,ok,tracking,2028,0.455556,2028,2028,21,16.920886,3.28707911929,-267.587388329,0
1069,001069.png,center,not_published,from_left_right,,,,,0,,,,
1070,001070.png,left,insufficient_row_coverage,init,208,0.061111,0,0,0,0.000000,0,0,6
1070,001070.png,right,ok,tracking,2031,0.450000,2031,2031,21,16.864521,3.29873005138,-271.874281264,0
1070,001070.png,center,not_published,from_left_right,,,,,0,,,,
1071,001071.png,left,insufficient_row_coverage,init,219,0.066667,0,0,0,0.000000,0,0,6
1071,001071.png,right,ok,tracking,2080,0.461111,2080,2080,21,17.099473,3.2506572508,-264.215896302,0
1071,001071.png,center,not_published,from_left_right,,,,,0,,,,
1072,001072.png,left,insufficient_row_coverage,init,230,0.066667,0,0,0,0.000000,0,0,6
1072,001072.png,right,ok,tracking,2094,0.466667,2094,2094,21,17.132710,3.24395995149,-264.83345057,0
1072,001072.png,center,not_published,from_left_right,,,,,0,,,,
1073,001073.png,left,insufficient_row_coverage,init,257,0.072222,0,0,0,0.000000,0,0,6
1073,001073.png,right,ok,tracking,2160,0.477778,2160,2160,21,17.414005,3.18827272782,-256.466834978,0
1073,001073.png,center,not_published,from_left_right,,,,,0,,,,
1074,001074.png,left,insufficient_row_coverage,init,271,0.077778,0,0,0,0.000000,0,0,6
1074,001074.png,right,ok,tracking,2145,0.477778,2145,2145,21,17.156525,3.23917686649,-269.091332296,0
1074,001074.png,center,not_published,from_left_right,,,,,0,,,,
1075,001075.png,left,insufficient_row_coverage,init,282,0.077778,0,0,0,0.000000,0,0,6
1075,001075.png,right,ok,tracking,2165,0.483333,2165,2165,21,17.164898,3.23749807842,-270.435479752,0
1075,001075.png,center,not_published,from_left_right,,,,,0,,,,
1076,001076.png,left,insufficient_row_coverage,init,322,0.088889,0,0,0,0.000000,0,0,6
1076,001076.png,right,ok,tracking,2207,0.488889,2207,2207,21,17.367693,3.19732062596,-264.535763844,0
1076,001076.png,center,not_published,from_left_right,,,,,0,,,,
1077,001077.png,left,insufficient_row_coverage,init,337,0.088889,0,0,0,0.000000,0,0,6
1077,001077.png,right,ok,tracking,2155,0.488889,2155,2155,21,17.263260,3.21789651016,-269.741429561,0
1077,001077.png,center,not_published,from_left_right,,,,,0,,,,
1078,001078.png,left,ok,init,372,0.100000,372,372,23,161.953646,-3.06923224482,873.379687407,0
1078,001078.png,right,ok,tracking,2157,0.494444,2157,2157,21,17.283035,3.21398176887,-269.250220046,0
1078,001078.png,center,ok,from_left_right,,,,,21,,,,
1079,001079.png,left,ok,tracking,382,0.100000,382,382,23,162.308736,-3.13506443746,884.784945561,0
1079,001079.png,right,ok,tracking,2106,0.488889,2106,2106,21,17.164822,3.23751332892,-272.575458886,0
1079,001079.png,center,ok,from_left_right,,,,,21,,,,
1080,001080.png,left,ok,tracking,403,0.105556,403,403,23,162.294652,-3.13240459204,883.747406652,0
1080,001080.png,right,ok,tracking,2124,0.488889,2124,2124,21,17.209626,3.22855781776,-270.770645894,0
1080,001080.png,center,ok,from_left_right,,,,,21,,,,
1081,001081.png,left,ok,tracking,451,0.116667,451,451,23,162.550257,-3.1813222646,895.53819319,0
1081,001081.png,right,ok,tracking,2139,0.494444,2139,2139,21,17.375759,3.19574135505,-264.374074421,0
1081,001081.png,center,ok,from_left_right,,,,,21,,,,
1082,001082.png,left,ok,tracking,482,0.122222,482,482,23,162.753560,-3.22123297404,904.423263847,0
1082,001082.png,right,ok,tracking,2108,0.494444,2108,2108,21,17.441405,3.1829414601,-260.745217626,0
1082,001082.png,center,ok,from_left_right,,,,,21,,,,
1083,001083.png,left,ok,tracking,509,0.127778,509,509,23,162.798728,-3.23022425597,907.060428555,0
1083,001083.png,right,ok,tracking,2108,0.488889,2108,2108,21,17.434027,3.18437524955,-259.901596845,0
1083,001083.png,center,ok,from_left_right,,,,,21,,,,
1084,001084.png,left,ok,tracking,551,0.138889,551,551,23,162.864276,-3.24335396211,911.072495439,0
1084,001084.png,right,ok,tracking,2113,0.488889,2113,2113,21,17.465539,3.17825899908,-258.790962987,0
1084,001084.png,center,ok,from_left_right,,,,,21,,,,
1085,001085.png,left,ok,tracking,580,0.144444,580,580,23,163.030393,-3.27706894564,915.528746124,0
1085,001085.png,right,ok,tracking,2075,0.483333,2075,2075,21,17.335887,3.20356180063,-261.720101691,0
1085,001085.png,center,ok,from_left_right,,,,,21,,,,
1086,001086.png,left,ok,tracking,632,0.155556,632,632,22,163.240791,-3.32070218816,924.661929133,0
1086,001086.png,right,ok,tracking,2111,0.488889,2111,2111,21,17.522501,3.16725721781,-254.954128752,0
1086,001086.png,center,ok,from_left_right,,,,,21,,,,
1087,001087.png,left,ok,tracking,665,0.172222,665,665,21,163.282226,-3.32942080872,929.3769786,0
1087,001087.png,right,ok,tracking,2146,0.494444,2146,2146,21,17.680843,3.13703507535,-250.9180194,0
1087,001087.png,center,ok,from_left_right,,,,,21,,,,
1088,001088.png,left,ok,tracking,725,0.177778,725,725,21,163.418525,-3.35839908913,933.983291171,0
1088,001088.png,right,ok,tracking,2106,0.500000,2106,2106,21,17.681551,3.1369009753,-250.128792303,0
1088,001088.png,center,ok,from_left_right,,,,,21,,,,
1089,001089.png,left,ok,tracking,766,0.188889,766,766,21,163.404205,-3.35533267133,932.85963167,0
1089,001089.png,right,ok,tracking,2126,0.500000,2126,2126,21,17.700258,3.13336535496,-249.11355607,0
1089,001089.png,center,ok,from_left_right,,,,,21,,,,
1090,001090.png,left,ok,tracking,835,0.205556,835,835,21,163.617338,-3.40150848739,941.431777715,0
1090,001090.png,right,ok,tracking,2089,0.488889,2089,2089,21,17.599773,3.15244272441,-251.695798357,0
1090,001090.png,center,ok,from_left_right,,,,,21,,,,
1091,001091.png,left,ok,tracking,924,0.216667,924,924,21,163.855883,-3.45459540993,951.408233727,0
1091,001091.png,right,ok,tracking,2088,0.494444,2088,2088,21,17.710915,3.13135448579,-246.511600941,0
1091,001091.png,center,ok,from_left_right,,,,,21,,,,
1092,001092.png,left,ok,tracking,972,0.233333,972,972,18,163.761021,-3.43330263225,949.31338729,0
1092,001092.png,right,ok,tracking,2109,0.494444,2109,2109,21,17.684410,3.13636016346,-249.149758891,0
1092,001092.png,center,ok,from_left_right,,,,,18,,,,
1093,001093.png,left,ok,tracking,1064,0.250000,1064,1064,18,163.901349,-3.46488753651,954.730386683,0
1093,001093.png,right,ok,tracking,2081,0.494444,2081,2081,21,17.680414,3.1371161998,-249.097020883,0
1093,001093.png,center,ok,from_left_right,,,,,18,,,,
1094,001094.png,left,ok,tracking,1168,0.266667,1168,1168,17,163.948691,-3.47566447754,956.452010984,0
1094,001094.png,right,ok,tracking,2085,0.494444,2085,2085,21,17.657008,3.14155074882,-249.154652037,0
1094,001094.png,center,ok,from_left_right,,,,,17,,,,
1095,001095.png,left,ok,tracking,1319,0.294444,1319,1319,17,164.053964,-3.49985204744,963.046477676,0
1095,001095.png,right,ok,tracking,2091,0.488889,2091,2091,21,17.610867,3.15032621793,-251.060801208,0
1095,001095.png,center,ok,from_left_right,,,,,17,,,,
1096,001096.png,left,ok,tracking,1430,0.322222,1430,1430,17,164.031294,-3.49461694895,961.319392249,0
1096,001096.png,right,ok,tracking,2080,0.488889,2080,2080,21,17.593891,3.15356595237,-250.774536169,0
1096,001096.png,center,ok,from_left_right,,,,,17,,,,
1097,001097.png,left,ok,tracking,1587,0.355556,1587,1587,16,164.058178,-3.50082664778,963.83968816,0
1097,001097.png,right,ok,tracking,2086,0.494444,2086,2086,21,17.695807,3.1342060625,-247.213366349,0
1097,001097.png,center,ok,from_left_right,,,,,16,,,,
1098,001098.png,left,ok,init,1763,0.388889,1763,1763,15,164.124790,-3.51630076795,967.224432821,0
1098,001098.png,right,ok,tracking,2085,0.488889,2085,2085,21,17.589986,3.15431217965,-251.550394767,0
1098,001098.png,center,ok,from_left_right,,,,,15,,,,
1099,001099.png,left,ok,tracking,1886,0.427778,1886,1886,15,164.080394,-3.50597345655,964.89169564,0
1099,001099.png,right,ok,tracking,2048,0.488889,2048,2048,21,17.569224,3.15828444438,-251.712182277,0
1099,001099.png,center,ok,from_left_right,,,,,15,,,,
1100,001100.png,left,ok,tracking,1886,0.422222,1886,1886,14,164.078035,-3.50542640383,966.70030974,0
1100,001100.png,right,ok,tracking,2086,0.488889,2086,2086,21,17.638801,3.14500811589,-249.338403048,0
1100,001100.png,center,ok,from_left_right,,,,,14,,,,
1101,001101.png,left,ok,tracking,1874,0.422222,1874,1874,14,164.040804,-3.49681122909,963.930050531,0
1101,001101.png,right,ok,tracking,2044,0.483333,2044,2044,21,17.610452,3.15040534024,-249.367786674,0
1101,001101.png,center,ok,from_left_right,,,,,14,,,,
1102,001102.png,left,ok,tracking,1827,0.422222,1827,1827,13,163.980690,-3.48298378024,962.041432564,0
1102,001102.png,right,ok,tracking,2041,0.483333,2041,2041,21,17.552790,3.16143522796,-251.203092753,0
1102,001102.png,center,ok,from_left_right,,,,,13,,,,
1103,001103.png,left,ok,tracking,1830,0.422222,1830,1830,13,163.994877,-3.48623786202,961.707509095,0
1103,001103.png,right,ok,tracking,2043,0.488889,2043,2043,21,17.734987,3.12682070479,-242.906945388,0
1103,001103.png,center,ok,from_left_right,,,,,13,,,,
1104,001104.png,left,ok,tracking,1821,0.416667,1821,1821,13,164.009344,-3.48956227057,963.445736742,0
1104,001104.png,right,ok,tracking,2052,0.488889,2052,2052,21,17.765140,3.12115843594,-242.058026517,0
1104,001104.png,center,ok,from_left_right,,,,,13,,,,
1105,001105.png,left,ok,tracking,1793,0.411111,1793,1793,12,164.052094,-3.49941954308,967.0676649,0
1105,001105.png,right,ok,tracking,2054,0.494444,2054,2054,21,17.770737,3.12010935001,-242.819881945,0
1105,001105.png,center,ok,from_left_right,,,,,12,,,,
1106,001106.png,left,ok,tracking,1791,0.405556,1791,1791,12,164.125232,-3.51640400119,968.734222768,0
1106,001106.png,right,ok,tracking,2046,0.494444,2046,2046,21,17.799710,3.11468942171,-240.988273495,0
1106,001106.png,center,ok,from_left_right,,,,,12,,,,
1107,001107.png,left,ok,tracking,1756,0.400000,1756,1756,12,164.184680,-3.53032190069,971.441297902,0
1107,001107.png,right,ok,tracking,2048,0.488889,2048,2048,21,17.928091,3.09087750166,-236.056305813,0
1107,001107.png,center,ok,from_left_right,,,,,12,,,,
1108,001108.png,left,ok,tracking,1713,0.394444,1713,1713,11,164.249050,-3.54550748804,975.742961993,0
1108,001108.png,right,ok,tracking,2075,0.500000,2075,2075,21,18.099631,3.05957050528,-230.227515667,0
1108,001108.png,center,ok,from_left_right,,,,,11,,,,
1109,001109.png,left,ok,tracking,1713,0.394444,1713,1713,11,164.042779,-3.49726734945,967.428113847,0
1109,001109.png,right,ok,tracking,2072,0.500000,2072,2072,21,18.007049,3.0763956522,-233.342879453,0
1109,001109.png,center,ok,from_left_right,,,,,11,,,,
1110,001110.png,left,ok,tracking,1699,0.394444,1699,1699,11,164.006050,-3.48880484657,967.554351351,0
1110,001110.png,right,ok,tracking,2078,0.500000,2078,2078,21,18.097578,3.05994178792,-230.191759078,0
1110,001110.png,center,ok,from_left_right,,,,,11,,,,
1111,001111.png,left,ok,tracking,1670,0.383333,1670,1670,11,164.121203,-3.51546440172,970.256609212,0
1111,001111.png,right,ok,tracking,2047,0.494444,2047,2047,21,17.993009,3.07896184706,-232.238524281,0
1111,001111.png,center,ok,from_left_right,,,,,11,,,,
1112,001112.png,left,ok,tracking,1654,0.377778,1654,1654,10,164.200292,-3.53399373018,973.073938651,0
1112,001112.png,right,ok,tracking,2083,0.494444,2083,2083,21,18.052034,3.06819968938,-230.007938702,0
1112,001112.png,center,ok,from_left_right,,,,,10,,,,
1113,001113.png,left,ok,tracking,1607,0.366667,1607,1607,10,164.149604,-3.52209753214,972.250287895,0
1113,001113.png,right,ok,tracking,2040,0.500000,2040,2040,21,18.108737,3.05792466009,-227.798220699,0
1113,001113.png,center,ok,from_left_right,,,,,10,,,,
1114,001114.png,left,ok,tracking,1591,0.372222,1591,1591,10,164.055221,-3.50014273108,966.70063514,0
1114,001114.png,right,ok,tracking,2024,0.494444,2024,2024,21,17.964475,3.08418897412,-232.003547482,0
1114,001114.png,center,ok,from_left_right,,,,,10,,,,
1115,001115.png,left,ok,tracking,1553,0.366667,1553,1553,9,163.903752,-3.46543297471,960.381630069,0
1115,001115.png,right,ok,tracking,2017,0.488889,2017,2017,21,17.808759,3.11300026036,-237.063931701,0
1115,001115.png,center,ok,from_left_right,,,,,9,,,,
1116,001116.png,left,ok,tracking,1518,0.361111,1518,1518,9,163.893754,-3.463164354,960.364139164,0
1116,001116.png,right,ok,tracking,2036,0.488889,2036,2036,21,17.901211,3.09583593258,-232.992974545,0
1116,001116.png,center,ok,from_left_right,,,,,9,,,,
1117,001117.png,left,ok,tracking,1475,0.350000,1475,1475,8,163.888108,-3.46188431442,960.512168796,0
1117,001117.png,right,ok,tracking,2004,0.483333,2004,2004,21,17.799221,3.11478081272,-236.123053558,0
1117,001117.png,center,ok,from_left_right,,,,,8,,,,
1118,001118.png,left,ok,tracking,1433,0.338889,1433,1433,8,163.939971,-3.47367469942,963.704316066,0
1118,001118.png,right,ok,tracking,1999,0.488889,1999,1999,21,18.067725,3.06535010564,-226.149210356,0
1118,001118.png,center,ok,from_left_right,,,,,8,,,,
1119,001119.png,left,ok,tracking,1425,0.333333,1425,1425,8,163.831040,-3.44899564171,957.814567304,0
1119,001119.png,right,ok,tracking,1986,0.483333,1986,1986,21,17.937435,3.08915726418,-230.378554204,0
1119,001119.png,center,ok,from_left_right,,,,,8,,,,
1120,001120.png,left,ok,tracking,1362,0.322222,1362,1362,8,163.935744,-3.47271091483,963.932833639,0
1120,001120.png,right,ok,tracking,2037,0.488889,2037,2037,21,17.997096,3.07821431824,-229.291170359,0
1120,001120.png,center,ok,from_left_right,,,,,8,,,,
1121,001121.png,left,ok,tracking,1311,0.311111,1311,1311,7,163.861328,-3.45582506954,960.373392079,0
1121,001121.png,right,ok,tracking,2034,0.488889,2034,2034,21,17.984785,3.08046677242,-229.746232689,0
1121,001121.png,center,ok,from_left_right,,,,,7,,,,
1122,001122.png,left,ok,tracking,1237,0.300000,1237,1237,7,163.739676,-3.42854498246,954.143650426,0
1122,001122.png,right,ok,tracking,1976,0.483333,1976,1976,20,17.911214,3.09398908681,-232.160512941,0
1122,001122.png,center,ok,from_left_right,,,,,7,,,,
1123,001123.png,left,ok,tracking,1178,0.288889,1178,1178,7,163.747771,-3.43034783396,955.35812388,0
1123,001123.png,right,ok,tracking,1999,0.483333,1999,1999,21,18.033049,3.07165368566,-227.067116813,0
1123,001123.png,center,ok,from_left_right,,,,,7,,,,
1124,001124.png,left,ok,tracking,1091,0.266667,1091,1091,6,163.626469,-3.40351273898,948.376836596,0
1124,001124.png,right,ok,tracking,1956,0.483333,1956,1956,20,18.001190,3.07746613709,-226.776716895,0
1124,001124.png,center,ok,from_left_right,,,,,6,,,,
1125,001125.png,left,ok,tracking,1023,0.250000,1023,1023,6,163.534328,-3.38338600479,944.053233403,0
1125,001125.png,right,ok,tracking,2047,0.483333,2047,2047,21,17.914950,3.09329971988,-230.84330163,0
1125,001125.png,center,ok,from_left_right,,,,,6,,,,
1126,001126.png,left,ok,tracking,934,0.233333,934,934,6,163.526493,-3.38168460081,943.161709265,0
1126,001126.png,right,ok,tracking,1950,0.483333,1950,1950,20,17.949397,3.08695761628,-227.919347587,0
1126,001126.png,center,ok,from_left_right,,,,,6,,,,
1127,001127.png,left,ok,tracking,829,0.216667,829,829,5,163.406846,-3.35589787793,935.377801488,0
1127,001127.png,right,ok,tracking,2027,0.483333,2027,2027,21,17.910255,3.0941659647,-230.545784946,0
1127,001127.png,center,ok,from_left_right,,,,,5,,,,
1128,001128.png,left,ok,tracking,713,0.188889,713,713,5,163.047460,-3.28056908797,913.926427786,0
1128,001128.png,right,ok,tracking,1973,0.472222,1973,1973,21,17.572647,3.15762886404,-242.096783599,0
1128,001128.png,center,ok,from_left_right,,,,,5,,,,
1129,001129.png,left,ok,tracking,587,0.166667,587,587,5,162.292317,-3.13196403197,874.262004135,0
1129,001129.png,right,ok,tracking,1981,0.472222,1981,1981,21,17.557623,3.16050793648,-242.398777651,0
1129,001129.png,center,ok,from_left_right,,,,,5,,,,
1130,001130.png,left,ok,tracking,502,0.144444,502,502,4,161.991730,-3.07617275648,861.894534762,0
1130,001130.png,right,ok,tracking,2020,0.472222,2020,2020,21,17.480866,3.17529198361,-246.50386644,0
1130,001130.png,center,ok,from_left_right,,,,,4,,,,
1131,001131.png,left,insufficient_row_coverage,init,246,0.088889,0,0,0,0.000000,0,0,6
1131,001131.png,right,ok,tracking,2018,0.472222,2018,2018,21,17.556826,3.16066093688,-244.214196804,0
1131,001131.png,center,not_published,from_left_right,,,,,0,,,,
1132,001132.png,left,insufficient_row_coverage,init,0,0.000000,0,0,0,0.000000,0,0,6
1132,001132.png,right,ok,tracking,2024,0.477778,2024,2024,21,17.679286,3.1373297242,-239.699854623,0
1132,001132.png,center,not_published,from_left_right,,,,,0,,,,
1133,001133.png,left,insufficient_row_coverage,init,0,0.000000,0,0,0,0.000000,0,0,6
1133,001133.png,right,ok,tracking,1992,0.477778,1992,1992,21,17.669248,3.13923038574,-239.838298392,0
1133,001133.png,center,not_published,from_left_right,,,,,0,,,,
1134,001134.png,left,insufficient_row_coverage,init,1673,0.061111,0,0,0,0.000000,0,0,6
1134,001134.png,right,ok,tracking,1994,0.477778,1994,1994,21,17.567948,3.15852893772,-243.709588736,0
1134,001134.png,center,not_published,from_left_right,,,,,0,,,,
1135,001135.png,left,insufficient_row_coverage,init,1938,0.072222,0,0,0,0.000000,0,0,6
1135,001135.png,right,ok,tracking,2007,0.477778,2007,2007,21,17.610394,3.15041630266,-243.626845104,0
1135,001135.png,center,not_published,from_left_right,,,,,0,,,,
1136,001136.png,left,insufficient_row_coverage,init,1971,0.072222,0,0,0,0.000000,0,0,6
1136,001136.png,right,ok,tracking,2006,0.472222,2006,2006,21,17.432106,3.18474893931,-251.014960885,0
1136,001136.png,center,not_published,from_left_right,,,,,0,,,,
1137,001137.png,left,insufficient_row_coverage,init,1820,0.072222,0,0,0,0.000000,0,0,6
1137,001137.png,right,ok,tracking,1874,0.444444,1874,1874,16,17.313611,3.20794606712,-253.715052742,0
1137,001137.png,center,not_published,from_left_right,,,,,0,,,,
1138,001138.png,left,insufficient_row_coverage,init,2036,0.077778,0,0,0,0.000000,0,0,6
1138,001138.png,right,ok,tracking,1813,0.438889,1813,1813,14,17.524205,3.1669291417,-245.914729732,0
1138,001138.png,center,not_published,from_left_right,,,,,0,,,,
1139,001139.png,left,insufficient_row_coverage,init,2089,0.083333,0,0,0,0.000000,0,0,6
1139,001139.png,right,ok,tracking,1787,0.433333,1787,1787,14,17.450318,3.181210761,-248.068794964,0
1139,001139.png,center,not_published,from_left_right,,,,,0,,,,
1140,001140.png,left,insufficient_row_coverage,init,2033,0.088889,0,0,0,0.000000,0,0,6
1140,001140.png,right,ok,tracking,1797,0.427778,1797,1797,14,17.279011,3.21477775359,-253.962918881,0
1140,001140.png,center,not_published,from_left_right,,,,,0,,,,
1141,001141.png,left,insufficient_row_coverage,init,2070,0.088889,0,0,0,0.000000,0,0,6
1141,001141.png,right,ok,tracking,1645,0.416667,1645,1645,12,17.487681,3.17397415058,-241.621954221,0
1141,001141.png,center,not_published,from_left_right,,,,,0,,,,
1142,001142.png,left,insufficient_row_coverage,init,2147,0.094444,0,0,0,0.000000,0,0,6
1142,001142.png,right,ok,tracking,1713,0.411111,1713,1713,13,17.065698,3.25748872051,-259.867076812,0
1142,001142.png,center,not_published,from_left_right,,,,,0,,,,
1143,001143.png,left,insufficient_row_coverage,init,2064,0.094444,0,0,0,0.000000,0,0,6
1143,001143.png,right,ok,tracking,1682,0.400000,1682,1682,13,16.932900,3.2846055799,-265.474356577,0
1143,001143.png,center,not_published,from_left_right,,,,,0,,,,
1144,001144.png,left,insufficient_row_coverage,init,0,0.000000,0,0,0,0.000000,0,0,6
1144,001144.png,right,ok,tracking,1695,0.400000,1695,1695,13,16.822063,3.30755612584,-268.591320174,0
1144,001144.png,center,not_published,from_left_right,,,,,0,,,,
1145,001145.png,left,insufficient_row_coverage,init,1082,0.044444,0,0,0,0.000000,0,0,6
1145,001145.png,right,ok,tracking,1653,0.388889,1653,1653,11,16.989831,3.27293013143,-263.527928516,0
1145,001145.png,center,not_published,from_left_right,,,,,0,,,,
1146,001146.png,left,insufficient_row_coverage,init,1215,0.055556,0,0,0,0.000000,0,0,6
1146,001146.png,right,ok,tracking,1614,0.383333,1614,1614,11,17.110079,3.24851737027,-261.662047594,0
1146,001146.png,center,not_published,from_left_right,,,,,0,,,,
1147,001147.png,left,insufficient_row_coverage,init,1223,0.055556,0,0,0,0.000000,0,0,6
1147,001147.png,right,ok,tracking,1611,0.377778,1611,1611,10,17.004066,3.27002266492,-265.757689311,0
1147,001147.png,center,not_published,from_left_right,,,,,0,,,,
1148,001148.png,left,insufficient_row_coverage,init,1285,0.061111,0,0,0,0.000000,0,0,6
1148,001148.png,right,ok,tracking,1538,0.361111,1538,1538,10,16.973702,3.2762300465,-268.69796237,0
1148,001148.png,center,not_published,from_left_right,,,,,0,,,,
1149,001149.png,left,insufficient_row_coverage,init,1289,0.055556,0,0,0,0.000000,0,0,6
1149,001149.png,right,ok,tracking,1539,0.355556,1539,1539,10,16.718547,3.32925769357,-278.507150182,0
1149,001149.png,center,not_published,from_left_right,,,,,0,,,,
1150,001150.png,left,insufficient_row_coverage,init,1308,0.055556,0,0,0,0.000000,0,0,6
1150,001150.png,right,ok,tracking,1501,0.350000,1501,1501,9,16.798504,3.31247233548,-273.581505246,0
1150,001150.png,center,not_published,from_left_right,,,,,0,,,,
1151,001151.png,left,insufficient_row_coverage,init,1434,0.066667,0,0,0,0.000000,0,0,6
1151,001151.png,right,ok,tracking,1445,0.338889,1445,1445,9,16.847289,3.3023068852,-272.534045585,0
1151,001151.png,center,not_published,from_left_right,,,,,0,,,,
1152,001152.png,left,insufficient_row_coverage,init,1371,0.061111,0,0,0,0.000000,0,0,6
1152,001152.png,right,ok,tracking,1418,0.327778,1418,1418,8,16.497001,3.37659251363,-287.871600082,0
1152,001152.png,center,not_published,from_left_right,,,,,0,,,,
1153,001153.png,left,insufficient_row_coverage,init,1355,0.061111,0,0,0,0.000000,0,0,6
1153,001153.png,right,ok,tracking,1369,0.311111,1369,1369,8,16.374700,3.40325615442,-292.02625974,0
1153,001153.png,center,not_published,from_left_right,,,,,0,,,,
1154,001154.png,left,insufficient_row_coverage,init,1449,0.061111,0,0,0,0.000000,0,0,6
1154,001154.png,right,ok,tracking,1340,0.288889,1340,1340,8,15.842272,3.52399917018,-316.192665331,0
1154,001154.png,center,not_published,from_left_right,,,,,0,,,,
1155,001155.png,left,insufficient_row_coverage,init,1550,0.072222,0,0,0,0.000000,0,0,6
1155,001155.png,right,ok,tracking,1234,0.277778,1234,1234,7,16.065835,3.47235105737,-303.585086312,0
1155,001155.png,center,not_published,from_left_right,,,,,0,,,,
1156,001156.png,left,insufficient_row_coverage,init,1527,0.066667,0,0,0,0.000000,0,0,6
1156,001156.png,right,ok,tracking,1149,0.261111,1149,1149,7,16.198758,3.4423009944,-297.910796015,0
1156,001156.png,center,not_published,from_left_right,,,,,0,,,,
1157,001157.png,left,insufficient_row_coverage,init,1513,0.066667,0,0,0,0.000000,0,0,6
1157,001157.png,right,ok,tracking,1070,0.244444,1070,1070,7,15.954033,3.49800377521,-309.836222752,0
1157,001157.png,center,not_published,from_left_right,,,,,0,,,,
1158,001158.png,left,insufficient_row_coverage,init,1599,0.072222,0,0,0,0.000000,0,0,6
1158,001158.png,right,ok,tracking,1020,0.216667,1020,1020,6,15.545558,3.59478146952,-331.780367441,0
1158,001158.png,center,not_published,from_left_right,,,,,0,,,,
1159,001159.png,left,insufficient_row_coverage,init,1582,0.077778,0,0,0,0.000000,0,0,6
1159,001159.png,right,ok,tracking,917,0.200000,917,917,6,15.182253,3.68512242675,-351.954153264,0
1159,001159.png,center,not_published,from_left_right,,,,,0,,,,
1160,001160.png,left,insufficient_row_coverage,init,1639,0.077778,0,0,0,0.000000,0,0,6
1160,001160.png,right,ok,tracking,788,0.177778,788,788,6,14.818290,3.7799618993,-376.471663586,0
1160,001160.png,center,not_published,from_left_right,,,,,0,,,,
1161,001161.png,left,insufficient_row_coverage,init,1658,0.083333,0,0,0,0.000000,0,0,6
1161,001161.png,right,ok,tracking,447,0.133333,447,447,5,18.516467,2.98583279344,-167.721659007,0
1161,001161.png,center,not_published,from_left_right,,,,,0,,,,
1162,001162.png,left,insufficient_row_coverage,init,0,0.000000,0,0,0,0.000000,0,0,6
1162,001162.png,right,ok,tracking,310,0.100000,310,310,5,20.911281,2.61719479998,-67.6619168591,0
1162,001162.png,center,not_published,from_left_right,,,,,0,,,,
1163,001163.png,left,insufficient_row_coverage,init,0,0.000000,0,0,0,0.000000,0,0,6
1163,001163.png,right,ok,tracking,587,0.133333,587,587,21,14.832852,3.77608007284,-312.834513629,0
1163,001163.png,center,not_published,from_left_right,,,,,0,,,,
1164,001164.png,left,insufficient_row_coverage,init,0,0.000000,0,0,0,0.000000,0,0,6
1164,001164.png,right,ok,tracking,743,0.144444,743,743,23,12.994072,4.33352128318,-429.580422887,0
1164,001164.png,center,not_published,from_left_right,,,,,0,,,,
1165,001165.png,left,insufficient_row_coverage,init,0,0.000000,0,0,0,0.000000,0,0,6
1165,001165.png,right,ok,tracking,785,0.150000,785,785,23,12.275082,4.59601629997,-485.068815235,0
1165,001165.png,center,not_published,from_left_right,,,,,0,,,,
1166,001166.png,left,insufficient_row_coverage,init,0,0.000000,0,0,0,0.000000,0,0,6
1166,001166.png,right,ok,tracking,814,0.161111,814,814,23,11.983629,4.71124895499,-510.638372328,0
1166,001166.png,center,not_published,from_left_right,,,,,0,,,,
1167,001167.png,left,insufficient_row_coverage,init,0,0.000000,0,0,0,0.000000,0,0,6
1167,001167.png,right,ok,tracking,821,0.155556,821,821,23,11.742142,4.81099460455,-532.160712241,0
1167,001167.png,center,not_published,from_left_right,,,,,0,,,,
1168,001168.png,left,insufficient_row_coverage,init,0,0.000000,0,0,0,0.000000,0,0,6
1168,001168.png,right,ok,tracking,792,0.144444,792,792,23,11.526046,4.90374543359,-551.561852096,0
1168,001168.png,center,not_published,from_left_right,,,,,0,,,,
1169,001169.png,left,insufficient_row_coverage,init,0,0.000000,0,0,0,0.000000,0,0,6
1169,001169.png,right,ok,tracking,793,0.144444,793,793,23,11.614042,4.86556600586,-543.51501273,0
1169,001169.png,center,not_published,from_left_right,,,,,0,,,,
1170,001170.png,left,insufficient_row_coverage,init,0,0.000000,0,0,0,0.000000,0,0,6
1170,001170.png,right,ok,tracking,763,0.150000,763,763,23,11.199334,5.05067710183,-582.71515132,0
1170,001170.png,center,not_published,from_left_right,,,,,0,,,,
1171,001171.png,left,ok,init,1957,0.150000,1957,1957,17,164.776212,-3.67458109879,1021.08264435,0
1171,001171.png,right,ok,tracking,754,0.150000,754,754,23,10.870114,5.20755336895,-615.240172101,0
1171,001171.png,center,ok,from_left_right,,,,,17,,,,
1172,001172.png,left,ok,tracking,694,0.150000,694,694,18,164.452758,-3.59437246605,1006.38228417,0
1172,001172.png,right,ok,tracking,720,0.144444,720,720,23,10.571744,5.3580655114,-645.687268075,0
1172,001172.png,center,ok,from_left_right,,,,,18,,,,
1173,001173.png,left,ok,tracking,737,0.150000,737,737,17,164.332217,-3.56530779868,1001.54427591,0
1173,001173.png,right,rejected_side_geometry,tracking,696,0.138889,0,0,0,10.291154,5.50747818295,-675.673636001,6
1173,001173.png,center,not_published,from_left_right,,,,,0,,,,
1174,001174.png,left,ok,tracking,754,0.155556,754,754,17,163.840337,-3.45108937727,977.881231354,0
1174,001174.png,right,ok,init,3110,0.177778,3110,3110,23,77.808945,0.216044231964,377.143454211,0
1174,001174.png,center,ok,from_left_right,,,,,17,,,,
1175,001175.png,left,ok,tracking,816,0.172222,816,816,16,163.468312,-3.36909990287,961.589567794,0
1175,001175.png,right,ok,tracking,503,0.100000,503,503,23,42.905327,1.07592753615,202.496382388,0
1175,001175.png,center,ok,from_left_right,,,,,16,,,,
1176,001176.png,left,ok,tracking,847,0.188889,847,847,16,163.075806,-3.28639782475,945.969904867,0
1176,001176.png,right,ok,tracking,591,0.122222,591,591,23,28.491052,1.84245697672,45.7260541114,0
1176,001176.png,center,ok,from_left_right,,,,,16,,,,
1177,001177.png,left,ok,tracking,908,0.194444,908,908,16,162.553772,-3.18200464531,924.139092142,0
1177,001177.png,right,ok,tracking,686,0.144444,686,686,23,21.840610,2.49504815413,-87.2446321725,0
1177,001177.png,center,ok,from_left_right,,,,,16,,,,
1178,001178.png,left,ok,tracking,976,0.216667,976,976,16,162.096064,-3.095332519,907.208780847,0
1178,001178.png,right,ok,tracking,857,0.188889,857,857,23,18.094294,3.06053600903,-203.02258838,0
1178,001178.png,center,ok,from_left_right,,,,,16,,,,
1179,001179.png,left,ok,tracking,1040,0.233333,1040,1040,16,161.572744,-3.00134313631,887.845555583,0
1179,001179.png,right,ok,tracking,1351,0.255556,1351,1351,23,17.908563,3.09447818922,-208.581122273,0
1179,001179.png,center,ok,from_left_right,,,,,16,,,,
1180,001180.png,left,ok,tracking,1128,0.255556,1128,1128,16,160.987991,-2.90223472566,866.889145196,0
1180,001180.png,right,ok,tracking,1585,0.283333,1585,1585,23,17.258705,3.21879947423,-233.710239853,0
1180,001180.png,center,ok,from_left_right,,,,,16,,,,
1181,001181.png,left,ok,tracking,1213,0.277778,1213,1213,15,160.468040,-2.8189146627,848.524601727,0
1181,001181.png,right,ok,tracking,1686,0.305556,1686,1686,21,16.617151,3.35076942487,-260.880242402,0
1181,001181.png,center,ok,from_left_right,,,,,15,,,,
1182,001182.png,left,ok,tracking,1309,0.300000,1309,1309,15,159.951968,-2.74032749767,830.071447744,0
1182,001182.png,right,ok,tracking,1797,0.333333,1797,1797,21,16.081767,3.46872386091,-284.169084097,0
1182,001182.png,center,ok,from_left_right,,,,,15,,,,
1183,001183.png,left,ok,tracking,1432,0.333333,1432,1432,15,159.691774,-2.70215890031,822.079874346,0
1183,001183.png,right,ok,tracking,2024,0.372222,2024,2024,21,15.614045,3.57821090736,-306.231650455,0
1183,001183.png,center,ok,from_left_right,,,,,15,,,,
1184,001184.png,left,ok,tracking,1560,0.372222,1560,1560,15,159.327956,-2.6503334527,810.872003656,0
1184,001184.png,right,ok,tracking,1715,0.355556,1715,1715,23,14.248091,3.93805949803,-382.073315411,0
1184,001184.png,center,ok,from_left_right,,,,,15,,,,
1185,001185.png,left,ok,tracking,1668,0.422222,1668,1668,15,158.930088,-2.59561816826,798.0738895,0
1185,001185.png,right,ok,tracking,1821,0.355556,1821,1821,21,13.933498,4.03070556358,-402.684639887,0
1185,001185.png,center,ok,from_left_right,,,,,15,,,,
1186,001186.png,left,ok,tracking,1450,0.427778,1450,1450,16,158.815972,-2.58028718084,794.053383653,0
1186,001186.png,right,ok,tracking,1805,0.350000,1805,1805,21,13.729576,4.0929816823,-416.779040603,0
1186,001186.png,center,ok,from_left_right,,,,,16,,,,
1187,001187.png,left,ok,tracking,1672,0.483333,1672,1672,15,158.759649,-2.57277832384,793.077271258,0
1187,001187.png,right,ok,tracking,1858,0.355556,1858,1858,21,13.794655,4.07291088656,-414.177270867,0
1187,001187.png,center,ok,from_left_right,,,,,15,,,,
1188,001188.png,left,ok,tracking,2008,0.566667,2008,2008,14,159.058933,-2.6131195384,803.179580441,0
1188,001188.png,right,ok,tracking,1855,0.350000,1855,1855,21,13.625191,4.12556714682,-426.312152674,0
1188,001188.png,center,ok,from_left_right,,,,,14,,,,
1189,001189.png,left,ok,tracking,2105,0.600000,2105,2105,13,158.951548,-2.59851891081,799.739848505,0
1189,001189.png,right,ok,tracking,1847,0.350000,1847,1847,21,13.420835,4.1908002061,-440.678788691,0
1189,001189.png,center,ok,from_left_right,,,,,13,,,,
1190,001190.png,left,ok,tracking,2076,0.605556,2076,2076,13,158.697559,-2.56454459178,792.486482388,0
1190,001190.png,right,ok,tracking,1821,0.344444,1821,1821,21,13.320510,4.2235440879,-448.800529872,0
1190,001190.png,center,ok,from_left_right,,,,,13,,,,
1191,001191.png,left,ok,tracking,2058,0.605556,2058,2058,13,158.469446,-2.53468327027,785.357646314,0
1191,001191.png,right,ok,tracking,1852,0.350000,1852,1852,21,13.300621,4.23009286992,-451.403590569,0
1191,001191.png,center,ok,from_left_right,,,,,13,,,,
1192,001192.png,left,ok,tracking,2031,0.611111,2031,2031,13,158.264073,-2.50830971455,778.273932529,0
1192,001192.png,right,ok,tracking,1845,0.344444,1845,1845,21,13.141325,4.28324717541,-463.078947829,0
1192,001192.png,center,ok,from_left_right,,,,,13,,,,
1193,001193.png,left,ok,tracking,2033,0.616667,2033,2033,13,157.989183,-2.47374212087,770.949405809,0
1193,001193.png,right,ok,tracking,1843,0.344444,1843,1843,21,13.039676,4.31783232531,-471.228440099,0
1193,001193.png,center,ok,from_left_right,,,,,13,,,,
1194,001194.png,left,ok,tracking,2020,0.616667,2020,2020,13,157.884137,-2.46074831845,766.480124999,0
1194,001194.png,right,ok,tracking,1794,0.333333,1794,1794,21,12.712801,4.43273184663,-494.420168876,0
1194,001194.png,center,ok,from_left_right,,,,,13,,,,
1195,001195.png,left,ok,tracking,2009,0.616667,2009,2009,13,157.726839,-2.44150895522,761.381957952,0
1195,001195.png,right,ok,tracking,1772,0.333333,1772,1772,22,12.662310,4.451000156,-498.124086677,0
1195,001195.png,center,ok,from_left_right,,,,,13,,,,
1196,001196.png,left,ok,tracking,1978,0.611111,1978,1978,13,157.858546,-2.45760062125,762.444724079,0
1196,001196.png,right,ok,tracking,1837,0.350000,1837,1837,21,13.042013,4.31703106829,-471.58170957,0
1196,001196.png,center,ok,from_left_right,,,,,13,,,,
1197,001197.png,left,ok,tracking,1951,0.611111,1951,1951,13,157.729067,-2.44177959578,757.202853461,0
1197,001197.png,right,ok,tracking,1788,0.344444,1788,1788,21,12.795410,4.40314923757,-489.471800927,0
1197,001197.png,center,ok,from_left_right,,,,,13,,,,
1198,001198.png,left,ok,tracking,1953,0.616667,1953,1953,13,157.522605,-2.41691019483,750.938454042,0
1198,001198.png,right,ok,tracking,1772,0.338889,1772,1772,22,12.736362,4.42425603667,-494.33741865,0
1198,001198.png,center,ok,from_left_right,,,,,13,,,,
1199,001199.png,left,ok,tracking,1963,0.616667,1963,1963,13,157.541930,-2.41921960941,749.728709678,0
1199,001199.png,right,ok,tracking,1808,0.344444,1808,1808,21,12.833868,4.38950471083,-487.637867527,0
1199,001199.png,center,ok,from_left_right,,,,,13,,,,
1200,001200.png,left,ok,tracking,1939,0.616667,1939,1939,13,157.438920,-2.40695278889,746.289088897,0
1200,001200.png,right,ok,tracking,1824,0.350000,1824,1824,21,12.898333,4.36681322854,-483.988659123,0
1200,001200.png,center,ok,from_left_right,,,,,13,,,,
1201,001201.png,left,ok,tracking,1949,0.611111,1949,1949,13,157.270533,-2.38712778487,742.277436874,0
1201,001201.png,right,ok,tracking,1884,0.355556,1884,1884,21,13.058371,4.31143173005,-474.016041642,0
1201,001201.png,center,ok,from_left_right,,,,,13,,,,
1202,001202.png,left,ok,tracking,1922,0.611111,1922,1922,13,157.147296,-2.37279387103,736.980807671,0
1202,001202.png,right,ok,tracking,1884,0.350000,1884,1884,21,12.957864,4.34605523636,-482.506843421,0
1202,001202.png,center,ok,from_left_right,,,,,13,,,,
1203,001203.png,left,ok,tracking,1928,0.605556,1928,1928,13,157.122294,-2.36990363439,734.935784767,0
1203,001203.png,right,ok,tracking,1930,0.355556,1930,1930,21,12.952757,4.34782860897,-484.269864528,0
1203,001203.png,center,ok,from_left_right,,,,,13,,,,
1204,001204.png,left,ok,tracking,1928,0.611111,1928,1928,13,156.887778,-2.34308210254,727.898980607,0
1204,001204.png,right,ok,tracking,1931,0.350000,1931,1931,21,12.817481,4.39530880114,-495.183773867,0
1204,001204.png,center,ok,from_left_right,,,,,13,,,,
1205,001205.png,left,ok,tracking,1937,0.611111,1937,1937,13,156.806831,-2.33394329258,725.034992685,0
1205,001205.png,right,ok,tracking,1959,0.355556,1959,1959,21,12.866376,4.37803407294,-493.113899394,0
1205,001205.png,center,ok,from_left_right,,,,,13,,,,
1206,001206.png,left,ok,tracking,1917,0.611111,1917,1917,13,156.802237,-2.33342640877,723.183955863,0
1206,001206.png,right,ok,tracking,1983,0.355556,1983,1983,21,12.938725,4.35270840775,-489.530406752,0
1206,001206.png,center,ok,from_left_right,,,,,13,,,,
1207,001207.png,left,ok,tracking,1881,0.594444,1881,1881,12,156.832420,-2.33682574,720.921022798,0
1207,001207.png,right,ok,tracking,1992,0.361111,1992,1992,21,12.826962,4.39194902268,-498.906900182,0
1207,001207.png,center,ok,from_left_right,,,,,12,,,,
1208,001208.png,left,ok,tracking,1869,0.600000,1869,1869,13,156.766774,-2.32944308213,717.801132922,0
1208,001208.png,right,ok,tracking,2010,0.361111,2010,2010,21,12.953560,4.34754970212,-491.489408505,0
1208,001208.png,center,ok,from_left_right,,,,,13,,,,
1209,001209.png,left,ok,tracking,1853,0.588889,1853,1853,13,156.849945,-2.33880330661,718.256858253,0
1209,001209.png,right,ok,tracking,2042,0.366667,2042,2042,21,13.021172,4.32418529257,-488.511021466,0
1209,001209.png,center,ok,from_left_right,,,,,13,,,,
1210,001210.png,left,ok,tracking,1827,0.588889,1827,1827,12,156.592192,-2.30999991869,711.219190806,0
1210,001210.png,right,ok,tracking,2040,0.366667,2040,2040,21,12.925359,4.35736604584,-497.491040319,0
1210,001210.png,center,ok,from_left_right,,,,,12,,,,
1211,001211.png,left,ok,tracking,1818,0.572222,1818,1818,12,156.936536,-2.34861604208,716.404210298,0
1211,001211.png,right,ok,tracking,2082,0.372222,2082,2082,21,13.005312,4.32964440456,-493.443159209,0
1211,001211.png,center,ok,from_left_right,,,,,12,,,,
1212,001212.png,left,ok,tracking,1807,0.572222,1807,1807,13,157.047137,-2.36125147673,717.973191442,0
1212,001212.png,right,ok,tracking,2098,0.372222,2098,2098,21,12.946293,4.3500752088,-499.276078789,0
1212,001212.png,center,ok,from_left_right,,,,,13,,,,
1213,001213.png,left,ok,tracking,1796,0.572222,1796,1796,13,156.976911,-2.3532153645,715.183310774,0
1213,001213.png,right,ok,tracking,2111,0.377778,2111,2111,21,12.942494,4.35139672309,-501.246608716,0
1213,001213.png,center,ok,from_left_right,,,,,13,,,,
1214,001214.png,left,ok,tracking,1780,0.566667,1780,1780,13,157.032905,-2.35961912428,714.567418413,0
1214,001214.png,right,ok,tracking,2116,0.372222,2116,2116,21,12.729352,4.42677459278,-517.577573427,0
1214,001214.png,center,ok,from_left_right,,,,,13,,,,
1215,001215.png,left,ok,tracking,1804,0.572222,1804,1804,13,157.030253,-2.35931516718,713.223560978,0
1215,001215.png,right,ok,tracking,2102,0.366667,2102,2102,21,12.492184,4.51362237933,-534.336252137,0
1215,001215.png,center,ok,from_left_right,,,,,13,,,,
1216,001216.png,left,ok,tracking,1810,0.577778,1810,1810,14,157.156964,-2.37391301243,718.11066708,0
1216,001216.png,right,ok,tracking,2120,0.377778,2120,2120,21,12.827877,4.3916250659,-510.46822055,0
1216,001216.png,center,ok,from_left_right,,,,,14,,,,
1217,001217.png,left,ok,tracking,1822,0.577778,1822,1822,14,157.205781,-2.37957800024,720.015627194,0
1217,001217.png,right,ok,tracking,2128,0.372222,2128,2128,21,12.654366,4.45388745363,-522.952890612,0
1217,001217.png,center,ok,from_left_right,,,,,14,,,,
1218,001218.png,left,ok,tracking,1846,0.583333,1846,1846,14,157.284710,-2.38878620029,723.760382623,0
1218,001218.png,right,ok,tracking,2144,0.377778,2144,2144,21,12.815361,4.39606083947,-511.416741633,0
1218,001218.png,center,ok,from_left_right,,,,,14,,,,
1219,001219.png,left,ok,tracking,1873,0.588889,1873,1873,14,157.174837,-2.37598452642,724.439366137,0
1219,001219.png,right,ok,tracking,2155,0.383333,2155,2155,21,12.971600,4.34129231869,-501.129050301,0
1219,001219.png,center,ok,from_left_right,,,,,14,,,,
1220,001220.png,left,ok,tracking,1875,0.588889,1875,1875,14,157.235458,-2.38303312125,726.517126881,0
1220,001220.png,right,ok,tracking,2134,0.372222,2134,2134,21,12.688057,4.4416667843,-520.752213652,0
1220,001220.png,center,ok,from_left_right,,,,,14,,,,
1221,001221.png,left,ok,tracking,1888,0.594444,1888,1888,14,157.297602,-2.39029593559,730.634427052,0
1221,001221.png,right,ok,tracking,2136,0.372222,2136,2136,21,12.710725,4.43348028198,-518.613955642,0
1221,001221.png,center,ok,from_left_right,,,,,14,,,,
1222,001222.png,left,ok,tracking,1913,0.600000,1913,1913,14,157.356274,-2.39718759759,734.998104489,0
1222,001222.png,right,ok,tracking,2112,0.372222,2112,2112,21,12.669341,4.4484475814,-520.848672449,0
1222,001222.png,center,ok,from_left_right,,,,,14,,,,
1223,001223.png,left,ok,tracking,1920,0.600000,1920,1920,14,157.301676,-2.39077339711,735.472386556,0
1223,001223.png,right,ok,tracking,2078,0.366667,2078,2078,21,12.613652,4.46874113261,-523.734805313,0
1223,001223.png,center,ok,from_left_right,,,,,14,,,,
1224,001224.png,left,ok,tracking,1964,0.616667,1964,1964,14,157.098688,-2.36718038471,733.613565432,0
1224,001224.png,right,ok,tracking,2001,0.361111,2001,2001,21,12.416006,4.54221012324,-536.716401909,0
1224,001224.png,center,ok,from_left_right,,,,,14,,,,
1225,001225.png,left,ok,tracking,1987,0.627778,1987,1987,14,157.015336,-2.35760664224,733.893588275,0
1225,001225.png,right,ok,tracking,1953,0.361111,1953,1953,21,12.347256,4.56830854024,-539.559508471,0
1225,001225.png,center,ok,from_left_right,,,,,14,,,,
1226,001226.png,left,ok,tracking,2012,0.633333,2012,2012,14,156.940649,-2.3490839228,734.512559463,0
1226,001226.png,right,ok,tracking,1980,0.355556,1980,1980,21,12.366313,4.56104586834,-536.299649017,0
1226,001226.png,center,ok,from_left_right,,,,,14,,,,
1227,001227.png,left,ok,tracking,2008,0.638889,2008,2008,14,156.986328,-2.35429023155,738.999509218,0
1227,001227.png,right,ok,tracking,1977,0.361111,1977,1977,21,12.457125,4.5267364987,-527.653765928,0
1227,001227.png,center,ok,from_left_right,,,,,14,,,,
1228,001228.png,left,ok,tracking,2037,0.644444,2037,2037,14,156.915591,-2.34623613879,739.2032507,0
1228,001228.png,right,ok,tracking,1908,0.350000,1908,1908,21,12.364472,4.56174619371,-533.101841515,0
1228,001228.png,center,ok,from_left_right,,,,,14,,,,
1229,001229.png,left,ok,tracking,2027,0.655556,2027,2027,14,156.785941,-2.33159453344,738.948311335,0
1229,001229.png,right,ok,tracking,1846,0.344444,1846,1846,21,12.251914,4.60497869072,-540.472498546,0
1229,001229.png,center,ok,from_left_right,,,,,14,,,,
1230,001230.png,left,ok,tracking,2057,0.666667,2057,2057,13,156.657952,-2.31729137295,737.159833099,0
1230,001230.png,right,ok,tracking,1739,0.333333,1739,1739,21,12.108664,4.66114421449,-549.954602866,0
1230,001230.png,center,ok,from_left_right,,,,,13,,,,
1231,001231.png,left,ok,tracking,2073,0.672222,2073,2073,13,156.577033,-2.30832458466,737.207338694,0
1231,001231.png,right,ok,tracking,1815,0.338889,1815,1815,21,12.258895,4.60227466708,-536.615848605,0
1231,001231.png,center,ok,from_left_right,,,,,13,,,,
1232,001232.png,left,ok,tracking,2063,0.672222,2063,2063,13,156.377928,-2.2865081666,732.70191928,0
1232,001232.png,right,ok,tracking,1738,0.333333,1738,1738,21,12.158121,4.6416059897,-543.150498863,0
1232,001232.png,center,ok,from_left_right,,,,,13,,,,
1233,001233.png,left,ok,tracking,2057,0.666667,2057,2057,13,156.328654,-2.28116261722,729.675808968,0
1233,001233.png,right,ok,tracking,1744,0.327778,1744,1744,21,12.220881,4.61703620515,-536.97740251,0
1233,001233.png,center,ok,from_left_right,,,,,13,,,,
1234,001234.png,left,ok,tracking,2039,0.661111,2039,2039,13,156.228532,-2.27036488444,726.392275183,0
1234,001234.png,right,ok,tracking,1731,0.333333,1731,1731,21,12.319582,4.5788948147,-530.760111507,0
1234,001234.png,center,ok,from_left_right,,,,,13,,,,
1235,001235.png,left,ok,tracking,2036,0.666667,2036,2036,13,156.037938,-2.25004513365,720.539796699,0
1235,001235.png,right,ok,tracking,1737,0.333333,1737,1737,21,12.215274,4.61922121499,-538.764812783,0
1235,001235.png,center,ok,from_left_right,,,,,13,,,,
1236,001236.png,left,ok,tracking,2037,0.666667,2037,2037,13,155.932591,-2.23894392091,717.179762716,0
1236,001236.png,right,ok,tracking,1738,0.333333,1738,1738,21,12.254760,4.60387609501,-536.837501612,0
1236,001236.png,center,ok,from_left_right,,,,,13,,,,
1237,001237.png,left,ok,tracking,2018,0.661111,2018,2018,13,156.029043,-2.24910433657,717.994275546,0
1237,001237.png,right,ok,tracking,1773,0.344444,1773,1773,21,12.372887,4.55854519548,-528.82140871,0
1237,001237.png,center,ok,from_left_right,,,,,13,,,,
1238,001238.png,left,ok,tracking,1984,0.655556,1984,1984,13,156.093933,-2.25598325142,717.406146745,0
1238,001238.png,right,ok,tracking,1811,0.350000,1811,1811,21,12.503031,4.5095795462,-520.663692635,0
1238,001238.png,center,ok,from_left_right,,,,,13,,,,
1239,001239.png,left,ok,tracking,1985,0.655556,1985,1985,13,155.908332,-2.23640048589,712.063932538,0
1239,001239.png,right,ok,tracking,1816,0.355556,1816,1816,21,12.446910,4.53057091859,-527.903491401,0
1239,001239.png,center,ok,from_left_right,,,,,13,,,,
1240,001240.png,left,ok,tracking,1964,0.650000,1964,1964,13,155.827192,-2.22792824847,709.178355919,0
1240,001240.png,right,ok,tracking,1827,0.350000,1827,1827,21,12.246301,4.60715510225,-544.746143648,0
1240,001240.png,center,ok,from_left_right,,,,,13,,,,
1241,001241.png,left,ok,tracking,1949,0.650000,1949,1949,12,155.828832,-2.22809888764,706.900900524,0
1241,001241.png,right,ok,tracking,1855,0.350000,1855,1855,21,12.219579,4.61754334764,-546.522161835,0
1241,001241.png,center,ok,from_left_right,,,,,12,,,,
1242,001242.png,left,ok,tracking,1948,0.650000,1948,1948,13,155.736467,-2.21851827089,704.172662807,0
1242,001242.png,right,ok,tracking,1863,0.361111,1863,1863,21,12.438409,4.53376711052,-532.684000902,0
1242,001242.png,center,ok,from_left_right,,,,,13,,,,
1243,001243.png,left,ok,tracking,1932,0.644444,1932,1932,13,155.791332,-2.22420089672,703.804923477,0
1243,001243.png,right,ok,tracking,1909,0.361111,1909,1909,21,12.442292,4.53230679694,-535.145298693,0
1243,001243.png,center,ok,from_left_right,,,,,13,,,,
1244,001244.png,left,ok,tracking,1908,0.633333,1908,1908,12,155.732676,-2.21812642846,700.808399668,0
1244,001244.png,right,ok,tracking,1935,0.366667,1935,1935,21,12.416400,4.54206148742,-539.631880086,0
1244,001244.png,center,ok,from_left_right,,,,,12,,,,
1245,001245.png,left,ok,tracking,1892,0.638889,1892,1892,12,155.565400,-2.2009538399,696.005629207,0
1245,001245.png,right,ok,tracking,1960,0.366667,1960,1960,21,12.317840,4.5795628536,-549.694988157,0
1245,001245.png,center,ok,from_left_right,,,,,12,,,,
1246,001246.png,left,ok,tracking,1880,0.633333,1880,1880,12,155.464594,-2.19071123592,692.130492482,0
1246,001246.png,right,ok,tracking,1989,0.366667,1989,1989,21,12.249773,4.6058087915,-556.76622041,0
1246,001246.png,center,ok,from_left_right,,,,,12,,,,
1247,001247.png,left,ok,tracking,1858,0.633333,1858,1858,12,155.408248,-2.18502040107,689.408887837,0
1247,001247.png,right,ok,tracking,2008,0.361111,2008,2008,21,12.070739,4.67623381856,-570.854783872,0
1247,001247.png,center,ok,from_left_right,,,,,12,,,,
1248,001248.png,left,ok,tracking,1845,0.622222,1845,1845,12,155.497845,-2.19408101788,688.132710536,0
1248,001248.png,right,ok,tracking,1918,0.355556,1918,1918,21,11.910094,4.74120017207,-581.948408937,0
1248,001248.png,center,ok,from_left_right,,,,,12,,,,
1249,001249.png,left,ok,tracking,1810,0.611111,1810,1810,12,155.606096,-2.20511135647,687.47647553,0
1249,001249.png,right,ok,tracking,1997,0.361111,1997,1997,21,12.215120,4.61928127971,-557.816462617,0
1249,001249.png,center,ok,from_left_right,,,,,12,,,,
1250,001250.png,left,ok,tracking,1790,0.605556,1790,1790,12,155.801530,-2.22525978763,689.712497425,0
1250,001250.png,right,ok,tracking,1963,0.372222,1963,1963,20,12.370903,4.55929971551,-548.764454731,0
1250,001250.png,center,ok,from_left_right,,,,,12,,,,
1251,001251.png,left,ok,tracking,1774,0.594444,1774,1774,12,155.893944,-2.23489426158,689.078768292,0
1251,001251.png,right,ok,tracking,2017,0.372222,2017,2017,21,12.277669,4.59501785865,-557.503225529,0
1251,001251.png,center,ok,from_left_right,,,,,12,,,,
1252,001252.png,left,ok,tracking,1759,0.583333,1759,1759,12,155.916477,-2.23725386574,687.094183621,0
1252,001252.png,right,ok,tracking,2053,0.372222,2053,2053,21,12.312988,4.58142430504,-556.165748266,0
1252,001252.png,center,ok,from_left_right,,,,,12,,,,
1253,001253.png,left,ok,tracking,1743,0.583333,1743,1743,12,155.940755,-2.23980090389,686.286777154,0
1253,001253.png,right,ok,tracking,2031,0.377778,2031,2031,20,12.414306,4.54285219876,-550.933698092,0
1253,001253.png,center,ok,from_left_right,,,,,12,,,,
1254,001254.png,left,ok,tracking,1750,0.577778,1750,1750,12,156.080045,-2.25450811461,688.876809544,0
1254,001254.png,right,ok,tracking,1991,0.388889,1991,1991,20,12.606072,4.47151679189,-540.395183672,0
1254,001254.png,center,ok,from_left_right,,,,,12,,,,
1255,001255.png,left,ok,tracking,1730,0.566667,1730,1730,12,156.373098,-2.28598324497,694.13480609,0
1255,001255.png,right,ok,tracking,2087,0.388889,2087,2087,20,12.513253,4.50577613635,-549.083324589,0
1255,001255.png,center,ok,from_left_right,,,,,12,,,,
1256,001256.png,left,ok,tracking,1712,0.561111,1712,1712,12,156.350343,-2.28351293435,690.521791945,0
1256,001256.png,right,ok,tracking,2108,0.383333,2108,2108,21,12.298346,4.58705032763,-563.941092648,0
1256,001256.png,center,ok,from_left_right,,,,,12,,,,
1257,001257.png,left,ok,tracking,1706,0.561111,1706,1706,13,156.448181,-2.29416629183,692.039689889,0
1257,001257.png,right,ok,tracking,2113,0.388889,2113,2113,21,12.498386,4.51130971946,-549.006407108,0
1257,001257.png,center,ok,from_left_right,,,,,13,,,,
1258,001258.png,left,ok,tracking,1712,0.544444,1712,1712,13,156.683836,-2.32017209359,695.614081739,0
1258,001258.png,right,ok,tracking,2129,0.388889,2129,2129,21,12.543552,4.49453792964,-545.237233867,0
1258,001258.png,center,ok,from_left_right,,,,,13,,,,
1259,001259.png,left,ok,tracking,1698,0.544444,1698,1698,13,156.745782,-2.32709070829,695.999573103,0
1259,001259.png,right,ok,tracking,2115,0.394444,2115,2115,20,12.726329,4.42786152683,-533.214313181,0
1259,001259.png,center,ok,from_left_right,,,,,13,,,,
1260,001260.png,left,ok,tracking,1703,0.544444,1703,1703,13,156.767113,-2.32948118776,696.188824122,0
1260,001260.png,right,ok,tracking,2093,0.400000,2093,2093,20,12.775494,4.41024678566,-531.298401942,0
1260,001260.png,center,ok,from_left_right,,,,,13,,,,
1261,001261.png,left,ok,tracking,1649,0.533333,1649,1649,13,157.072829,-2.36420317551,701.961195719,0
1261,001261.png,right,ok,tracking,2133,0.394444,2133,2133,21,12.616031,4.46787037142,-541.275425177,0
1261,001261.png,center,ok,from_left_right,,,,,13,,,,
1262,001262.png,left,ok,tracking,1680,0.533333,1680,1680,13,157.040170,-2.36045216538,701.152382709,0
1262,001262.png,right,ok,tracking,2122,0.400000,2122,2122,20,12.745076,4.42112918363,-532.824344297,0
1262,001262.png,center,ok,from_left_right,,,,,13,,,,
1263,001263.png,left,ok,tracking,1662,0.533333,1662,1662,13,157.112498,-2.3687728458,703.303589333,0
1263,001263.png,right,ok,tracking,2135,0.400000,2135,2135,20,12.748985,4.41972788797,-532.992606121,0
1263,001263.png,center,ok,from_left_right,,,,,13,,,,
1264,001264.png,left,ok,tracking,1645,0.522222,1645,1645,13,157.467413,-2.41033516533,709.975756619,0
1264,001264.png,right,ok,tracking,2141,0.405556,2141,2141,20,13.044746,4.31609476838,-512.142117199,0
1264,001264.png,center,ok,from_left_right,,,,,13,,,,
1265,001265.png,left,ok,tracking,1679,0.527778,1679,1679,13,157.430981,-2.40601186901,710.214905958,0
1265,001265.png,right,ok,tracking,2128,0.405556,2128,2128,20,13.052905,4.31330131328,-513.167713948,0
1265,001265.png,center,ok,from_left_right,,,,,13,,,,
1266,001266.png,left,ok,tracking,1661,0.522222,1661,1661,13,157.567343,-2.42226223878,713.047133188,0
1266,001266.png,right,ok,tracking,2161,0.405556,2161,2161,20,13.023736,4.32330382021,-513.925849798,0
1266,001266.png,center,ok,from_left_right,,,,,13,,,,
1267,001267.png,left,ok,tracking,1671,0.522222,1671,1671,13,157.643565,-2.43142764946,715.280962201,0
1267,001267.png,right,ok,tracking,2131,0.411111,2131,2131,20,13.154603,4.27876829184,-505.042352249,0
1267,001267.png,center,ok,from_left_right,,,,,13,,,,
1268,001268.png,left,ok,tracking,1673,0.522222,1673,1673,13,157.789638,-2.44915892896,719.061342729,0
1268,001268.png,right,ok,tracking,2157,0.411111,2157,2157,20,13.158138,4.27757722932,-504.103738662,0
1268,001268.png,center,ok,from_left_right,,,,,13,,,,
1269,001269.png,left,ok,tracking,1665,0.516667,1665,1665,14,157.930905,-2.46651885548,722.156329267,0
1269,001269.png,right,ok,tracking,2136,0.411111,2136,2136,20,13.286858,4.23463590879,-494.917266609,0
1269,001269.png,center,ok,from_left_right,,,,,14,,,,
1270,001270.png,left,ok,tracking,1686,0.516667,1686,1686,14,157.987732,-2.47356181991,724.956165828,0
1270,001270.png,right,ok,tracking,2112,0.416667,2112,2112,20,13.365579,4.20877483752,-491.272093099,0
1270,001270.png,center,ok,from_left_right,,,,,14,,,,
1271,001271.png,left,ok,tracking,1667,0.522222,1667,1667,14,157.945385,-2.46831021854,725.186678017,0
1271,001271.png,right,ok,tracking,2125,0.411111,2125,2125,20,13.171590,4.27305101556,-503.833615243,0
1271,001271.png,center,ok,from_left_right,,,,,14,,,,
1272,001272.png,left,ok,tracking,1673,0.522222,1673,1673,14,158.130243,-2.49137720759,730.736808453,0
1272,001272.png,right,ok,tracking,2132,0.411111,2132,2132,20,13.177190,4.27116966193,-502.402101858,0
1272,001272.png,center,ok,from_left_right,,,,,14,,,,
1273,001273.png,left,ok,tracking,1678,0.522222,1678,1678,14,158.155897,-2.49460777736,732.230200118,0
1273,001273.png,right,ok,tracking,2129,0.411111,2129,2129,20,13.188235,4.26746295704,-501.098900403,0
1273,001273.png,center,ok,from_left_right,,,,,14,,,,
1274,001274.png,left,ok,tracking,1682,0.516667,1682,1682,14,158.353956,-2.51979355966,738.602845029,0
1274,001274.png,right,ok,tracking,2125,0.416667,2125,2125,20,13.320253,4.2236285064,-492.357631628,0
1274,001274.png,center,ok,from_left_right,,,,,14,,,,
1275,001275.png,left,ok,tracking,1686,0.516667,1686,1686,14,158.539472,-2.54378565655,745.126507295,0
1275,001275.png,right,ok,tracking,2109,0.422222,2109,2109,20,13.491171,4.16812911744,-482.157286068,0
1275,001275.png,center,ok,from_left_right,,,,,14,,,,
1276,001276.png,left,ok,tracking,1690,0.516667,1690,1690,13,158.692557,-2.5638831466,749.584861075,0
1276,001276.png,right,ok,tracking,2137,0.416667,2137,2137,21,13.288687,4.23403182158,-493.49266184,0
1276,001276.png,center,ok,from_left_right,,,,,13,,,,
1277,001277.png,left,ok,tracking,1699,0.516667,1699,1699,14,158.872298,-2.5878345644,755.950764412,0
1277,001277.png,right,ok,tracking,2142,0.416667,2142,2142,20,13.465921,4.17624107166,-480.920923019,0
1277,001277.png,center,ok,from_left_right,,,,,14,,,,
1278,001278.png,left,ok,tracking,1716,0.511111,1716,1716,14,159.016409,-2.60732069756,761.402972803,0
1278,001278.png,right,ok,tracking,2131,0.416667,2131,2131,20,13.495327,4.1667969745,-478.270920049,0
1278,001278.png,center,ok,from_left_right,,,,,14,,,,
1279,001279.png,left,ok,tracking,1723,0.511111,1723,1723,14,159.157683,-2.62667294668,765.432550171,0
1279,001279.png,right,ok,tracking,2152,0.416667,2152,2152,21,13.571182,4.14262006731,-471.626444346,0
1279,001279.png,center,ok,from_left_right,,,,,14,,,,
1280,001280.png,left,ok,tracking,1739,0.516667,1739,1739,14,159.055373,-2.6126332156,764.601321672,0
1280,001280.png,right,ok,tracking,2104,0.416667,2104,2104,20,13.593243,4.13563836418,-470.581464929,0
1280,001280.png,center,ok,from_left_right,,,,,14,,,,
1281,001281.png,left,ok,tracking,1727,0.516667,1727,1727,14,159.140305,-2.62427892727,767.087564524,0
1281,001281.png,right,ok,tracking,2119,0.411111,2119,2119,21,13.470882,4.17464490141,-476.812182534,0
1281,001281.png,center,ok,from_left_right,,,,,14,,,,
1282,001282.png,left,ok,tracking,1753,0.516667,1753,1753,14,159.232237,-2.63698697479,772.05903822,0
1282,001282.png,right,ok,tracking,2081,0.422222,2081,2081,20,13.659186,4.11490148292,-466.390912448,0
1282,001282.png,center,ok,from_left_right,,,,,14,,,,
1283,001283.png,left,ok,tracking,1737,0.511111,1737,1737,13,159.423690,-2.66380057328,776.787514245,0
1283,001283.png,right,ok,tracking,2123,0.416667,2123,2123,21,13.671595,4.11102122148,-464.000535371,0
1283,001283.png,center,ok,from_left_right,,,,,13,,,,
1284,001284.png,left,ok,tracking,1754,0.522222,1754,1754,13,159.132613,-2.62322046469,771.828456101,0
1284,001284.png,right,ok,tracking,2085,0.422222,2085,2085,20,13.651413,4.11733566155,-467.310267968,0
1284,001284.png,center,ok,from_left_right,,,,,13,,,,
1285,001285.png,left,ok,tracking,1765,0.533333,1765,1765,13,158.920897,-2.59437755851,768.862612796,0
1285,001285.png,right,ok,tracking,2055,0.416667,2055,2055,18,13.480461,4.17156629122,-481.649523217,0
1285,001285.png,center,ok,from_left_right,,,,,13,,,,
1286,001286.png,left,ok,tracking,1741,0.522222,1741,1741,12,158.984794,-2.60302398486,768.926235596,0
1286,001286.png,right,ok,tracking,2075,0.411111,2075,2075,21,13.157721,4.27771787008,-501.391697506,0
1286,001286.png,center,ok,from_left_right,,,,,12,,,,
1287,001287.png,left,ok,tracking,1739,0.516667,1739,1739,12,158.993860,-2.60425484526,768.057705386,0
1287,001287.png,right,ok,tracking,2129,0.411111,2129,2129,21,13.216929,4.25786257452,-495.759944957,0
1287,001287.png,center,ok,from_left_right,,,,,12,,,,
1288,001288.png,left,ok,tracking,1747,0.527778,1747,1747,13,158.981686,-2.60260221686,769.600954122,0
1288,001288.png,right,ok,tracking,2088,0.416667,2088,2088,20,13.397628,4.19833172605,-486.328329222,0
1288,001288.png,center,ok,from_left_right,,,,,13,,,,
1289,001289.png,left,ok,tracking,1730,0.511111,1730,1730,12,159.188684,-2.63095313927,773.625555782,0
1289,001289.png,right,ok,tracking,2131,0.422222,2131,2131,20,13.581177,4.1394544399,-475.136402854,0
1289,001289.png,center,ok,from_left_right,,,,,12,,,,
1290,001290.png,left,ok,tracking,1747,0.522222,1747,1747,12,158.986688,-2.6032810507,770.356703939,0
1290,001290.png,right,ok,tracking,2075,0.427778,2075,2075,18,13.615949,4.12847591111,-476.505375082,0
1290,001290.png,center,ok,from_left_right,,,,,12,,,,
1291,001291.png,left,ok,tracking,1728,0.511111,1728,1728,12,159.201448,-2.63271897959,774.985035563,0
1291,001291.png,right,ok,tracking,2151,0.427778,2151,2151,20,13.553450,4.14824793412,-480.648976299,0
1291,001291.png,center,ok,from_left_right,,,,,12,,,,
1292,001292.png,left,ok,tracking,1706,0.494444,1706,1706,12,159.428532,-2.6644849671,776.218561946,0
1292,001292.png,right,ok,tracking,2093,0.416667,2093,2093,21,13.410042,4.19429979666,-485.894005681,0
1292,001292.png,center,ok,from_left_right,,,,,12,,,,
1293,001293.png,left,ok,tracking,1727,0.505556,1727,1727,13,159.319102,-2.64909382912,771.93613619,0
1293,001293.png,right,ok,tracking,2158,0.422222,2158,2158,21,13.617059,4.12812635964,-470.913104691,0
1293,001293.png,center,ok,from_left_right,,,,,13,,,,
1294,001294.png,left,ok,tracking,1711,0.494444,1711,1711,13,159.421297,-2.66346247848,773.261586177,0
1294,001294.png,right,ok,tracking,2153,0.422222,2153,2153,21,13.736827,4.09073603412,-462.493606449,0
1294,001294.png,center,ok,from_left_right,,,,,13,,,,
1295,001295.png,left,ok,tracking,1711,0.505556,1711,1711,13,159.193610,-2.63163441037,767.198049258,0
1295,001295.png,right,ok,tracking,2113,0.422222,2113,2113,20,13.723724,4.09479545239,-465.05554652,0
1295,001295.png,center,ok,from_left_right,,,,,13,,,,
1296,001296.png,left,ok,tracking,1711,0.500000,1711,1711,13,159.234323,-2.63727663862,767.394268529,0
1296,001296.png,right,ok,tracking,2151,0.427778,2151,2151,20,13.737682,4.09047139929,-464.577839563,0
1296,001296.png,center,ok,from_left_right,,,,,13,,,,
1297,001297.png,left,ok,tracking,1709,0.500000,1709,1709,13,159.277038,-2.64321903,768.097394656,0
1297,001297.png,right,ok,tracking,2153,0.427778,2153,2153,20,13.790420,4.07421145698,-461.007903344,0
1297,001297.png,center,ok,from_left_right,,,,,13,,,,
1298,001298.png,left,ok,tracking,1702,0.500000,1702,1702,13,159.231420,-2.63687368362,767.236676481,0
1298,001298.png,right,ok,tracking,2133,0.433333,2133,2133,20,13.869947,4.04992081168,-457.790851048,0
1298,001298.png,center,ok,from_left_right,,,,,13,,,,
1299,001299.png,left,ok,tracking,1688,0.500000,1688,1688,13,159.320375,-2.64927205207,769.335636572,0
1299,001299.png,right,ok,tracking,2145,0.433333,2145,2145,20,13.945618,4.02706046661,-454.253270338,0
1299,001299.png,center,ok,from_left_right,,,,,13,,,,
1300,001300.png,left,ok,tracking,1682,0.488889,1682,1682,13,159.296248,-2.6458991577,767.135905634,0
1300,001300.png,right,ok,tracking,2172,0.433333,2172,2172,20,13.902020,4.0402017231,-455.951494843,0
1300,001300.png,center,ok,from_left_right,,,,,13,,,,
1301,001301.png,left,ok,tracking,1687,0.494444,1687,1687,13,159.292919,-2.64543435172,767.111799587,0
1301,001301.png,right,ok,tracking,2260,0.433333,2260,2260,21,13.988077,4.01433942646,-449.58827953,0
1301,001301.png,center,ok,from_left_right,,,,,13,,,,
1302,001302.png,left,ok,tracking,1686,0.494444,1686,1686,13,159.346959,-2.652997043,768.081445038,0
1302,001302.png,right,ok,tracking,2242,0.427778,2242,2242,21,13.943880,4.02758275672,-450.448353046,0
1302,001302.png,center,ok,from_left_right,,,,,13,,,,
1303,001303.png,left,ok,tracking,1671,0.488889,1671,1671,13,159.501887,-2.67489011825,772.409335699,0
1303,001303.png,right,ok,tracking,2113,0.433333,2113,2113,20,14.011857,4.00724802138,-447.82620912,0
1303,001303.png,center,ok,from_left_right,,,,,13,,,,
1304,001304.png,left,ok,tracking,1682,0.488889,1682,1682,13,159.465949,-2.66978349084,772.500960064,0
1304,001304.png,right,ok,tracking,2102,0.438889,2102,2102,20,14.031108,4.00152414031,-448.52104838,0
1304,001304.png,center,ok,from_left_right,,,,,13,,,,
1305,001305.png,left,ok,tracking,1680,0.488889,1680,1680,13,159.582096,-2.68634933533,775.392959482,0
1305,001305.png,right,ok,tracking,2157,0.438889,2157,2157,20,14.036735,3.99985411485,-447.984282568,0
1305,001305.png,center,ok,from_left_right,,,,,13,,,,
1306,001306.png,left,ok,tracking,1695,0.488889,1695,1695,13,159.601987,-2.6892044056,776.31128968,0
1306,001306.png,right,ok,tracking,2149,0.438889,2149,2149,20,14.104072,3.97996973493,-444.302765912,0
1306,001306.png,center,ok,from_left_right,,,,,13,,,,
1307,001307.png,left,ok,tracking,1675,0.483333,1675,1675,13,159.749232,-2.71050668736,780.388252502,0
1307,001307.png,right,ok,tracking,2154,0.438889,2154,2154,20,14.125176,3.97377592211,-442.624235981,0
1307,001307.png,center,ok,from_left_right,,,,,13,,,,
1308,001308.png,left,ok,tracking,1695,0.494444,1695,1695,13,159.672165,-2.69932042395,778.872966188,0
1308,001308.png,right,ok,tracking,2140,0.444444,2140,2140,20,14.135664,3.9707047211,-442.100812324,0
1308,001308.png,center,ok,from_left_right,,,,,13,,,,
1309,001309.png,left,ok,tracking,1711,0.494444,1711,1711,13,159.756110,-2.71150905553,782.177551121,0
1309,001309.png,right,ok,tracking,2147,0.444444,2147,2147,20,14.146380,3.96757108696,-441.38406746,0
1309,001309.png,center,ok,from_left_right,,,,,13,,,,
1310,001310.png,left,ok,tracking,1701,0.488889,1701,1701,13,159.917389,-2.73520027931,785.898073578,0
1310,001310.png,right,ok,tracking,2161,0.444444,2161,2161,20,14.239841,3.94043786931,-434.539083079,0
1310,001310.png,center,ok,from_left_right,,,,,13,,,,
1311,001311.png,left,ok,tracking,1721,0.488889,1721,1721,14,159.756530,-2.71157033156,781.056220496,0
1311,001311.png,right,ok,tracking,2134,0.433333,2134,2134,21,14.039315,3.999088971,-444.459766801,0
1311,001311.png,center,ok,from_left_right,,,,,14,,,,
1312,001312.png,left,ok,tracking,1730,0.494444,1730,1730,14,159.667076,-2.69858462549,778.49451612,0
1312,001312.png,right,ok,tracking,2135,0.427778,2135,2135,21,13.926759,4.03273501834,-449.328056838,0
1312,001312.png,center,ok,from_left_right,,,,,14,,,,
1313,001313.png,left,ok,tracking,1735,0.500000,1735,1735,14,159.800838,-2.71804311517,783.259259162,0
1313,001313.png,right,ok,tracking,2091,0.433333,2091,2091,20,14.161051,3.96328873308,-435.665936441,0
1313,001313.png,center,ok,from_left_right,,,,,14,,,,
1314,001314.png,left,ok,tracking,1737,0.494444,1737,1737,14,159.855377,-2.72604795541,785.692699857,0
1314,001314.png,right,ok,tracking,2094,0.438889,2094,2094,20,14.184841,3.95636277995,-435.264704624,0
1314,001314.png,center,ok,from_left_right,,,,,14,,,,
1315,001315.png,left,ok,tracking,1742,0.488889,1742,1742,14,160.013255,-2.74945640055,789.888578837,0
1315,001315.png,right,ok,tracking,2161,0.444444,2161,2161,20,14.395402,3.89604084696,-422.085020397,0
1315,001315.png,center,ok,from_left_right,,,,,14,,,,
1316,001316.png,left,ok,tracking,1774,0.500000,1774,1774,14,159.867081,-2.72777123923,787.190013528,0
1316,001316.png,right,ok,tracking,2134,0.433333,2134,2134,20,14.179046,3.95804783238,-434.68455842,0
1316,001316.png,center,ok,from_left_right,,,,,14,,,,
1317,001317.png,left,ok,tracking,1769,0.500000,1769,1769,14,159.822044,-2.72115059208,787.709658985,0
1317,001317.png,right,ok,tracking,2128,0.433333,2128,2128,20,14.053945,3.99475436349,-441.91353614,0
1317,001317.png,center,ok,from_left_right,,,,,14,,,,
1318,001318.png,left,ok,tracking,1787,0.500000,1787,1787,14,159.881452,-2.72988980893,789.810341964,0
1318,001318.png,right,ok,tracking,2116,0.433333,2116,2116,20,14.056154,3.99410061276,-441.487292152,0
1318,001318.png,center,ok,from_left_right,,,,,14,,,,
1319,001319.png,left,ok,tracking,1786,0.505556,1786,1786,13,159.798225,-2.71766057272,789.103155684,0
1319,001319.png,right,ok,tracking,2107,0.433333,2107,2107,20,14.013666,4.00670937373,-444.749213364,0
1319,001319.png,center,ok,from_left_right,,,,,13,,,,
1320,001320.png,left,ok,tracking,1775,0.494444,1775,1775,13,160.054233,-2.75559014162,795.697059186,0
1320,001320.png,right,ok,tracking,2123,0.433333,2123,2123,20,14.175917,3.95895822525,-434.987020994,0
1320,001320.png,center,ok,from_left_right,,,,,13,,,,
1321,001321.png,left,ok,tracking,1781,0.500000,1781,1781,14,159.958771,-2.74133819008,794.381930288,0
1321,001321.png,right,ok,tracking,2117,0.433333,2117,2117,20,14.061839,3.99241921952,-441.933475933,0
1321,001321.png,center,ok,from_left_right,,,,,14,,,,
1322,001322.png,left,ok,tracking,1783,0.500000,1783,1783,14,159.990479,-2.74605755091,795.105143026,0
1322,001322.png,right,ok,tracking,2147,0.433333,2147,2147,21,14.031369,4.0014467793,-442.368856327,0
1322,001322.png,center,ok,from_left_right,,,,,14,,,,
1323,001323.png,left,ok,tracking,1789,0.500000,1789,1789,14,160.018985,-2.7503126392,796.331339271,0
1323,001323.png,right,ok,tracking,2127,0.427778,2127,2127,20,14.002374,4.01007306223,-443.074234678,0
1323,001323.png,center,ok,from_left_right,,,,,14,,,,
1324,001324.png,left,ok,tracking,1798,0.511111,1798,1798,14,159.821274,-2.72103771779,792.255671982,0
1324,001324.png,right,ok,tracking,2111,0.422222,2111,2111,20,13.862083,4.0523107003,-451.913631704,0
1324,001324.png,center,ok,from_left_right,,,,,14,,,,
1325,001325.png,left,ok,tracking,1781,0.494444,1781,1781,13,160.107212,-2.76355638812,798.310276583,0
1325,001325.png,right,ok,tracking,2145,0.422222,2145,2145,21,13.903260,4.0398268905,-446.69002763,0
1325,001325.png,center,ok,from_left_right,,,,,13,,,,
1326,001326.png,left,ok,tracking,1790,0.505556,1790,1790,14,159.948847,-2.73986398001,792.917238653,0
1326,001326.png,right,ok,tracking,2118,0.416667,2118,2118,21,13.780585,4.07723451135,-452.528813083,0
1326,001326.png,center,ok,from_left_right,,,,,14,,,,
1327,001327.png,left,ok,tracking,1786,0.505556,1786,1786,14,159.912053,-2.73441066322,792.466360055,0
1327,001327.png,right,ok,tracking,2104,0.416667,2104,2104,21,13.754954,4.08513290927,-453.98354508,0
1327,001327.png,center,ok,from_left_right,,,,,14,,,,
1328,001328.png,left,ok,tracking,1785,0.511111,1785,1785,14,159.789627,-2.71640277359,789.414062903,0
1328,001328.png,right,ok,tracking,2087,0.416667,2087,2087,20,13.711048,4.09873005105,-457.499354781,0
1328,001328.png,center,ok,from_left_right,,,,,14,,,,
1329,001329.png,left,ok,tracking,1783,0.505556,1783,1783,14,159.903131,-2.73309116002,792.786516243,0
1329,001329.png,right,ok,tracking,2088,0.416667,2088,2088,20,13.805250,4.06966075901,-452.397272776,0
1329,001329.png,center,ok,from_left_right,,,,,14,,,,
1330,001330.png,left,ok,tracking,1774,0.505556,1774,1774,14,159.888049,-2.73086323866,792.871640621,0
1330,001330.png,right,ok,tracking,2101,0.422222,2101,2101,20,13.892899,4.04296117743,-448.055890747,0
1330,001330.png,center,ok,from_left_right,,,,,14,,,,
1331,001331.png,left,ok,tracking,1791,0.511111,1791,1791,14,159.746839,-2.71015808498,789.108247433,0
1331,001331.png,right,ok,tracking,2132,0.416667,2132,2132,20,13.796048,4.07248329752,-453.615936822,0
1331,001331.png,center,ok,from_left_right,,,,,14,,,,
1332,001332.png,left,ok,tracking,1792,0.511111,1792,1792,14,159.774375,-2.7141739176,791.007593771,0
1332,001332.png,right,ok,tracking,2093,0.416667,2093,2093,20,13.789981,4.07434619335,-454.80747389,0
1332,001332.png,center,ok,from_left_right,,,,,14,,,,
1333,001333.png,left,ok,tracking,1817,0.516667,1817,1817,13,159.667926,-2.69870747558,788.819976133,0
1333,001333.png,right,ok,tracking,2090,0.422222,2090,2090,20,13.861148,4.05259503819,-451.478693421,0
1333,001333.png,center,ok,from_left_right,,,,,13,,,,
1334,001334.png,left,ok,tracking,1792,0.505556,1792,1792,13,159.802027,-2.71821716935,792.119831405,0
1334,001334.png,right,ok,tracking,2113,0.422222,2113,2113,20,13.897976,4.04142484065,-448.637833138,0
1334,001334.png,center,ok,from_left_right,,,,,13,,,,
1335,001335.png,left,ok,tracking,1779,0.500000,1779,1779,13,159.951755,-2.74029573751,794.959237771,0
1335,001335.png,right,ok,tracking,2120,0.427778,2120,2120,20,14.053578,3.99486302096,-438.286798186,0
1335,001335.png,center,ok,from_left_right,,,,,13,,,,
1336,001336.png,left,ok,tracking,1794,0.500000,1794,1794,14,160.042948,-2.75389858333,796.282148637,0
1336,001336.png,right,ok,tracking,2120,0.427778,2120,2120,20,14.177762,3.95842145371,-429.976948688,0
1336,001336.png,center,ok,from_left_right,,,,,14,,,,
1337,001337.png,left,ok,tracking,1793,0.500000,1793,1793,14,160.008596,-2.74876051541,793.910407884,0
1337,001337.png,right,ok,tracking,2079,0.416667,2079,2079,21,13.850023,4.05598071777,-447.489424482,0
1337,001337.png,center,ok,from_left_right,,,,,14,,,,
1338,001338.png,left,ok,tracking,1784,0.500000,1784,1784,14,159.886509,-2.73063603392,787.406411274,0
1338,001338.png,right,ok,tracking,1809,0.400000,1809,1809,21,13.426276,4.18903817823,-470.221814011,0
1338,001338.png,center,ok,from_left_right,,,,,14,,,,
1339,001339.png,left,ok,tracking,1809,0.505556,1809,1809,16,159.907518,-2.73373978346,788.539120303,0
1339,001339.png,right,ok,tracking,2075,0.405556,2075,2075,21,13.720654,4.09574779165,-450.041268258,0
1339,001339.png,center,ok,from_left_right,,,,,16,,,,
1340,001340.png,left,ok,tracking,1832,0.511111,1832,1832,16,159.747789,-2.7102965927,784.522274454,0
1340,001340.png,right,ok,tracking,2080,0.405556,2080,2080,21,13.642485,4.12013479705,-453.649678718,0
1340,001340.png,center,ok,from_left_right,,,,,16,,,,
1341,001341.png,left,ok,tracking,1826,0.516667,1826,1826,16,159.639089,-2.69454431681,782.760899232,0
1341,001341.png,right,ok,tracking,2047,0.400000,2047,2047,21,13.579441,4.14000383884,-458.104708237,0
1341,001341.png,center,ok,from_left_right,,,,,16,,,,
1342,001342.png,left,ok,tracking,1844,0.533333,1844,1844,15,159.323019,-2.64964213635,778.016287057,0
1342,001342.png,right,ok,tracking,2022,0.400000,2022,2022,20,13.345089,4.21547731426,-475.805987172,0
1342,001342.png,center,ok,from_left_right,,,,,15,,,,
1343,001343.png,left,ok,tracking,1853,0.533333,1853,1853,14,159.369725,-2.65619438719,782.298418995,0
1343,001343.png,right,ok,tracking,2005,0.405556,2005,2005,20,13.465193,4.17647559395,-470.775669421,0
1343,001343.png,center,ok,from_left_right,,,,,14,,,,
1344,001344.png,left,ok,tracking,1871,0.538889,1871,1871,13,159.444812,-2.66678807822,787.963364727,0
1344,001344.png,right,ok,tracking,2030,0.411111,2030,2030,19,13.672056,4.11087722249,-460.741165318,0
1344,001344.png,center,ok,from_left_right,,,,,13,,,,
1345,001345.png,left,ok,tracking,1865,0.527778,1865,1865,13,159.661399,-2.69776414842,795.808214487,0
1345,001345.png,right,ok,tracking,2046,0.422222,2046,2046,20,13.941232,4.02837869037,-446.534761221,0
1345,001345.png,center,ok,from_left_right,,,,,13,,,,
1346,001346.png,left,ok,tracking,1870,0.533333,1870,1870,13,159.614550,-2.69101049297,796.498467059,0
1346,001346.png,right,ok,tracking,2096,0.422222,2096,2096,20,13.807954,4.06883235194,-455.304245867,0
1346,001346.png,center,ok,from_left_right,,,,,13,,,,
1347,001347.png,left,ok,tracking,1906,0.538889,1906,1906,13,159.548582,-2.68155084358,796.420881629,0
1347,001347.png,right,ok,tracking,2084,0.422222,2084,2084,20,13.836446,4.06012005991,-454.734943049,0
1347,001347.png,center,ok,from_left_right,,,,,13,,,,
1348,001348.png,left,ok,tracking,1902,0.538889,1902,1902,13,159.358593,-2.65463012708,791.351284418,0
1348,001348.png,right,ok,tracking,2112,0.416667,2112,2112,20,13.555035,4.14774440958,-471.078360425,0
1348,001348.png,center,ok,from_left_right,,,,,13,,,,
1349,001349.png,left,ok,tracking,1871,0.550000,1871,1871,13,159.316944,-2.64879188571,790.96505783,0
1349,001349.png,right,ok,tracking,2087,0.416667,2087,2087,20,13.610001,4.130350097,-466.47673262,0
1349,001349.png,center,ok,from_left_right,,,,,13,,,,
1350,001350.png,left,ok,tracking,1865,0.544444,1865,1865,13,159.213226,-2.63435032477,787.717899624,0
1350,001350.png,right,ok,tracking,2079,0.411111,2079,2079,20,13.534319,4.15433590896,-469.936802821,0
1350,001350.png,center,ok,from_left_right,,,,,13,,,,
1351,001351.png,left,ok,tracking,1898,0.561111,1898,1898,13,158.953264,-2.59875104877,781.681068645,0
1351,001351.png,right,ok,tracking,2071,0.405556,2071,2071,21,13.354249,4.21247850985,-480.459806864,0
1351,001351.png,center,ok,from_left_right,,,,,13,,,,
1352,001352.png,left,ok,tracking,1901,0.561111,1901,1901,13,158.938644,-2.59677392609,782.171777072,0
1352,001352.png,right,ok,tracking,2049,0.405556,2049,2049,20,13.403068,4.19656378428,-477.700300236,0
1352,001352.png,center,ok,from_left_right,,,,,13,,,,
1353,001353.png,left,ok,tracking,1883,0.561111,1883,1883,13,158.912326,-2.59322152431,781.245222866,0
1353,001353.png,right,ok,tracking,2060,0.405556,2060,2060,21,13.361329,4.21016349374,-479.538035661,0
1353,001353.png,center,ok,from_left_right,,,,,13,,,,
1354,001354.png,left,ok,tracking,1881,0.550000,1881,1881,13,158.947353,-2.59795143022,779.54755859,0
1354,001354.png,right,ok,tracking,1986,0.394444,1986,1986,21,13.177262,4.27114526621,-488.250899029,0
1354,001354.png,center,ok,from_left_right,,,,,13,,,,
1355,001355.png,left,ok,tracking,1906,0.566667,1906,1906,14,158.776342,-2.57499986541,774.602051384,0
1355,001355.png,right,ok,tracking,2035,0.388889,2035,2035,21,13.161757,4.27635875104,-486.319188712,0
1355,001355.png,center,ok,from_left_right,,,,,14,,,,
1356,001356.png,left,ok,tracking,1905,0.572222,1905,1905,14,158.707457,-2.56585406519,771.935318448,0
1356,001356.png,right,ok,tracking,2061,0.388889,2061,2061,21,13.231183,4.25310872835,-479.611632481,0
1356,001356.png,center,ok,from_left_right,,,,,14,,,,
1357,001357.png,left,ok,tracking,1915,0.583333,1915,1915,14,158.474144,-2.53529216419,765.903186642,0
1357,001357.png,right,ok,tracking,2036,0.388889,2036,2036,21,13.200336,4.26340929214,-482.031025435,0
1357,001357.png,center,ok,from_left_right,,,,,14,,,,
1358,001358.png,left,ok,tracking,1912,0.588889,1912,1912,14,158.174859,-2.49700021518,757.464987864,0
1358,001358.png,right,ok,tracking,1981,0.377778,1981,1981,21,12.830558,4.39067599584,-506.443423955,0
1358,001358.png,center,ok,from_left_right,,,,,14,,,,
1359,001359.png,left,ok,tracking,1939,0.594444,1939,1939,15,158.153713,-2.49433245175,758.495977787,0
1359,001359.png,right,ok,tracking,1984,0.383333,1984,1984,20,13.132318,4.28629031065,-487.542335954,0
1359,001359.png,center,ok,from_left_right,,,,,15,,,,
1360,001360.png,left,ok,tracking,1931,0.594444,1931,1931,14,158.044056,-2.48057671889,755.632034065,0
1360,001360.png,right,ok,tracking,2046,0.383333,2046,2046,21,12.959477,4.34549551159,-499.41467108,0
1360,001360.png,center,ok,from_left_right,,,,,14,,,,
1361,001361.png,left,ok,tracking,1921,0.594444,1921,1921,15,158.029076,-2.4787077141,754.461335949,0
1361,001361.png,right,ok,tracking,2063,0.383333,2063,2063,21,12.936341,4.35353848273,-499.750352154,0
1361,001361.png,center,ok,from_left_right,,,,,15,,,,
1362,001362.png,left,ok,tracking,1966,0.611111,1966,1966,16,157.744185,-2.44361790521,749.248361579,0
1362,001362.png,right,ok,tracking,2008,0.383333,2008,2008,20,12.995722,4.3329518568,-498.096518519,0
1362,001362.png,center,ok,from_left_right,,,,,16,,,,
1363,001363.png,left,ok,tracking,1973,0.611111,1973,1973,16,157.837322,-2.45499517895,751.512975833,0
1363,001363.png,right,ok,tracking,2045,0.383333,2045,2045,21,12.903840,4.36488489251,-504.21483278,0
1363,001363.png,center,ok,from_left_right,,,,,16,,,,
1364,001364.png,left,ok,tracking,1982,0.616667,1982,1982,16,157.644838,-2.43158117972,746.402014975,0
1364,001364.png,right,ok,tracking,2069,0.377778,2069,2069,21,12.818373,4.39499253661,-509.33467499,0
1364,001364.png,center,ok,from_left_right,,,,,16,,,,
1365,001365.png,left,ok,tracking,1996,0.622222,1996,1996,16,157.494100,-2.41351058546,743.446362227,0
1365,001365.png,right,ok,tracking,2051,0.377778,2051,2051,21,12.789743,4.40516644245,-511.22321795,0
1365,001365.png,center,ok,from_left_right,,,,,16,,,,
1366,001366.png,left,ok,tracking,2005,0.616667,2005,2005,16,157.494720,-2.41358440838,742.794184281,0
1366,001366.png,right,ok,tracking,2054,0.377778,2054,2054,21,12.836169,4.38869114921,-506.999701345,0
1366,001366.png,center,ok,from_left_right,,,,,16,,,,
1367,001367.png,left,ok,tracking,2025,0.622222,2025,2025,17,157.407640,-2.40324890463,741.125004565,0
1367,001367.png,right,ok,tracking,2036,0.377778,2036,2036,21,12.923617,4.3579738041,-501.704756044,0
1367,001367.png,center,ok,from_left_right,,,,,17,,,,
1368,001368.png,left,ok,tracking,2029,0.627778,2029,2029,17,157.274861,-2.38763381892,736.991592523,0
1368,001368.png,right,ok,tracking,2058,0.377778,2058,2058,21,12.837287,4.38829558249,-507.241627875,0
1368,001368.png,center,ok,from_left_right,,,,,17,,,,
1369,001369.png,left,ok,tracking,2032,0.627778,2032,2032,18,157.198850,-2.37877229277,735.666656535,0
1369,001369.png,right,ok,tracking,2058,0.377778,2058,2058,21,12.800548,4.40132163587,-509.164531341,0
1369,001369.png,center,ok,from_left_right,,,,,18,,,,
1370,001370.png,left,ok,tracking,2049,0.633333,2049,2049,18,157.097188,-2.36700746172,733.701853049,0
1370,001370.png,right,ok,tracking,2054,0.377778,2054,2054,21,12.831907,4.39019862429,-507.069834971,0
1370,001370.png,center,ok,from_left_right,,,,,18,,,,
1371,001371.png,left,ok,tracking,2057,0.633333,2057,2057,18,157.025591,-2.35878098247,731.260206075,0
1371,001371.png,right,ok,tracking,2047,0.372222,2047,2047,21,12.745744,4.4208896492,-511.77645501,0
1371,001371.png,center,ok,from_left_right,,,,,18,,,,
1372,001372.png,left,ok,tracking,2073,0.633333,2073,2073,19,156.937825,-2.34876269174,728.948473117,0
1372,001372.png,right,ok,tracking,2045,0.372222,2045,2045,21,12.777183,4.40964398027,-508.493554413,0
1372,001372.png,center,ok,from_left_right,,,,,19,,,,
1373,001373.png,left,ok,tracking,2093,0.638889,2093,2093,20,156.846607,-2.33842641938,726.756490731,0
1373,001373.png,right,ok,tracking,2043,0.372222,2043,2043,21,12.750959,4.41902035753,-510.331473776,0
1373,001373.png,center,ok,from_left_right,,,,,20,,,,
1374,001374.png,left,ok,tracking,2109,0.638889,2109,2109,20,156.818202,-2.33522337665,726.192194473,0
1374,001374.png,right,ok,tracking,2019,0.366667,2019,2019,21,12.708235,4.43437824126,-512.349632646,0
1374,001374.png,center,ok,from_left_right,,,,,20,,,,
1375,001375.png,left,ok,tracking,2122,0.638889,2122,2122,20,156.670675,-2.31870656214,722.69627797,0
1375,001375.png,right,ok,tracking,2012,0.366667,2012,2012,21,12.682795,4.44357118128,-513.448921187,0
1375,001375.png,center,ok,from_left_right,,,,,20,,,,
1376,001376.png,left,ok,tracking,2135,0.644444,2135,2135,20,156.654893,-2.31695137466,722.721867557,0
1376,001376.png,right,ok,tracking,2009,0.366667,2009,2009,21,12.670278,4.44810764914,-514.200513682,0
1376,001376.png,center,ok,from_left_right,,,,,20,,,,
1377,001377.png,left,ok,tracking,2143,0.650000,2143,2143,20,156.640035,-2.31530086492,723.541409318,0
1377,001377.png,right,ok,tracking,1994,0.366667,1994,1994,21,12.650310,4.45536282095,-516.025107462,0
1377,001377.png,center,ok,from_left_right,,,,,20,,,,
1378,001378.png,left,ok,tracking,2150,0.655556,2150,2150,20,156.435213,-2.29274935976,719.796658859,0
1378,001378.png,right,ok,tracking,1998,0.361111,1998,1998,21,12.595361,4.47544503701,-520.941564398,0
1378,001378.png,center,ok,from_left_right,,,,,20,,,,
1379,001379.png,left,ok,tracking,2161,0.650000,2161,2161,20,156.598057,-2.31064869391,724.029367693,0
1379,001379.png,right,ok,tracking,2010,0.366667,2010,2010,21,12.657702,4.45267422043,-515.120415876,0
1379,001379.png,center,ok,from_left_right,,,,,20,,,,
1380,001380.png,left,ok,tracking,2169,0.655556,2169,2169,20,156.534089,-2.30358956859,724.33467724,0
1380,001380.png,right,ok,tracking,2005,0.366667,2005,2005,21,12.696312,4.43868205838,-513.265496522,0
1380,001380.png,center,ok,from_left_right,,,,,20,,,,
1381,001381.png,left,ok,tracking,2207,0.661111,2207,2207,20,156.394056,-2.28826243431,721.433633559,0
1381,001381.png,right,ok,tracking,1986,0.361111,1986,1986,21,12.677869,4.44535540143,-511.966246995,0
1381,001381.png,center,ok,from_left_right,,,,,20,,,,
1382,001382.png,left,ok,tracking,2205,0.672222,2205,2205,20,156.255276,-2.27324069992,718.50032658,0
1382,001382.png,right,ok,tracking,1966,0.361111,1966,1966,21,12.723160,4.42900145563,-506.845587173,0
1382,001382.png,center,ok,from_left_right,,,,,20,,,,
1383,001383.png,left,ok,tracking,2240,0.677778,2240,2240,20,156.251834,-2.27287023235,720.053757179,0
1383,001383.png,right,ok,tracking,1979,0.361111,1979,1979,21,12.750197,4.41929341773,-505.634619985,0
1383,001383.png,center,ok,from_left_right,,,,,20,,,,
1384,001384.png,left,ok,tracking,2223,0.672222,2223,2223,20,156.314340,-2.27961357697,720.995423178,0
1384,001384.png,right,ok,tracking,1920,0.355556,1920,1920,21,12.812201,4.39718219311,-497.437253348,0
1384,001384.png,center,ok,from_left_right,,,,,20,,,,
1385,001385.png,left,ok,tracking,2219,0.677778,2219,2219,20,156.306695,-2.27878708042,722.03358265,0
1385,001385.png,right,ok,tracking,1910,0.355556,1910,1910,21,12.861544,4.37973560713,-493.393566313,0
1385,001385.png,center,ok,from_left_right,,,,,20,,,,
1386,001386.png,left,ok,tracking,2222,0.683333,2222,2222,20,156.255479,-2.27326250523,722.390243527,0
1386,001386.png,right,ok,tracking,1931,0.361111,1931,1931,21,12.864868,4.3785649636,-494.352602546,0
1386,001386.png,center,ok,from_left_right,,,,,20,,,,
1387,001387.png,left,ok,tracking,2245,0.683333,2245,2245,20,156.229389,-2.27045698029,722.231565093,0
1387,001387.png,right,ok,tracking,1905,0.355556,1905,1905,21,12.867235,4.37773169121,-491.668976745,0
1387,001387.png,center,ok,from_left_right,,,,,20,,,,
1388,001388.png,left,ok,tracking,2231,0.683333,2231,2231,20,156.369114,-2.28555041652,726.469444235,0
1388,001388.png,right,ok,tracking,1900,0.355556,1900,1900,21,12.977426,4.33927503393,-483.94680179,0
1388,001388.png,center,ok,from_left_right,,,,,20,,,,
1389,001389.png,left,ok,tracking,2271,0.683333,2271,2271,20,156.426401,-2.29178746544,727.93320299,0
1389,001389.png,right,ok,tracking,1870,0.355556,1870,1870,21,13.027191,4.3221166719,-477.155377248,0
1389,001389.png,center,ok,from_left_right,,,,,20,,,,
1390,001390.png,left,ok,tracking,2280,0.683333,2280,2280,20,156.566340,-2.30714409388,732.233071962,0
1390,001390.png,right,ok,tracking,1851,0.355556,1851,1851,21,13.106473,4.29504585651,-470.450660004,0
1390,001390.png,center,ok,from_left_right,,,,,20,,,,
1391,001391.png,left,ok,tracking,2266,0.688889,2266,2266,20,156.517280,-2.3017406127,731.70133017,0
1391,001391.png,right,ok,tracking,1869,0.355556,1869,1869,21,13.105097,4.29551296015,-471.465200917,0
1391,001391.png,center,ok,from_left_right,,,,,20,,,,
1392,001392.png,left,ok,tracking,2263,0.683333,2263,2263,20,156.543693,-2.3046471456,730.545665097,0
1392,001392.png,right,ok,tracking,1825,0.350000,1825,1825,21,13.126165,4.28837190523,-467.504023761,0
1392,001392.png,center,ok,from_left_right,,,,,20,,,,
1393,001393.png,left,ok,tracking,2272,0.683333,2272,2272,20,156.650382,-2.31645004877,733.204061079,0
1393,001393.png,right,ok,tracking,1876,0.355556,1876,1876,21,13.204552,4.26199855427,-464.803066814,0
1393,001393.png,center,ok,from_left_right,,,,,20,,,,
1394,001394.png,left,ok,tracking,2267,0.683333,2267,2267,20,156.770824,-2.32989741983,735.787174796,0
1394,001394.png,right,ok,tracking,1883,0.361111,1883,1883,21,13.252933,4.2458739441,-461.089886284,0
1394,001394.png,center,ok,from_left_right,,,,,20,,,,
1395,001395.png,left,ok,tracking,2257,0.672222,2257,2257,20,156.966904,-2.35207403391,739.790807846,0
1395,001395.png,right,ok,tracking,1887,0.361111,1887,1887,21,13.326066,4.22171786463,-455.859181252,0
1395,001395.png,center,ok,from_left_right,,,,,20,,,,
1396,001396.png,left,ok,tracking,2273,0.677778,2273,2273,20,157.051909,-2.36179924856,742.706959742,0
1396,001396.png,right,ok,tracking,1912,0.361111,1912,1912,21,13.285161,4.23519672293,-460.129813756,0
1396,001396.png,center,ok,from_left_right,,,,,20,,,,
1397,001397.png,left,ok,tracking,2291,0.666667,2291,2291,20,157.230382,-2.38244154786,746.435154133,0
1397,001397.png,right,ok,tracking,1922,0.366667,1922,1922,21,13.369391,4.20752994663,-454.820916615,0
1397,001397.png,center,ok,from_left_right,,,,,20,,,,
1398,001398.png,left,ok,tracking,2263,0.650000,2263,2263,20,157.539356,-2.41891171702,752.474155915,0
1398,001398.png,right,ok,tracking,1892,0.361111,1892,1892,21,13.447227,4.18226623909,-447.498924922,0
1398,001398.png,center,ok,from_left_right,,,,,20,,,,
1399,001399.png,left,ok,tracking,2215,0.650000,2215,2215,20,157.613329,-2.42778475832,754.203738825,0
1399,001399.png,right,ok,tracking,1875,0.361111,1875,1875,21,13.447668,4.18212381732,-446.765121732,0
1399,001399.png,center,ok,from_left_right,,,,,20,,,,
1400,001400.png,left,ok,tracking,2201,0.644444,2201,2201,20,157.734553,-2.44244643081,756.839219769,0
1400,001400.png,right,ok,tracking,1895,0.366667,1895,1895,21,13.535458,4.15397295763,-442.145104389,0
1400,001400.png,center,ok,from_left_right,,,,,20,,,,
1401,001401.png,left,ok,tracking,2242,0.644444,2242,2242,20,157.799375,-2.45034880631,758.906031053,0
1401,001401.png,right,ok,tracking,1893,0.366667,1893,1893,21,13.498213,4.16587215843,-444.47690995,0
1401,001401.png,center,ok,from_left_right,,,,,20,,,,
1402,001402.png,left,ok,tracking,2217,0.644444,2217,2217,20,157.870709,-2.45909583893,760.390550611,0
1402,001402.png,right,ok,tracking,1889,0.366667,1889,1889,21,13.534347,4.15432711558,-441.823534213,0
1402,001402.png,center,ok,from_left_right,,,,,20,,,,
1403,001403.png,left,ok,tracking,2219,0.638889,2219,2219,20,158.101264,-2.48773667118,766.190945949,0
1403,001403.png,right,ok,tracking,1915,0.366667,1915,1915,21,13.593264,4.13563175531,-439.18958412,0
1403,001403.png,center,ok,from_left_right,,,,,20,,,,
1404,001404.png,left,ok,tracking,2234,0.627778,2234,2234,20,158.366201,-2.52136519492,773.110895698,0
1404,001404.png,right,ok,tracking,1917,0.372222,1917,1917,21,13.656156,4.11585009191,-435.760429956,0
1404,001404.png,center,ok,from_left_right,,,,,20,,,,
1405,001405.png,left,ok,tracking,2270,0.622222,2270,2270,20,158.504458,-2.53922731304,775.994800665,0
1405,001405.png,right,ok,tracking,1904,0.372222,1904,1904,21,13.692179,4.10459983572,-432.358780549,0
1405,001405.png,center,ok,from_left_right,,,,,20,,,,
1406,001406.png,left,ok,tracking,2247,0.616667,2247,2247,20,158.541349,-2.5440304981,777.530192417,0
1406,001406.png,right,ok,tracking,1903,0.372222,1903,1903,21,13.638097,4.12151207012,-436.289658118,0
1406,001406.png,center,ok,from_left_right,,,,,20,,,,
1407,001407.png,left,ok,tracking,2273,0.616667,2273,2273,20,158.638855,-2.55680181295,780.881743135,0
1407,001407.png,right,ok,tracking,1917,0.372222,1917,1917,21,13.657042,4.11557255949,-435.588482738,0
1407,001407.png,center,ok,from_left_right,,,,,20,,,,
1408,001408.png,left,ok,tracking,2249,0.616667,2249,2249,20,158.698853,-2.56471570018,781.816750152,0
1408,001408.png,right,ok,tracking,1898,0.372222,1898,1898,21,13.694833,4.10377315164,-432.626672676,0
1408,001408.png,center,ok,from_left_right,,,,,20,,,,
1409,001409.png,left,ok,tracking,2284,0.605556,2284,2284,20,158.917682,-2.59394374872,787.797290274,0
1409,001409.png,right,ok,tracking,1942,0.377778,1942,1942,21,13.829681,4.06218537581,-425.927018158,0
1409,001409.png,center,ok,from_left_right,,,,,20,,,,
1410,001410.png,left,ok,tracking,2315,0.605556,2315,2315,20,159.008082,-2.60618786148,789.766708164,0
1410,001410.png,right,ok,tracking,1934,0.377778,1934,1934,21,13.876790,4.04784366305,-423.202612495,0
1410,001410.png,center,ok,from_left_right,,,,,20,,,,
1411,001411.png,left,ok,tracking,2316,0.605556,2316,2316,20,159.029095,-2.60904826063,790.78481771,0
1411,001411.png,right,ok,tracking,1930,0.377778,1930,1930,21,13.877220,4.04771316035,-423.924532142,0
1411,001411.png,center,ok,from_left_right,,,,,20,,,,
1412,001412.png,left,ok,tracking,2258,0.605556,2258,2258,20,159.105985,-2.61956214337,793.759015614,0
1412,001412.png,right,ok,tracking,1942,0.383333,1942,1942,21,13.951512,4.02529005442,-419.890933496,0
1412,001412.png,center,ok,from_left_right,,,,,20,,,,
1413,001413.png,left,ok,tracking,2268,0.600000,2268,2268,20,159.185819,-2.63055710275,795.907739981,0
1413,001413.png,right,ok,tracking,1935,0.383333,1935,1935,21,14.017951,4.00543454232,-415.856309089,0
1413,001413.png,center,ok,from_left_right,,,,,20,,,,
1414,001414.png,left,ok,tracking,2265,0.600000,2265,2265,20,159.343924,-2.65257133571,800.079297598,0
1414,001414.png,right,ok,tracking,1920,0.383333,1920,1920,21,14.098050,3.98174031167,-410.980544478,0
1414,001414.png,center,ok,from_left_right,,,,,20,,,,
1415,001415.png,left,ok,tracking,2298,0.600000,2298,2298,20,159.377304,-2.65726037647,801.133804892,0
1415,001415.png,right,ok,tracking,1945,0.388889,1945,1945,21,14.164000,3.96242899046,-407.864621492,0
1415,001415.png,center,ok,from_left_right,,,,,20,,,,
1416,001416.png,left,ok,tracking,2327,0.600000,2327,2327,20,159.422968,-2.66369858056,804.080330007,0
1416,001416.png,right,ok,tracking,1977,0.394444,1977,1977,21,14.204052,3.95078667361,-407.881748392,0
1416,001416.png,center,ok,from_left_right,,,,,20,,,,
1417,001417.png,left,ok,tracking,2264,0.600000,2264,2264,20,159.454631,-2.66817880119,804.94868476,0
1417,001417.png,right,ok,tracking,1965,0.394444,1965,1965,21,14.243103,3.93949708969,-405.317146758,0
1417,001417.png,center,ok,from_left_right,,,,,20,,,,
1418,001418.png,left,ok,tracking,2241,0.600000,2241,2241,20,159.478916,-2.67162409347,804.838696068,0
1418,001418.png,right,ok,tracking,1945,0.388889,1945,1945,21,14.222876,3.94533711097,-404.811371897,0
1418,001418.png,center,ok,from_left_right,,,,,20,,,,
1419,001419.png,left,ok,tracking,2223,0.600000,2223,2223,20,159.559345,-2.68309023942,807.670235851,0
1419,001419.png,right,ok,tracking,1954,0.394444,1954,1954,21,14.305462,3.92159422108,-401.138718398,0
1419,001419.png,center,ok,from_left_right,,,,,20,,,,
1420,001420.png,left,ok,tracking,2200,0.588889,2200,2200,20,159.705109,-2.70409225842,811.23261206,0
1420,001420.png,right,ok,tracking,1965,0.394444,1965,1965,21,14.321417,3.91703839387,-398.667667209,0
1420,001420.png,center,ok,from_left_right,,,,,20,,,,
1421,001421.png,left,ok,tracking,2223,0.588889,2223,2223,20,159.833323,-2.72280597732,815.875610031,0
1421,001421.png,right,ok,tracking,1967,0.400000,1967,1967,21,14.498141,3.86723060342,-390.845346502,0
1421,001421.png,center,ok,from_left_right,,,,,20,,,,
1422,001422.png,left,ok,tracking,2232,0.583333,2232,2232,20,159.907233,-2.73369767632,816.967115251,0
1422,001422.png,right,ok,tracking,1967,0.400000,1967,1967,21,14.515618,3.86236963574,-388.118041613,0
1422,001422.png,center,ok,from_left_right,,,,,20,,,,
1423,001423.png,left,ok,tracking,2243,0.583333,2243,2243,20,159.895895,-2.73202194457,816.992702791,0
1423,001423.png,right,ok,tracking,1962,0.400000,1962,1962,21,14.504431,3.8654799201,-388.728152145,0
1423,001423.png,center,ok,from_left_right,,,,,20,,,,
1424,001424.png,left,ok,tracking,2242,0.577778,2242,2242,20,160.014675,-2.74966842936,819.937829272,0
1424,001424.png,right,ok,tracking,1953,0.400000,1953,1953,21,14.573359,3.84639018172,-384.337989415,0
1424,001424.png,center,ok,from_left_right,,,,,20,,,,
1425,001425.png,left,ok,tracking,2219,0.577778,2219,2219,20,160.110027,-2.76398069506,822.917641181,0
1425,001425.png,right,ok,tracking,1969,0.400000,1969,1969,21,14.638783,3.82843343988,-381.378450676,0
1425,001425.png,center,ok,from_left_right,,,,,20,,,,
1426,001426.png,left,ok,tracking,2255,0.572222,2255,2255,20,160.248640,-2.78502280608,826.583328502,0
1426,001426.png,right,ok,tracking,1949,0.405556,1949,1949,21,14.743068,3.80013323605,-375.776439534,0
1426,001426.png,center,ok,from_left_right,,,,,20,,,,
1427,001427.png,left,ok,tracking,2265,0.566667,2265,2265,20,160.326565,-2.79697712762,827.996333397,0
1427,001427.png,right,ok,tracking,1947,0.405556,1947,1947,21,14.749160,3.7984921742,-373.723773239,0
1427,001427.png,center,ok,from_left_right,,,,,20,,,,
1428,001428.png,left,ok,tracking,2211,0.572222,2211,2211,20,160.236922,-2.78323296715,826.066759535,0
1428,001428.png,right,ok,tracking,1974,0.400000,1974,1974,21,14.679556,3.81732201523,-377.691974344,0
1428,001428.png,center,ok,from_left_right,,,,,20,,,,
1429,001429.png,left,ok,tracking,2216,0.566667,2216,2216,20,160.335328,-2.79832711421,828.299143376,0
1429,001429.png,right,ok,tracking,1999,0.405556,1999,1999,21,14.805559,3.78336171406,-369.853812483,0
1429,001429.png,center,ok,from_left_right,,,,,20,,,,
1430,001430.png,left,ok,tracking,2218,0.561111,2218,2218,20,160.433878,-2.81358961047,831.099376165,0
1430,001430.png,right,ok,tracking,2027,0.405556,2027,2027,21,14.855477,3.77006356673,-366.989898057,0
1430,001430.png,center,ok,from_left_right,,,,,20,,,,
1431,001431.png,left,ok,tracking,2225,0.566667,2225,2225,20,160.479448,-2.8206969952,834.12301296,0
1431,001431.png,right,ok,tracking,1986,0.405556,1986,1986,21,14.837787,3.77476624942,-370.188615556,0
1431,001431.png,center,ok,from_left_right,,,,,20,,,,
1432,001432.png,left,ok,tracking,2189,0.561111,2189,2189,20,160.618388,-2.84256531502,837.872026076,0
1432,001432.png,right,ok,tracking,2036,0.411111,2036,2036,21,15.011579,3.72903628882,-360.328801854,0
1432,001432.png,center,ok,from_left_right,,,,,20,,,,
1433,001433.png,left,ok,tracking,2216,0.561111,2216,2216,20,160.589145,-2.83793760446,837.923042707,0
1433,001433.png,right,ok,tracking,1971,0.405556,1971,1971,21,14.930971,3.75011733189,-365.315845647,0
1433,001433.png,center,ok,from_left_right,,,,,20,,,,
1434,001434.png,left,ok,tracking,2219,0.566667,2219,2219,20,160.544515,-2.83090074651,836.989764281,0
1434,001434.png,right,ok,tracking,1980,0.411111,1980,1980,21,14.941825,3.7472657765,-364.736871402,0
1434,001434.png,center,ok,from_left_right,,,,,20,,,,
1435,001435.png,left,ok,tracking,2216,0.561111,2216,2216,20,160.653326,-2.84811193908,839.811313596,0
1435,001435.png,right,ok,tracking,1957,0.411111,1957,1957,21,15.026258,3.72522112751,-359.647297048,0
1435,001435.png,center,ok,from_left_right,,,,,20,,,,
1436,001436.png,left,ok,tracking,2210,0.561111,2210,2210,20,160.657692,-2.84880639004,840.425105233,0
1436,001436.png,right,ok,tracking,1963,0.411111,1963,1963,21,15.086957,3.70952214817,-357.358158163,0
1436,001436.png,center,ok,from_left_right,,,,,20,,,,
1437,001437.png,left,ok,tracking,2232,0.561111,2232,2232,20,160.723900,-2.8593748368,842.412881213,0
1437,001437.png,right,ok,tracking,1961,0.411111,1961,1961,21,15.131004,3.69820692477,-354.409514883,0
1437,001437.png,center,ok,from_left_right,,,,,20,,,,
1438,001438.png,left,ok,tracking,2244,0.561111,2244,2244,20,160.742405,-2.86234121126,843.075154594,0
1438,001438.png,right,ok,tracking,1972,0.416667,1972,1972,21,15.153787,3.69237958379,-353.336773195,0
1438,001438.png,center,ok,from_left_right,,,,,20,,,,
1439,001439.png,left,ok,tracking,2255,0.561111,2255,2255,20,160.737472,-2.86154984848,842.867275992,0
1439,001439.png,right,ok,tracking,1961,0.411111,1961,1961,21,15.095544,3.70731101576,-355.993227985,0
1439,001439.png,center,ok,from_left_right,,,,,20,,,,
1440,001440.png,left,ok,tracking,2242,0.555556,2242,2242,21,160.784409,-2.86909474749,842.949016229,0
1440,001440.png,right,ok,tracking,1963,0.411111,1963,1963,21,15.155796,3.69186635775,-350.941745827,0
1440,001440.png,center,ok,from_left_right,,,,,21,,,,
1441,001441.png,left,ok,tracking,2219,0.555556,2219,2219,20,160.877775,-2.88420901134,847.550311741,0
1441,001441.png,right,ok,tracking,1949,0.416667,1949,1949,21,15.214016,3.6770561215,-350.232092079,0
1441,001441.png,center,ok,from_left_right,,,,,20,,,,
1442,001442.png,left,ok,tracking,2191,0.550000,2191,2191,20,161.014765,-2.90664393987,851.176037695,0
1442,001442.png,right,ok,tracking,1938,0.416667,1938,1938,21,15.286986,3.65864911967,-345.358390222,0
1442,001442.png,center,ok,from_left_right,,,,,20,,,,
1443,001443.png,left,ok,tracking,2187,0.544444,2187,2187,21,161.085047,-2.91827551213,853.025344318,0
1443,001443.png,right,ok,tracking,1922,0.416667,1922,1922,21,15.333726,3.64694872,-343.079850982,0
1443,001443.png,center,ok,from_left_right,,,,,21,,,,
1444,001444.png,left,ok,tracking,2211,0.550000,2211,2211,21,161.065133,-2.91497132794,852.214035417,0
1444,001444.png,right,ok,tracking,1926,0.411111,1926,1926,21,15.230320,3.67292837035,-347.501944659,0
1444,001444.png,center,ok,from_left_right,,,,,21,,,,
1445,001445.png,left,ok,tracking,2186,0.544444,2186,2186,20,161.132777,-2.92622241863,855.087829789,0
1445,001445.png,right,ok,tracking,1922,0.411111,1922,1922,21,15.252020,3.66744806342,-346.001102266,0
1445,001445.png,center,ok,from_left_right,,,,,20,,,,
1446,001446.png,left,ok,tracking,2216,0.544444,2216,2216,21,161.207637,-2.93876456791,856.939753017,0
1446,001446.png,right,ok,tracking,1925,0.411111,1925,1925,21,15.257811,3.66598807221,-344.864348181,0
1446,001446.png,center,ok,from_left_right,,,,,21,,,,
1447,001447.png,left,ok,tracking,2164,0.538889,2164,2164,21,161.302642,-2.95482146515,857.864739099,0
1447,001447.png,right,ok,tracking,1890,0.411111,1890,1890,21,15.285047,3.65913601973,-340.861452444,0
1447,001447.png,center,ok,from_left_right,,,,,21,,,,
1448,001448.png,left,ok,tracking,2213,0.544444,2213,2213,20,161.287778,-2.95229885756,860.633690572,0
1448,001448.png,right,ok,tracking,1932,0.416667,1932,1932,21,15.326509,3.64875085101,-342.510045692,0
1448,001448.png,center,ok,from_left_right,,,,,20,,,,
1449,001449.png,left,ok,tracking,2191,0.538889,2191,2191,20,161.346337,-2.96225922381,862.659869466,0
1449,001449.png,right,ok,tracking,1932,0.416667,1932,1932,21,15.336192,3.64633320505,-341.51168474,0
1449,001449.png,center,ok,from_left_right,,,,,20,,,,
1450,001450.png,left,ok,tracking,2200,0.544444,2200,2200,20,161.303187,-2.9549138678,861.136940582,0
1450,001450.png,right,ok,tracking,1923,0.411111,1923,1923,21,15.256081,3.66642406289,-344.642783846,0
1450,001450.png,center,ok,from_left_right,,,,,20,,,,
1451,001451.png,left,ok,tracking,2221,0.544444,2221,2221,21,161.397602,-2.97102847468,865.713737351,0
1451,001451.png,right,ok,tracking,1924,0.416667,1924,1924,21,15.376790,3.63622989486,-340.132156132,0
1451,001451.png,center,ok,from_left_right,,,,,21,,,,
1452,001452.png,left,ok,tracking,2195,0.544444,2195,2195,21,161.442820,-2.97880233269,868.15287284,0
1452,001452.png,right,ok,tracking,1932,0.416667,1932,1932,21,15.402505,3.62985727144,-339.463089387,0
1452,001452.png,center,ok,from_left_right,,,,,21,,,,
1453,001453.png,left,ok,tracking,2200,0.538889,2200,2200,21,161.571249,-3.00108216051,874.102569372,0
1453,001453.png,right,ok,tracking,1952,0.427778,1952,1952,21,15.550607,3.59355500109,-334.686612458,0
1453,001453.png,center,ok,from_left_right,,,,,21,,,,
1454,001454.png,left,ok,tracking,2178,0.544444,2178,2178,20,161.528428,-2.99362021115,872.158826933,0
1454,001454.png,right,ok,tracking,1928,0.422222,1928,1928,21,15.507474,3.60405784989,-335.731001211,0
1454,001454.png,center,ok,from_left_right,,,,,20,,,,
1455,001455.png,left,ok,tracking,2189,0.538889,2189,2189,21,161.544270,-2.99637698063,872.144149538,0
1455,001455.png,right,ok,tracking,1915,0.416667,1915,1915,21,15.449641,3.61822982047,-337.10246467,0
1455,001455.png,center,ok,from_left_right,,,,,21,,,,
1456,001456.png,left,ok,tracking,2197,0.538889,2197,2197,21,161.567810,-3.00048150362,873.990266323,0
1456,001456.png,right,ok,tracking,1921,0.422222,1921,1921,21,15.483203,3.60999276014,-336.181036377,0
1456,001456.png,center,ok,from_left_right,,,,,21,,,,
1457,001457.png,left,ok,tracking,2202,0.538889,2202,2202,20,161.585337,-3.00354426733,873.908976935,0
1457,001457.png,right,ok,tracking,1919,0.422222,1919,1919,21,15.558284,3.59169156613,-331.928118032,0
1457,001457.png,center,ok,from_left_right,,,,,20,,,,
1458,001458.png,left,ok,tracking,2207,0.538889,2207,2207,21,161.674424,-3.01919913497,877.932989466,0
1458,001458.png,right,ok,tracking,1924,0.427778,1924,1924,21,15.635854,3.57296393155,-329.119365061,0
1458,001458.png,center,ok,from_left_right,,,,,21,,,,
1459,001459.png,left,ok,tracking,2223,0.533333,2223,2223,20,161.732544,-3.02949167177,879.675539007,0
1459,001459.png,right,ok,tracking,1931,0.427778,1931,1931,21,15.700151,3.55757733847,-326.372914085,0
1459,001459.png,center,ok,from_left_right,,,,,20,,,,
1460,001460.png,left,ok,tracking,2192,0.538889,2192,2192,20,161.622773,-3.01010489194,875.587332632,0
1460,001460.png,right,ok,tracking,1923,0.422222,1923,1923,21,15.604058,3.5806183021,-329.992358001,0
1460,001460.png,center,ok,from_left_right,,,,,20,,,,
1461,001461.png,left,ok,tracking,2232,0.544444,2232,2232,20,161.579788,-3.00257410071,875.320568648,0
1461,001461.png,right,ok,tracking,1918,0.422222,1918,1918,21,15.621895,3.57632051188,-329.71674815,0
1461,001461.png,center,ok,from_left_right,,,,,20,,,,
1462,001462.png,left,ok,tracking,2185,0.538889,2185,2185,21,161.684706,-3.02101545983,877.889273787,0
1462,001462.png,right,ok,tracking,1918,0.422222,1918,1918,21,15.687534,3.56058683305,-324.708910418,0
1462,001462.png,center,ok,from_left_right,,,,,21,,,,
1463,001463.png,left,ok,tracking,2189,0.533333,2189,2189,20,161.721055,-3.0274521543,878.948827916,0
1463,001463.png,right,ok,tracking,1915,0.422222,1915,1915,21,15.705871,3.55621451447,-323.801901389,0
1463,001463.png,center,ok,from_left_right,,,,,20,,,,
1464,001464.png,left,ok,tracking,2193,0.538889,2193,2193,20,161.728252,-3.02872945565,879.303705786,0
1464,001464.png,right,ok,tracking,1923,0.427778,1923,1923,21,15.746696,3.54651546231,-322.062024167,0
1464,001464.png,center,ok,from_left_right,,,,,20,,,,
1465,001465.png,left,ok,tracking,2217,0.538889,2217,2217,21,161.684444,-3.02096916183,878.496443256,0
1465,001465.png,right,ok,tracking,1916,0.422222,1916,1916,21,15.721807,3.55242253036,-323.08542259,0
1465,001465.png,center,ok,from_left_right,,,,,21,,,,
1466,001466.png,left,ok,tracking,2235,0.538889,2235,2235,20,161.624277,-3.0103690598,876.563331077,0
1466,001466.png,right,ok,tracking,1913,0.422222,1913,1913,21,15.672952,3.56407108083,-325.139408204,0
1466,001466.png,center,ok,from_left_right,,,,,20,,,,
1467,001467.png,left,ok,tracking,2217,0.538889,2217,2217,21,161.615291,-3.00879171541,875.919285973,0
1467,001467.png,right,ok,tracking,1908,0.422222,1908,1908,21,15.686776,3.56076797804,-323.629527644,0
1467,001467.png,center,ok,from_left_right,,,,,21,,,,
1468,001468.png,left,ok,tracking,2180,0.544444,2180,2180,20,161.637037,-3.01261136203,878.443777011,0
1468,001468.png,right,ok,tracking,1920,0.427778,1920,1920,21,15.770173,3.5409598693,-321.159366562,0
1468,001468.png,center,ok,from_left_right,,,,,20,,,,
1469,001469.png,left,ok,tracking,2211,0.538889,2211,2211,20,161.750681,-3.03271665505,881.049273575,0
1469,001469.png,right,ok,tracking,1923,0.427778,1923,1923,21,15.945184,3.50004892775,-311.896283645,0
1469,001469.png,center,ok,from_left_right,,,,,20,,,,
1470,001470.png,left,ok,tracking,2230,0.538889,2230,2230,20,161.725479,-3.02823715259,880.303325363,0
1470,001470.png,right,ok,tracking,1921,0.427778,1921,1921,21,15.888660,3.51316627423,-314.109274277,0
1470,001470.png,center,ok,from_left_right,,,,,20,,,,
1471,001471.png,left,ok,tracking,2210,0.544444,2210,2210,20,161.577757,-3.00221901902,876.995061983,0
1471,001471.png,right,ok,tracking,1918,0.427778,1918,1918,21,15.802801,3.53326570443,-318.622261647,0
1471,001471.png,center,ok,from_left_right,,,,,20,,,,
1472,001472.png,left,ok,tracking,2215,0.544444,2215,2215,20,161.523100,-2.99269417042,873.648236593,0
1472,001472.png,right,ok,tracking,1907,0.422222,1907,1907,21,15.765675,3.54202315087,-318.058028297,0
1472,001472.png,center,ok,from_left_right,,,,,20,,,,
1473,001473.png,left,ok,tracking,2215,0.544444,2215,2215,20,161.567374,-3.00040551926,876.038844254,0
1473,001473.png,right,ok,tracking,1914,0.427778,1914,1914,21,15.819204,3.5294095119,-316.974578853,0
1473,001473.png,center,ok,from_left_right,,,,,20,,,,
1474,001474.png,left,ok,tracking,2186,0.544444,2186,2186,20,161.603924,-3.00679837458,876.757889042,0
1474,001474.png,right,ok,tracking,1914,0.427778,1914,1914,21,15.856903,3.52057587573,-314.356467267,0
1474,001474.png,center,ok,from_left_right,,,,,20,,,,
1475,001475.png,left,ok,tracking,2235,0.544444,2235,2235,20,161.553928,-2.9980596963,875.013526992,0
1475,001475.png,right,ok,tracking,1911,0.422222,1911,1911,21,15.841206,3.52424901419,-314.145307992,0
1475,001475.png,center,ok,from_left_right,,,,,20,,,,
1476,001476.png,left,ok,tracking,2210,0.544444,2210,2210,20,161.491250,-2.98716890099,873.585150866,0
1476,001476.png,right,ok,tracking,1897,0.422222,1897,1897,21,15.762872,3.54268590369,-317.729346199,0
1476,001476.png,center,ok,from_left_right,,,,,20,,,,
1477,001477.png,left,ok,tracking,2184,0.544444,2184,2184,20,161.544280,-2.99637867814,874.183902232,0
1477,001477.png,right,ok,tracking,1882,0.416667,1882,1882,21,15.786876,3.53701731932,-314.648624074,0
1477,001477.png,center,ok,from_left_right,,,,,20,,,,
1478,001478.png,left,ok,tracking,2209,0.544444,2209,2209,20,161.589326,-3.00424209246,876.729359181,0
1478,001478.png,right,ok,tracking,1913,0.422222,1913,1913,21,15.795368,3.53501591861,-315.261967255,0
1478,001478.png,center,ok,from_left_right,,,,,20,,,,
1479,001479.png,left,ok,tracking,2202,0.544444,2202,2202,20,161.552598,-2.99782791267,875.287737733,0
1479,001479.png,right,ok,tracking,1897,0.416667,1897,1897,21,15.699633,3.55770085732,-318.636000461,0
1479,001479.png,center,ok,from_left_right,,,,,20,,,,
1480,001480.png,left,ok,tracking,2199,0.544444,2199,2199,20,161.532919,-2.99440124249,874.504239109,0
1480,001480.png,right,ok,tracking,1880,0.416667,1880,1880,21,15.667361,3.56540861159,-319.367540571,0
1480,001480.png,center,ok,from_left_right,,,,,20,,,,
1481,001481.png,left,ok,tracking,2208,0.544444,2208,2208,20,161.618405,-3.00933813435,878.025403935,0
1481,001481.png,right,ok,tracking,1879,0.416667,1879,1879,21,15.708388,3.55561508938,-318.221498561,0
1481,001481.png,center,ok,from_left_right,,,,,20,,,,
1482,001482.png,left,ok,tracking,2200,0.544444,2200,2200,20,161.532514,-2.99433088095,874.574262568,0
1482,001482.png,right,ok,tracking,1878,0.411111,1878,1878,21,15.572446,3.58825897194,-323.387361806,0
1482,001482.png,center,ok,from_left_right,,,,,20,,,,
1483,001483.png,left,ok,tracking,2202,0.538889,2202,2202,20,161.654556,-3.01569504814,879.180916249,0
1483,001483.png,right,ok,tracking,1889,0.411111,1889,1889,21,15.633108,3.57362373543,-320.871169653,0
1483,001483.png,center,ok,from_left_right,,,,,20,,,,
1484,001484.png,left,ok,tracking,2205,0.538889,2205,2205,20,161.626856,-3.01082192353,877.538142983,0
1484,001484.png,right,ok,tracking,1866,0.411111,1866,1866,21,15.592854,3.58332299784,-321.178330391,0
1484,001484.png,center,ok,from_left_right,,,,,20,,,,
1485,001485.png,left,ok,tracking,2206,0.538889,2206,2206,20,161.656773,-3.01608579884,878.89065843,0
1485,001485.png,right,ok,tracking,1868,0.411111,1868,1868,21,15.667387,3.56540237572,-317.835869689,0
1485,001485.png,center,ok,from_left_right,,,,,20,,,,
1486,001486.png,left,ok,tracking,2208,0.544444,2208,2208,20,161.614622,-3.00867419853,878.566452807,0
1486,001486.png,right,ok,tracking,1874,0.411111,1874,1874,21,15.615848,3.57777661286,-320.620101288,0
1486,001486.png,center,ok,from_left_right,,,,,20,,,,
1487,001487.png,left,ok,tracking,2202,0.544444,2202,2202,20,161.519882,-2.99213508012,874.935294007,0
1487,001487.png,right,ok,tracking,1862,0.405556,1862,1862,21,15.588357,3.58440959001,-320.5493201,0
1487,001487.png,center,ok,from_left_right,,,,,20,,,,
1488,001488.png,left,ok,tracking,2242,0.550000,2242,2242,20,161.468980,-2.98331637932,874.581130822,0
1488,001488.png,right,ok,tracking,1867,0.411111,1867,1867,21,15.569676,3.58892994091,-322.661023903,0
1488,001488.png,center,ok,from_left_right,,,,,20,,,,
1489,001489.png,left,ok,tracking,2231,0.550000,2231,2231,20,161.507781,-2.99003428895,875.772720677,0
1489,001489.png,right,ok,tracking,1876,0.411111,1876,1876,21,15.619931,3.57679332938,-320.053614877,0
1489,001489.png,center,ok,from_left_right,,,,,20,,,,
1490,001490.png,left,ok,tracking,2228,0.550000,2228,2228,20,161.490189,-2.98698506195,875.998412222,0
1490,001490.png,right,ok,tracking,1885,0.411111,1885,1885,21,15.669581,3.56487748078,-318.625639408,0
1490,001490.png,center,ok,from_left_right,,,,,20,,,,
1491,001491.png,left,ok,tracking,2222,0.550000,2222,2222,20,161.438711,-2.97809433474,873.99581096,0
1491,001491.png,right,ok,tracking,1892,0.411111,1892,1892,21,15.642415,3.57138813626,-318.981837384,0
1491,001491.png,center,ok,from_left_right,,,,,20,,,,
1492,001492.png,left,ok,tracking,2251,0.555556,2251,2251,20,161.371030,-2.96647732272,873.043356449,0
1492,001492.png,right,ok,tracking,1892,0.411111,1892,1892,21,15.558148,3.59172459967,-323.376925171,0
1492,001492.png,center,ok,from_left_right,,,,,20,,,,
1493,001493.png,left,ok,tracking,2214,0.555556,2214,2214,20,161.333826,-2.96012604356,872.300399384,0
1493,001493.png,right,ok,tracking,1889,0.411111,1889,1889,21,15.513209,3.60265809561,-326.197135199,0
1493,001493.png,center,ok,from_left_right,,,,,20,,,,
1494,001494.png,left,ok,tracking,2225,0.555556,2225,2225,20,161.357921,-2.9642366466,871.732127441,0
1494,001494.png,right,ok,tracking,1896,0.405556,1896,1896,21,15.569902,3.5888750603,-320.984312983,0
1494,001494.png,center,ok,from_left_right,,,,,20,,,,
1495,001495.png,left,ok,tracking,2207,0.555556,2207,2207,20,161.361171,-2.96479194684,871.114280423,0
1495,001495.png,right,ok,tracking,1887,0.405556,1887,1887,21,15.573072,3.58810738106,-319.569166365,0
1495,001495.png,center,ok,from_left_right,,,,,20,,,,
1496,001496.png,left,ok,tracking,2219,0.561111,2219,2219,20,161.266075,-2.94862269725,869.166410422,0
1496,001496.png,right,ok,tracking,1876,0.405556,1876,1876,21,15.517460,3.60162118764,-323.034689571,0
1496,001496.png,center,ok,from_left_right,,,,,20,,,,
1497,001497.png,left,ok,tracking,2240,0.555556,2240,2240,20,161.279661,-2.9509229428,869.249923884,0
1497,001497.png,right,ok,tracking,1883,0.405556,1883,1883,21,15.524293,3.59995570554,-322.157976038,0
1497,001497.png,center,ok,from_left_right,,,,,20,,,,
1498,001498.png,left,ok,tracking,2225,0.561111,2225,2225,20,161.190216,-2.93583735697,866.488716663,0
1498,001498.png,right,ok,tracking,1884,0.405556,1884,1884,21,15.434734,3.62189961121,-326.247298231,0
1498,001498.png,center,ok,from_left_right,,,,,20,,,,
1499,001499.png,left,ok,tracking,2255,0.561111,2255,2255,20,161.204937,-2.93831056168,865.650908111,0
1499,001499.png,right,ok,tracking,1871,0.400000,1871,1871,21,15.462372,3.61510120457,-322.56249465,0
1499,001499.png,center,ok,from_left_right,,,,,20,,,,
1500,001500.png,left,ok,tracking,2225,0.561111,2225,2225,19,161.112999,-2.9229247,863.679728194,0
1500,001500.png,right,ok,tracking,1864,0.400000,1864,1864,21,15.377210,3.63612562709,-327.04446399,0
1500,001500.png,center,ok,from_left_right,,,,,19,,,,
1501,001501.png,left,ok,tracking,2233,0.561111,2233,2233,18,161.172159,-2.93280858818,866.282984118,0
1501,001501.png,right,ok,tracking,1859,0.400000,1859,1859,21,15.422274,3.62497228182,-325.747417372,0
1501,001501.png,center,ok,from_left_right,,,,,18,,,,
1502,001502.png,left,ok,tracking,2284,0.561111,2284,2284,18,161.093792,-2.9197286336,862.791800927,0
1502,001502.png,right,ok,tracking,1857,0.400000,1857,1857,21,15.374066,3.63690606077,-326.867741747,0
1502,001502.png,center,ok,from_left_right,,,,,18,,,,
1503,001503.png,left,ok,tracking,2292,0.566667,2292,2292,18,160.974895,-2.90008227824,860.982600631,0
1503,001503.png,right,ok,tracking,1870,0.400000,1870,1870,21,15.344807,3.64418494964,-329.915083893,0
1503,001503.png,center,ok,from_left_right,,,,,18,,,,
1504,001504.png,left,ok,tracking,2267,0.566667,2267,2267,18,160.876823,-2.88405415381,856.38150788,0
1504,001504.png,right,ok,tracking,1871,0.394444,1871,1871,21,15.217141,3.67626421325,-333.824519409,0
1504,001504.png,center,ok,from_left_right,,,,,18,,,,
1505,001505.png,left,ok,tracking,2283,0.566667,2283,2283,18,160.934376,-2.89344092401,859.546122117,0
1505,001505.png,right,ok,tracking,1869,0.394444,1869,1869,21,15.316518,3.65124837614,-330.13994916,0
1505,001505.png,center,ok,from_left_right,,,,,18,,,,
1506,001506.png,left,ok,tracking,2299,0.577778,2299,2299,18,160.781795,-2.86867369106,855.378938822,0
1506,001506.png,right,ok,tracking,1877,0.394444,1877,1877,21,15.283340,3.6595648326,-332.203739157,0
1506,001506.png,center,ok,from_left_right,,,,,18,,,,
1507,001507.png,left,ok,tracking,2281,0.577778,2281,2281,18,160.633336,-2.84493600813,849.763616565,0
1507,001507.png,right,ok,tracking,1879,0.394444,1879,1879,21,15.209142,3.67829178594,-334.400901275,0
1507,001507.png,center,ok,from_left_right,,,,,18,,,,
1508,001508.png,left,ok,tracking,2265,0.583333,2265,2265,17,160.562142,-2.83367640031,848.795914813,0
1508,001508.png,right,ok,tracking,1857,0.400000,1857,1857,21,15.284465,3.65928223326,-332.588659181,0
1508,001508.png,center,ok,from_left_right,,,,,17,,,,
1509,001509.png,left,ok,tracking,2276,0.583333,2276,2276,17,160.473750,-2.81980651312,844.930489945,0
1509,001509.png,right,ok,tracking,1883,0.388889,1883,1883,21,15.110094,3.7035704682,-339.838727038,0
1509,001509.png,center,ok,from_left_right,,,,,17,,,,
1510,001510.png,left,ok,tracking,2280,0.588889,2280,2280,17,160.343722,-2.79962139601,840.523078225,0
1510,001510.png,right,ok,tracking,1868,0.388889,1868,1868,21,15.031814,3.72377896566,-342.751732917,0
1510,001510.png,center,ok,from_left_right,,,,,17,,,,
1511,001511.png,left,ok,tracking,2230,0.588889,2230,2230,17,160.370041,-2.8036863328,841.312407418,0
1511,001511.png,right,ok,tracking,1870,0.388889,1870,1870,21,15.013029,3.72865900471,-342.781071441,0
1511,001511.png,center,ok,from_left_right,,,,,17,,,,
1512,001512.png,left,ok,tracking,2225,0.583333,2225,2225,18,160.490789,-2.82247078377,844.017095242,0
1512,001512.png,right,ok,tracking,1867,0.388889,1867,1867,21,15.134910,3.69720664658,-335.689955784,0
1512,001512.png,center,ok,from_left_right,,,,,18,,,,
1513,001513.png,left,ok,tracking,2250,0.588889,2250,2250,17,160.364862,-2.80288557985,841.422568968,0
1513,001513.png,right,ok,tracking,1834,0.388889,1834,1834,21,15.077885,3.7118605573,-340.673760825,0
1513,001513.png,center,ok,from_left_right,,,,,17,,,,
1514,001514.png,left,ok,tracking,2227,0.588889,2227,2227,17,160.338294,-2.79878435726,839.303837062,0
1514,001514.png,right,ok,tracking,1857,0.383333,1857,1857,21,14.831504,3.77643908379,-351.604250874,0
1514,001514.png,center,ok,from_left_right,,,,,17,,,,
1515,001515.png,left,ok,tracking,2252,0.588889,2252,2252,17,160.329928,-2.79749519669,839.290115056,0
1515,001515.png,right,ok,tracking,1864,0.377778,1864,1864,21,14.778617,3.79057561244,-353.596758136,0
1515,001515.png,center,ok,from_left_right,,,,,17,,,,
1516,001516.png,left,ok,tracking,2227,0.594444,2227,2227,17,160.258742,-2.78656746994,838.206028138,0
1516,001516.png,right,ok,tracking,1832,0.377778,1832,1832,21,14.682924,3.81640698299,-359.582195109,0
1516,001516.png,center,ok,from_left_right,,,,,17,,,,
1517,001517.png,left,ok,tracking,2246,0.594444,2246,2246,17,160.278046,-2.78952326897,838.955477867,0
1517,001517.png,right,ok,tracking,1833,0.383333,1833,1833,21,14.714925,3.80773205626,-359.16256086,0
1517,001517.png,center,ok,from_left_right,,,,,17,,,,
1518,001518.png,left,ok,tracking,2245,0.594444,2245,2245,17,160.249375,-2.78513518758,838.659311349,0
1518,001518.png,right,ok,tracking,1837,0.377778,1837,1837,21,14.612859,3.83553010124,-365.76244414,0
1518,001518.png,center,ok,from_left_right,,,,,17,,,,
1519,001519.png,left,ok,tracking,2231,0.600000,2231,2231,16,160.081172,-2.75963576734,832.736419088,0
1519,001519.png,right,ok,tracking,1848,0.372222,1848,1848,21,14.390692,3.89737136336,-377.073701729,0
1519,001519.png,center,ok,from_left_right,,,,,16,,,,
1520,001520.png,left,ok,tracking,2227,0.600000,2227,2227,16,160.042779,-2.75387319274,832.333581525,0
1520,001520.png,right,ok,tracking,1824,0.372222,1824,1824,21,14.336711,3.91268025725,-381.290128385,0
1520,001520.png,center,ok,from_left_right,,,,,16,,,,
1521,001521.png,left,ok,tracking,2236,0.600000,2236,2236,16,159.991985,-2.74628205522,830.407569572,0
1521,001521.png,right,ok,tracking,1819,0.366667,1819,1819,21,14.148098,3.96706926622,-391.71921469,0
1521,001521.png,center,ok,from_left_right,,,,,16,,,,
1522,001522.png,left,ok,tracking,2239,0.600000,2239,2239,16,159.896421,-2.73209954423,827.526821862,0
1522,001522.png,right,ok,tracking,1805,0.366667,1805,1805,21,14.023059,4.00391556948,-398.695617915,0
1522,001522.png,center,ok,from_left_right,,,,,16,,,,
1523,001523.png,left,ok,tracking,2239,0.605556,2239,2239,16,159.770406,-2.71359450627,824.309251413,0
1523,001523.png,right,ok,tracking,1786,0.366667,1786,1786,21,13.985262,4.01518068883,-401.913189254,0
1523,001523.png,center,ok,from_left_right,,,,,16,,,,
1524,001524.png,left,ok,tracking,2189,0.600000,2189,2189,16,159.745065,-2.70989986278,823.188914953,0
1524,001524.png,right,ok,tracking,1779,0.366667,1779,1779,21,13.898080,4.04139325943,-407.712948393,0
1524,001524.png,center,ok,from_left_right,,,,,16,,,,
1525,001525.png,left,ok,tracking,2226,0.605556,2226,2226,16,159.589547,-2.68741823346,820.075276036,0
1525,001525.png,right,ok,tracking,1780,0.366667,1780,1780,20,13.826568,4.06313645619,-413.899315768,0
1525,001525.png,center,ok,from_left_right,,,,,16,,,,
1526,001526.png,left,ok,tracking,2176,0.600000,2176,2176,15,159.607633,-2.69001573649,820.747556547,0
1526,001526.png,right,ok,tracking,1779,0.361111,1779,1779,21,13.677736,4.10910358619,-423.382689364,0
1526,001526.png,center,ok,from_left_right,,,,,15,,,,
1527,001527.png,left,ok,tracking,2206,0.605556,2206,2206,15,159.498281,-2.67437691677,818.16053879,0
1527,001527.png,right,ok,tracking,1773,0.366667,1773,1773,20,13.641910,4.12031533137,-427.734262395,0
1527,001527.png,center,ok,from_left_right,,,,,15,,,,
1528,001528.png,left,ok,tracking,2208,0.605556,2208,2208,14,159.371710,-2.65647361426,816.117329251,0
1528,001528.png,right,ok,tracking,1751,0.366667,1751,1751,20,13.538910,4.15287354353,-437.550922049,0
1528,001528.png,center,ok,from_left_right,,,,,14,,,,
1529,001529.png,left,ok,tracking,2155,0.600000,2155,2155,13,159.310732,-2.64792303519,813.623794155,0
1529,001529.png,right,ok,tracking,1805,0.361111,1805,1805,20,13.304392,4.2288497554,-453.550164789,0
1529,001529.png,center,ok,from_left_right,,,,,13,,,,
1530,001530.png,left,ok,tracking,2175,0.605556,2175,2175,13,159.168098,-2.62810956835,808.969355587,0
1530,001530.png,right,ok,tracking,1796,0.361111,1796,1796,20,13.212194,4.25944381255,-460.322446869,0
1530,001530.png,center,ok,from_left_right,,,,,13,,,,
1531,001531.png,left,ok,tracking,2199,0.611111,2199,2199,13,159.032546,-2.60951867538,804.594006289,0
1531,001531.png,right,ok,tracking,1781,0.355556,1781,1781,21,13.078063,4.30470939187,-470.078765514,0
1531,001531.png,center,ok,from_left_right,,,,,13,,,,
1532,001532.png,left,ok,tracking,2174,0.611111,2174,2174,13,158.881769,-2.58910731909,800.916586681,0
1532,001532.png,right,ok,tracking,1774,0.361111,1774,1774,20,13.044178,4.31628935295,-474.842042822,0
1532,001532.png,center,ok,from_left_right,,,,,13,,,,
1533,001533.png,left,ok,tracking,2188,0.611111,2188,2188,13,158.800294,-2.57819310307,799.0635712,0
1533,001533.png,right,ok,tracking,1776,0.366667,1776,1776,20,13.072435,4.30662868275,-476.03337044,0
1533,001533.png,center,ok,from_left_right,,,,,13,,,,
1534,001534.png,left,ok,tracking,2156,0.611111,2156,2156,13,158.648858,-2.5581182832,794.04867289,0
1534,001534.png,right,ok,tracking,1821,0.361111,1821,1821,20,12.884524,4.37165521377,-491.196628513,0
1534,001534.png,center,ok,from_left_right,,,,,13,,,,
1535,001535.png,left,ok,tracking,2138,0.611111,2138,2138,12,158.376392,-2.52267429063,785.945417492,0
1535,001535.png,right,ok,tracking,1841,0.355556,1841,1841,20,12.669760,4.44829566071,-507.625775582,0
1535,001535.png,center,ok,from_left_right,,,,,12,,,,
1536,001536.png,left,ok,tracking,2110,0.616667,2110,2110,12,158.240317,-2.50528954702,781.591917548,0
1536,001536.png,right,ok,tracking,1844,0.361111,1844,1844,20,12.628112,4.46345472346,-511.844466676,0
1536,001536.png,center,ok,from_left_right,,,,,12,,,,
1537,001537.png,left,ok,tracking,2094,0.616667,2094,2094,12,158.106007,-2.48833190617,776.559444417,0
1537,001537.png,right,ok,tracking,1854,0.361111,1854,1854,20,12.619460,4.4666163944,-514.19791539,0
1537,001537.png,center,ok,from_left_right,,,,,12,,,,
1538,001538.png,left,ok,tracking,2085,0.616667,2085,2085,12,157.977872,-2.47233739902,772.748079726,0
1538,001538.png,right,ok,tracking,1864,0.361111,1864,1864,20,12.586861,4.47856680454,-518.900743166,0
1538,001538.png,center,ok,from_left_right,,,,,12,,,,
1539,001539.png,left,ok,tracking,2051,0.616667,2051,2051,12,157.809945,-2.4516415317,766.472018687,0
1539,001539.png,right,ok,tracking,1894,0.355556,1894,1894,21,12.376496,4.55717373743,-534.940098977,0
1539,001539.png,center,ok,from_left_right,,,,,12,,,,
1540,001540.png,left,ok,tracking,2052,0.622222,2052,2052,12,157.569450,-2.42251481921,759.514255932,0
1540,001540.png,right,ok,tracking,1884,0.355556,1884,1884,21,12.333723,4.57347946699,-539.325288916,0
1540,001540.png,center,ok,from_left_right,,,,,12,,,,
1541,001541.png,left,ok,tracking,2048,0.622222,2048,2048,12,157.443724,-2.40752255072,755.668530262,0
1541,001541.png,right,ok,tracking,1898,0.361111,1898,1898,20,12.388113,4.55276429045,-536.67324936,0
1541,001541.png,center,ok,from_left_right,,,,,12,,,,
1542,001542.png,left,ok,tracking,2025,0.616667,2025,2025,12,157.347095,-2.39610721479,752.440629421,0
1542,001542.png,right,ok,tracking,1898,0.361111,1898,1898,20,12.373133,4.5584520012,-540.243929524,0
1542,001542.png,center,ok,from_left_right,,,,,12,,,,
1543,001543.png,left,ok,tracking,2015,0.616667,2015,2015,12,157.243714,-2.38399594112,747.960325911,0
1543,001543.png,right,ok,tracking,1929,0.366667,1929,1929,20,12.386816,4.55325620916,-541.175824114,0
1543,001543.png,center,ok,from_left_right,,,,,12,,,,
1544,001544.png,left,ok,tracking,2012,0.622222,2012,2012,12,157.052296,-2.36184375944,742.187826425,0
1544,001544.png,right,ok,tracking,1943,0.366667,1943,1943,20,12.322075,4.57793926608,-548.101349068,0
1544,001544.png,center,ok,from_left_right,,,,,12,,,,
1545,001545.png,left,ok,tracking,2019,0.633333,2019,2019,12,156.831742,-2.33674922889,736.177792726,0
1545,001545.png,right,ok,tracking,1956,0.366667,1956,1956,20,12.272448,4.59703371272,-554.474951322,0
1545,001545.png,center,ok,from_left_right,,,,,12,,,,
1546,001546.png,left,ok,tracking,1996,0.633333,1996,1996,12,156.698140,-2.32176657362,731.04227859,0
1546,001546.png,right,ok,tracking,1995,0.366667,1995,1995,21,12.177155,4.6341280947,-562.63192772,0
1546,001546.png,center,ok,from_left_right,,,,,12,,,,
1547,001547.png,left,ok,tracking,1969,0.627778,1969,1969,12,156.723421,-2.32458916899,730.386886704,0
1547,001547.png,right,ok,tracking,2006,0.366667,2006,2006,20,12.269413,4.59820638567,-556.927069142,0
1547,001547.png,center,ok,from_left_right,,,,,12,,,,
1548,001548.png,left,ok,tracking,1923,0.616667,1923,1923,12,156.705899,-2.32263223644,728.581689672,0
1548,001548.png,right,ok,tracking,2000,0.377778,2000,2000,20,12.323463,4.57740735459,-554.923449497,0
1548,001548.png,center,ok,from_left_right,,,,,12,,,,
1549,001549.png,left,ok,tracking,1920,0.616667,1920,1920,12,156.681875,-2.31995359088,726.770650652,0
1549,001549.png,right,ok,tracking,2045,0.377778,2045,2045,20,12.307414,4.5835645111,-557.287961323,0
1549,001549.png,center,ok,from_left_right,,,,,12,,,,
1550,001550.png,left,ok,tracking,1902,0.611111,1902,1902,11,156.550252,-2.30536978998,721.780438538,0
1550,001550.png,right,ok,tracking,2052,0.377778,2052,2052,20,12.258813,4.60230668148,-562.857719222,0
1550,001550.png,center,ok,from_left_right,,,,,11,,,,
1551,001551.png,left,ok,tracking,1859,0.605556,1859,1859,11,156.538861,-2.30411487715,719.563837695,0
1551,001551.png,right,ok,tracking,2068,0.377778,2068,2068,20,12.253803,4.60424666518,-563.946148295,0
1551,001551.png,center,ok,from_left_right,,,,,11,,,,
1552,001552.png,left,ok,tracking,1850,0.600000,1850,1850,11,156.505442,-2.30044007658,716.327861871,0
1552,001552.png,right,ok,tracking,2082,0.377778,2082,2082,20,12.304903,4.58452934415,-560.667079927,0
1552,001552.png,center,ok,from_left_right,,,,,11,,,,
1553,001553.png,left,ok,tracking,1841,0.594444,1841,1841,12,156.523284,-2.30240077543,715.176225844,0
1553,001553.png,right,ok,tracking,2038,0.388889,2038,2038,20,12.565723,4.48634850118,-543.664678976,0
1553,001553.png,center,ok,from_left_right,,,,,12,,,,
1554,001554.png,left,ok,tracking,1821,0.588889,1821,1821,11,156.528746,-2.3030015744,712.627269868,0
1554,001554.png,right,ok,tracking,2092,0.394444,2092,2092,20,12.574520,4.48310676844,-544.812040961,0
1554,001554.png,center,ok,from_left_right,,,,,11,,,,
1555,001555.png,left,ok,tracking,1788,0.583333,1788,1788,11,156.596527,-2.31047939107,711.820377459,0
1555,001555.png,right,ok,tracking,2113,0.394444,2113,2113,20,12.573352,4.48353688582,-545.984397464,0
1555,001555.png,center,ok,from_left_right,,,,,11,,,,
1556,001556.png,left,ok,tracking,1786,0.583333,1786,1786,12,156.606814,-2.31161791092,709.550019504,0
1556,001556.png,right,ok,tracking,2153,0.388889,2153,2153,20,12.422712,4.53967959862,-556.955329327,0
1556,001556.png,center,ok,from_left_right,,,,,12,,,,
1557,001557.png,left,ok,tracking,1767,0.577778,1767,1767,12,156.663417,-2.3178990458,709.187302471,0
1557,001557.png,right,ok,tracking,2127,0.394444,2127,2127,20,12.527315,4.50055371555,-550.565779811,0
1557,001557.png,center,ok,from_left_right,,,,,12,,,,
1558,001558.png,left,ok,tracking,1745,0.561111,1745,1745,11,156.747259,-2.32725606765,709.063250792,0
1558,001558.png,right,ok,tracking,2138,0.400000,2138,2138,20,12.574464,4.48312748312,-548.415958305,0
1558,001558.png,center,ok,from_left_right,,,,,11,,,,
1559,001559.png,left,ok,tracking,1704,0.544444,1704,1704,11,157.093236,-2.36655205614,713.106880095,0
1559,001559.png,right,ok,tracking,2166,0.394444,2166,2166,21,12.509647,4.50711709025,-551.007862875,0
1559,001559.png,center,ok,from_left_right,,,,,11,,,,
1560,001560.png,left,ok,tracking,1700,0.544444,1700,1700,12,157.032755,-2.35960199425,709.026495309,0
1560,001560.png,right,ok,tracking,2146,0.400000,2146,2146,20,12.667676,4.44905167998,-539.770584507,0
1560,001560.png,center,ok,from_left_right,,,,,12,,,,
1561,001561.png,left,ok,tracking,1668,0.533333,1668,1668,12,157.064313,-2.36322413691,706.021870728,0
1561,001561.png,right,ok,tracking,2173,0.400000,2173,2173,20,12.599321,4.47399179661,-544.013767852,0
1561,001561.png,center,ok,from_left_right,,,,,12,,,,
1562,001562.png,left,ok,tracking,1642,0.516667,1642,1642,12,157.447386,-2.40795702967,711.589583783,0
1562,001562.png,right,ok,tracking,2165,0.400000,2165,2165,21,12.691111,4.44056193258,-536.364396145,0
1562,001562.png,center,ok,from_left_right,,,,,12,,,,
1563,001563.png,left,ok,tracking,1618,0.505556,1618,1618,12,157.643416,-2.43140965339,712.390271505,0
1563,001563.png,right,ok,tracking,2175,0.405556,2175,2175,21,12.949935,4.34880930595,-518.247254321,0
1563,001563.png,center,ok,from_left_right,,,,,12,,,,
1564,001564.png,left,ok,tracking,1602,0.494444,1602,1602,13,157.721521,-2.44086299895,711.309289231,0
1564,001564.png,right,ok,tracking,2150,0.411111,2150,2150,20,13.133190,4.28599559154,-507.343304617,0
1564,001564.png,center,ok,from_left_right,,,,,13,,,,
1565,001565.png,left,ok,tracking,1583,0.488889,1583,1583,13,157.708246,-2.43925181148,708.410328038,0
1565,001565.png,right,ok,tracking,2137,0.416667,2137,2137,20,13.173775,4.27231677627,-507.207754317,0
1565,001565.png,center,ok,from_left_right,,,,,13,,,,
1566,001566.png,left,ok,tracking,1583,0.488889,1583,1583,13,157.717889,-2.44042201087,705.795673625,0
1566,001566.png,right,ok,tracking,2177,0.422222,2177,2177,20,13.280808,4.23663583608,-501.222369066,0
1566,001566.png,center,ok,from_left_right,,,,,13,,,,
1567,001567.png,left,ok,tracking,1608,0.500000,1608,1608,13,157.444459,-2.40760977614,700.686968846,0
1567,001567.png,right,ok,tracking,2081,0.433333,2081,2081,18,13.463604,4.17698686213,-493.804256643,0
1567,001567.png,center,ok,from_left_right,,,,,13,,,,
1568,001568.png,left,ok,tracking,1569,0.483333,1569,1569,13,157.714829,-2.44005054881,705.720988068,0
1568,001568.png,right,ok,tracking,2143,0.438889,2143,2143,17,13.528495,4.15619264586,-492.902108259,0
1568,001568.png,center,ok,from_left_right,,,,,13,,,,
1569,001569.png,left,ok,tracking,1558,0.483333,1558,1558,13,157.881784,-2.46045866953,708.131623214,0
1569,001569.png,right,ok,tracking,2195,0.444444,2195,2195,17,13.636265,4.12208699421,-486.803861145,0
1569,001569.png,center,ok,from_left_right,,,,,13,,,,
1570,001570.png,left,ok,tracking,1555,0.477778,1555,1555,13,158.093118,-2.48671503742,714.023787739,0
1570,001570.png,right,ok,tracking,2164,0.450000,2164,2164,16,13.881261,4.04648718583,-473.914165288,0
1570,001570.png,center,ok,from_left_right,,,,,13,,,,
1571,001571.png,left,ok,tracking,1536,0.466667,1536,1536,13,158.281997,-2.51059256902,716.797594,0
1571,001571.png,right,ok,tracking,2233,0.450000,2233,2233,18,13.759928,4.08359785524,-479.386170341,0
1571,001571.png,center,ok,from_left_right,,,,,13,,,,
1572,001572.png,left,ok,tracking,1527,0.466667,1527,1527,13,158.265588,-2.50850250099,715.656010913,0
1572,001572.png,right,ok,tracking,2221,0.450000,2221,2221,17,13.750043,4.0866494931,-479.690471188,0
1572,001572.png,center,ok,from_left_right,,,,,13,,,,
1573,001573.png,left,ok,tracking,1511,0.466667,1511,1511,13,158.382827,-2.52350167048,719.790874544,0
1573,001573.png,right,ok,tracking,2167,0.450000,2167,2167,16,13.966733,4.02072480366,-468.587736694,0
1573,001573.png,center,ok,from_left_right,,,,,13,,,,
1574,001574.png,left,ok,tracking,1504,0.455556,1504,1504,13,158.770311,-2.57419678653,726.839920167,0
1574,001574.png,right,ok,tracking,2246,0.461111,2246,2246,18,14.085458,3.98544761611,-459.358433056,0
1574,001574.png,center,ok,from_left_right,,,,,13,,,,
1575,001575.png,left,ok,tracking,1509,0.450000,1509,1509,14,159.031139,-2.60932690647,732.246988669,0
1575,001575.png,right,ok,tracking,2234,0.466667,2234,2234,18,14.343062,3.91087328429,-444.004941074,0
1575,001575.png,center,ok,from_left_right,,,,,14,,,,
1576,001576.png,left,ok,tracking,1519,0.450000,1519,1519,14,159.021504,-2.60801430748,731.396495404,0
1576,001576.png,right,ok,tracking,2242,0.466667,2242,2242,18,14.303681,3.92210354963,-446.26005269,0
1576,001576.png,center,ok,from_left_right,,,,,14,,,,
1577,001577.png,left,ok,tracking,1510,0.438889,1510,1510,14,159.244460,-2.63868481538,736.243403455,0
1577,001577.png,right,ok,tracking,2223,0.466667,2223,2223,18,14.437926,3.8840676348,-437.910549597,0
1577,001577.png,center,ok,from_left_right,,,,,14,,,,
1578,001578.png,left,ok,tracking,1503,0.433333,1503,1501,15,159.577347,-2.68566844825,744.48480371,0
1578,001578.png,right,ok,tracking,2239,0.477778,2239,2239,18,14.661827,3.82214623786,-425.550725287,0
1578,001578.png,center,ok,from_left_right,,,,,15,,,,
1579,001579.png,left,ok,tracking,1485,0.427778,1485,1483,15,159.819311,-2.72074983512,748.990831037,0
1579,001579.png,right,ok,tracking,2248,0.477778,2248,2248,18,14.744854,3.7996520871,-419.499884942,0
1579,001579.png,center,ok,from_left_right,,,,,15,,,,
1580,001580.png,left,ok,tracking,1491,0.427778,1491,1487,15,159.859348,-2.72663245026,750.220949094,0
1580,001580.png,right,ok,tracking,2230,0.483333,2230,2230,18,14.872018,3.76567637453,-413.707216009,0
1580,001580.png,center,ok,from_left_right,,,,,15,,,,
1581,001581.png,left,ok,tracking,1485,0.427778,1485,1480,15,159.943267,-2.73903570383,752.10280752,0
1581,001581.png,right,ok,tracking,2250,0.483333,2250,2250,18,14.888338,3.76135707548,-412.831008732,0
1581,001581.png,center,ok,from_left_right,,,,,15,,,,
1582,001582.png,left,ok,tracking,1483,0.427778,1483,1478,15,160.053324,-2.75545381565,755.167742037,0
1582,001582.png,right,ok,tracking,2247,0.488889,2247,2247,18,15.034005,3.72321055222,-406.041180945,0
1582,001582.png,center,ok,from_left_right,,,,,15,,,,
1583,001583.png,left,ok,tracking,1492,0.422222,1492,1488,15,160.173561,-2.77359041816,760.899889976,0
1583,001583.png,right,ok,tracking,2234,0.488889,2234,2234,17,15.144651,3.69471420401,-402.503956771,0
1583,001583.png,center,ok,from_left_right,,,,,15,,,,
1584,001584.png,left,ok,tracking,1476,0.411111,1476,1473,15,160.412305,-2.81023595447,766.940596324,0
1584,001584.png,right,ok,tracking,2266,0.494444,2266,2266,17,15.233152,3.67221222044,-397.167951791,0
1584,001584.png,center,ok,from_left_right,,,,,15,,,,
1585,001585.png,left,ok,tracking,1476,0.416667,1476,1470,15,160.624206,-2.84348772177,773.177030358,0
1585,001585.png,right,ok,tracking,2243,0.500000,2243,2243,17,15.502716,3.6052197603,-384.058975264,0
1585,001585.png,center,ok,from_left_right,,,,,15,,,,
1586,001586.png,left,ok,tracking,1477,0.411111,1477,1470,15,160.734257,-2.86103443727,777.600948692,0
1586,001586.png,right,ok,tracking,2239,0.500000,2239,2239,17,15.558683,3.59159487049,-381.482552413,0
1586,001586.png,center,ok,from_left_right,,,,,15,,,,
1587,001587.png,left,ok,tracking,1475,0.405556,1475,1470,15,160.924415,-2.89181243543,782.633795995,0
1587,001587.png,right,ok,tracking,2278,0.500000,2278,2278,18,15.539057,3.59636193997,-379.405754223,0
1587,001587.png,center,ok,from_left_right,,,,,15,,,,
1588,001588.png,left,ok,tracking,1487,0.411111,1487,1478,16,160.903889,-2.88846176171,783.748133985,0
1588,001588.png,right,ok,tracking,2232,0.511111,2232,2232,17,15.796962,3.53464047829,-368.781705524,0
1588,001588.png,center,ok,from_left_right,,,,,16,,,,
1589,001589.png,left,ok,tracking,1492,0.405556,1492,1485,16,161.153918,-2.9297546159,792.063802646,0
1589,001589.png,right,ok,tracking,2251,0.516667,2251,2251,17,16.000145,3.48738117526,-358.823215072,0
1589,001589.png,center,ok,from_left_right,,,,,16,,,,
1590,001590.png,left,ok,tracking,1476,0.400000,1476,1468,16,161.416742,-2.97431452821,801.204996362,0
1590,001590.png,right,ok,tracking,2236,0.522222,2236,2236,17,16.252965,3.43018391803,-347.5103137,0
1590,001590.png,center,ok,from_left_right,,,,,16,,,,
1591,001591.png,left,ok,tracking,1486,0.400000,1486,1480,16,161.534046,-2.9945973555,806.732094538,0
1591,001591.png,right,ok,tracking,2240,0.522222,2240,2240,17,16.307559,3.41805934952,-345.850418143,0
1591,001591.png,center,ok,from_left_right,,,,,16,,,,
1592,001592.png,left,ok,tracking,1485,0.400000,1485,1480,16,161.508130,-2.99009488458,806.498943939,0
1592,001592.png,right,ok,tracking,2259,0.516667,2259,2259,17,16.170874,3.44856496612,-351.013515326,0
1592,001592.png,center,ok,from_left_right,,,,,16,,,,
1593,001593.png,left,ok,tracking,1492,0.400000,1492,1489,15,161.744303,-3.03158179425,816.329242175,0
1593,001593.png,right,ok,tracking,2250,0.527778,2250,2250,16,16.384361,3.40113563255,-342.32904224,0
1593,001593.png,center,ok,from_left_right,,,,,15,,,,
1594,001594.png,left,ok,tracking,1497,0.394444,1497,1495,16,161.894020,-3.05842287004,822.400004218,0
1594,001594.png,right,ok,tracking,2249,0.533333,2249,2249,16,16.476719,3.38098765783,-338.139228717,0
1594,001594.png,center,ok,from_left_right,,,,,16,,,,
1595,001595.png,left,ok,tracking,1498,0.394444,1498,1497,16,161.885157,-3.05682206044,822.00851303,0
1595,001595.png,right,ok,tracking,2268,0.533333,2268,2268,17,16.386912,3.40057625161,-341.117351975,0
1595,001595.png,center,ok,from_left_right,,,,,16,,,,
1596,001596.png,left,ok,tracking,1508,0.400000,1508,1506,16,161.845727,-3.04971820359,821.549032866,0
1596,001596.png,right,ok,tracking,2260,0.533333,2260,2260,17,16.362265,3.40598870804,-341.7813693,0
1596,001596.png,center,ok,from_left_right,,,,,16,,,,
1597,001597.png,left,ok,tracking,1517,0.394444,1517,1515,16,162.051284,-3.08708284271,829.116945768,0
1597,001597.png,right,ok,tracking,2271,0.533333,2271,2271,17,16.447693,3.38729595251,-337.180618052,0
1597,001597.png,center,ok,from_left_right,,,,,16,,,,
1598,001598.png,left,ok,tracking,1525,0.394444,1525,1523,16,162.019216,-3.08119937199,828.5337313,0
1598,001598.png,right,ok,tracking,2261,0.527778,2261,2261,17,16.382741,3.40149101604,-339.349256041,0
1598,001598.png,center,ok,from_left_right,,,,,16,,,,
1599,001599.png,left,ok,tracking,1524,0.394444,1524,1522,16,162.055450,-3.08784860051,829.948649213,0
1599,001599.png,right,ok,tracking,2257,0.527778,2257,2257,18,16.476610,3.38101118346,-334.354606448,0
1599,001599.png,center,ok,from_left_right,,,,,16,,,,
1600,001600.png,left,ok,tracking,1532,0.394444,1532,1529,16,162.170868,-3.1092030567,833.879160996,0
1600,001600.png,right,ok,tracking,2265,0.533333,2265,2265,18,16.566954,3.36151359026,-329.909458318,0
1600,001600.png,center,ok,from_left_right,,,,,16,,,,
1601,001601.png,left,ok,tracking,1553,0.405556,1553,1547,16,162.143573,-3.10412884021,836.016821752,0
1601,001601.png,right,ok,tracking,2244,0.538889,2244,2244,17,16.624289,3.3492467599,-329.609238633,0
1601,001601.png,center,ok,from_left_right,,,,,16,,,,
1602,001602.png,left,ok,tracking,1542,0.400000,1542,1540,16,162.248780,-3.12377009151,840.828019014,0
1602,001602.png,right,ok,tracking,2271,0.533333,2271,2271,18,16.555208,3.3640368733,-331.803272355,0
1602,001602.png,center,ok,from_left_right,,,,,16,,,,
1603,001603.png,left,ok,tracking,1542,0.400000,1542,1541,16,162.321667,-3.13751008541,844.691473342,0
1603,001603.png,right,ok,tracking,2274,0.533333,2274,2274,18,16.576404,3.35948601597,-330.243239963,0
1603,001603.png,center,ok,from_left_right,,,,,16,,,,
1604,001604.png,left,ok,tracking,1566,0.405556,1566,1566,16,162.189198,-3.11261900369,841.886148085,0
1604,001604.png,right,ok,tracking,2262,0.533333,2262,2262,17,16.536893,3.36797826599,-332.725696033,0
1604,001604.png,center,ok,from_left_right,,,,,16,,,,
1605,001605.png,left,ok,tracking,1554,0.400000,1554,1554,15,162.316152,-3.13646661202,846.773380867,0
1605,001605.png,right,ok,tracking,2276,0.533333,2276,2276,18,16.579312,3.3588626865,-329.717263784,0
1605,001605.png,center,ok,from_left_right,,,,,15,,,,
1606,001606.png,left,ok,tracking,1564,0.400000,1564,1564,15,162.376129,-3.14784848088,850.309813828,0
1606,001606.png,right,ok,tracking,2257,0.538889,2257,2257,18,16.705506,3.33201031048,-324.893555214,0
1606,001606.png,center,ok,from_left_right,,,,,15,,,,
1607,001607.png,left,ok,tracking,1578,0.400000,1578,1578,15,162.321995,-3.1375721462,849.40950997,0
1607,001607.png,right,ok,tracking,2273,0.538889,2273,2273,17,16.784185,3.3154669693,-322.109471857,0
1607,001607.png,center,ok,from_left_right,,,,,15,,,,
1608,001608.png,left,ok,tracking,1578,0.405556,1578,1578,15,162.260138,-3.12590399896,848.180891007,0
1608,001608.png,right,ok,tracking,2256,0.544444,2256,2256,17,16.831117,3.30567039871,-320.389223473,0
1608,001608.png,center,ok,from_left_right,,,,,15,,,,
1609,001609.png,left,ok,tracking,1601,0.411111,1601,1601,15,162.240958,-3.12230201444,850.360720301,0
1609,001609.png,right,ok,tracking,2273,0.544444,2273,2273,17,16.927585,3.28569947464,-317.347259456,0
1609,001609.png,center,ok,from_left_right,,,,,15,,,,
1610,001610.png,left,ok,tracking,1588,0.400000,1588,1588,14,162.357175,-3.14424351711,853.920398869,0
1610,001610.png,right,ok,tracking,2300,0.544444,2300,2300,17,16.974504,3.27606581283,-314.307701786,0
1610,001610.png,center,ok,from_left_right,,,,,14,,,,
1611,001611.png,left,ok,tracking,1593,0.405556,1593,1593,15,162.480428,-3.16782125264,858.832513781,0
1611,001611.png,right,ok,tracking,2282,0.550000,2282,2282,17,17.121420,3.24623217092,-307.656421656,0
1611,001611.png,center,ok,from_left_right,,,,,15,,,,
1612,001612.png,left,ok,tracking,1588,0.400000,1588,1588,15,162.577467,-3.1866116,861.312656712,0
1612,001612.png,right,ok,tracking,2278,0.561111,2278,2278,18,17.280249,3.21453279929,-298.75484826,0
1612,001612.png,center,ok,from_left_right,,,,,15,,,,
1613,001613.png,left,ok,tracking,1591,0.394444,1591,1591,15,162.738493,-3.2182438737,865.997394292,0
1613,001613.png,right,ok,tracking,2295,0.550000,2295,2295,20,17.261581,3.21822917608,-297.489057984,0
1613,001613.png,center,ok,from_left_right,,,,,15,,,,
1614,001614.png,left,ok,tracking,1601,0.400000,1601,1601,16,162.669409,-3.20460315881,864.323268708,0
1614,001614.png,right,ok,tracking,2264,0.555556,2264,2264,18,17.402303,3.19055438853,-292.400049633,0
1614,001614.png,center,ok,from_left_right,,,,,16,,,,
1615,001615.png,left,ok,tracking,1593,0.400000,1593,1593,16,162.542638,-3.17984404608,860.630868561,0
1615,001615.png,right,ok,tracking,2257,0.555556,2257,2257,18,17.371440,3.19658687165,-294.845230283,0
1615,001615.png,center,ok,from_left_right,,,,,16,,,,
1616,001616.png,left,ok,tracking,1599,0.400000,1599,1599,15,162.608288,-3.19262223361,863.067199763,0
1616,001616.png,right,ok,tracking,2279,0.555556,2279,2279,18,17.308963,3.20886231794,-297.061233579,0
1616,001616.png,center,ok,from_left_right,,,,,15,,,,
1617,001617.png,left,ok,tracking,1605,0.405556,1605,1605,15,162.468908,-3.16560381212,859.702600342,0
1617,001617.png,right,ok,tracking,2248,0.561111,2248,2248,18,17.362653,3.19830823488,-296.7647303,0
1617,001617.png,center,ok,from_left_right,,,,,15,,,,
1618,001618.png,left,ok,tracking,1575,0.400000,1575,1575,15,162.530042,-3.17740312668,861.062282543,0
1618,001618.png,right,ok,tracking,2272,0.555556,2272,2272,18,17.292631,3.2120853442,-298.462276145,0
1618,001618.png,center,ok,from_left_right,,,,,15,,,,
1619,001619.png,left,ok,tracking,1587,0.400000,1587,1587,15,162.556439,-3.182522626,861.290226353,0
1619,001619.png,right,ok,tracking,2279,0.550000,2279,2279,18,17.311813,3.20830049467,-296.717039759,0
1619,001619.png,center,ok,from_left_right,,,,,15,,,,
1620,001620.png,left,ok,tracking,1602,0.405556,1602,1602,15,162.480865,-3.1679052987,859.093099283,0
1620,001620.png,right,ok,tracking,2266,0.555556,2266,2266,18,17.390353,3.19288764353,-294.148780621,0
1620,001620.png,center,ok,from_left_right,,,,,15,,,,
1621,001621.png,left,ok,tracking,1595,0.400000,1595,1595,15,162.471439,-3.1660908432,857.986292578,0
1621,001621.png,right,ok,tracking,2288,0.555556,2288,2288,18,17.341006,3.20255574255,-295.088643659,0
1621,001621.png,center,ok,from_left_right,,,,,15,,,,
1622,001622.png,left,ok,tracking,1600,0.400000,1600,1600,15,162.571114,-3.18537522399,861.647594279,0
1622,001622.png,right,ok,tracking,2287,0.555556,2287,2287,18,17.449875,3.18129669794,-291.071001969,0
1622,001622.png,center,ok,from_left_right,,,,,15,,,,
1623,001623.png,left,ok,tracking,1582,0.400000,1582,1582,15,162.506740,-3.17289625817,857.866968356,0
1623,001623.png,right,ok,tracking,2264,0.555556,2264,2264,19,17.392610,3.19244681021,-292.664800947,0
1623,001623.png,center,ok,from_left_right,,,,,15,,,,
1624,001624.png,left,ok,tracking,1574,0.400000,1574,1574,15,162.420588,-3.15633398601,853.918162786,0
1624,001624.png,right,ok,tracking,2270,0.555556,2270,2270,20,17.390115,3.19293426851,-292.430930502,0
1624,001624.png,center,ok,from_left_right,,,,,15,,,,
1625,001625.png,left,ok,tracking,1591,0.411111,1591,1591,16,162.271712,-3.12808115016,849.31332843,0
1625,001625.png,right,ok,tracking,2253,0.555556,2253,2253,18,17.456644,3.17998338037,-291.287561344,0
1625,001625.png,center,ok,from_left_right,,,,,16,,,,
1626,001626.png,left,ok,tracking,1571,0.394444,1571,1571,15,162.503523,-3.17227489814,856.510808793,0
1626,001626.png,right,ok,tracking,2276,0.561111,2276,2276,18,17.531683,3.16549016613,-287.937195883,0
1626,001626.png,center,ok,from_left_right,,,,,15,,,,
1627,001627.png,left,ok,tracking,1573,0.388889,1573,1573,15,162.626991,-3.19627960634,860.174856592,0
1627,001627.png,right,ok,tracking,2269,0.561111,2269,2269,18,17.645355,3.14376280925,-283.753492968,0
1627,001627.png,center,ok,from_left_right,,,,,15,,,,
1628,001628.png,left,ok,tracking,1568,0.394444,1568,1568,16,162.719535,-3.21449011275,862.07973856,0
1628,001628.png,right,ok,tracking,2273,0.561111,2273,2273,20,17.685726,3.1361113054,-281.708666899,0
1628,001628.png,center,ok,from_left_right,,,,,16,,,,
1629,001629.png,left,ok,tracking,1574,0.388889,1574,1574,16,162.747364,-3.22000324322,862.335098573,0
1629,001629.png,right,ok,tracking,2278,0.566667,2278,2278,19,17.827418,3.10952208617,-276.553663529,0
1629,001629.png,center,ok,from_left_right,,,,,16,,,,
1630,001630.png,left,ok,tracking,1572,0.394444,1572,1571,16,162.782971,-3.22708235769,863.486275959,0
1630,001630.png,right,ok,tracking,2277,0.572222,2277,2277,18,17.945260,3.08771801177,-272.649784671,0
1630,001630.png,center,ok,from_left_right,,,,,16,,,,
1631,001631.png,left,ok,tracking,1562,0.388889,1562,1562,16,162.722606,-3.21509755178,859.936918367,0
1631,001631.png,right,ok,tracking,2272,0.566667,2272,2272,20,17.858329,3.10377587276,-275.257387974,0
1631,001631.png,center,ok,from_left_right,,,,,16,,,,
1632,001632.png,left,ok,tracking,1570,0.394444,1570,1569,16,162.692108,-3.20907354045,857.736690658,0
1632,001632.png,right,ok,tracking,2273,0.566667,2273,2273,19,17.960178,3.0849775053,-271.549259948,0
1632,001632.png,center,ok,from_left_right,,,,,16,,,,
1633,001633.png,left,ok,tracking,1562,0.394444,1562,1560,16,162.642703,-3.19935809814,855.59839941,0
1633,001633.png,right,ok,tracking,2272,0.572222,2272,2272,18,17.999133,3.07784195293,-270.594745636,0
1633,001633.png,center,ok,from_left_right,,,,,16,,,,
1634,001634.png,left,ok,tracking,1552,0.388889,1552,1550,16,162.740410,-3.21862395961,858.440059246,0
1634,001634.png,right,ok,tracking,2284,0.572222,2284,2284,18,18.140592,3.05217961671,-265.667190303,0
1634,001634.png,center,ok,from_left_right,,,,,16,,,,
1635,001635.png,left,ok,tracking,1531,0.388889,1531,1527,16,162.759371,-3.22238717639,858.982321536,0
1635,001635.png,right,ok,tracking,2267,0.577778,2267,2267,18,18.211566,3.03944934149,-262.907954252,0
1635,001635.png,center,ok,from_left_right,,,,,16,,,,
1636,001636.png,left,ok,tracking,1542,0.388889,1542,1537,16,162.724844,-3.21554056418,857.122675744,0
1636,001636.png,right,ok,tracking,2284,0.577778,2284,2284,18,18.223539,3.03731112974,-261.950117736,0
1636,001636.png,center,ok,from_left_right,,,,,16,,,,
1637,001637.png,left,ok,tracking,1568,0.400000,1568,1562,16,162.442250,-3.16048355468,847.692911648,0
1637,001637.png,right,ok,tracking,2287,0.577778,2287,2287,18,18.124972,3.05499426461,-266.076221977,0
1637,001637.png,center,ok,from_left_right,,,,,16,,,,
1638,001638.png,left,ok,tracking,1562,0.400000,1562,1558,16,162.454227,-3.16278215279,849.682718364,0
1638,001638.png,right,ok,tracking,2285,0.577778,2285,2285,18,18.090150,3.06128591544,-267.726831181,0
1638,001638.png,center,ok,from_left_right,,,,,16,,,,
1639,001639.png,left,ok,tracking,1549,0.394444,1549,1548,16,162.549709,-3.18121598302,851.885380156,0
1639,001639.png,right,ok,tracking,2299,0.572222,2299,2299,18,18.092750,3.06081527288,-266.093214209,0
1639,001639.png,center,ok,from_left_right,,,,,16,,,,
1640,001640.png,left,ok,tracking,1568,0.400000,1568,1564,16,162.539882,-3.17930962461,852.441363393,0
1640,001640.png,right,ok,tracking,2304,0.577778,2304,2304,18,18.163917,3.04798528343,-263.822629209,0
1640,001640.png,center,ok,from_left_right,,,,,16,,,,
1641,001641.png,left,ok,tracking,1576,0.400000,1576,1573,16,162.494591,-3.17055109999,852.001705121,0
1641,001641.png,right,ok,tracking,2296,0.577778,2296,2296,18,18.130461,3.05400460674,-265.781953738,0
1641,001641.png,center,ok,from_left_right,,,,,16,,,,
1642,001642.png,left,ok,tracking,1569,0.394444,1569,1566,16,162.669376,-3.20459658794,857.900076905,0
1642,001642.png,right,ok,tracking,2298,0.572222,2298,2298,18,18.130511,3.05399569435,-264.561399681,0
1642,001642.png,center,ok,from_left_right,,,,,16,,,,
1643,001643.png,left,ok,tracking,1567,0.400000,1567,1563,16,162.748292,-3.22018734228,860.679010344,0
1643,001643.png,right,ok,tracking,2285,0.577778,2285,2285,20,18.204467,3.04071835655,-261.120624327,0
1643,001643.png,center,ok,from_left_right,,,,,16,,,,
1644,001644.png,left,ok,tracking,1556,0.394444,1556,1551,16,162.988098,-3.26842409633,869.331900679,0
1644,001644.png,right,ok,tracking,2293,0.577778,2293,2293,20,18.320573,3.0200826388,-256.428993494,0
1644,001644.png,center,ok,from_left_right,,,,,16,,,,
1645,001645.png,left,ok,tracking,1562,0.394444,1562,1554,16,162.869935,-3.24449207991,864.062308103,0
1645,001645.png,right,ok,tracking,2293,0.577778,2293,2293,20,18.243331,3.03378262407,-258.4742849,0
1645,001645.png,center,ok,from_left_right,,,,,16,,,,
1646,001646.png,left,ok,tracking,1595,0.400000,1595,1582,17,162.710376,-3.21267947009,859.386164354,0
1646,001646.png,right,ok,tracking,2289,0.577778,2289,2289,18,18.140341,3.05222485896,-263.591479189,0
1646,001646.png,center,ok,from_left_right,,,,,17,,,,
1647,001647.png,left,ok,tracking,1556,0.394444,1556,1549,16,162.771778,-3.22485404736,860.37096371,0
1647,001647.png,right,ok,tracking,2287,0.572222,2287,2287,20,17.974139,3.08241677563,-267.752508894,0
1647,001647.png,center,ok,from_left_right,,,,,16,,,,
1648,001648.png,left,ok,tracking,1577,0.394444,1577,1564,17,162.767387,-3.22398050869,860.935152739,0
1648,001648.png,right,ok,tracking,2276,0.572222,2276,2276,20,18.092610,3.06084064453,-264.707460052,0
1648,001648.png,center,ok,from_left_right,,,,,17,,,,
1649,001649.png,left,ok,tracking,1604,0.400000,1604,1590,17,162.711592,-3.21291961807,860.492639447,0
1649,001649.png,right,ok,tracking,2280,0.577778,2280,2280,18,18.164624,3.04785834106,-264.558698475,0
1649,001649.png,center,ok,from_left_right,,,,,17,,,,
1650,001650.png,left,ok,tracking,1554,0.394444,1554,1545,17,162.957184,-3.26213195119,868.184616071,0
1650,001650.png,right,ok,tracking,2310,0.572222,2310,2310,20,18.113137,3.05712998809,-264.462306759,0
1650,001650.png,center,ok,from_left_right,,,,,17,,,,
1651,001651.png,left,ok,tracking,1592,0.400000,1592,1576,17,162.607560,-3.19247995487,855.410359753,0
1651,001651.png,right,ok,tracking,2285,0.572222,2285,2285,18,18.079911,3.06314033536,-267.016557827,0
1651,001651.png,center,ok,from_left_right,,,,,17,,,,
1652,001652.png,left,ok,tracking,1591,0.400000,1591,1577,18,162.724842,-3.21554019547,860.016864482,0
1652,001652.png,right,ok,tracking,2283,0.572222,2283,2283,18,18.122538,3.0554333149,-265.50646493,0
1652,001652.png,center,ok,from_left_right,,,,,18,,,,
1653,001653.png,left,ok,tracking,1592,0.394444,1592,1577,18,162.812164,-3.23290752531,863.103709168,0
1653,001653.png,right,ok,tracking,2291,0.577778,2291,2291,18,18.255477,3.03162107882,-260.665786441,0
1653,001653.png,center,ok,from_left_right,,,,,18,,,,
1654,001654.png,left,ok,tracking,1584,0.388889,1584,1567,18,162.966505,-3.2640268482,869.015034749,0
1654,001654.png,right,ok,tracking,2285,0.583333,2285,2285,18,18.372485,3.01093781291,-256.504946665,0
1654,001654.png,center,ok,from_left_right,,,,,18,,,,
1655,001655.png,left,ok,tracking,1573,0.388889,1573,1555,18,163.009096,-3.2727106823,869.328615719,0
1655,001655.png,right,ok,tracking,2287,0.577778,2287,2287,20,18.380410,3.00954612835,-254.177245548,0
1655,001655.png,center,ok,from_left_right,,,,,18,,,,
1656,001656.png,left,ok,tracking,1580,0.388889,1580,1559,18,162.910753,-3.25272281122,866.072939746,0
1656,001656.png,right,ok,tracking,2252,0.577778,2252,2252,20,18.346437,3.01552019774,-255.587048651,0
1656,001656.png,center,ok,from_left_right,,,,,18,,,,
1657,001657.png,left,ok,tracking,1556,0.388889,1556,1536,18,163.021522,-3.2752522649,869.25496557,0
1657,001657.png,right,ok,tracking,2247,0.577778,2247,2247,20,18.382396,3.0091974288,-251.97595118,0
1657,001657.png,center,ok,from_left_right,,,,,18,,,,
1658,001658.png,left,ok,tracking,1568,0.383333,1568,1545,18,163.106429,-3.29271576184,871.709035685,0
1658,001658.png,right,ok,tracking,2255,0.572222,2255,2255,20,18.398806,3.00632014373,-250.451068833,0
1658,001658.png,center,ok,from_left_right,,,,,18,,,,
1659,001659.png,left,ok,tracking,1560,0.383333,1560,1536,18,163.163253,-3.30449887943,873.954575445,0
1659,001659.png,right,ok,tracking,2243,0.583333,2243,2243,20,18.520790,2.9850849552,-246.418519312,0
1659,001659.png,center,ok,from_left_right,,,,,18,,,,
1660,001660.png,left,ok,tracking,1574,0.383333,1574,1548,18,163.118678,-3.29524929116,871.368186297,0
1660,001660.png,right,ok,tracking,2227,0.577778,2227,2227,20,18.408600,3.00460508969,-249.25780373,0
1660,001660.png,center,ok,from_left_right,,,,,18,,,,
1661,001661.png,left,ok,tracking,1613,0.388889,1613,1591,20,162.916376,-3.25385965257,864.634111916,0
1661,001661.png,right,ok,tracking,2234,0.566667,2234,2234,20,18.106619,3.05830729761,-260.177123969,0
1661,001661.png,center,ok,from_left_right,,,,,20,,,,
1662,001662.png,left,ok,tracking,1617,0.394444,1617,1602,20,162.988416,-3.26848897682,870.331667003,0
1662,001662.png,right,ok,tracking,2216,0.572222,2216,2216,20,18.187022,3.04384076864,-259.026525497,0
1662,001662.png,center,ok,from_left_right,,,,,20,,,,
1663,001663.png,left,ok,tracking,1636,0.394444,1636,1624,20,163.001232,-3.27110419475,872.45692409,0
1663,001663.png,right,ok,tracking,2240,0.566667,2240,2240,20,18.075420,3.06395433223,-263.383112985,0
1663,001663.png,center,ok,from_left_right,,,,,20,,,,
1664,001664.png,left,ok,tracking,1694,0.411111,1694,1690,21,162.839632,-3.23840613411,871.37005823,0
1664,001664.png,right,ok,tracking,2244,0.572222,2244,2244,18,18.075857,3.06387516992,-265.528932691,0
1664,001664.png,center,ok,from_left_right,,,,,18,,,,
1665,001665.png,left,ok,tracking,1688,0.411111,1688,1686,21,162.903482,-3.25125382769,875.17635291,0
1665,001665.png,right,ok,tracking,2268,0.572222,2268,2268,18,18.003908,3.07696935062,-268.362170521,0
1665,001665.png,center,ok,from_left_right,,,,,18,,,,
1666,001666.png,left,ok,tracking,1728,0.416667,1728,1728,21,162.977593,-3.26628344758,882.440672486,0
1666,001666.png,right,ok,tracking,2270,0.572222,2270,2270,18,18.059604,3.06682423451,-267.170658463,0
1666,001666.png,center,ok,from_left_right,,,,,18,,,,
1667,001667.png,left,ok,tracking,1736,0.411111,1736,1736,21,163.119268,-3.29537134366,888.921262493,0
1667,001667.png,right,ok,tracking,2294,0.572222,2294,2294,20,18.076765,3.06371050848,-264.727639652,0
1667,001667.png,center,ok,from_left_right,,,,,20,,,,
1668,001668.png,left,ok,tracking,1754,0.411111,1754,1754,21,163.152711,-3.30230705188,892.062306173,0
1668,001668.png,right,ok,tracking,2276,0.572222,2276,2276,20,18.050814,3.06842132792,-264.257171271,0
1668,001668.png,center,ok,from_left_right,,,,,20,,,,
1669,001669.png,left,ok,tracking,1784,0.416667,1784,1784,21,163.282000,-3.3293731206,902.762560289,0
1669,001669.png,right,ok,tracking,2262,0.577778,2262,2262,19,18.251108,3.03239820075,-258.558412246,0
1669,001669.png,center,ok,from_left_right,,,,,19,,,,
1670,001670.png,left,ok,tracking,1788,0.422222,1788,1788,21,163.206173,-3.31345000792,899.86925947,0
1670,001670.png,right,ok,tracking,2283,0.566667,2283,2283,20,17.963266,3.0844107154,-266.731446897,0
1670,001670.png,center,ok,from_left_right,,,,,20,,,,
1671,001671.png,left,ok,tracking,1781,0.416667,1781,1781,21,163.270018,-3.32684762545,901.378076384,0
1671,001671.png,right,ok,tracking,2292,0.561111,2292,2292,21,17.991669,3.07920697736,-262.765900126,0
1671,001671.png,center,ok,from_left_right,,,,,21,,,,
1672,001672.png,left,ok,tracking,1810,0.422222,1810,1810,21,163.316881,-3.3367449636,905.766450164,0
1672,001672.png,right,ok,tracking,2250,0.561111,2250,2250,20,18.030791,3.07206508782,-261.039757273,0
1672,001672.png,center,ok,from_left_right,,,,,20,,,,
1673,001673.png,left,ok,tracking,1812,0.422222,1812,1812,21,163.303677,-3.3339509989,905.558285703,0
1673,001673.png,right,ok,tracking,2260,0.555556,2260,2260,21,17.893877,3.09719113293,-264.522943766,0
1673,001673.png,center,ok,from_left_right,,,,,21,,,,
1674,001674.png,left,ok,tracking,1827,0.427778,1827,1827,21,163.230832,-3.3186129009,905.133506665,0
1674,001674.png,right,ok,tracking,2250,0.555556,2250,2250,20,17.870220,3.10157033381,-265.762686415,0
1674,001674.png,center,ok,from_left_right,,,,,20,,,,
1675,001675.png,left,ok,tracking,1849,0.433333,1849,1849,21,163.148477,-3.30142736014,902.610729682,0
1675,001675.png,right,ok,tracking,2248,0.544444,2248,2248,21,17.686769,3.13591403194,-271.178932915,0
1675,001675.png,center,ok,from_left_right,,,,,21,,,,
1676,001676.png,left,ok,tracking,1847,0.438889,1847,1847,21,162.939505,-3.25854341441,894.186893941,0
1676,001676.png,right,ok,tracking,2207,0.527778,2207,2207,21,17.376662,3.19556464555,-280.067388398,0
1676,001676.png,center,ok,from_left_right,,,,,21,,,,
1677,001677.png,left,ok,tracking,1849,0.438889,1849,1849,21,163.125239,-3.29660777173,903.98019309,0
1677,001677.png,right,ok,tracking,2193,0.533333,2193,2193,21,17.462780,3.17879369192,-276.734188046,0
1677,001677.png,center,ok,from_left_right,,,,,21,,,,
1678,001678.png,left,ok,tracking,1849,0.427778,1849,1849,21,163.491604,-3.37412770082,918.976103318,0
1678,001678.png,right,ok,tracking,2208,0.538889,2208,2208,21,17.699264,3.13355305889,-268.003315632,0
1678,001678.png,center,ok,from_left_right,,,,,21,,,,
1679,001679.png,left,ok,tracking,1841,0.427778,1841,1841,21,163.518419,-3.37993301013,919.260142253,0
1679,001679.png,right,ok,tracking,2188,0.533333,2188,2188,21,17.654575,3.14201239307,-268.245227007,0
1679,001679.png,center,ok,from_left_right,,,,,21,,,,
1680,001680.png,left,ok,tracking,1887,0.438889,1887,1887,21,163.317822,-3.33694444332,914.705792146,0
1680,001680.png,right,ok,tracking,2190,0.527778,2190,2190,21,17.393708,3.19223237759,-279.859361121,0
1680,001680.png,center,ok,from_left_right,,,,,21,,,,
1681,001681.png,left,ok,tracking,1860,0.433333,1860,1860,21,163.357293,-3.34532346632,913.886478994,0
1681,001681.png,right,ok,tracking,2159,0.522222,2159,2159,21,17.394479,3.19208172172,-276.557965967,0
1681,001681.png,center,ok,from_left_right,,,,,21,,,,
1682,001682.png,left,ok,tracking,1864,0.433333,1864,1864,21,163.354216,-3.34466902738,913.490146558,0
1682,001682.png,right,ok,tracking,2151,0.522222,2151,2151,21,17.401039,3.19080101395,-277.151519845,0
1682,001682.png,center,ok,from_left_right,,,,,21,,,,
1683,001683.png,left,ok,tracking,1866,0.438889,1866,1866,21,163.292816,-3.33165583038,911.944563662,0
1683,001683.png,right,ok,tracking,2159,0.527778,2159,2159,21,17.354885,3.19983114303,-282.047196352,0
1683,001683.png,center,ok,from_left_right,,,,,21,,,,
1684,001684.png,left,ok,tracking,1898,0.444444,1898,1898,21,163.271663,-3.32719415705,912.876471827,0
1684,001684.png,right,ok,tracking,2164,0.527778,2164,2164,21,17.385773,3.19378277756,-281.369950403,0
1684,001684.png,center,ok,from_left_right,,,,,21,,,,
1685,001685.png,left,ok,tracking,1894,0.438889,1894,1894,21,163.349311,-3.34362599146,916.857225344,0
1685,001685.png,right,ok,tracking,2168,0.527778,2168,2168,21,17.442555,3.18271790136,-279.757517643,0
1685,001685.png,center,ok,from_left_right,,,,,21,,,,
1686,001686.png,left,ok,tracking,1861,0.433333,1861,1861,21,163.622482,-3.4026372491,925.881290849,0
1686,001686.png,right,ok,tracking,2167,0.533333,2167,2167,21,17.665336,3.13997151659,-271.109015964,0
1686,001686.png,center,ok,from_left_right,,,,,21,,,,
1687,001687.png,left,ok,tracking,1850,0.427778,1850,1850,21,163.657046,-3.41024062195,926.655286161,0
1687,001687.png,right,ok,tracking,2167,0.533333,2167,2167,21,17.729606,3.12783313648,-268.496042117,0
1687,001687.png,center,ok,from_left_right,,,,,21,,,,
1688,001688.png,left,ok,tracking,1873,0.427778,1873,1873,21,163.826789,-3.44803927287,936.527062388,0
1688,001688.png,right,ok,tracking,2181,0.544444,2181,2181,21,17.974602,3.08233188365,-260.22213055,0
1688,001688.png,center,ok,from_left_right,,,,,21,,,,
1689,001689.png,left,ok,tracking,1861,0.427778,1861,1861,21,163.947006,-3.47527975847,941.899674982,0
1689,001689.png,right,ok,tracking,2168,0.544444,2168,2168,21,18.158101,3.04903016514,-252.612995658,0
1689,001689.png,center,ok,from_left_right,,,,,21,,,,
1690,001690.png,left,ok,tracking,1845,0.416667,1845,1845,21,164.100329,-3.51060386561,946.892696223,0
1690,001690.png,right,ok,tracking,2158,0.544444,2158,2158,21,18.306428,3.02258314751,-244.799820212,0
1690,001690.png,center,ok,from_left_right,,,,,21,,,,
1691,001691.png,left,ok,tracking,1892,0.427778,1892,1892,21,164.061016,-3.50148337166,948.095311603,0
1691,001691.png,right,ok,tracking,2158,0.544444,2158,2158,21,18.319170,3.02033053653,-243.042966394,0
1691,001691.png,center,ok,from_left_right,,,,,21,,,,
1692,001692.png,left,ok,tracking,1883,0.422222,1883,1883,21,164.048706,-3.49863643161,947.095695913,0
1692,001692.png,right,ok,tracking,2136,0.533333,2136,2136,21,18.417587,3.00303296794,-235.181770647,0
1692,001692.png,center,ok,from_left_right,,,,,21,,,,
1693,001693.png,left,ok,tracking,1899,0.427778,1899,1899,21,164.085229,-3.50709557001,950.164810031,0
1693,001693.png,right,ok,tracking,2130,0.538889,2130,2130,21,18.566763,2.97715178322,-228.211547773,0
1693,001693.png,center,ok,from_left_right,,,,,21,,,,
1694,001694.png,left,ok,tracking,1917,0.427778,1917,1917,21,164.228269,-3.54059188623,961.403072995,0
1694,001694.png,right,ok,tracking,2121,0.550000,2121,2121,21,18.808278,2.93609008756,-221.18419621,0
1694,001694.png,center,ok,from_left_right,,,,,21,,,,
1695,001695.png,left,ok,tracking,1893,0.422222,1893,1893,21,164.308395,-3.55961539578,962.560512992,0
1695,001695.png,right,ok,tracking,2100,0.544444,2100,2100,21,18.900912,2.9206092305,-213.121935439,0
1695,001695.png,center,ok,from_left_right,,,,,21,,,,
1696,001696.png,left,ok,tracking,1937,0.427778,1937,1937,21,164.302473,-3.55820294353,966.773065428,0
1696,001696.png,right,ok,tracking,2119,0.544444,2119,2119,21,18.897116,2.92124071847,-213.311189513,0
1696,001696.png,center,ok,from_left_right,,,,,21,,,,
1697,001697.png,left,ok,tracking,1939,0.427778,1939,1939,21,164.405034,-3.58281288493,972.748869392,0
1697,001697.png,right,ok,tracking,2088,0.550000,2088,2088,21,19.049893,2.89601603657,-206.735533063,0
1697,001697.png,center,ok,from_left_right,,,,,21,,,,
1698,001698.png,left,ok,tracking,1937,0.427778,1937,1937,21,164.409573,-3.58390930983,972.993459018,0
1698,001698.png,right,ok,tracking,2077,0.538889,2077,2077,21,19.051486,2.89575521025,-203.809479069,0
1698,001698.png,center,ok,from_left_right,,,,,21,,,,
1699,001699.png,left,ok,tracking,1964,0.433333,1964,1964,21,164.409270,-3.58383618343,976.439541683,0
1699,001699.png,right,ok,tracking,2055,0.538889,2055,2055,21,19.021756,2.90063236391,-204.928524936,0
1699,001699.png,center,ok,from_left_right,,,,,21,,,,
1700,001700.png,left,ok,tracking,1973,0.433333,1973,1973,21,164.364998,-3.57316860983,974.190939642,0
1700,001700.png,right,ok,tracking,2081,0.533333,2081,2081,21,18.883330,2.92353638194,-206.421234238,0
1700,001700.png,center,ok,from_left_right,,,,,21,,,,
1701,001701.png,left,ok,tracking,1965,0.438889,1965,1965,21,164.291100,-3.55549311303,970.299260813,0
1701,001701.png,right,ok,tracking,2045,0.522222,2045,2045,21,18.731359,2.94905677605,-209.957320035,0
1701,001701.png,center,ok,from_left_right,,,,,21,,,,
1702,001702.png,left,ok,tracking,1972,0.438889,1972,1972,21,164.189850,-3.53153713419,964.746484149,0
1702,001702.png,right,ok,tracking,2026,0.516667,2026,2026,21,18.573832,2.97593529224,-214.013235208,0
1702,001702.png,center,ok,from_left_right,,,,,21,,,,
1703,001703.png,left,ok,tracking,1976,0.438889,1976,1976,21,164.110372,-3.51294074587,961.038609079,0
1703,001703.png,right,ok,tracking,2021,0.516667,2021,2021,21,18.486068,2.99110182279,-216.454164626,0
1703,001703.png,center,ok,from_left_right,,,,,21,,,,
1704,001704.png,left,ok,tracking,1986,0.444444,1986,1986,21,164.215100,-3.53748332674,969.686837042,0
1704,001704.png,right,ok,tracking,2044,0.522222,2044,2044,21,18.580571,2.97477648947,-216.1513889,0
1704,001704.png,center,ok,from_left_right,,,,,21,,,,
1705,001705.png,left,ok,tracking,2006,0.444444,2006,2006,21,164.221008,-3.53887719982,971.755406487,0
1705,001705.png,right,ok,tracking,2044,0.522222,2044,2044,21,18.538918,2.98195224742,-218.70323424,0
1705,001705.png,center,ok,from_left_right,,,,,21,,,,
1706,001706.png,left,ok,tracking,1999,0.444444,1999,1999,21,164.242352,-3.54392179272,972.48737199,0
1706,001706.png,right,ok,tracking,2041,0.522222,2041,2041,21,18.542369,2.98135654391,-219.639564911,0
1706,001706.png,center,ok,from_left_right,,,,,21,,,,
1707,001707.png,left,ok,tracking,2022,0.450000,2022,2022,21,164.310389,-3.56009122252,977.43657669,0
1707,001707.png,right,ok,tracking,2090,0.533333,2090,2090,21,18.599833,2.97146860145,-221.419725271,0
1707,001707.png,center,ok,from_left_right,,,,,21,,,,
1708,001708.png,left,ok,tracking,2010,0.444444,2010,2010,21,164.350090,-3.56958960864,978.614572679,0
1708,001708.png,right,ok,tracking,2094,0.533333,2094,2094,21,18.613957,2.96904716398,-222.64639499,0
1708,001708.png,center,ok,from_left_right,,,,,21,,,,
1709,001709.png,left,ok,tracking,1992,0.438889,1992,1992,21,164.481546,-3.60137886551,982.859916192,0
1709,001709.png,right,ok,tracking,2107,0.544444,2107,2107,21,18.768175,2.94283774019,-218.893164486,0
1709,001709.png,center,ok,from_left_right,,,,,21,,,,
1710,001710.png,left,ok,tracking,1981,0.433333,1981,1981,21,164.453519,-3.59455732282,979.948115125,0
1710,001710.png,right,ok,tracking,2118,0.544444,2118,2118,21,18.741366,2.94736404033,-221.732938391,0
1710,001710.png,center,ok,from_left_right,,,,,21,,,,
1711,001711.png,left,ok,tracking,1967,0.433333,1967,1967,21,164.461154,-3.59641316211,979.294257536,0
1711,001711.png,right,ok,tracking,2109,0.550000,2109,2109,21,18.788320,2.93944476741,-220.610271102,0
1711,001711.png,center,ok,from_left_right,,,,,21,,,,
1712,001712.png,left,ok,tracking,1969,0.433333,1969,1969,21,164.482111,-3.60151653165,980.251856128,0
1712,001712.png,right,ok,tracking,2117,0.550000,2117,2117,21,18.836150,2.93141673004,-219.060607999,0
1712,001712.png,center,ok,from_left_right,,,,,21,,,,
1713,001713.png,left,ok,tracking,1976,0.433333,1976,1976,21,164.494699,-3.60458838755,982.314172062,0
1713,001713.png,right,ok,tracking,2112,0.555556,2112,2112,20,18.920192,2.91740556892,-216.948389826,0
1713,001713.png,center,ok,from_left_right,,,,,20,,,,
1714,001714.png,left,ok,tracking,1979,0.433333,1979,1979,21,164.599984,-3.63047303103,987.708595938,0
1714,001714.png,right,ok,tracking,2136,0.561111,2136,2136,20,19.119385,2.8846709858,-210.646783035,0
1714,001714.png,center,ok,from_left_right,,,,,20,,,,
1715,001715.png,left,ok,tracking,1965,0.433333,1965,1965,21,164.676782,-3.64957309919,992.209478932,0
1715,001715.png,right,ok,tracking,2118,0.566667,2118,2118,20,19.223786,2.86777500048,-208.525954794,0
1715,001715.png,center,ok,from_left_right,,,,,20,,,,
1716,001716.png,left,ok,tracking,1967,0.433333,1967,1967,21,164.640924,-3.64063176972,989.611758148,0
1716,001716.png,right,ok,tracking,2105,0.561111,2105,2105,20,19.225502,2.86749871769,-207.137402856,0
1716,001716.png,center,ok,from_left_right,,,,,20,,,,
1717,001717.png,left,ok,tracking,1991,0.438889,1991,1991,21,164.538442,-3.61530098492,986.089594346,0
1717,001717.png,right,ok,tracking,2103,0.561111,2103,2103,20,19.178009,2.87516157726,-209.086258727,0
1717,001717.png,center,ok,from_left_right,,,,,20,,,,
1718,001718.png,left,ok,tracking,1957,0.433333,1957,1957,21,164.594338,-3.6290763245,987.838683433,0
1718,001718.png,right,ok,tracking,2091,0.561111,2091,2091,20,19.240431,2.86509740359,-206.125811932,0
1718,001718.png,center,ok,from_left_right,,,,,20,,,,
1719,001719.png,left,ok,tracking,1943,0.427778,1943,1943,21,164.682009,-3.65087984537,989.314062148,0
1719,001719.png,right,ok,tracking,2088,0.566667,2088,2088,20,19.419100,2.8366352725,-198.730276733,0
1719,001719.png,center,ok,from_left_right,,,,,20,,,,
1720,001720.png,left,ok,tracking,1945,0.422222,1945,1945,21,164.683674,-3.65129619407,988.758306641,0
1720,001720.png,right,ok,tracking,2100,0.566667,2100,2100,20,19.500137,2.82389137913,-196.34070334,0
1720,001720.png,center,ok,from_left_right,,,,,20,,,,
1721,001721.png,left,ok,tracking,1944,0.427778,1944,1944,21,164.641646,-3.64081139965,986.729136928,0
1721,001721.png,right,ok,tracking,2085,0.566667,2085,2085,20,19.531987,2.81891052736,-194.74100944,0
1721,001721.png,center,ok,from_left_right,,,,,20,,,,
1722,001722.png,left,ok,tracking,1947,0.427778,1947,1947,21,164.526078,-3.61226722687,981.231783562,0
1722,001722.png,right,ok,tracking,2075,0.561111,2075,2075,20,19.510034,2.82234197155,-193.9451195,0
1722,001722.png,center,ok,from_left_right,,,,,20,,,,
1723,001723.png,left,ok,tracking,1957,0.433333,1957,1957,21,164.582724,-3.62620600752,987.108536782,0
1723,001723.png,right,ok,tracking,2087,0.566667,2087,2087,20,19.582304,2.81107331661,-193.598400568,0
1723,001723.png,center,ok,from_left_right,,,,,20,,,,
1724,001724.png,left,ok,tracking,1948,0.433333,1948,1948,21,164.589439,-3.6278650547,985.557137306,0
1724,001724.png,right,ok,tracking,2068,0.566667,2068,2068,21,19.630951,2.80353298147,-190.941805104,0
1724,001724.png,center,ok,from_left_right,,,,,21,,,,
1725,001725.png,left,ok,tracking,1947,0.427778,1947,1947,21,164.733126,-3.66370539755,991.920867533,0
1725,001725.png,right,ok,tracking,2077,0.572222,2077,2077,20,19.818973,2.77472356323,-185.240335222,0
1725,001725.png,center,ok,from_left_right,,,,,20,,,,
1726,001726.png,left,ok,tracking,1965,0.427778,1965,1965,21,164.782759,-3.67623894096,996.705449058,0
1726,001726.png,right,ok,tracking,2103,0.577778,2103,2103,20,19.930070,2.75794623986,-183.140194764,0
1726,001726.png,center,ok,from_left_right,,,,,20,,,,
1727,001727.png,left,ok,tracking,1941,0.422222,1941,1941,21,164.901522,-3.70655622093,1001.41662811,0
1727,001727.png,right,ok,tracking,2087,0.577778,2087,2087,20,20.043850,2.7409487218,-178.367135008,0
1727,001727.png,center,ok,from_left_right,,,,,20,,,,
1728,001728.png,left,ok,tracking,1960,0.422222,1960,1960,21,164.966019,-3.72321673584,1006.22706263,0
1728,001728.png,right,ok,tracking,2100,0.577778,2100,2100,20,20.086904,2.73456500876,-177.720779017,0
1728,001728.png,center,ok,from_left_right,,,,,20,,,,
1729,001729.png,left,ok,tracking,1937,0.416667,1937,1937,21,164.973524,-3.72516452432,1003.11196771,0
1729,001729.png,right,ok,tracking,2065,0.572222,2065,2065,21,20.104423,2.73197485826,-174.566225673,0
1729,001729.png,center,ok,from_left_right,,,,,21,,,,
1730,001730.png,left,ok,tracking,1936,0.422222,1936,1936,21,164.858292,-3.69546683007,996.971827162,0
1730,001730.png,right,ok,tracking,2054,0.572222,2054,2054,20,20.007209,2.746402185,-175.839607331,0
1730,001730.png,center,ok,from_left_right,,,,,20,,,,
1731,001731.png,left,ok,tracking,1944,0.422222,1944,1944,21,164.973384,-3.72512817829,1004.64970672,0
1731,001731.png,right,ok,tracking,2051,0.572222,2051,2051,20,20.100516,2.73255217162,-173.583440862,0
1731,001731.png,center,ok,from_left_right,,,,,20,,,,
1732,001732.png,left,ok,tracking,1940,0.416667,1940,1940,21,164.898464,-3.70576966237,998.644480266,0
1732,001732.png,right,ok,tracking,2058,0.566667,2058,2058,21,20.037618,2.7418747793,-173.267215062,0
1732,001732.png,center,ok,from_left_right,,,,,21,,,,
1733,001733.png,left,ok,tracking,1938,0.416667,1938,1938,21,164.960310,-3.72173635553,1003.01336017,0
1733,001733.png,right,ok,tracking,2049,0.572222,2049,2049,21,20.059962,2.73855668377,-173.481428471,0
1733,001733.png,center,ok,from_left_right,,,,,21,,,,
1734,001734.png,left,ok,tracking,1943,0.422222,1943,1943,21,164.930910,-3.71413019972,1001.46428921,0
1734,001734.png,right,ok,tracking,2064,0.572222,2064,2064,21,20.015597,2.7451520002,-174.651965165,0
1734,001734.png,center,ok,from_left_right,,,,,21,,,,
1735,001735.png,left,ok,tracking,1944,0.416667,1944,1944,21,164.972271,-3.72483909287,1003.68378771,0
1735,001735.png,right,ok,tracking,2048,0.566667,2048,2048,21,20.032818,2.74258859666,-173.029311254,0
1735,001735.png,center,ok,from_left_right,,,,,21,,,,
1736,001736.png,left,ok,tracking,1951,0.422222,1951,1951,21,164.923033,-3.71209729047,1004.2918687,0
1736,001736.png,right,ok,tracking,2047,0.566667,2047,2047,20,19.891443,2.76375909964,-179.029639169,0
1736,001736.png,center,ok,from_left_right,,,,,20,,,,
1737,001737.png,left,rejected_side_geometry,tracking,1914,0.411111,0,0,0,165.044971,-3.74380237755,1005.17592482,6
1737,001737.png,right,ok,tracking,2022,0.561111,2022,2022,21,19.970179,2.75193308784,-171.936841882,0
1737,001737.png,center,not_published,from_left_right,,,,,0,,,,
1738,001738.png,left,insufficient_row_coverage,init,0,0.000000,0,0,0,0.000000,0,0,6
1738,001738.png,right,ok,tracking,2026,0.561111,2026,2026,21,19.945712,2.75559849945,-172.498339076,0
1738,001738.png,center,not_published,from_left_right,,,,,0,,,,
1739,001739.png,left,insufficient_row_coverage,init,0,0.000000,0,0,0,0.000000,0,0,6
1739,001739.png,right,ok,tracking,2010,0.555556,2010,2010,21,19.880839,2.76535865538,-173.494176657,0
1739,001739.png,center,not_published,from_left_right,,,,,0,,,,
1740,001740.png,left,insufficient_row_coverage,init,0,0.000000,0,0,0,0.000000,0,0,6
1740,001740.png,right,ok,tracking,1995,0.555556,1995,1995,21,19.917179,2.75988370227,-171.242505477,0
1740,001740.png,center,not_published,from_left_right,,,,,0,,,,
1741,001741.png,left,insufficient_row_coverage,init,0,0.000000,0,0,0,0.000000,0,0,6
1741,001741.png,right,ok,tracking,2011,0.550000,2011,2011,21,19.759672,2.78375298266,-176.725662548,0
1741,001741.png,center,not_published,from_left_right,,,,,0,,,,
1742,001742.png,left,ok,init,1876,0.405556,1876,1876,21,164.966463,-3.72333193787,996.781143097,0
1742,001742.png,right,ok,tracking,1985,0.538889,1985,1985,21,19.592435,2.80949998227,-180.224527912,0
1742,001742.png,center,ok,from_left_right,,,,,21,,,,
1743,001743.png,left,ok,tracking,1901,0.416667,1901,1901,21,164.850095,-3.69337123814,992.853860099,0
1743,001743.png,right,ok,tracking,2006,0.544444,2006,2006,21,19.559614,2.81460269071,-183.190269865,0
1743,001743.png,center,ok,from_left_right,,,,,21,,,,
1744,001744.png,left,ok,tracking,1883,0.411111,1883,1883,21,164.980423,-3.72695661518,1000.64227351,0
1744,001744.png,right,ok,tracking,2000,0.550000,2000,2000,21,19.657701,2.79940200916,-181.480740817,0
1744,001744.png,center,ok,from_left_right,,,,,21,,,,
1745,001745.png,left,rejected_side_geometry,tracking,1878,0.411111,0,0,0,165.052586,-3.7457991021,1004.05354564,6
1745,001745.png,right,ok,tracking,2002,0.555556,2002,2002,21,19.749283,2.78534033598,-178.184904228,0
1745,001745.png,center,not_published,from_left_right,,,,,0,,,,
1746,001746.png,left,insufficient_row_coverage,init,0,0.000000,0,0,0,0.000000,0,0,6
1746,001746.png,right,ok,tracking,2028,0.555556,2028,2028,21,19.726072,2.78889221265,-181.544959554,0
1746,001746.png,center,not_published,from_left_right,,,,,0,,,,
1747,001747.png,left,insufficient_row_coverage,init,0,0.000000,0,0,0,0.000000,0,0,6
1747,001747.png,right,ok,tracking,2048,0.566667,2048,2048,21,19.875966,2.7660942246,-179.327155653,0
1747,001747.png,center,not_published,from_left_right,,,,,0,,,,
1748,001748.png,left,insufficient_row_coverage,init,0,0.000000,0,0,0,0.000000,0,0,6
1748,001748.png,right,ok,tracking,2056,0.566667,2056,2056,21,19.882006,2.76518246589,-179.202121968,0
1748,001748.png,center,not_published,from_left_right,,,,,0,,,,
1749,001749.png,left,insufficient_row_coverage,init,0,0.000000,0,0,0,0.000000,0,0,6
1749,001749.png,right,ok,tracking,2058,0.572222,2058,2058,21,19.947604,2.75531470666,-178.996571392,0
1749,001749.png,center,not_published,from_left_right,,,,,0,,,,
1750,001750.png,left,insufficient_row_coverage,init,0,0.000000,0,0,0,0.000000,0,0,6
1750,001750.png,right,ok,tracking,2054,0.572222,2054,2054,21,19.970549,2.75187774187,-179.430576629,0
1750,001750.png,center,not_published,from_left_right,,,,,0,,,,
1751,001751.png,left,insufficient_row_coverage,init,0,0.000000,0,0,0,0.000000,0,0,6
1751,001751.png,right,ok,tracking,2060,0.572222,2060,2060,21,20.010853,2.74585898474,-178.210161026,0
1751,001751.png,center,not_published,from_left_right,,,,,0,,,,
1752,001752.png,left,insufficient_row_coverage,init,0,0.000000,0,0,0,0.000000,0,0,6
1752,001752.png,right,ok,tracking,2069,0.577778,2069,2069,21,20.025137,2.74373139954,-178.563165634,0
1752,001752.png,center,not_published,from_left_right,,,,,0,,,,
1753,001753.png,left,insufficient_row_coverage,init,0,0.000000,0,0,0,0.000000,0,0,6
1753,001753.png,right,ok,tracking,2074,0.577778,2074,2074,20,20.045658,2.74068004586,-178.297944876,0
1753,001753.png,center,not_published,from_left_right,,,,,0,,,,
1754,001754.png,left,insufficient_row_coverage,init,0,0.000000,0,0,0,0.000000,0,0,6
1754,001754.png,right,ok,tracking,2081,0.577778,2081,2081,20,20.059433,2.73863508721,-177.914180907,0
1754,001754.png,center,not_published,from_left_right,,,,,0,,,,
1755,001755.png,left,insufficient_row_coverage,init,0,0.000000,0,0,0,0.000000,0,0,6
1755,001755.png,right,ok,tracking,2080,0.577778,2080,2080,20,20.091191,2.73393073619,-176.643413802,0
1755,001755.png,center,not_published,from_left_right,,,,,0,,,,
1756,001756.png,left,insufficient_row_coverage,init,0,0.000000,0,0,0,0.000000,0,0,6
1756,001756.png,right,ok,tracking,2080,0.577778,2080,2080,20,20.073416,2.73656206762,-177.46386361,0
1756,001756.png,center,not_published,from_left_right,,,,,0,,,,
1757,001757.png,left,insufficient_row_coverage,init,0,0.000000,0,0,0,0.000000,0,0,6
1757,001757.png,right,ok,tracking,2076,0.577778,2076,2076,20,20.096729,2.73311184982,-176.489886632,0
1757,001757.png,center,not_published,from_left_right,,,,,0,,,,
1758,001758.png,left,insufficient_row_coverage,init,0,0.000000,0,0,0,0.000000,0,0,6
1758,001758.png,right,ok,tracking,2079,0.577778,2079,2079,20,20.109159,2.73127543029,-176.097906208,0
1758,001758.png,center,not_published,from_left_right,,,,,0,,,,
1759,001759.png,left,insufficient_row_coverage,init,0,0.000000,0,0,0,0.000000,0,0,6
1759,001759.png,right,ok,tracking,2082,0.577778,2082,2082,20,20.108494,2.73137369633,-176.25617405,0
1759,001759.png,center,not_published,from_left_right,,,,,0,,,,
1760,001760.png,left,insufficient_row_coverage,init,0,0.000000,0,0,0,0.000000,0,0,6
1760,001760.png,right,ok,tracking,2086,0.577778,2086,2086,20,20.115131,2.73039400049,-176.061752313,0
1760,001760.png,center,not_published,from_left_right,,,,,0,,,,
1761,001761.png,left,insufficient_row_coverage,init,0,0.000000,0,0,0,0.000000,0,0,6
1761,001761.png,right,ok,tracking,2079,0.577778,2079,2079,20,20.099238,2.73274108041,-176.729395752,0
1761,001761.png,center,not_published,from_left_right,,,,,0,,,,
1762,001762.png,left,insufficient_row_coverage,init,0,0.000000,0,0,0,0.000000,0,0,6
1762,001762.png,right,ok,tracking,2085,0.577778,2085,2085,20,20.103414,2.73212396393,-176.715145621,0
1762,001762.png,center,not_published,from_left_right,,,,,0,,,,
1763,001763.png,left,insufficient_row_coverage,init,0,0.000000,0,0,0,0.000000,0,0,6
1763,001763.png,right,ok,tracking,2078,0.577778,2078,2078,20,20.110614,2.73106063969,-176.445506992,0
1763,001763.png,center,not_published,from_left_right,,,,,0,,,,
1764,001764.png,left,insufficient_row_coverage,init,0,0.000000,0,0,0,0.000000,0,0,6
1764,001764.png,right,ok,tracking,2078,0.577778,2078,2078,20,20.113780,2.73059335161,-176.341040012,0
1764,001764.png,center,not_published,from_left_right,,,,,0,,,,
1765,001765.png,left,insufficient_row_coverage,init,0,0.000000,0,0,0,0.000000,0,0,6
1765,001765.png,right,ok,tracking,2080,0.577778,2080,2080,20,20.124974,2.72894219238,-175.939456452,0
1765,001765.png,center,not_published,from_left_right,,,,,0,,,,
1766,001766.png,left,insufficient_row_coverage,init,0,0.000000,0,0,0,0.000000,0,0,6
1766,001766.png,right,ok,tracking,2088,0.577778,2088,2088,20,20.117555,2.7300362508,-176.260636264,0
1766,001766.png,center,not_published,from_left_right,,,,,0,,,,
1767,001767.png,left,insufficient_row_coverage,init,0,0.000000,0,0,0,0.000000,0,0,6
1767,001767.png,right,ok,tracking,2080,0.577778,2080,2080,20,20.117868,2.72999014821,-176.250097605,0
1767,001767.png,center,not_published,from_left_right,,,,,0,,,,
1768,001768.png,left,insufficient_row_coverage,init,0,0.000000,0,0,0,0.000000,0,0,6
1768,001768.png,right,ok,tracking,2091,0.577778,2091,2091,20,20.111879,2.73087398719,-176.502287269,0
1768,001768.png,center,not_published,from_left_right,,,,,0,,,,
1769,001769.png,left,insufficient_row_coverage,init,0,0.000000,0,0,0,0.000000,0,0,6
1769,001769.png,right,ok,tracking,2093,0.577778,2093,2093,20,20.107165,2.73156992857,-176.62457571,0
1769,001769.png,center,not_published,from_left_right,,,,,0,,,,
1770,001770.png,left,insufficient_row_coverage,init,0,0.000000,0,0,0,0.000000,0,0,6
1770,001770.png,right,ok,tracking,2081,0.577778,2081,2081,20,20.119249,2.72978638103,-176.194457762,0
1770,001770.png,center,not_published,from_left_right,,,,,0,,,,
1771,001771.png,left,insufficient_row_coverage,init,0,0.000000,0,0,0,0.000000,0,0,6
1771,001771.png,right,ok,tracking,2090,0.577778,2090,2090,20,20.120532,2.72959714529,-176.2401569,0
1771,001771.png,center,not_published,from_left_right,,,,,0,,,,
1772,001772.png,left,insufficient_row_coverage,init,0,0.000000,0,0,0,0.000000,0,0,6
1772,001772.png,right,ok,tracking,2082,0.577778,2082,2082,20,20.115452,2.73034658722,-176.346985166,0
1772,001772.png,center,not_published,from_left_right,,,,,0,,,,
1773,001773.png,left,insufficient_row_coverage,init,0,0.000000,0,0,0,0.000000,0,0,6
1773,001773.png,right,ok,tracking,2084,0.577778,2084,2084,20,20.114558,2.73047844834,-176.419657841,0
1773,001773.png,center,not_published,from_left_right,,,,,0,,,,
1774,001774.png,left,insufficient_row_coverage,init,0,0.000000,0,0,0,0.000000,0,0,6
1774,001774.png,right,ok,tracking,2084,0.577778,2084,2084,20,20.117052,2.73011056583,-176.358441213,0
1774,001774.png,center,not_published,from_left_right,,,,,0,,,,
1775,001775.png,left,insufficient_row_coverage,init,0,0.000000,0,0,0,0.000000,0,0,6
1775,001775.png,right,ok,tracking,2094,0.577778,2094,2094,20,20.115719,2.73030714751,-176.467102107,0
1775,001775.png,center,not_published,from_left_right,,,,,0,,,,
1776,001776.png,left,insufficient_row_coverage,init,0,0.000000,0,0,0,0.000000,0,0,6
1776,001776.png,right,ok,tracking,2087,0.577778,2087,2087,20,20.125415,2.72887704531,-176.067859512,0
1776,001776.png,center,not_published,from_left_right,,,,,0,,,,
1777,001777.png,left,insufficient_row_coverage,init,0,0.000000,0,0,0,0.000000,0,0,6
1777,001777.png,right,ok,tracking,2090,0.577778,2090,2090,20,20.111770,2.73089004188,-176.551129446,0
1777,001777.png,center,not_published,from_left_right,,,,,0,,,,
1778,001778.png,left,insufficient_row_coverage,init,0,0.000000,0,0,0,0.000000,0,0,6
1778,001778.png,right,ok,tracking,2090,0.577778,2090,2090,20,20.109969,2.73115585216,-176.508411801,0
1778,001778.png,center,not_published,from_left_right,,,,,0,,,,
1779,001779.png,left,insufficient_row_coverage,init,0,0.000000,0,0,0,0.000000,0,0,6
1779,001779.png,right,ok,tracking,2084,0.577778,2084,2084,20,20.115230,2.73037941281,-176.376062189,0
1779,001779.png,center,not_published,from_left_right,,,,,0,,,,
1780,001780.png,left,insufficient_row_coverage,init,0,0.000000,0,0,0,0.000000,0,0,6
1780,001780.png,right,ok,tracking,2082,0.577778,2082,2082,20,20.120602,2.72958675328,-176.179713435,0
1780,001780.png,center,not_published,from_left_right,,,,,0,,,,
1781,001781.png,left,insufficient_row_coverage,init,0,0.000000,0,0,0,0.000000,0,0,6
1781,001781.png,right,ok,tracking,2079,0.577778,2079,2079,20,20.119320,2.72977590115,-176.211704985,0
1781,001781.png,center,not_published,from_left_right,,,,,0,,,,
1782,001782.png,left,insufficient_row_coverage,init,0,0.000000,0,0,0,0.000000,0,0,6
1782,001782.png,right,ok,tracking,2083,0.577778,2083,2083,20,20.112381,2.73079987144,-176.494758356,0
1782,001782.png,center,not_published,from_left_right,,,,,0,,,,
1783,001783.png,left,insufficient_row_coverage,init,0,0.000000,0,0,0,0.000000,0,0,6
1783,001783.png,right,ok,tracking,2080,0.577778,2080,2080,20,20.114869,2.73043264384,-176.418031977,0
1783,001783.png,center,not_published,from_left_right,,,,,0,,,,
1784,001784.png,left,insufficient_row_coverage,init,0,0.000000,0,0,0,0.000000,0,0,6
1784,001784.png,right,ok,tracking,2080,0.577778,2080,2080,20,20.118788,2.7298544388,-176.332453601,0
1784,001784.png,center,not_published,from_left_right,,,,,0,,,,
1785,001785.png,left,insufficient_row_coverage,init,0,0.000000,0,0,0,0.000000,0,0,6
1785,001785.png,right,ok,tracking,2086,0.577778,2086,2086,20,20.116912,2.73013119391,-176.42371315,0
1785,001785.png,center,not_published,from_left_right,,,,,0,,,,
1786,001786.png,left,insufficient_row_coverage,init,0,0.000000,0,0,0,0.000000,0,0,6
1786,001786.png,right,ok,tracking,2089,0.577778,2089,2089,20,20.115531,2.73033488525,-176.43908949,0
1786,001786.png,center,not_published,from_left_right,,,,,0,,,,
1787,001787.png,left,insufficient_row_coverage,init,0,0.000000,0,0,0,0.000000,0,0,6
1787,001787.png,right,ok,tracking,2078,0.577778,2078,2078,20,20.111018,2.73100104514,-176.629263423,0
1787,001787.png,center,not_published,from_left_right,,,,,0,,,,
1788,001788.png,left,insufficient_row_coverage,init,0,0.000000,0,0,0,0.000000,0,0,6
1788,001788.png,right,ok,tracking,2088,0.577778,2088,2088,20,20.117359,2.7300652778,-176.307495476,0
1788,001788.png,center,not_published,from_left_right,,,,,0,,,,
1789,001789.png,left,insufficient_row_coverage,init,0,0.000000,0,0,0,0.000000,0,0,6
1789,001789.png,right,ok,tracking,2084,0.577778,2084,2084,20,20.120771,2.72956194606,-176.182246503,0
1789,001789.png,center,not_published,from_left_right,,,,,0,,,,
1790,001790.png,left,insufficient_row_coverage,init,0,0.000000,0,0,0,0.000000,0,0,6
1790,001790.png,right,ok,tracking,2079,0.577778,2079,2079,20,20.102537,2.73225355358,-176.853778071,0
1790,001790.png,center,not_published,from_left_right,,,,,0,,,,
1791,001791.png,left,insufficient_row_coverage,init,0,0.000000,0,0,0,0.000000,0,0,6
1791,001791.png,right,ok,tracking,2088,0.577778,2088,2088,20,20.097403,2.73301219552,-177.156295572,0
1791,001791.png,center,not_published,from_left_right,,,,,0,,,,
1792,001792.png,left,insufficient_row_coverage,init,0,0.000000,0,0,0,0.000000,0,0,6
1792,001792.png,right,ok,tracking,2095,0.577778,2095,2095,20,20.117123,2.73010005038,-176.320465516,0
1792,001792.png,center,not_published,from_left_right,,,,,0,,,,
1793,001793.png,left,insufficient_row_coverage,init,0,0.000000,0,0,0,0.000000,0,0,6
1793,001793.png,right,ok,tracking,2083,0.577778,2083,2083,20,20.118679,2.72987053437,-176.274855024,0
1793,001793.png,center,not_published,from_left_right,,,,,0,,,,
1794,001794.png,left,insufficient_row_coverage,init,0,0.000000,0,0,0,0.000000,0,0,6
1794,001794.png,right,ok,tracking,2087,0.577778,2087,2087,20,20.120889,2.72954454355,-176.202302904,0
1794,001794.png,center,not_published,from_left_right,,,,,0,,,,
1795,001795.png,left,insufficient_row_coverage,init,0,0.000000,0,0,0,0.000000,0,0,6
1795,001795.png,right,ok,tracking,2083,0.577778,2083,2083,20,20.122172,2.72935525356,-176.185377281,0
1795,001795.png,center,not_published,from_left_right,,,,,0,,,,
1796,001796.png,left,insufficient_row_coverage,init,0,0.000000,0,0,0,0.000000,0,0,6
1796,001796.png,right,ok,tracking,2089,0.577778,2089,2089,20,20.114668,2.73046229131,-176.461524977,0
1796,001796.png,center,not_published,from_left_right,,,,,0,,,,
1797,001797.png,left,insufficient_row_coverage,init,0,0.000000,0,0,0,0.000000,0,0,6
1797,001797.png,right,ok,tracking,2080,0.577778,2080,2080,20,20.122542,2.72930075065,-176.128375418,0
1797,001797.png,center,not_published,from_left_right,,,,,0,,,,
1798,001798.png,left,insufficient_row_coverage,init,0,0.000000,0,0,0,0.000000,0,0,6
1798,001798.png,right,ok,tracking,2080,0.577778,2080,2080,20,20.112352,2.73080415685,-176.509577995,0
1798,001798.png,center,not_published,from_left_right,,,,,0,,,,
1799,001799.png,left,insufficient_row_coverage,init,0,0.000000,0,0,0,0.000000,0,0,6
1799,001799.png,right,ok,tracking,2086,0.577778,2086,2086,20,20.123138,2.72921279801,-176.145678961,0
1799,001799.png,center,not_published,from_left_right,,,,,0,,,,
1800,001800.png,left,insufficient_row_coverage,init,0,0.000000,0,0,0,0.000000,0,0,6
1800,001800.png,right,ok,tracking,2073,0.577778,2073,2073,20,20.110259,2.731113095,-176.54334734,0
1800,001800.png,center,not_published,from_left_right,,,,,0,,,,
1801,001801.png,left,insufficient_row_coverage,init,0,0.000000,0,0,0,0.000000,0,0,6
1801,001801.png,right,ok,tracking,2091,0.577778,2091,2091,20,20.096474,2.73314959193,-177.155612333,0
1801,001801.png,center,not_published,from_left_right,,,,,0,,,,
1802,001802.png,left,insufficient_row_coverage,init,0,0.000000,0,0,0,0.000000,0,0,6
1802,001802.png,right,ok,tracking,2084,0.577778,2084,2084,20,20.127334,2.72859417218,-175.922985718,0
1802,001802.png,center,not_published,from_left_right,,,,,0,,,,
1803,001803.png,left,insufficient_row_coverage,init,0,0.000000,0,0,0,0.000000,0,0,6
1803,001803.png,right,ok,tracking,2088,0.577778,2088,2088,20,20.110250,2.73111435947,-176.675479194,0
1803,001803.png,center,not_published,from_left_right,,,,,0,,,,
1804,001804.png,left,insufficient_row_coverage,init,0,0.000000,0,0,0,0.000000,0,0,6
1804,001804.png,right,ok,tracking,2087,0.577778,2087,2087,20,20.114736,2.73045221021,-176.408226908,0
1804,001804.png,center,not_published,from_left_right,,,,,0,,,,
1805,001805.png,left,insufficient_row_coverage,init,0,0.000000,0,0,0,0.000000,0,0,6
1805,001805.png,right,ok,tracking,2089,0.577778,2089,2089,20,20.122210,2.72934971002,-176.194461772,0
1805,001805.png,center,not_published,from_left_right,,,,,0,,,,
1806,001806.png,left,insufficient_row_coverage,init,0,0.000000,0,0,0,0.000000,0,0,6
1806,001806.png,right,ok,tracking,2089,0.577778,2089,2089,20,20.104886,2.73190649107,-176.90761305,0
1806,001806.png,center,not_published,from_left_right,,,,,0,,,,
1807,001807.png,left,insufficient_row_coverage,init,0,0.000000,0,0,0,0.000000,0,0,6
1807,001807.png,right,ok,tracking,2080,0.577778,2080,2080,20,20.123238,2.72919812768,-176.121678705,0
1807,001807.png,center,not_published,from_left_right,,,,,0,,,,
1808,001808.png,left,insufficient_row_coverage,init,0,0.000000,0,0,0,0.000000,0,0,6
1808,001808.png,right,ok,tracking,2088,0.583333,2088,2088,20,20.115257,2.73037541589,-176.502746677,0
1808,001808.png,center,not_published,from_left_right,,,,,0,,,,
