frame_index,file,side,status,roi_mode,pixels,row_coverage_ratio,vehicle_points_before_crop,vehicle_points_after_crop,fitted_lane_points,angle_deg,line_a,line_b,vehicle_x_min,vehicle_x_max,vehicle_y_min,vehicle_y_max,lost_count
0,000000.png,left,insufficient_row_coverage,init,5,0.011561,0,0,0,0.000000,0,0,,,,,1
0,000000.png,right,ok,init,2808,0.664740,2808,2808,25,22.902318,2.36706438134,-81.2511595825,0.351496,0.453922,-1.170087,-0.596869,0
0,000000.png,center,not_published,from_left_right,,,0,,,,
1,000001.png,left,ok,init,4722,0.497110,4722,4722,25,153.824065,-2.03442490106,582.701035842,0.205099,0.339059,-0.557700,-0.371490,0
1,000001.png,right,ok,tracking,2596,0.664740,2596,2596,25,21.250305,2.57145519421,-134.718615403,0.351496,0.453922,-1.170087,-0.596869,0
1,000001.png,center,ok,from_left_right,,,25,,,,
2,000002.png,left,ok,tracking,1256,0.127168,1256,1256,25,166.966881,-4.32008159039,1022.06457716,0.263789,0.317378,-0.511274,-0.424509,0
2,000002.png,right,ok,tracking,2530,0.664740,2530,2530,25,20.808133,2.63139340245,-150.485785888,0.351496,0.453922,-1.170087,-0.596869,0
2,000002.png,center,ok,from_left_right,,,25,,,,
3,000003.png,left,rejected_side_geometry,tracking,1579,0.150289,0,0,0,170.467501,-5.95501219652,1338.29449418,,,,,6
3,000003.png,right,ok,tracking,2493,0.664740,2493,2493,25,20.644708,2.65416666808,-156.427865024,0.351496,0.453922,-1.170087,-0.596869,0
3,000003.png,center,not_published,from_left_right,,,0,,,,
4,000004.png,left,ok,init,4661,0.497110,4661,4661,25,153.955976,-2.04631173967,585.687023325,0.205099,0.339059,-0.557700,-0.371490,0
4,000004.png,right,ok,tracking,2471,0.658960,2471,2471,25,20.561217,2.66593469746,-159.301737409,0.351496,0.453922,-1.170087,-0.596869,0
4,000004.png,center,ok,from_left_right,,,25,,,,
5,000005.png,left,ok,tracking,1263,0.127168,1263,1263,25,166.654018,-4.21518464966,1002.11307616,0.264030,0.317737,-0.512041,-0.425057,0
5,000005.png,right,ok,tracking,2472,0.664740,2472,2472,25,20.505532,2.67383445229,-161.483727065,0.351496,0.453922,-1.170087,-0.596869,0
5,000005.png,center,ok,from_left_right,,,25,,,,
6,000006.png,left,rejected_side_geometry,tracking,1608,0.150289,0,0,0,170.323905,-5.86497361946,1320.42984252,,,,,6
6,000006.png,right,ok,tracking,2469,0.664740,2469,2469,25,20.526403,2.67086876905,-160.761357384,0.351496,0.453922,-1.170087,-0.596869,0
6,000006.png,center,not_published,from_left_right,,,0,,,,
7,000007.png,left,ok,init,4658,0.491329,4658,4658,25,153.729326,-2.02595617028,580.875402414,0.205652,0.338640,-0.557700,-0.371490,0
7,000007.png,right,ok,tracking,2468,0.664740,2468,2468,25,20.518403,2.6720049265,-161.023847825,0.351496,0.453922,-1.170087,-0.596869,0
7,000007.png,center,ok,from_left_right,,,25,,,,
8,000008.png,left,ok,tracking,1278,0.127168,1278,1278,25,166.273725,-4.09400468873,977.372153063,0.263789,0.317378,-0.511274,-0.424509,0
8,000008.png,right,ok,tracking,2480,0.664740,2480,2480,25,20.513153,2.67275085209,-161.166241385,0.351496,0.453922,-1.170087,-0.596869,0
8,000008.png,center,ok,from_left_right,,,25,,,,
9,000009.png,left,rejected_side_geometry,tracking,1593,0.150289,0,0,0,170.117449,-5.74006241198,1295.04939474,,,,,6
9,000009.png,right,ok,tracking,2482,0.664740,2482,2482,25,20.534821,2.66967431257,-160.318618999,0.351496,0.453922,-1.170087,-0.596869,0
9,000009.png,center,not_published,from_left_right,,,0,,,,
10,000010.png,left,ok,init,4574,0.491329,4574,4574,25,153.907870,-2.04196386505,584.989341328,0.205652,0.338262,-0.557700,-0.371490,0
10,000010.png,right,ok,tracking,2465,0.664740,2465,2465,25,20.498945,2.6747716635,-161.790674901,0.351496,0.453922,-1.170087,-0.596869,0
10,000010.png,center,ok,from_left_right,,,25,,,,
11,000011.png,left,ok,tracking,1240,0.127168,1240,1240,25,166.640451,-4.21074527554,1001.82941298,0.264030,0.317737,-0.512041,-0.425057,0
11,000011.png,right,ok,tracking,2479,0.664740,2479,2479,25,20.518133,2.67204323069,-161.086599011,0.351496,0.453922,-1.170087,-0.596869,0
11,000011.png,center,ok,from_left_right,,,25,,,,
12,000012.png,left,rejected_side_geometry,tracking,1561,0.150289,0,0,0,170.373995,-5.89607944402,1327.72314608,,,,,6
12,000012.png,right,ok,tracking,2474,0.664740,2474,2474,25,20.535364,2.66959723996,-160.321094904,0.351496,0.453922,-1.170087,-0.596869,0
12,000012.png,center,not_published,from_left_right,,,0,,,,
13,000013.png,left,ok,init,4683,0.491329,4683,4683,25,153.909687,-2.04212779593,584.717953144,0.205652,0.338640,-0.557700,-0.371490,0
13,000013.png,right,ok,tracking,2466,0.664740,2466,2466,25,20.511077,2.67304594142,-161.23556022,0.351496,0.453922,-1.170087,-0.596869,0
13,000013.png,center,ok,from_left_right,,,25,,,,
14,000014.png,left,ok,tracking,1235,0.127168,1235,1235,25,166.883237,-4.29155596652,1017.19059314,0.264030,0.317378,-0.511274,-0.425057,0
14,000014.png,right,ok,tracking,2457,0.664740,2457,2457,25,20.490956,2.67590902545,-162.001251377,0.351496,0.453922,-1.170087,-0.596869,0
14,000014.png,center,ok,from_left_right,,,25,,,,
15,000015.png,left,rejected_side_geometry,tracking,1580,0.150289,0,0,0,170.368480,-5.89263903789,1325.92131037,,,,,6
15,000015.png,right,ok,tracking,2466,0.664740,2466,2466,25,20.510046,2.67319258988,-161.24309704,0.351496,0.453922,-1.170087,-0.596869,0
15,000015.png,center,not_published,from_left_right,,,0,,,,
16,000016.png,left,ok,init,4712,0.497110,4712,4712,25,153.877229,-2.03920225883,583.886767893,0.205099,0.338640,-0.557700,-0.371490,0
16,000016.png,right,ok,tracking,2477,0.664740,2477,2477,25,20.536562,2.6694273004,-160.325360425,0.351496,0.453922,-1.170087,-0.596869,0
16,000016.png,center,ok,from_left_right,,,25,,,,
17,000017.png,left,ok,tracking,1232,0.127168,1232,1232,25,166.881343,-4.2909140324,1017.17946127,0.263789,0.317378,-0.511274,-0.424509,0
17,000017.png,right,ok,tracking,2463,0.664740,2463,2463,25,20.537187,2.66933862384,-160.315173787,0.351496,0.453922,-1.170087,-0.596869,0
17,000017.png,center,ok,from_left_right,,,25,,,,
18,000018.png,left,rejected_side_geometry,tracking,1621,0.150289,0,0,0,170.232308,-5.80890950137,1308.98402103,,,,,6
18,000018.png,right,ok,tracking,2461,0.664740,2461,2461,25,20.505190,2.67388313795,-161.428305423,0.351496,0.453922,-1.170087,-0.596869,0
18,000018.png,center,not_published,from_left_right,,,0,,,,
19,000019.png,left,ok,init,4713,0.491329,4713,4713,25,153.821461,-2.03419136356,582.683990811,0.205652,0.338640,-0.557700,-0.371490,0
19,000019.png,right,ok,tracking,2471,0.664740,2471,2471,25,20.523148,2.67133094579,-160.776134416,0.351496,0.453922,-1.170087,-0.596869,0
19,000019.png,center,ok,from_left_right,,,25,,,,
20,000020.png,left,ok,tracking,1257,0.127168,1257,1257,25,166.498561,-4.16483888584,991.503544479,0.263789,0.317378,-0.511274,-0.424509,0
20,000020.png,right,ok,tracking,2475,0.664740,2475,2475,25,20.529815,2.67038453508,-160.54811784,0.351496,0.453922,-1.170087,-0.596869,0
20,000020.png,center,ok,from_left_right,,,25,,,,
21,000021.png,left,rejected_side_geometry,tracking,1607,0.150289,0,0,0,170.137592,-5.75202132886,1297.52819364,,,,,6
21,000021.png,right,ok,tracking,2475,0.664740,2475,2475,25,20.529052,2.67049282384,-160.602562062,0.351496,0.453922,-1.170087,-0.596869,0
21,000021.png,center,not_published,from_left_right,,,0,,,,
22,000022.png,left,ok,init,4708,0.497110,4708,4708,25,153.800287,-2.03229404007,582.257472144,0.205099,0.338640,-0.557700,-0.371490,0
22,000022.png,right,ok,tracking,2492,0.664740,2492,2492,25,20.551977,2.66724268847,-159.697765817,0.351496,0.453922,-1.170087,-0.596869,0
22,000022.png,center,ok,from_left_right,,,25,,,,
23,000023.png,left,ok,tracking,1249,0.127168,1249,1249,25,166.783687,-4.25806827321,1010.02748943,0.263789,0.317378,-0.511274,-0.424509,0
23,000023.png,right,ok,tracking,2479,0.664740,2479,2479,25,20.545145,2.66821055436,-159.931804677,0.351496,0.453922,-1.170087,-0.596869,0
23,000023.png,center,ok,from_left_right,,,25,,,,
24,000024.png,left,rejected_side_geometry,tracking,1589,0.150289,0,0,0,170.310184,-5.85650851935,1318.57318208,,,,,6
24,000024.png,right,ok,tracking,2478,0.664740,2478,2478,25,20.543683,2.66841767135,-160.093706641,0.351496,0.453922,-1.170087,-0.596869,0
24,000024.png,center,not_published,from_left_right,,,0,,,,
25,000025.png,left,ok,init,4559,0.497110,4559,4559,25,153.846602,-2.03644791927,583.379689317,0.205099,0.338640,-0.557700,-0.371490,0
25,000025.png,right,ok,tracking,2460,0.664740,2460,2460,25,20.493370,2.67556532625,-161.907103515,0.351496,0.453922,-1.170087,-0.596869,0
25,000025.png,center,ok,from_left_right,,,25,,,,
26,000026.png,left,ok,tracking,1257,0.127168,1257,1257,25,166.675567,-4.22225454777,1003.22074421,0.264030,0.317378,-0.511274,-0.425057,0
26,000026.png,right,ok,tracking,2460,0.664740,2460,2460,25,20.517403,2.67214691769,-161.040577148,0.351496,0.453922,-1.170087,-0.596869,0
26,000026.png,center,ok,from_left_right,,,25,,,,
27,000027.png,left,rejected_side_geometry,tracking,1601,0.150289,0,0,0,170.292585,-5.84568547078,1316.57110152,,,,,6
27,000027.png,right,ok,tracking,2450,0.664740,2450,2450,25,20.486821,2.67649816482,-162.195109496,0.351496,0.453922,-1.170087,-0.596869,0
27,000027.png,center,not_published,from_left_right,,,0,,,,
28,000028.png,left,ok,init,4704,0.491329,4704,4704,25,153.818318,-2.03390960233,582.682872111,0.205652,0.338640,-0.557700,-0.371490,0
28,000028.png,right,ok,tracking,2459,0.664740,2459,2459,25,20.516500,2.67227520447,-161.094461373,0.351496,0.453922,-1.170087,-0.596869,0
28,000028.png,center,ok,from_left_right,,,25,,,,
29,000029.png,left,ok,tracking,1256,0.127168,1256,1256,25,166.727578,-4.23941121165,1006.70020221,0.263789,0.317378,-0.511274,-0.424509,0
29,000029.png,right,ok,tracking,2469,0.664740,2469,2469,25,20.528787,2.67053038202,-160.544325981,0.351496,0.453922,-1.170087,-0.596869,0
29,000029.png,center,ok,from_left_right,,,25,,,,
30,000030.png,left,rejected_side_geometry,tracking,1610,0.150289,0,0,0,170.272638,-5.83346557751,1313.99281876,,,,,6
30,000030.png,right,ok,tracking,2477,0.664740,2477,2477,25,20.548887,2.66768035135,-159.865482342,0.351496,0.453922,-1.170087,-0.596869,0
30,000030.png,center,not_published,from_left_right,,,0,,,,
31,000031.png,left,ok,init,4695,0.491329,4695,4695,25,153.794755,-2.03179884191,582.148610696,0.205652,0.338640,-0.557700,-0.371490,0
31,000031.png,right,ok,tracking,2478,0.664740,2478,2478,25,20.561098,2.66595149056,-159.404446684,0.351496,0.453922,-1.170087,-0.596869,0
31,000031.png,center,ok,from_left_right,,,25,,,,
32,000032.png,left,ok,tracking,1253,0.127168,1253,1253,25,166.898354,-4.2966846692,1017.72527239,0.263789,0.317378,-0.511274,-0.424509,0
32,000032.png,right,ok,tracking,2464,0.664740,2464,2464,25,20.540935,2.66880720562,-160.158585996,0.351496,0.453922,-1.170087,-0.596869,0
32,000032.png,center,ok,from_left_right,,,25,,,,
33,000033.png,left,rejected_side_geometry,tracking,1540,0.150289,0,0,0,170.795930,-6.1714090569,1382.073771,,,,,6
33,000033.png,right,ok,tracking,2453,0.664740,2453,2453,25,20.484855,2.67677823922,-162.144609051,0.351496,0.453922,-1.170087,-0.596869,0
33,000033.png,center,not_published,from_left_right,,,0,,,,
34,000034.png,left,ok,init,4657,0.497110,4657,4657,25,153.646151,-2.01856779866,578.969515712,0.205099,0.338640,-0.557700,-0.371490,0
34,000034.png,right,ok,tracking,2460,0.664740,2460,2460,25,20.488636,2.67623946441,-162.122408529,0.351496,0.453922,-1.170087,-0.596869,0
34,000034.png,center,ok,from_left_right,,,25,,,,
35,000035.png,left,ok,tracking,1286,0.127168,1286,1286,25,166.494842,-4.16364839159,990.685634164,0.263789,0.317021,-0.510509,-0.424509,0
35,000035.png,right,ok,tracking,2466,0.664740,2466,2466,25,20.513542,2.67269562872,-161.217667787,0.351496,0.453922,-1.170087,-0.596869,0
35,000035.png,center,ok,from_left_right,,,25,,,,
36,000036.png,left,rejected_side_geometry,tracking,1619,0.150289,0,0,0,170.057349,-5.70466584228,1288.07523967,,,,,6
36,000036.png,right,ok,tracking,2458,0.664740,2458,2458,25,20.517751,2.67209752507,-161.021272395,0.351496,0.453922,-1.170087,-0.596869,0
36,000036.png,center,not_published,from_left_right,,,0,,,,
37,000037.png,left,ok,init,4684,0.491329,4684,4684,25,153.908301,-2.04200274188,584.713976672,0.205652,0.338640,-0.557700,-0.371490,0
37,000037.png,right,ok,tracking,2472,0.664740,2472,2472,25,20.530654,2.67026543678,-160.491696302,0.351496,0.453922,-1.170087,-0.596869,0
37,000037.png,center,ok,from_left_right,,,25,,,,
38,000038.png,left,ok,tracking,1279,0.127168,1279,1279,25,166.873089,-4.28811942723,1015.70561307,0.264030,0.317378,-0.511274,-0.425057,0
38,000038.png,right,ok,tracking,2458,0.664740,2458,2458,25,20.523800,2.67123836793,-160.729327065,0.351496,0.453922,-1.170087,-0.596869,0
38,000038.png,center,ok,from_left_right,,,25,,,,
39,000039.png,left,rejected_side_geometry,tracking,1605,0.150289,0,0,0,170.273316,-5.83388020233,1313.97336382,,,,,6
39,000039.png,right,ok,tracking,2474,0.664740,2474,2474,25,20.536301,2.66946440791,-160.292516118,0.351496,0.453922,-1.170087,-0.596869,0
39,000039.png,center,not_published,from_left_right,,,0,,,,
40,000040.png,left,ok,init,4666,0.491329,4666,4666,25,153.665221,-2.02025798276,579.610982807,0.205652,0.338640,-0.557700,-0.371490,0
40,000040.png,right,ok,tracking,2479,0.664740,2479,2479,25,20.539342,2.66903313775,-160.180492708,0.351496,0.453922,-1.170087,-0.596869,0
40,000040.png,center,ok,from_left_right,,,25,,,,
41,000041.png,left,ok,tracking,1239,0.127168,1239,1239,25,167.149892,-4.38376711398,1035.48571993,0.263789,0.317021,-0.510509,-0.424509,0
41,000041.png,right,ok,tracking,2473,0.664740,2473,2473,25,20.543247,2.66847955951,-160.082698665,0.351496,0.453922,-1.170087,-0.596869,0
41,000041.png,center,ok,from_left_right,,,25,,,,
42,000042.png,left,rejected_side_geometry,tracking,1618,0.150289,0,0,0,170.432435,-5.93277769454,1333.99497227,,,,,6
42,000042.png,right,ok,tracking,2478,0.658960,2478,2478,25,20.527422,2.67072408747,-160.576243591,0.351496,0.453922,-1.170087,-0.596869,0
42,000042.png,center,not_published,from_left_right,,,0,,,,
43,000043.png,left,ok,init,4675,0.497110,4675,4675,25,153.889359,-2.04029478698,584.221920984,0.205099,0.338640,-0.557700,-0.371490,0
43,000043.png,right,ok,tracking,2464,0.658960,2464,2464,25,20.502220,2.67430553653,-161.456645086,0.351496,0.453922,-1.170087,-0.596869,0
43,000043.png,center,ok,from_left_right,,,25,,,,
44,000044.png,left,ok,tracking,1238,0.127168,1238,1238,25,166.941817,-4.31149622047,1021.34363189,0.264030,0.317378,-0.511274,-0.425057,0
44,000044.png,right,ok,tracking,2462,0.664740,2462,2462,25,20.462224,2.68000671805,-163.081334676,0.351496,0.453922,-1.170087,-0.596869,0
44,000044.png,center,ok,from_left_right,,,25,,,,
45,000045.png,left,rejected_side_geometry,tracking,1536,0.150289,0,0,0,170.661554,-6.08104727124,1364.74765982,,,,,6
45,000045.png,right,ok,tracking,2475,0.664740,2475,2475,25,20.496183,2.67516478565,-161.833392426,0.351496,0.453922,-1.170087,-0.596869,0
45,000045.png,center,not_published,from_left_right,,,0,,,,
46,000046.png,left,ok,init,4604,0.491329,4604,4604,25,153.690431,-2.02249582343,579.948472832,0.205652,0.338640,-0.557700,-0.371490,0
46,000046.png,right,ok,tracking,2467,0.664740,2467,2467,25,20.491399,2.67584590359,-162.00434239,0.351496,0.453922,-1.170087,-0.596869,0
46,000046.png,center,ok,from_left_right,,,25,,,,
47,000047.png,left,rejected_side_geometry,tracking,1180,0.127168,0,0,0,167.554349,-4.53104405003,1064.20964865,,,,,6
47,000047.png,right,ok,tracking,2476,0.664740,2476,2476,25,20.521141,2.67161599628,-160.934768479,0.351496,0.453922,-1.170087,-0.596869,0
47,000047.png,center,not_published,from_left_right,,,0,,,,
48,000048.png,left,ok,init,4577,0.491329,4577,4577,25,153.733547,-2.02633226586,580.757671581,0.205652,0.338640,-0.557700,-0.371490,0
48,000048.png,right,ok,tracking,2474,0.664740,2474,2474,25,20.498653,2.67481325097,-161.707249431,0.351496,0.453922,-1.170087,-0.596869,0
48,000048.png,center,ok,from_left_right,,,25,,,,
49,000049.png,left,ok,tracking,1260,0.127168,1260,1260,25,167.431102,-4.48517794782,1054.4950126,0.263789,0.317021,-0.510509,-0.424509,0
49,000049.png,right,ok,tracking,2476,0.664740,2476,2476,25,20.524875,2.6710857174,-160.731527077,0.351496,0.453922,-1.170087,-0.596869,0
49,000049.png,center,ok,from_left_right,,,25,,,,
50,000050.png,left,rejected_side_geometry,tracking,1406,0.150289,0,0,0,171.712316,-6.86508158538,1522.85006402,,,,,6
50,000050.png,right,ok,tracking,2469,0.664740,2469,2469,25,20.537803,2.6692512809,-160.20402469,0.351496,0.453922,-1.170087,-0.596869,0
50,000050.png,center,not_published,from_left_right,,,0,,,,
51,000051.png,left,ok,init,4457,0.497110,4457,4457,25,153.904951,-2.04170049446,584.326416447,0.205099,0.338640,-0.557700,-0.371490,0
51,000051.png,right,ok,tracking,2467,0.664740,2467,2467,25,20.492954,2.67562446111,-161.912331078,0.351496,0.453922,-1.170087,-0.596869,0
51,000051.png,center,ok,from_left_right,,,25,,,,
52,000052.png,left,rejected_side_geometry,tracking,1109,0.127168,0,0,0,169.247185,-5.26573978598,1211.74694854,,,,,6
52,000052.png,right,ok,tracking,2461,0.664740,2461,2461,25,20.511573,2.67297544348,-161.274103013,0.351496,0.453922,-1.170087,-0.596869,0
52,000052.png,center,not_published,from_left_right,,,0,,,,
53,000053.png,left,ok,init,4419,0.497110,4419,4419,25,154.374881,-2.08481488427,594.733901651,0.205099,0.338640,-0.557700,-0.371490,0
53,000053.png,right,ok,tracking,2465,0.664740,2465,2465,25,20.534047,2.66978405865,-160.428881323,0.351496,0.453922,-1.170087,-0.596869,0
53,000053.png,center,ok,from_left_right,,,25,,,,
54,000054.png,left,rejected_side_geometry,tracking,1129,0.127168,0,0,0,168.430362,-4.88476023991,1136.13054726,,,,,6
54,000054.png,right,ok,tracking,2469,0.664740,2469,2469,25,20.541004,2.66879743979,-160.116963597,0.351496,0.453922,-1.170087,-0.596869,0
54,000054.png,center,not_published,from_left_right,,,0,,,,
55,000055.png,left,ok,init,4670,0.491329,4670,4670,25,153.924077,-2.04342698657,585.004137051,0.205652,0.338640,-0.557700,-0.371490,0
55,000055.png,right,ok,tracking,2463,0.664740,2463,2463,25,20.515336,2.67244057525,-161.147191635,0.351496,0.453922,-1.170087,-0.596869,0
55,000055.png,center,ok,from_left_right,,,25,,,,
56,000056.png,left,rejected_side_geometry,tracking,959,0.127168,0,0,0,170.598866,-6.03976853848,1366.51672514,,,,,6
56,000056.png,right,ok,tracking,2470,0.664740,2470,2470,25,20.511437,2.67299485416,-161.186520222,0.351496,0.453922,-1.170087,-0.596869,0
56,000056.png,center,not_published,from_left_right,,,0,,,,
57,000057.png,left,ok,init,4422,0.497110,4422,4422,25,154.460193,-2.09280050382,596.60943438,0.205099,0.338640,-0.557700,-0.371490,0
57,000057.png,right,ok,tracking,2467,0.664740,2467,2467,25,20.497062,2.67503968169,-161.710011282,0.351496,0.453922,-1.170087,-0.596869,0
57,000057.png,center,ok,from_left_right,,,25,,,,
58,000058.png,left,rejected_side_geometry,tracking,999,0.121387,0,0,0,170.517105,-5.98674318995,1357.39040783,,,,,6
58,000058.png,right,ok,tracking,2468,0.664740,2468,2468,25,20.537046,2.66935871728,-160.236449449,0.351496,0.453922,-1.170087,-0.596869,0
58,000058.png,center,not_published,from_left_right,,,0,,,,
59,000059.png,left,ok,init,4598,0.497110,4598,4598,25,154.058575,-2.05563495779,587.85705047,0.205099,0.338640,-0.557700,-0.371490,0
59,000059.png,right,ok,tracking,2469,0.664740,2469,2469,25,20.535593,2.66956479066,-160.189328573,0.351496,0.453922,-1.170087,-0.596869,0
59,000059.png,center,ok,from_left_right,,,25,,,,
60,000060.png,left,rejected_side_geometry,tracking,1047,0.127168,0,0,0,169.017929,-5.15316258054,1189.2065945,,,,,6
60,000060.png,right,ok,tracking,2465,0.664740,2465,2465,25,20.503178,2.67416926197,-161.552884904,0.351496,0.453922,-1.170087,-0.596869,0
60,000060.png,center,not_published,from_left_right,,,0,,,,
61,000061.png,left,ok,init,4492,0.491329,4492,4492,25,153.831272,-2.0350714555,582.917084781,0.205652,0.338640,-0.557700,-0.371490,0
61,000061.png,right,ok,tracking,2456,0.664740,2456,2456,25,20.467439,2.67926219043,-162.840059404,0.351496,0.453922,-1.170087,-0.596869,0
61,000061.png,center,ok,from_left_right,,,25,,,,
62,000062.png,left,ok,tracking,1239,0.127168,1239,1239,25,167.183438,-4.39563463407,1037.08825071,0.263789,0.317378,-0.511274,-0.424509,0
62,000062.png,right,ok,tracking,2461,0.664740,2461,2461,25,20.467231,2.67929189233,-162.86237906,0.351496,0.453922,-1.170087,-0.596869,0
62,000062.png,center,ok,from_left_right,,,25,,,,
63,000063.png,left,rejected_side_geometry,tracking,1529,0.150289,0,0,0,170.858562,-6.21442584907,1390.92620392,,,,,6
63,000063.png,right,ok,tracking,2462,0.664740,2462,2462,25,20.523604,2.67126614339,-160.810839153,0.351496,0.453922,-1.170087,-0.596869,0
63,000063.png,center,not_published,from_left_right,,,0,,,,
64,000064.png,left,insufficient_row_coverage,init,9,0.017341,0,0,0,0.000000,0,0,,,,,7
64,000064.png,right,ok,tracking,2473,0.664740,2473,2473,25,20.526460,2.67086070246,-160.680793097,0.351496,0.453922,-1.170087,-0.596869,0
64,000064.png,center,not_published,from_left_right,,,0,,,,
65,000065.png,left,insufficient_row_coverage,init,6,0.011561,0,0,0,0.000000,0,0,,,,,8
65,000065.png,right,ok,tracking,2455,0.664740,2455,2455,25,20.448950,2.68190368916,-163.56274658,0.351496,0.453922,-1.170087,-0.596869,0
65,000065.png,center,not_published,from_left_right,,,0,,,,
66,000066.png,left,ok,init,4611,0.491329,4611,4611,25,154.125747,-2.06177613894,589.333766632,0.205652,0.338640,-0.557700,-0.371490,0
66,000066.png,right,ok,tracking,2491,0.664740,2491,2491,25,20.535857,2.66952733223,-160.35390673,0.351496,0.453922,-1.170087,-0.596869,0
66,000066.png,center,ok,from_left_right,,,25,,,,
67,000067.png,left,rejected_side_geometry,tracking,1149,0.121387,0,0,0,167.588112,-4.54376537831,1067.84751472,,,,,6
67,000067.png,right,ok,tracking,2473,0.664740,2473,2473,25,20.534166,2.66976722577,-160.37425307,0.351496,0.453922,-1.170087,-0.596869,0
67,000067.png,center,not_published,from_left_right,,,0,,,,
68,000068.png,left,ok,init,4350,0.497110,4350,4350,25,153.828177,-2.03479372234,583.024082224,0.205099,0.334957,-0.551481,-0.371490,0
68,000068.png,right,ok,tracking,2464,0.664740,2464,2464,25,20.537301,2.66932249172,-160.300948456,0.351496,0.453922,-1.170087,-0.596869,0
68,000068.png,center,ok,from_left_right,,,25,,,,
69,000069.png,left,rejected_side_geometry,tracking,1151,0.127168,0,0,0,167.895732,-4.66288868145,1090.86628092,,,,,6
69,000069.png,right,ok,tracking,2448,0.664740,2448,2448,25,20.481203,2.67729873653,-162.339699901,0.351496,0.453922,-1.170087,-0.596869,0
69,000069.png,center,not_published,from_left_right,,,0,,,,
70,000070.png,left,ok,init,4532,0.497110,4532,4532,25,153.851901,-2.03692396887,583.425936523,0.205099,0.338640,-0.557700,-0.371490,0
70,000070.png,right,ok,tracking,2475,0.664740,2475,2475,25,20.520420,2.67171840677,-160.96330158,0.351496,0.453922,-1.170087,-0.596869,0
70,000070.png,center,ok,from_left_right,,,25,,,,
71,000071.png,left,rejected_side_geometry,tracking,974,0.127168,0,0,0,170.763622,-6.14944494137,1388.16698731,,,,,6
71,000071.png,right,ok,tracking,2449,0.664740,2449,2449,25,20.477015,2.67789597424,-162.466040367,0.351496,0.453922,-1.170087,-0.596869,0
71,000071.png,center,not_published,from_left_right,,,0,,,,
72,000072.png,left,ok,init,4634,0.491329,4634,4634,25,153.678235,-2.02141265286,579.73464323,0.205652,0.338640,-0.557700,-0.371490,0
72,000072.png,right,ok,tracking,2458,0.664740,2458,2458,25,20.512477,2.67284691221,-161.24142579,0.351496,0.453922,-1.170087,-0.596869,0
72,000072.png,center,ok,from_left_right,,,25,,,,
73,000073.png,left,ok,tracking,1262,0.127168,1262,1262,25,166.877166,-4.2894992035,1015.54616504,0.263789,0.315931,-0.509747,-0.424509,0
73,000073.png,right,ok,tracking,2473,0.664740,2473,2473,25,20.518254,2.67202596315,-161.054302414,0.351496,0.453922,-1.170087,-0.596869,0
73,000073.png,center,ok,from_left_right,,,25,,,,
74,000074.png,left,rejected_side_geometry,tracking,1491,0.150289,0,0,0,170.706568,-6.11102877294,1369.80792246,,,,,6
74,000074.png,right,ok,tracking,2453,0.664740,2453,2453,25,20.518697,2.67196315392,-160.987357727,0.351496,0.453922,-1.170087,-0.596869,0
74,000074.png,center,not_published,from_left_right,,,0,,,,
75,000075.png,left,ok,init,4607,0.497110,4607,4607,25,153.778700,-2.03036262546,582.00902139,0.205099,0.335745,-0.551481,-0.371490,0
75,000075.png,right,ok,tracking,2485,0.664740,2485,2485,25,20.546330,2.66804264245,-160.485065485,0.351496,0.453922,-1.170087,-0.596869,0
75,000075.png,center,ok,from_left_right,,,25,,,,
76,000076.png,left,rejected_side_geometry,tracking,1156,0.121387,0,0,0,167.532525,-4.52285750656,1062.86255762,,,,,6
76,000076.png,right,ok,tracking,2445,0.664740,2445,2445,25,20.548959,2.66767016884,-160.870095333,0.351496,0.453922,-1.170087,-0.596869,0
76,000076.png,center,not_published,from_left_right,,,0,,,,
77,000077.png,left,ok,init,4606,0.497110,4606,4606,25,154.077939,-2.05740229461,588.758415312,0.205099,0.338640,-0.557700,-0.371490,0
77,000077.png,right,ok,tracking,2485,0.664740,2485,2485,25,20.592058,2.66157709109,-159.934300824,0.351111,0.452744,-1.170087,-0.596869,0
77,000077.png,center,ok,from_left_right,,,25,,,,
78,000078.png,left,rejected_side_geometry,tracking,976,0.127168,0,0,0,170.694578,-6.10301434796,1381.22607226,,,,,6
78,000078.png,right,ok,tracking,2484,0.664740,2484,2484,25,20.570771,2.66458343229,-160.314144947,0.351496,0.453922,-1.170087,-0.596869,0
78,000078.png,center,not_published,from_left_right,,,0,,,,
79,000079.png,left,ok,init,4596,0.497110,4596,4596,25,154.096442,-2.05909325276,589.303276924,0.205099,0.338262,-0.557700,-0.371490,0
79,000079.png,right,ok,tracking,2487,0.670520,2487,2487,25,20.638343,2.65506059578,-158.432220669,0.351111,0.452322,-1.170087,-0.596869,0
79,000079.png,center,ok,from_left_right,,,25,,,,
80,000080.png,left,rejected_side_geometry,tracking,980,0.121387,0,0,0,170.361250,-5.88813433757,1336.8787046,,,,,6
80,000080.png,right,ok,tracking,2476,0.664740,2476,2476,25,20.534518,2.66971724852,-160.25921448,0.351496,0.453922,-1.170087,-0.596869,0
80,000080.png,center,not_published,from_left_right,,,0,,,,
81,000081.png,left,ok,init,4370,0.497110,4370,4370,25,153.696222,-2.02301040541,581.936749317,0.205099,0.336566,-0.554131,-0.371490,0
81,000081.png,right,ok,tracking,2464,0.664740,2464,2464,25,20.582887,2.66287146791,-158.240866983,0.351964,0.453922,-1.170087,-0.596869,0
81,000081.png,center,ok,from_left_right,,,25,,,,
82,000082.png,left,rejected_side_geometry,tracking,1053,0.127168,0,0,0,169.122152,-5.20376078271,1200.93962283,,,,,6
82,000082.png,right,ok,tracking,2450,0.664740,2450,2450,25,20.644134,2.65424716873,-156.731320196,0.352347,0.453922,-1.170087,-0.596869,0
82,000082.png,center,not_published,from_left_right,,,0,,,,
83,000083.png,left,ok,init,4588,0.497110,4588,4588,25,153.958570,-2.04654659469,587.697025303,0.205099,0.339059,-0.557700,-0.371490,0
83,000083.png,right,ok,tracking,2462,0.664740,2462,2462,25,20.726711,2.64269655196,-152.250876475,0.352816,0.453922,-1.170087,-0.596869,0
83,000083.png,center,ok,from_left_right,,,25,,,,
84,000084.png,left,rejected_side_geometry,tracking,1051,0.121387,0,0,0,169.050890,-5.16906179958,1194.44198002,,,,,6
84,000084.png,right,ok,tracking,2448,0.664740,2448,2448,25,20.762022,2.63778420504,-150.643204821,0.353197,0.453922,-1.170087,-0.596869,0
84,000084.png,center,not_published,from_left_right,,,0,,,,
85,000085.png,left,ok,init,4578,0.497110,4578,4578,25,153.867232,-2.03830250414,586.420989266,0.205099,0.339059,-0.557700,-0.371490,0
85,000085.png,right,ok,tracking,2463,0.658960,2463,2463,25,20.748067,2.63972369252,-149.867170402,0.353578,0.454338,-1.170087,-0.596869,0
85,000085.png,center,ok,from_left_right,,,25,,,,
86,000086.png,left,rejected_side_geometry,tracking,1052,0.115607,0,0,0,169.311327,-5.29809154942,1219.84836921,,,,,6
86,000086.png,right,ok,tracking,2454,0.658960,2454,2454,25,20.770790,2.63656693231,-148.899548429,0.353578,0.454338,-1.170087,-0.596869,0
86,000086.png,center,not_published,from_left_right,,,0,,,,
87,000087.png,left,rejected_lane_spacing,init,2226,0.491329,0,0,0,165.154626,-3.77274806837,1011.38618155,,,,,6
87,000087.png,right,ok,tracking,2454,0.658960,2454,2454,25,20.826637,2.62883635431,-146.97434197,0.353578,0.454338,-1.170087,-0.596869,0
87,000087.png,center,not_published,from_left_right,,,0,,,,
88,000088.png,left,rejected_lane_spacing,init,2193,0.485549,0,0,0,165.211655,-3.78796779352,1013.83374275,,,,,6
88,000088.png,right,ok,tracking,2448,0.658960,2448,2448,25,20.849501,2.6256827619,-145.93802144,0.353578,0.454338,-1.170087,-0.596869,0
88,000088.png,center,not_published,from_left_right,,,0,,,,
89,000089.png,left,ok,init,3837,0.485549,3837,3837,25,158.297908,-2.51262193728,697.532244194,0.206205,0.339059,-0.557700,-0.371490,0
89,000089.png,right,ok,tracking,2443,0.664740,2443,2443,25,20.898213,2.61898624244,-144.64546697,0.353578,0.453922,-1.170087,-0.596869,0
89,000089.png,center,ok,from_left_right,,,25,,,,
90,000090.png,left,rejected_side_geometry,tracking,889,0.104046,0,0,0,169.814458,-5.56582438901,1278.59771883,,,,,6
90,000090.png,right,ok,tracking,2505,0.670520,2505,2505,25,21.158479,2.58370583528,-137.282227624,0.353197,0.452744,-1.170087,-0.596869,0
90,000090.png,center,not_published,from_left_right,,,0,,,,
91,000091.png,left,ok,init,4569,0.491329,4569,4569,25,153.817061,-2.03379683035,583.692876472,0.205652,0.339059,-0.557700,-0.371490,0
91,000091.png,right,ok,tracking,2481,0.664740,2481,2481,25,21.088180,2.59315327968,-139.087861537,0.353578,0.453922,-1.170087,-0.596869,0
91,000091.png,center,ok,from_left_right,,,25,,,,
92,000092.png,left,rejected_side_geometry,tracking,997,0.115607,0,0,0,169.883420,-5.60457346,1278.98081005,,,,,6
92,000092.png,right,ok,tracking,2492,0.670520,2492,2492,25,21.269917,2.56885177918,-134.561847555,0.353578,0.452322,-1.170087,-0.596869,0
92,000092.png,center,not_published,from_left_right,,,0,,,,
93,000093.png,left,rejected_lane_spacing,init,2233,0.491329,0,0,0,165.106163,-3.75990377452,1010.84265725,,,,,6
93,000093.png,right,ok,tracking,2516,0.664740,2516,2516,25,21.178959,2.58096472911,-136.589715847,0.353197,0.452744,-1.170087,-0.596869,0
93,000093.png,center,not_published,from_left_right,,,0,,,,
94,000094.png,left,ok,init,4476,0.491329,4476,4476,25,153.917250,-2.04281044861,585.804289195,0.205652,0.339059,-0.557700,-0.371490,0
94,000094.png,right,ok,tracking,2461,0.664740,2461,2461,25,21.118924,2.58901420378,-137.331397242,0.353578,0.453922,-1.170087,-0.596869,0
94,000094.png,center,ok,from_left_right,,,25,,,,
95,000095.png,left,rejected_side_geometry,tracking,953,0.115607,0,0,0,170.406453,-5.91640704148,1340.40080997,,,,,6
95,000095.png,right,ok,tracking,2463,0.664740,2463,2463,25,21.066280,2.59610867007,-138.819139291,0.353578,0.452744,-1.170087,-0.596869,0
95,000095.png,center,not_published,from_left_right,,,0,,,,
96,000096.png,left,ok,init,4552,0.497110,4552,4552,25,153.990340,-2.04942678688,588.567930362,0.205099,0.339059,-0.557700,-0.371490,0
96,000096.png,right,ok,tracking,2468,0.664740,2468,2468,25,21.009863,2.60374924801,-140.046163478,0.353578,0.453922,-1.170087,-0.596869,0
96,000096.png,center,ok,from_left_right,,,25,,,,
97,000097.png,left,rejected_side_geometry,tracking,1131,0.115607,0,0,0,167.677140,-4.57763853638,1075.23690878,,,,,6
97,000097.png,right,ok,tracking,2454,0.664740,2454,2454,25,20.997056,2.60548919082,-139.323282068,0.353578,0.453922,-1.170087,-0.596869,0
97,000097.png,center,not_published,from_left_right,,,0,,,,
98,000098.png,left,ok,init,4508,0.491329,4508,4508,25,153.987986,-2.04921320474,587.935819349,0.205652,0.339059,-0.557700,-0.371490,0
98,000098.png,right,ok,tracking,2451,0.664740,2451,2451,25,21.042054,2.59938481961,-137.864742083,0.353578,0.453922,-1.170087,-0.596869,0
98,000098.png,center,ok,from_left_right,,,25,,,,
99,000099.png,left,ok,tracking,1131,0.109827,1131,1131,25,166.831817,-4.27419657489,1013.88175167,0.268112,0.318096,-0.512810,-0.430048,0
99,000099.png,right,ok,tracking,2448,0.658960,2448,2448,25,21.046409,2.59879536172,-137.688792695,0.353578,0.453922,-1.170087,-0.596869,0
99,000099.png,center,ok,from_left_right,,,25,,,,
100,000100.png,left,rejected_side_geometry,tracking,1449,0.150289,0,0,0,170.637715,-6.06528495231,1360.65938275,,,,,6
100,000100.png,right,ok,tracking,2444,0.658960,2444,2444,25,20.904020,2.61818993075,-141.040791597,0.354048,0.455521,-1.170087,-0.596869,0
100,000100.png,center,not_published,from_left_right,,,0,,,,
101,000101.png,left,ok,init,4704,0.497110,4704,4704,25,153.558972,-2.0108701533,580.948438484,0.205099,0.339059,-0.557700,-0.371490,0
101,000101.png,right,ok,tracking,2477,0.658960,2477,2477,25,20.978310,2.60803958628,-139.503431739,0.353578,0.454338,-1.170087,-0.596869,0
101,000101.png,center,ok,from_left_right,,,25,,,,
102,000102.png,left,ok,tracking,1309,0.127168,1309,1309,25,166.269140,-4.09258388772,980.650043882,0.264513,0.318096,-0.512810,-0.426157,0
102,000102.png,right,ok,tracking,2462,0.658960,2462,2462,25,20.849533,2.62567847461,-142.912106161,0.353578,0.455521,-1.170087,-0.596869,0
102,000102.png,center,ok,from_left_right,,,25,,,,
103,000103.png,left,rejected_side_geometry,tracking,1548,0.156069,0,0,0,170.421087,-5.92561694769,1337.32294494,,,,,6
103,000103.png,right,ok,tracking,2471,0.658960,2471,2471,25,20.961560,2.61032215744,-139.542377085,0.353578,0.455521,-1.170087,-0.596869,0
103,000103.png,center,not_published,from_left_right,,,0,,,,
104,000104.png,left,ok,init,4837,0.502890,4837,4837,25,153.441475,-2.0005696243,580.094078862,0.204546,0.339059,-0.557700,-0.371490,0
104,000104.png,right,ok,tracking,2457,0.658960,2457,2457,25,20.851103,2.62546208809,-143.239294297,0.353578,0.455521,-1.170087,-0.596869,0
104,000104.png,center,ok,from_left_right,,,25,,,,
105,000105.png,left,ok,tracking,1152,0.121387,1152,1152,25,166.688602,-4.22654201715,1009.30691739,0.266115,0.318456,-0.513581,-0.428372,0
105,000105.png,right,ok,tracking,2455,0.653179,2455,2455,25,20.833993,2.62782099569,-142.540028939,0.353578,0.455933,-1.170087,-0.596869,0
105,000105.png,center,ok,from_left_right,,,25,,,,
106,000106.png,left,rejected_side_geometry,tracking,1481,0.150289,0,0,0,170.476186,-5.96054456339,1342.3791471,,,,,6
106,000106.png,right,ok,tracking,2453,0.647399,2453,2453,25,20.729258,2.64234175722,-144.391327948,0.353578,0.457120,-1.170087,-0.596869,0
106,000106.png,center,not_published,from_left_right,,,0,,,,
107,000107.png,left,ok,init,4455,0.497110,4455,4455,25,154.339426,-2.08151074099,598.69942635,0.205099,0.339059,-0.557700,-0.371490,0
107,000107.png,right,ok,tracking,2416,0.647399,2416,2416,25,20.709725,2.64506539524,-144.536484381,0.354048,0.457527,-1.170087,-0.596869,0
107,000107.png,center,ok,from_left_right,,,25,,,,
108,000108.png,left,ok,tracking,1248,0.121387,1248,1248,25,166.269385,-4.09265987286,983.591555426,0.266606,0.319906,-0.516686,-0.429488,0
108,000108.png,right,ok,tracking,2474,0.653179,2474,2474,25,20.925431,2.61525751315,-139.150111277,0.353578,0.455933,-1.170087,-0.596869,0
108,000108.png,center,ok,from_left_right,,,25,,,,
109,000109.png,left,rejected_side_geometry,tracking,1520,0.150289,0,0,0,170.224387,-5.80411045818,1313.21740401,,,,,6
109,000109.png,right,ok,tracking,2481,0.653179,2481,2481,25,21.031451,2.60082094689,-135.852051574,0.353578,0.455521,-1.170087,-0.596869,0
109,000109.png,center,not_published,from_left_right,,,0,,,,
110,000110.png,left,ok,init,4627,0.497110,4627,4627,25,153.260662,-1.98488252278,575.47263562,0.205099,0.339059,-0.557700,-0.371490,0
110,000110.png,right,ok,tracking,2434,0.653179,2434,2434,25,20.903939,2.61820098989,-138.35416172,0.353578,0.455933,-1.170087,-0.596869,0
110,000110.png,center,ok,from_left_right,,,25,,,,
111,000111.png,left,ok,tracking,1184,0.121387,1184,1184,25,166.116015,-4.04566147541,971.54647765,0.265870,0.318096,-0.512810,-0.427817,0
111,000111.png,right,ok,tracking,2454,0.653179,2454,2454,25,20.846398,2.62611045384,-139.160765219,0.353578,0.455933,-1.170087,-0.596869,0
111,000111.png,center,ok,from_left_right,,,25,,,,
112,000112.png,left,rejected_side_geometry,tracking,1606,0.156069,0,0,0,169.912995,-5.62135231286,1274.6189356,,,,,6
112,000112.png,right,ok,tracking,2463,0.653179,2463,2463,25,20.863458,2.62376100654,-139.18597438,0.353578,0.457120,-1.170087,-0.596869,0
112,000112.png,center,not_published,from_left_right,,,0,,,,
113,000113.png,left,ok,init,4540,0.502890,4540,4540,25,153.392230,-1.99627761609,580.405114568,0.204546,0.339059,-0.557700,-0.371490,0
113,000113.png,right,ok,tracking,2459,0.647399,2459,2459,25,20.813201,2.63069256747,-139.7377332,0.353578,0.457527,-1.170087,-0.596869,0
113,000113.png,center,ok,from_left_right,,,25,,,,
114,000114.png,left,ok,tracking,1138,0.109827,1138,1138,25,166.424542,-4.14126521914,990.300007522,0.268860,0.319179,-0.515129,-0.431734,0
114,000114.png,right,ok,tracking,2474,0.647399,2474,2474,25,20.816595,2.63022344161,-138.693858961,0.353578,0.458719,-1.170087,-0.596869,0
114,000114.png,center,ok,from_left_right,,,25,,,,
115,000115.png,left,rejected_side_geometry,tracking,1238,0.132948,0,0,0,170.776580,-6.158235952,1377.30192251,,,,,6
115,000115.png,right,ok,tracking,2407,0.641618,2407,2407,25,20.612079,2.65875482194,-143.701057059,0.354428,0.460318,-1.170087,-0.596869,0
115,000115.png,center,not_published,from_left_right,,,0,,,,
116,000116.png,left,ok,init,4598,0.502890,4598,4598,25,152.876979,-1.9522367381,569.545615983,0.204546,0.339059,-0.557700,-0.371490,0
116,000116.png,right,ok,tracking,2398,0.624277,2398,2398,25,20.182684,2.72045725376,-156.000421941,0.354428,0.463905,-1.170087,-0.596869,0
116,000116.png,center,ok,from_left_right,,,25,,,,
117,000117.png,left,ok,tracking,1039,0.109827,1039,1039,25,166.772280,-4.25426272722,1009.28987175,0.268361,0.318096,-0.512810,-0.430609,0
117,000117.png,right,ok,tracking,2340,0.612717,2340,2340,25,19.905982,2.76156854247,-162.022873651,0.354428,0.466715,-1.170087,-0.596869,0
117,000117.png,center,ok,from_left_right,,,25,,,,
118,000118.png,left,rejected_side_geometry,tracking,1283,0.138728,0,0,0,170.867448,-6.22057618784,1388.84468832,,,,,6
118,000118.png,right,ok,tracking,2363,0.618497,2363,2363,25,20.078766,2.73576961237,-157.14279462,0.354428,0.465116,-1.170087,-0.596869,0
118,000118.png,center,not_published,from_left_right,,,0,,,,
119,000119.png,left,ok,init,4577,0.508671,4577,4577,25,152.756945,-1.94219830212,567.735918155,0.203993,0.339059,-0.557700,-0.371490,0
119,000119.png,right,ok,tracking,2427,0.618497,2427,2427,25,20.101524,2.73240326267,-156.50003041,0.354048,0.465500,-1.170087,-0.596869,0
119,000119.png,center,ok,from_left_right,,,25,,,,
120,000120.png,left,ok,tracking,1147,0.115607,1147,1147,25,166.138518,-4.05249339364,972.510578109,0.267235,0.318096,-0.512810,-0.429488,0
120,000120.png,right,ok,tracking,2426,0.624277,2426,2426,25,20.232489,2.71317196827,-153.121109369,0.353578,0.465116,-1.170087,-0.596869,0
120,000120.png,center,ok,from_left_right,,,25,,,,
121,000121.png,left,rejected_side_geometry,tracking,1505,0.156069,0,0,0,169.987189,-5.66387582115,1285.33316719,,,,,6
121,000121.png,right,ok,tracking,2485,0.624277,2485,2485,25,20.267129,2.70812507025,-153.258267446,0.353197,0.463517,-1.170087,-0.596869,0
121,000121.png,center,not_published,from_left_right,,,0,,,,
122,000122.png,left,ok,init,4655,0.520231,4655,4655,25,152.794766,-1.94535242139,571.477154918,0.202888,0.339059,-0.557700,-0.371490,0
122,000122.png,right,ok,tracking,2465,0.618497,2465,2465,25,20.024447,2.74383418496,-160.279656269,0.353197,0.465500,-1.170087,-0.596869,0
122,000122.png,center,ok,from_left_right,,,25,,,,
123,000123.png,left,ok,tracking,1219,0.127168,1219,1219,25,165.362405,-3.8287583443,933.178402674,0.265732,0.319179,-0.515129,-0.428929,0
123,000123.png,right,ok,tracking,2485,0.618497,2485,2485,25,20.052261,2.73969953621,-159.434683935,0.353197,0.465500,-1.170087,-0.596869,0
123,000123.png,center,ok,from_left_right,,,25,,,,
124,000124.png,left,rejected_side_geometry,tracking,1548,0.161850,0,0,0,169.454643,-5.37178110546,1234.0714424,,,,,6
124,000124.png,right,ok,tracking,2533,0.618497,2533,2533,25,20.161919,2.72350486941,-156.516563534,0.352347,0.465116,-1.170087,-0.596869,0
124,000124.png,center,not_published,from_left_right,,,0,,,,
125,000125.png,left,ok,init,4640,0.526012,4640,4640,25,151.991679,-1.88006770082,558.519532466,0.202335,0.339059,-0.557700,-0.371490,0
125,000125.png,right,ok,tracking,2506,0.618497,2506,2506,25,20.087039,2.73454503425,-158.455154142,0.353197,0.465500,-1.170087,-0.596869,0
125,000125.png,center,ok,from_left_right,,,25,,,,
126,000126.png,left,ok,tracking,1247,0.127168,1247,1247,25,164.456160,-3.59519912752,888.150931218,0.265732,0.318817,-0.514354,-0.428929,0
126,000126.png,right,ok,tracking,2532,0.624277,2532,2532,25,20.168221,2.72257936272,-155.768263605,0.352347,0.465116,-1.170087,-0.596869,0
126,000126.png,center,ok,from_left_right,,,25,,,,
127,000127.png,left,rejected_side_geometry,tracking,1354,0.156069,0,0,0,169.633333,-5.46648124424,1252.65905802,,,,,6
127,000127.png,right,ok,tracking,2523,0.612717,2523,2523,25,19.942395,2.75609593708,-161.170915178,0.353197,0.467094,-1.170087,-0.596869,0
127,000127.png,center,not_published,from_left_right,,,0,,,,
128,000128.png,left,ok,init,4554,0.531792,4554,4554,25,152.200455,-1.89670525288,564.490935332,0.201782,0.339059,-0.557700,-0.371490,0
128,000128.png,right,ok,tracking,2488,0.606936,2488,2488,25,19.650256,2.80055053065,-169.987957213,0.353197,0.468689,-1.170087,-0.596869,0
128,000128.png,center,ok,from_left_right,,,25,,,,
129,000129.png,left,ok,tracking,1140,0.121387,1140,1140,25,165.197914,-3.78429030064,926.826160316,0.267597,0.319906,-0.516686,-0.431734,0
129,000129.png,right,ok,tracking,2510,0.612717,2510,2510,25,19.871381,2.7667867435,-163.256427284,0.353197,0.467094,-1.170087,-0.596869,0
129,000129.png,center,ok,from_left_right,,,25,,,,
130,000130.png,left,rejected_side_geometry,tracking,1387,0.144509,0,0,0,169.577350,-5.43646675446,1246.30369814,,,,,6
130,000130.png,right,ok,tracking,2520,0.612717,2520,2520,25,19.852670,2.76961583054,-163.89076588,0.352816,0.468315,-1.170087,-0.596869,0
130,000130.png,center,not_published,from_left_right,,,0,,,,
131,000131.png,left,ok,init,4318,0.520231,4318,4318,25,153.402761,-1.9971942318,586.517247131,0.202888,0.339059,-0.557700,-0.371490,0
131,000131.png,right,ok,tracking,2478,0.606936,2478,2478,25,19.684260,2.79531104044,-167.773871825,0.353197,0.468689,-1.170087,-0.596869,0
131,000131.png,center,ok,from_left_right,,,25,,,,
132,000132.png,left,ok,tracking,1005,0.104046,1005,1005,25,166.557652,-4.18384134416,1003.06092488,0.271775,0.321372,-0.519826,-0.436867,0
132,000132.png,right,ok,tracking,2454,0.601156,2454,2454,25,19.530415,2.81915596212,-171.803397257,0.353197,0.470283,-1.170087,-0.596869,0
132,000132.png,center,ok,from_left_right,,,25,,,,
133,000133.png,left,rejected_side_geometry,tracking,1205,0.156069,0,0,0,172.102220,-7.20866342125,1602.61777704,,,,,6
133,000133.png,right,ok,tracking,2504,0.601156,2504,2504,25,19.459562,2.83025959109,-174.180324168,0.353197,0.471513,-1.170087,-0.596869,0
133,000133.png,center,not_published,from_left_right,,,0,,,,
134,000134.png,left,ok,init,3914,0.531792,3914,3914,25,156.699961,-2.32196965525,668.165718819,0.201782,0.339059,-0.557700,-0.371490,0
134,000134.png,right,ok,tracking,2469,0.589595,2469,2469,25,19.159887,2.87809515092,-183.110933625,0.353197,0.473472,-1.170087,-0.596869,0
134,000134.png,center,ok,from_left_right,,,25,,,,
135,000135.png,left,rejected_side_geometry,tracking,881,0.104046,0,0,0,169.138853,-5.21195763408,1218.66842247,,,,,6
135,000135.png,right,ok,tracking,2439,0.583815,2439,2439,25,18.988799,2.90605636283,-188.114101247,0.353197,0.475067,-1.170087,-0.596869,0
135,000135.png,center,not_published,from_left_right,,,0,,,,
136,000136.png,left,ok,init,4620,0.537572,4620,4620,25,151.504722,-1.84213292079,552.325478081,0.201229,0.339059,-0.557700,-0.371490,0
136,000136.png,right,ok,tracking,2457,0.583815,2457,2457,25,18.968195,2.90945638287,-188.548604179,0.353197,0.476311,-1.170087,-0.596869,0
136,000136.png,center,ok,from_left_right,,,25,,,,
137,000137.png,left,ok,tracking,1035,0.109827,1035,1035,25,165.102395,-3.75890859912,918.106659754,0.269866,0.319179,-0.515129,-0.434002,0
137,000137.png,right,ok,tracking,2462,0.583815,2462,2462,25,18.988296,2.90613925362,-187.609314681,0.353197,0.476311,-1.170087,-0.596869,0
137,000137.png,center,ok,from_left_right,,,25,,,,
138,000138.png,left,rejected_side_geometry,tracking,1125,0.150289,0,0,0,171.792655,-6.93322360114,1545.00673147,,,,,6
138,000138.png,right,ok,tracking,2464,0.578035,2464,2464,25,18.881962,2.92376431366,-191.159926294,0.353197,0.476311,-1.170087,-0.596869,0
138,000138.png,center,not_published,from_left_right,,,0,,,,
139,000139.png,left,ok,init,3880,0.554913,3880,3880,25,156.515679,-2.3015646415,668.181059537,0.199570,0.339059,-0.557700,-0.371490,0
139,000139.png,right,ok,tracking,2507,0.578035,2507,2507,25,18.825879,2.93313737145,-193.174795944,0.352347,0.477910,-1.170087,-0.596869,0
139,000139.png,center,ok,from_left_right,,,25,,,,
140,000140.png,left,rejected_side_geometry,tracking,826,0.115607,0,0,0,170.582502,-6.02908241837,1389.09781742,,,,,6
140,000140.png,right,ok,tracking,2552,0.583815,2552,2552,25,18.902264,2.9203844266,-191.712296396,0.351496,0.476311,-1.170087,-0.596869,0
140,000140.png,center,not_published,from_left_right,,,0,,,,
141,000141.png,left,ok,init,3878,0.549133,3878,3878,25,156.478275,-2.29745994944,667.70312772,0.200123,0.339059,-0.557700,-0.371490,0
141,000141.png,right,ok,tracking,2567,0.583815,2567,2567,25,19.024605,2.90016442009,-187.030939718,0.351496,0.476311,-1.170087,-0.596869,0
141,000141.png,center,ok,from_left_right,,,25,,,,
142,000142.png,left,rejected_side_geometry,tracking,795,0.104046,0,0,0,170.580265,-6.02762456966,1384.05743959,,,,,6
142,000142.png,right,ok,tracking,2596,0.583815,2596,2596,25,19.078544,2.89132892349,-184.795704576,0.351496,0.475067,-1.170087,-0.596869,0
142,000142.png,center,not_published,from_left_right,,,0,,,,
143,000143.png,left,ok,init,3892,0.549133,3892,3892,25,156.248831,-2.27254709641,661.486509486,0.200123,0.339059,-0.557700,-0.371490,0
143,000143.png,right,ok,tracking,2605,0.583815,2605,2605,25,19.073491,2.89215467272,-184.865165372,0.351496,0.476311,-1.170087,-0.596869,0
143,000143.png,center,ok,from_left_right,,,25,,,,
144,000144.png,left,insufficient_row_coverage,tracking,508,0.086705,0,0,0,0.000000,0,0,,,,,1
144,000144.png,right,ok,tracking,2564,0.572254,2564,2564,25,18.664206,2.96046149574,-198.012157184,0.351496,0.479509,-1.170087,-0.596869,0
144,000144.png,center,not_published,from_left_right,,,0,,,,
145,000145.png,left,rejected_side_geometry,tracking,833,0.115607,0,0,0,170.473684,-5.95894963748,1373.61878837,,,,,6
145,000145.png,right,ok,tracking,2521,0.560694,2521,2521,25,18.293505,3.02487079584,-210.669112886,0.351496,0.481108,-1.170087,-0.596869,0
145,000145.png,center,not_published,from_left_right,,,0,,,,
146,000146.png,left,ok,init,2670,0.566474,2670,2670,25,161.910653,-3.0614313039,872.293414439,0.198464,0.339059,-0.557700,-0.371490,0
146,000146.png,right,ok,tracking,2489,0.560694,2489,2489,25,18.186991,3.04384639127,-214.066753713,0.352347,0.481445,-1.170087,-0.596869,0
146,000146.png,center,ok,from_left_right,,,25,,,,
147,000147.png,left,ok,tracking,2541,0.560694,2541,2541,25,162.687350,-3.20813550692,908.668093552,0.199017,0.339059,-0.557700,-0.371490,0
147,000147.png,right,ok,tracking,2470,0.554913,2470,2470,25,18.222836,3.0374366397,-211.461846744,0.352347,0.482707,-1.170087,-0.597887,0
147,000147.png,center,ok,from_left_right,,,25,,,,
148,000148.png,left,ok,tracking,2490,0.560694,2490,2490,25,162.892315,-3.24900013067,919.195941679,0.199017,0.339059,-0.557700,-0.371490,0
148,000148.png,right,ok,tracking,2481,0.560694,2481,2481,25,18.219550,3.03802311971,-210.598377971,0.352347,0.482707,-1.170087,-0.597887,0
148,000148.png,center,ok,from_left_right,,,25,,,,
149,000149.png,left,ok,tracking,2443,0.560694,2443,2443,25,162.993699,-3.26956655571,923.278494824,0.199017,0.339059,-0.557700,-0.371490,0
149,000149.png,right,ok,tracking,2436,0.549133,2436,2436,25,17.972370,3.08274107504,-217.824715051,0.352816,0.485906,-1.170087,-0.597887,0
149,000149.png,center,ok,from_left_right,,,25,,,,
150,000150.png,left,ok,tracking,2479,0.566474,2479,2479,25,162.923212,-3.25524278983,921.845263229,0.198464,0.339059,-0.557700,-0.371490,0
150,000150.png,right,ok,tracking,2471,0.549133,2471,2471,25,18.032807,3.07169792946,-215.676131031,0.352347,0.484634,-1.170087,-0.597887,0
150,000150.png,center,ok,from_left_right,,,25,,,,
151,000151.png,left,ok,tracking,2452,0.566474,2452,2452,25,162.948691,-3.26040713487,922.825127243,0.198464,0.339059,-0.557700,-0.371490,0
151,000151.png,right,ok,tracking,2456,0.543353,2456,2456,25,17.902423,3.09561195544,-220.093201399,0.352347,0.485906,-1.170087,-0.597887,0
151,000151.png,center,ok,from_left_right,,,25,,,,
152,000152.png,left,ok,tracking,2410,0.554913,2410,2410,25,163.269456,-3.32672928525,935.745377989,0.199570,0.339059,-0.557700,-0.371490,0
152,000152.png,right,ok,tracking,2440,0.549133,2440,2440,25,17.996201,3.07837801093,-215.846517274,0.352816,0.485906,-1.170087,-0.597887,0
152,000152.png,center,ok,from_left_right,,,25,,,,
153,000153.png,left,ok,tracking,2365,0.549133,2365,2365,25,163.499573,-3.37585093518,944.185431726,0.200123,0.339059,-0.557700,-0.371490,0
153,000153.png,right,ok,tracking,2367,0.537572,2367,2367,25,17.715773,3.13043853855,-224.220372481,0.353197,0.487823,-1.170087,-0.597887,0
153,000153.png,center,ok,from_left_right,,,25,,,,
154,000154.png,left,ok,tracking,2435,0.578035,2435,2435,25,162.584983,-3.188075518,908.61742182,0.197358,0.339059,-0.557700,-0.371490,0
154,000154.png,right,ok,tracking,2391,0.520231,2391,2391,25,17.147470,3.24099400075,-244.87045353,0.353197,0.493902,-1.170087,-0.597887,0
154,000154.png,center,ok,from_left_right,,,25,,,,
155,000155.png,left,ok,tracking,2480,0.583815,2480,2480,25,162.368576,-3.14641106069,901.989047417,0.196805,0.339059,-0.557700,-0.371490,0
155,000155.png,right,ok,tracking,2449,0.526012,2449,2449,25,17.251117,3.22030468006,-242.217764412,0.352347,0.492303,-1.170087,-0.597887,0
155,000155.png,center,ok,from_left_right,,,25,,,,
156,000156.png,left,ok,tracking,2516,0.595376,2516,2516,25,162.011527,-3.07979174815,889.511266674,0.195699,0.339059,-0.557700,-0.371490,0
156,000156.png,right,ok,tracking,2452,0.520231,2452,2452,25,17.104699,3.24960257044,-248.794464044,0.352347,0.492606,-1.170087,-0.598909,0
156,000156.png,center,ok,from_left_right,,,25,,,,
157,000157.png,left,ok,tracking,2477,0.595376,2477,2477,25,161.966024,-3.07148499378,887.656669398,0.195699,0.339059,-0.557700,-0.371490,0
157,000157.png,right,ok,tracking,2423,0.514451,2423,2423,25,16.827296,3.30646602382,-258.577941411,0.352347,0.495501,-1.170087,-0.597887,0
157,000157.png,center,ok,from_left_right,,,25,,,,
158,000158.png,left,ok,tracking,2508,0.601156,2508,2508,25,161.841639,-3.04898351597,883.716139243,0.195146,0.339059,-0.557700,-0.371490,0
158,000158.png,right,ok,tracking,2432,0.508671,2432,2432,25,16.740377,3.32465947792,-262.431061712,0.352347,0.495501,-1.170087,-0.598909,0
158,000158.png,center,ok,from_left_right,,,25,,,,
159,000159.png,left,ok,tracking,2540,0.606936,2540,2540,25,161.562061,-2.9994782245,875.111679014,0.194593,0.339059,-0.557700,-0.371490,0
159,000159.png,right,ok,tracking,2508,0.508671,2508,2508,25,16.792678,3.31369009239,-261.405805428,0.351496,0.495501,-1.170087,-0.598909,0
159,000159.png,center,ok,from_left_right,,,25,,,,
160,000160.png,left,ok,tracking,2503,0.606936,2503,2503,25,161.634169,-3.01210710975,877.360181392,0.194593,0.339059,-0.557700,-0.371490,0
160,000160.png,right,ok,tracking,2417,0.502890,2417,2417,25,16.416546,3.39408940771,-275.286019432,0.352347,0.498700,-1.170087,-0.598909,0
160,000160.png,center,ok,from_left_right,,,25,,,,
161,000161.png,left,ok,tracking,2495,0.612717,2495,2495,25,161.536173,-2.99496738027,873.77151919,0.194040,0.339059,-0.557700,-0.371490,0
161,000161.png,right,ok,tracking,2422,0.497110,2422,2422,25,16.337621,3.41141660558,-278.817753557,0.352347,0.498700,-1.170087,-0.598909,0
161,000161.png,center,ok,from_left_right,,,25,,,,
162,000162.png,left,ok,tracking,2500,0.612717,2500,2500,25,161.391906,-2.97005191079,869.145829226,0.194040,0.339059,-0.557700,-0.371490,0
162,000162.png,right,ok,tracking,2433,0.491329,2433,2433,25,16.201002,3.44179785731,-284.354582327,0.352347,0.500299,-1.170087,-0.598909,0
162,000162.png,center,ok,from_left_right,,,25,,,,
163,000163.png,left,ok,tracking,2507,0.618497,2507,2507,25,161.173832,-2.93308903163,862.004039237,0.193487,0.339059,-0.557700,-0.371490,0
163,000163.png,right,ok,tracking,2424,0.485549,2424,2424,25,15.935708,3.5022417032,-295.718944959,0.352347,0.501898,-1.170087,-0.598909,0
163,000163.png,center,ok,from_left_right,,,25,,,,
164,000164.png,left,ok,tracking,2492,0.624277,2492,2492,25,161.058766,-2.91391635517,858.276849052,0.192934,0.339059,-0.557700,-0.371490,0
164,000164.png,right,ok,tracking,2355,0.479769,2355,2355,25,15.609534,3.57929797462,-310.242786876,0.352347,0.505096,-1.170087,-0.598909,0
164,000164.png,center,ok,from_left_right,,,25,,,,
165,000165.png,left,ok,tracking,2514,0.630058,2514,2514,25,160.864897,-2.88211578523,852.211248199,0.192381,0.339059,-0.557700,-0.371490,0
165,000165.png,right,ok,tracking,2408,0.473988,2408,2408,25,15.554454,3.59262096624,-312.431688309,0.352347,0.505096,-1.170087,-0.598909,0
165,000165.png,center,ok,from_left_right,,,25,,,,
166,000166.png,left,ok,tracking,2494,0.635838,2494,2494,25,160.755854,-2.86450047807,848.78859888,0.191828,0.339059,-0.557700,-0.371490,0
166,000166.png,right,ok,tracking,2364,0.468208,2364,2364,25,15.316177,3.65133368278,-323.314877765,0.352347,0.506696,-1.170087,-0.598909,0
166,000166.png,center,ok,from_left_right,,,25,,,,
167,000167.png,left,ok,tracking,2490,0.635838,2490,2490,25,160.738645,-2.86173799794,848.493744654,0.191828,0.339059,-0.557700,-0.371490,0
167,000167.png,right,ok,tracking,2346,0.468208,2346,2346,25,15.192978,3.68239509946,-329.358847308,0.352347,0.506957,-1.170087,-0.598909,0
167,000167.png,center,ok,from_left_right,,,25,,,,
168,000168.png,left,ok,tracking,2490,0.641618,2490,2490,25,160.493190,-2.82284660456,840.869647933,0.191275,0.339059,-0.557700,-0.371490,0
168,000168.png,right,ok,tracking,2397,0.462428,2397,2397,25,15.147073,3.69409506989,-332.013518166,0.352347,0.508295,-1.170087,-0.598909,0
168,000168.png,center,ok,from_left_right,,,25,,,,
169,000169.png,left,ok,tracking,2492,0.641618,2492,2492,25,160.574486,-2.8356230163,843.029714145,0.191275,0.339059,-0.557700,-0.371490,0
169,000169.png,right,ok,tracking,2355,0.456647,2355,2355,25,14.926128,3.751390873,-341.368163647,0.352816,0.509894,-1.170087,-0.598909,0
169,000169.png,center,ok,from_left_right,,,25,,,,
170,000170.png,left,ok,tracking,2495,0.647399,2495,2495,25,160.321827,-2.79624772696,835.635977986,0.190723,0.339059,-0.557700,-0.371490,0
170,000170.png,right,ok,tracking,2342,0.450867,2342,2342,25,14.710448,3.80894352255,-353.0825345,0.352347,0.510146,-1.170087,-0.598909,0
170,000170.png,center,ok,from_left_right,,,25,,,,
171,000171.png,left,ok,tracking,2513,0.658960,2513,2513,25,159.888883,-2.73098646623,822.993476254,0.189617,0.339059,-0.557700,-0.371490,0
171,000171.png,right,ok,tracking,2350,0.445087,2350,2350,25,14.524247,3.85997367481,-363.522346866,0.352347,0.510146,-1.170087,-0.598909,0
171,000171.png,center,ok,from_left_right,,,25,,,,
172,000172.png,left,ok,tracking,2527,0.664740,2527,2527,25,159.771603,-2.7137691423,819.819431073,0.189064,0.339059,-0.557700,-0.371490,0
172,000172.png,right,ok,tracking,2339,0.445087,2339,2339,25,14.319261,3.91765332614,-374.596289448,0.352347,0.510146,-1.170087,-0.598909,0
172,000172.png,center,ok,from_left_right,,,25,,,,
173,000173.png,left,ok,tracking,2532,0.670520,2532,2532,25,159.491588,-2.67342483318,812.01140675,0.188511,0.339059,-0.557700,-0.371490,0
173,000173.png,right,ok,tracking,2342,0.439306,2342,2342,25,14.111225,3.97786830265,-386.498499088,0.352347,0.510146,-1.170087,-0.598909,0
173,000173.png,center,ok,from_left_right,,,25,,,,
174,000174.png,left,ok,tracking,2530,0.676301,2530,2530,25,159.380128,-2.65765777379,808.818509222,0.187958,0.339059,-0.557700,-0.371490,0
174,000174.png,right,ok,tracking,2375,0.433526,2375,2375,25,14.046569,3.9969386713,-390.734724894,0.352347,0.510146,-1.170087,-0.598909,0
174,000174.png,center,ok,from_left_right,,,25,,,,
175,000175.png,left,ok,tracking,2522,0.682081,2522,2522,25,159.220440,-2.63535027602,804.299532621,0.187405,0.339059,-0.557700,-0.371490,0
175,000175.png,right,ok,tracking,2309,0.427746,2309,2309,25,13.788731,4.07473009688,-404.738817753,0.352347,0.510146,-1.170087,-0.598909,0
175,000175.png,center,ok,from_left_right,,,25,,,,
176,000176.png,left,ok,tracking,2532,0.693642,2532,2532,25,158.909118,-2.59278903271,795.728562779,0.186299,0.339059,-0.557700,-0.371490,0
176,000176.png,right,ok,tracking,2309,0.421965,2309,2309,25,13.633968,4.12280865047,-415.119567271,0.352347,0.510146,-1.170087,-0.597887,0
176,000176.png,center,ok,from_left_right,,,25,,,,
177,000177.png,left,ok,tracking,2576,0.699422,2576,2576,25,158.586824,-2.54997295947,787.335837044,0.185746,0.339059,-0.557700,-0.371490,0
177,000177.png,right,ok,tracking,2370,0.427746,2370,2370,25,13.721789,4.09539565254,-411.850167037,0.352347,0.510146,-1.170087,-0.597887,0
177,000177.png,center,ok,from_left_right,,,25,,,,
178,000178.png,left,ok,tracking,2564,0.699422,2564,2564,25,158.621923,-2.55457607359,788.032766469,0.185746,0.339059,-0.557700,-0.371490,0
178,000178.png,right,ok,tracking,2336,0.421965,2336,2336,25,13.534746,4.15420010396,-422.906774855,0.351964,0.510146,-1.170087,-0.597887,0
178,000178.png,center,ok,from_left_right,,,25,,,,
179,000179.png,left,ok,tracking,2589,0.710983,2589,2589,25,158.214220,-2.50197902114,777.756751976,0.184640,0.339059,-0.557700,-0.371490,0
179,000179.png,right,ok,tracking,2351,0.421965,2351,2351,25,13.441814,4.18401360372,-430.53489041,0.351964,0.510146,-1.170087,-0.597887,0
179,000179.png,center,ok,from_left_right,,,25,,,,
180,000180.png,left,ok,tracking,2601,0.728324,2601,2601,25,157.764437,-2.44608414139,766.520421794,0.182981,0.339059,-0.557700,-0.371490,0
180,000180.png,right,ok,tracking,2338,0.416185,2338,2338,25,13.182339,4.26944106022,-447.827520011,0.351496,0.510146,-1.166484,-0.597887,0
180,000180.png,center,ok,from_left_right,,,25,,,,
181,000181.png,left,ok,tracking,2575,0.728324,2575,2575,25,157.636711,-2.43060095131,763.162408353,0.182981,0.339059,-0.557700,-0.371490,0
181,000181.png,right,ok,tracking,2310,0.410405,2310,2310,25,13.000847,4.33118377094,-459.012413418,0.351496,0.509311,-1.159339,-0.597887,0
181,000181.png,center,ok,from_left_right,,,25,,,,
182,000182.png,left,ok,tracking,2595,0.734104,2595,2595,25,157.471193,-2.41078449879,759.173309694,0.182428,0.339059,-0.557700,-0.371490,0
182,000182.png,right,ok,tracking,2328,0.410405,2328,2328,25,13.066624,4.30861193819,-455.912298647,0.351496,0.509311,-1.159339,-0.597887,0
182,000182.png,center,ok,from_left_right,,,25,,,,
183,000183.png,left,ok,tracking,2610,0.739884,2610,2610,25,157.255694,-2.38539398241,753.906811686,0.181875,0.339059,-0.557700,-0.371490,0
183,000183.png,right,ok,tracking,2316,0.404624,2316,2316,25,12.902877,4.36522187984,-467.341003438,0.351496,0.509311,-1.155799,-0.597887,0
183,000183.png,center,ok,from_left_right,,,25,,,,
184,000184.png,left,ok,tracking,2597,0.745665,2597,2597,25,156.990127,-2.35472419027,747.511327099,0.181322,0.339059,-0.557700,-0.371490,0
184,000184.png,right,ok,tracking,2300,0.398844,2300,2300,25,12.770635,4.41198188794,-476.989819112,0.351496,0.508490,-1.148779,-0.597887,0
184,000184.png,center,ok,from_left_right,,,25,,,,
185,000185.png,left,ok,tracking,2604,0.757225,2604,2604,25,156.713831,-2.32351775875,740.866533968,0.180216,0.339059,-0.557700,-0.371490,0
185,000185.png,right,rejected_side_geometry,tracking,2240,0.387283,0,0,0,12.452672,4.52840722352,-498.504989428,,,,,6
185,000185.png,center,not_published,from_left_right,,,0,,,,
186,000186.png,left,ok,tracking,2638,0.768786,2638,2638,25,156.247610,-2.27241570452,730.585313985,0.179110,0.339059,-0.557700,-0.371490,0
186,000186.png,right,ok,init,3113,0.387283,3113,3113,25,17.903172,3.09547357415,-171.644720488,0.351111,0.507935,-1.138402,-0.597887,0
186,000186.png,center,ok,from_left_right,,,25,,,,
187,000187.png,left,ok,tracking,2618,0.774566,2618,2618,25,156.003227,-2.2463772714,725.093919697,0.178557,0.339059,-0.557700,-0.371490,0
187,000187.png,right,ok,tracking,1580,0.335260,1580,1580,25,12.597401,4.47469611813,-483.395980415,0.374663,0.507935,-1.134982,-0.649657,0
187,000187.png,center,ok,from_left_right,,,25,,,,
188,000188.png,left,ok,tracking,2644,0.780347,2644,2644,25,155.727774,-2.21762004305,718.918279677,0.178005,0.339059,-0.557700,-0.371490,0
188,000188.png,right,rejected_side_geometry,tracking,2281,0.381503,0,0,0,12.437712,4.53402942874,-497.807165046,,,,,6
188,000188.png,center,not_published,from_left_right,,,0,,,,
189,000189.png,left,ok,tracking,2673,0.786127,2673,2673,25,155.343430,-2.17850407839,710.480596034,0.177452,0.339059,-0.557700,-0.371490,0
189,000189.png,right,ok,init,3158,0.381503,3158,3158,25,17.852657,3.10482878609,-172.43003577,0.351111,0.507935,-1.134982,-0.597887,0
189,000189.png,center,ok,from_left_right,,,25,,,,
190,000190.png,left,ok,tracking,2632,0.791908,2632,2632,25,155.282101,-2.17236801886,708.653942839,0.176899,0.339059,-0.557700,-0.371490,0
190,000190.png,right,rejected_side_geometry,tracking,1548,0.323699,0,0,0,12.235452,4.61136753452,-510.762976368,,,,,6
190,000190.png,center,not_published,from_left_right,,,0,,,,
191,000191.png,left,ok,tracking,2682,0.809249,2682,2682,25,154.636597,-2.10947143846,695.345507495,0.175240,0.339059,-0.557700,-0.371490,0
191,000191.png,right,ok,init,3100,0.364162,3100,3100,25,17.717586,3.13009684287,-177.790025223,0.351111,0.507143,-1.121499,-0.596869,0
191,000191.png,center,ok,from_left_right,,,25,,,,
192,000192.png,left,ok,tracking,2708,0.820809,2708,2708,25,154.114001,-2.06070012114,684.971115946,0.174134,0.339059,-0.557700,-0.371490,0
192,000192.png,right,rejected_side_geometry,tracking,1504,0.306358,0,0,0,12.036023,4.69012831022,-532.915586337,,,,,6
192,000192.png,center,not_published,from_left_right,,,0,,,,
193,000193.png,left,ok,tracking,2713,0.826590,2713,2713,25,153.919016,-2.04296995703,680.150070711,0.173581,0.339059,-0.557700,-0.371490,0
193,000193.png,right,ok,init,3244,0.375723,3244,3244,25,18.194655,3.04247389059,-161.330329412,0.350259,0.507935,-1.131583,-0.596869,0
193,000193.png,center,ok,from_left_right,,,25,,,,
194,000194.png,left,ok,tracking,2752,0.838150,2752,2752,25,153.414538,-1.99822011631,669.937643949,0.172475,0.339059,-0.557700,-0.371490,0
194,000194.png,right,rejected_side_geometry,tracking,1503,0.312139,0,0,0,12.037888,4.68937988587,-537.609341544,,,,,6
194,000194.png,center,not_published,from_left_right,,,0,,,,
195,000195.png,left,ok,tracking,2749,0.838150,2749,2749,25,153.143470,-1.9748196551,665.017107684,0.171922,0.338262,-0.557700,-0.371490,0
195,000195.png,right,ok,init,3383,0.387283,3383,3383,25,17.737220,3.12640071309,-184.528085568,0.348555,0.507935,-1.138402,-0.596869,0
195,000195.png,center,ok,from_left_right,,,25,,,,
196,000196.png,left,ok,tracking,2791,0.855491,2791,2791,25,152.730664,-1.94001132302,657.282705429,0.170816,0.339059,-0.557700,-0.371490,0
196,000196.png,right,rejected_side_geometry,tracking,1552,0.312139,0,0,0,11.978742,4.71322798132,-550.264571656,,,,,6
196,000196.png,center,not_published,from_left_right,,,0,,,,
197,000197.png,left,ok,tracking,2784,0.867052,2784,2784,25,152.401309,-1.91293000393,651.229650053,0.169710,0.339059,-0.557700,-0.371490,0
197,000197.png,right,ok,init,3373,0.381503,3373,3373,25,17.994419,3.0787038101,-173.32225561,0.348555,0.507935,-1.134982,-0.596869,0
197,000197.png,center,ok,from_left_right,,,25,,,,
198,000198.png,left,ok,tracking,2800,0.867052,2800,2800,25,152.213028,-1.89771454548,646.835200557,0.169710,0.339059,-0.557700,-0.371490,0
198,000198.png,right,rejected_side_geometry,tracking,1538,0.312139,0,0,0,11.913193,4.73993072343,-551.826503653,,,,,6
198,000198.png,center,not_published,from_left_right,,,0,,,,
199,000199.png,left,ok,tracking,2791,0.872832,2791,2791,25,151.895441,-1.8724749984,640.303105443,0.169157,0.339059,-0.557700,-0.371490,0
199,000199.png,right,ok,init,3316,0.381503,3316,3316,25,18.293206,3.02492387196,-160.874047159,0.348555,0.507935,-1.134982,-0.596869,0
199,000199.png,center,ok,from_left_right,,,25,,,,
200,000200.png,left,ok,tracking,2817,0.884393,2817,2817,25,151.605126,-1.84985688699,634.522907688,0.168051,0.339059,-0.557700,-0.371490,0
200,000200.png,right,rejected_side_geometry,tracking,1518,0.306358,0,0,0,11.841182,4.76960147313,-558.943756789,,,,,6
200,000200.png,center,not_published,from_left_right,,,0,,,,
201,000201.png,left,ok,tracking,2819,0.884393,2819,2819,25,151.386589,-1.8331087297,629.952319073,0.168051,0.339059,-0.557700,-0.371490,0
201,000201.png,right,ok,init,3320,0.381503,3320,3320,25,18.469294,2.99401647844,-154.328654529,0.348555,0.507935,-1.134982,-0.596869,0
201,000201.png,center,ok,from_left_right,,,25,,,,
202,000202.png,left,ok,tracking,2841,0.890173,2841,2841,25,150.963376,-1.80133127799,622.927828398,0.167498,0.339059,-0.557700,-0.371490,0
202,000202.png,right,insufficient_row_coverage,tracking,542,0.040462,0,0,0,0.000000,0,0,,,,,1
202,000202.png,center,not_published,from_left_right,,,0,,,,
203,000203.png,left,ok,tracking,2856,0.901734,2856,2856,25,150.754249,-1.78593913088,619.784767098,0.166392,0.339059,-0.557700,-0.371490,0
203,000203.png,right,insufficient_row_coverage,tracking,542,0.040462,0,0,0,0.000000,0,0,,,,,2
203,000203.png,center,not_published,from_left_right,,,0,,,,
204,000204.png,left,ok,tracking,2823,0.901734,2823,2823,25,150.801035,-1.78936520709,618.923389361,0.166392,0.339059,-0.557700,-0.371490,0
204,000204.png,right,insufficient_row_coverage,tracking,515,0.040462,0,0,0,0.000000,0,0,,,,,3
204,000204.png,center,not_published,from_left_right,,,0,,,,
205,000205.png,left,ok,tracking,2840,0.901734,2840,2840,25,150.659186,-1.77900844941,615.584302483,0.166392,0.339059,-0.557700,-0.371490,0
205,000205.png,right,insufficient_row_coverage,tracking,518,0.040462,0,0,0,0.000000,0,0,,,,,4
205,000205.png,center,not_published,from_left_right,,,0,,,,
206,000206.png,left,ok,tracking,2786,0.895954,2786,2786,25,150.765699,-1.78677670617,615.917093765,0.166945,0.339059,-0.557700,-0.371490,0
206,000206.png,right,insufficient_row_coverage,tracking,436,0.034682,0,0,0,0.000000,0,0,,,,,5
206,000206.png,center,not_published,from_left_right,,,0,,,,
207,000207.png,left,ok,tracking,2694,0.890173,2694,2694,25,150.941327,-1.79969891876,617.194407077,0.167498,0.339059,-0.557700,-0.371490,0
207,000207.png,right,insufficient_row_coverage,tracking,362,0.028902,0,0,0,0.000000,0,0,,,,,6
207,000207.png,center,not_published,from_left_right,,,0,,,,
208,000208.png,left,ok,tracking,2717,0.890173,2717,2717,25,150.827462,-1.79130484021,614.310774978,0.167498,0.339059,-0.557700,-0.371490,0
208,000208.png,right,ok,init,2964,0.358382,2964,2964,25,18.415513,3.00339572215,-153.886255009,0.349407,0.506364,-1.114872,-0.596869,0
208,000208.png,center,ok,from_left_right,,,25,,,,
209,000209.png,left,ok,tracking,2712,0.890173,2712,2712,25,150.617805,-1.77600429977,609.782503665,0.167498,0.339059,-0.557700,-0.371490,0
209,000209.png,right,insufficient_row_coverage,tracking,334,0.023121,0,0,0,0.000000,0,0,,,,,1
209,000209.png,center,not_published,from_left_right,,,0,,,,
210,000210.png,left,ok,tracking,2781,0.895954,2781,2781,25,150.384386,-1.75920192565,605.842878174,0.166945,0.339059,-0.557700,-0.371490,0
210,000210.png,right,insufficient_row_coverage,tracking,417,0.034682,0,0,0,0.000000,0,0,,,,,2
210,000210.png,center,not_published,from_left_right,,,0,,,,
211,000211.png,left,ok,tracking,2792,0.890173,2792,2792,25,150.402012,-1.76046231072,605.124516052,0.167498,0.339059,-0.557700,-0.371490,0
211,000211.png,right,insufficient_row_coverage,tracking,445,0.034682,0,0,0,0.000000,0,0,,,,,3
211,000211.png,center,not_published,from_left_right,,,0,,,,
212,000212.png,left,ok,tracking,2749,0.878613,2749,2749,25,150.587887,-1.77383715198,606.251176219,0.168604,0.339059,-0.557700,-0.371490,0
212,000212.png,right,insufficient_row_coverage,tracking,430,0.034682,0,0,0,0.000000,0,0,,,,,4
212,000212.png,center,not_published,from_left_right,,,0,,,,
213,000213.png,left,ok,tracking,2888,0.890173,2888,2888,25,150.200873,-1.74616009019,600.519555415,0.167498,0.339059,-0.557700,-0.371490,0
213,000213.png,right,insufficient_row_coverage,tracking,550,0.040462,0,0,0,0.000000,0,0,,,,,5
213,000213.png,center,not_published,from_left_right,,,0,,,,
214,000214.png,left,ok,tracking,2891,0.890173,2891,2891,25,150.157684,-1.74311198272,599.287435142,0.167498,0.339059,-0.557700,-0.371490,0
214,000214.png,right,rejected_side_geometry,tracking,1431,0.289017,0,0,0,11.823839,4.77680046224,-570.330303125,,,,,6
214,000214.png,center,not_published,from_left_right,,,0,,,,
215,000215.png,left,ok,tracking,2879,0.890173,2879,2879,25,150.179538,-1.74465334814,598.110247828,0.167498,0.339059,-0.557700,-0.371490,0
215,000215.png,right,insufficient_row_coverage,init,1352,0.057803,0,0,0,0.000000,0,0,,,,,7
215,000215.png,center,not_published,from_left_right,,,0,,,,
216,000216.png,left,ok,tracking,2836,0.878613,2836,2836,25,150.362443,-1.75763475831,599.541081005,0.168604,0.339059,-0.557700,-0.371490,0
216,000216.png,right,insufficient_row_coverage,init,1325,0.057803,0,0,0,0.000000,0,0,,,,,8
216,000216.png,center,not_published,from_left_right,,,0,,,,
217,000217.png,left,ok,tracking,2854,0.872832,2854,2854,25,150.365179,-1.75783003228,598.181202242,0.169157,0.339059,-0.557700,-0.371490,0
217,000217.png,right,insufficient_row_coverage,init,1318,0.057803,0,0,0,0.000000,0,0,,,,,9
217,000217.png,center,not_published,from_left_right,,,0,,,,
218,000218.png,left,ok,tracking,2873,0.878613,2873,2873,25,150.597364,-1.77452323673,600.36490482,0.168604,0.339059,-0.557700,-0.371490,0
218,000218.png,right,insufficient_row_coverage,init,1334,0.057803,0,0,0,0.000000,0,0,,,,,10
218,000218.png,center,not_published,from_left_right,,,0,,,,
219,000219.png,left,ok,tracking,2848,0.861272,2848,2848,25,150.865791,-1.79412375353,602.84115867,0.170263,0.339059,-0.557700,-0.371490,0
219,000219.png,right,insufficient_row_coverage,init,1346,0.057803,0,0,0,0.000000,0,0,,,,,11
219,000219.png,center,not_published,from_left_right,,,0,,,,
220,000220.png,left,ok,tracking,2877,0.855491,2877,2877,25,151.096866,-1.81126269093,605.569975575,0.170816,0.339059,-0.557700,-0.371490,0
220,000220.png,right,insufficient_row_coverage,init,1375,0.057803,0,0,0,0.000000,0,0,,,,,12
220,000220.png,center,not_published,from_left_right,,,0,,,,
221,000221.png,left,ok,tracking,2846,0.838150,2846,2846,25,151.494646,-1.84136055649,610.555093952,0.172475,0.339059,-0.557700,-0.371490,0
221,000221.png,right,insufficient_row_coverage,init,1405,0.063584,0,0,0,0.000000,0,0,,,,,13
221,000221.png,center,not_published,from_left_right,,,0,,,,
222,000222.png,left,ok,tracking,2803,0.820809,2803,2803,25,152.065677,-1.88593851618,618.435616054,0.174134,0.339059,-0.557700,-0.371490,0
222,000222.png,right,insufficient_row_coverage,init,1391,0.063584,0,0,0,0.000000,0,0,,,,,14
222,000222.png,center,not_published,from_left_right,,,0,,,,
223,000223.png,left,ok,tracking,2717,0.803468,2717,2717,25,152.433449,-1.91554644247,623.066422715,0.175793,0.339059,-0.557700,-0.371490,0
223,000223.png,right,insufficient_row_coverage,init,1287,0.057803,0,0,0,0.000000,0,0,,,,,15
223,000223.png,center,not_published,from_left_right,,,0,,,,
224,000224.png,left,ok,tracking,2762,0.791908,2762,2762,25,152.723152,-1.93938687687,627.036634518,0.176899,0.339059,-0.557700,-0.371490,0
224,000224.png,right,insufficient_row_coverage,init,1340,0.063584,0,0,0,0.000000,0,0,,,,,16
224,000224.png,center,not_published,from_left_right,,,0,,,,
225,000225.png,left,ok,tracking,2627,0.774566,2627,2627,25,153.210879,-1.9805978932,634.069002503,0.178557,0.339059,-0.557700,-0.371490,0
225,000225.png,right,insufficient_row_coverage,init,1298,0.057803,0,0,0,0.000000,0,0,,,,,17
225,000225.png,center,not_published,from_left_right,,,0,,,,
226,000226.png,left,ok,tracking,2598,0.768786,2598,2598,25,153.506750,-2.00628158468,638.128699197,0.179110,0.339059,-0.557700,-0.371490,0
226,000226.png,right,insufficient_row_coverage,init,1222,0.057803,0,0,0,0.000000,0,0,,,,,18
226,000226.png,center,not_published,from_left_right,,,0,,,,
227,000227.png,left,ok,tracking,2545,0.751445,2545,2545,25,153.845294,-2.03633037255,643.05082897,0.180769,0.339059,-0.557700,-0.371490,0
227,000227.png,right,insufficient_row_coverage,init,1182,0.052023,0,0,0,0.000000,0,0,,,,,19
227,000227.png,center,not_published,from_left_right,,,0,,,,
228,000228.png,left,ok,tracking,2558,0.751445,2558,2558,25,153.792492,-2.03159631901,641.374697369,0.180769,0.339059,-0.557700,-0.371490,0
228,000228.png,right,insufficient_row_coverage,init,1132,0.046243,0,0,0,0.000000,0,0,,,,,20
228,000228.png,center,not_published,from_left_right,,,0,,,,
229,000229.png,left,ok,tracking,2637,0.757225,2637,2637,25,153.548350,-2.00993544962,636.955051943,0.180216,0.339059,-0.557700,-0.371490,0
229,000229.png,right,insufficient_row_coverage,init,1224,0.052023,0,0,0,0.000000,0,0,,,,,21
229,000229.png,center,not_published,from_left_right,,,0,,,,
230,000230.png,left,ok,tracking,2669,0.751445,2669,2669,25,153.622517,-2.01647631445,638.237975197,0.180769,0.339059,-0.557700,-0.371490,0
230,000230.png,right,insufficient_row_coverage,init,1290,0.057803,0,0,0,0.000000,0,0,,,,,22
230,000230.png,center,not_published,from_left_right,,,0,,,,
231,000231.png,left,ok,tracking,2702,0.751445,2702,2702,25,153.773764,-2.02992138413,641.169920737,0.180769,0.339059,-0.557700,-0.371490,0
231,000231.png,right,insufficient_row_coverage,init,1356,0.057803,0,0,0,0.000000,0,0,,,,,23
231,000231.png,center,not_published,from_left_right,,,0,,,,
232,000232.png,left,ok,tracking,2785,0.757225,2785,2785,25,153.460198,-2.00220539003,637.069237688,0.179663,0.338262,-0.557700,-0.371490,0
232,000232.png,right,insufficient_row_coverage,init,1417,0.063584,0,0,0,0.000000,0,0,,,,,24
232,000232.png,center,not_published,from_left_right,,,0,,,,
233,000233.png,left,ok,tracking,2782,0.751445,2782,2782,25,153.765236,-2.02915953715,642.092017493,0.180769,0.339059,-0.557700,-0.371490,0
233,000233.png,right,insufficient_row_coverage,init,1370,0.057803,0,0,0,0.000000,0,0,,,,,25
233,000233.png,center,not_published,from_left_right,,,0,,,,
234,000234.png,left,ok,tracking,2743,0.745665,2743,2743,25,153.961571,-2.04681841318,645.492967328,0.181322,0.339059,-0.557700,-0.371490,0
234,000234.png,right,insufficient_row_coverage,init,1343,0.057803,0,0,0,0.000000,0,0,,,,,26
234,000234.png,center,not_published,from_left_right,,,0,,,,
235,000235.png,left,ok,tracking,2782,0.745665,2782,2782,25,154.105518,-2.05992358693,648.307388623,0.181322,0.339059,-0.557700,-0.371490,0
235,000235.png,right,insufficient_row_coverage,init,1400,0.057803,0,0,0,0.000000,0,0,,,,,27
235,000235.png,center,not_published,from_left_right,,,0,,,,
236,000236.png,left,ok,tracking,2723,0.734104,2723,2723,25,154.402373,-2.08738287578,653.341405185,0.182428,0.339059,-0.557700,-0.371490,0
236,000236.png,right,insufficient_row_coverage,init,1350,0.057803,0,0,0,0.000000,0,0,,,,,28
236,000236.png,center,not_published,from_left_right,,,0,,,,
237,000237.png,left,ok,tracking,2789,0.728324,2789,2789,25,154.621833,-2.10806793889,657.516932065,0.182981,0.339059,-0.557700,-0.371490,0
237,000237.png,right,insufficient_row_coverage,init,1383,0.063584,0,0,0,0.000000,0,0,,,,,29
237,000237.png,center,not_published,from_left_right,,,0,,,,
238,000238.png,left,ok,tracking,2762,0.728324,2762,2762,25,154.852160,-2.1301395164,662.71623735,0.182981,0.339059,-0.557700,-0.371490,0
238,000238.png,right,insufficient_row_coverage,init,1393,0.063584,0,0,0,0.000000,0,0,,,,,30
238,000238.png,center,not_published,from_left_right,,,0,,,,
239,000239.png,left,ok,tracking,2755,0.716763,2755,2755,25,155.215969,-2.16578337428,669.395279263,0.184087,0.339059,-0.557700,-0.371490,0
239,000239.png,right,insufficient_row_coverage,init,1413,0.069364,0,0,0,0.000000,0,0,,,,,31
239,000239.png,center,not_published,from_left_right,,,0,,,,
240,000240.png,left,ok,tracking,2712,0.705202,2712,2712,25,155.272169,-2.1713770189,671.388269846,0.184640,0.338262,-0.557700,-0.371490,0
240,000240.png,right,insufficient_row_coverage,init,1406,0.069364,0,0,0,0.000000,0,0,,,,,32
240,000240.png,center,not_published,from_left_right,,,0,,,,
241,000241.png,left,ok,tracking,2727,0.705202,2727,2727,25,155.350894,-2.17925281335,673.530390385,0.184640,0.338262,-0.557700,-0.371490,0
241,000241.png,right,insufficient_row_coverage,init,1384,0.069364,0,0,0,0.000000,0,0,,,,,33
241,000241.png,center,not_published,from_left_right,,,0,,,,
242,000242.png,left,ok,tracking,2702,0.693642,2702,2702,25,155.757843,-2.22072936005,682.031170361,0.185746,0.338262,-0.557700,-0.371490,0
242,000242.png,right,insufficient_row_coverage,init,1417,0.063584,0,0,0,0.000000,0,0,,,,,34
242,000242.png,center,not_published,from_left_right,,,0,,,,
243,000243.png,left,ok,tracking,1850,0.635838,1850,1850,25,154.963691,-2.14096362672,658.029914572,0.186299,0.296834,-0.488498,-0.371490,0
243,000243.png,right,insufficient_row_coverage,init,1429,0.063584,0,0,0,0.000000,0,0,,,,,35
243,000243.png,center,not_published,from_left_right,,,0,,,,
244,000244.png,left,ok,tracking,2673,0.682081,2673,2673,25,155.447496,-2.1889817711,669.484059595,0.186852,0.337428,-0.555910,-0.371490,0
244,000244.png,right,insufficient_row_coverage,init,1403,0.063584,0,0,0,0.000000,0,0,,,,,36
244,000244.png,center,not_published,from_left_right,,,0,,,,
245,000245.png,left,ok,tracking,2672,0.682081,2672,2672,25,155.821425,-2.22732809697,678.631130886,0.186852,0.338262,-0.557700,-0.371490,0
245,000245.png,right,insufficient_row_coverage,init,1409,0.063584,0,0,0,0.000000,0,0,,,,,37
245,000245.png,center,not_published,from_left_right,,,0,,,,
246,000246.png,left,ok,tracking,2670,0.676301,2670,2670,25,156.214886,-2.26889981694,687.274211251,0.187405,0.338262,-0.557700,-0.371490,0
246,000246.png,right,insufficient_row_coverage,init,1411,0.063584,0,0,0,0.000000,0,0,,,,,38
246,000246.png,center,not_published,from_left_right,,,0,,,,
247,000247.png,left,ok,tracking,1799,0.618497,1799,1799,25,155.370083,-2.18117968319,660.581371945,0.188511,0.296521,-0.486391,-0.371490,0
247,000247.png,right,insufficient_row_coverage,init,1394,0.057803,0,0,0,0.000000,0,0,,,,,39
247,000247.png,center,not_published,from_left_right,,,0,,,,
248,000248.png,left,ok,tracking,2625,0.658960,2625,2625,25,156.031060,-2.24931756383,675.835813897,0.189617,0.336978,-0.553245,-0.371490,0
248,000248.png,right,insufficient_row_coverage,init,1370,0.063584,0,0,0,0.000000,0,0,,,,,40
248,000248.png,center,not_published,from_left_right,,,0,,,,
249,000249.png,left,ok,tracking,2548,0.653179,2548,2548,25,156.412382,-2.2902585839,684.034958241,0.190170,0.337807,-0.555019,-0.371490,0
249,000249.png,right,insufficient_row_coverage,init,1396,0.057803,0,0,0,0.000000,0,0,,,,,41
249,000249.png,center,not_published,from_left_right,,,0,,,,
250,000250.png,left,ok,tracking,1757,0.606936,1757,1757,25,155.484300,-2.19270732943,657.725086359,0.190170,0.295974,-0.483608,-0.371490,0
250,000250.png,right,insufficient_row_coverage,init,1395,0.057803,0,0,0,0.000000,0,0,,,,,42
250,000250.png,center,not_published,from_left_right,,,0,,,,
251,000251.png,left,ok,tracking,2598,0.647399,2598,2598,25,155.917825,-2.23739518312,668.366786888,0.190723,0.334928,-0.548855,-0.371490,0
251,000251.png,right,insufficient_row_coverage,init,1409,0.057803,0,0,0,0.000000,0,0,,,,,43
251,000251.png,center,not_published,from_left_right,,,0,,,,
252,000252.png,left,ok,tracking,2500,0.635838,2500,2500,25,156.588693,-2.30961308859,683.00364119,0.191828,0.335336,-0.549728,-0.371490,0
252,000252.png,right,insufficient_row_coverage,init,1362,0.057803,0,0,0,0.000000,0,0,,,,,44
252,000252.png,center,not_published,from_left_right,,,0,,,,
253,000253.png,left,ok,tracking,2573,0.641618,2573,2573,25,156.621116,-2.31320219627,684.263204053,0.191275,0.335745,-0.550603,-0.371490,0
253,000253.png,right,insufficient_row_coverage,init,1348,0.057803,0,0,0,0.000000,0,0,,,,,45
253,000253.png,center,not_published,from_left_right,,,0,,,,
254,000254.png,left,ok,tracking,2563,0.635838,2563,2563,25,156.736088,-2.3260057234,687.245032573,0.191828,0.336155,-0.551481,-0.371490,0
254,000254.png,right,insufficient_row_coverage,init,1367,0.052023,0,0,0,0.000000,0,0,,,,,46
254,000254.png,center,not_published,from_left_right,,,0,,,,
255,000255.png,left,ok,tracking,2545,0.635838,2545,2545,25,156.953022,-2.35049222971,693.031799447,0.191828,0.336566,-0.552362,-0.371490,0
255,000255.png,right,insufficient_row_coverage,init,1388,0.046243,0,0,0,0.000000,0,0,,,,,47
255,000255.png,center,not_published,from_left_right,,,0,,,,
256,000256.png,left,ok,tracking,2537,0.618497,2537,2537,25,157.528277,-2.41758762236,706.233190648,0.193487,0.336978,-0.553245,-0.371490,0
256,000256.png,right,insufficient_row_coverage,init,1364,0.052023,0,0,0,0.000000,0,0,,,,,48
256,000256.png,center,not_published,from_left_right,,,0,,,,
257,000257.png,left,ok,tracking,1706,0.560694,1706,1706,25,156.727150,-2.32500600689,678.884654012,0.194593,0.294665,-0.480169,-0.371490,0
257,000257.png,right,insufficient_row_coverage,init,1365,0.052023,0,0,0,0.000000,0,0,,,,,49
257,000257.png,center,not_published,from_left_right,,,0,,,,
258,000258.png,left,ok,tracking,2459,0.601156,2459,2459,25,157.380088,-2.39999440825,695.323896864,0.195146,0.333713,-0.546252,-0.371490,0
258,000258.png,right,insufficient_row_coverage,init,1379,0.063584,0,0,0,0.000000,0,0,,,,,50
258,000258.png,center,not_published,from_left_right,,,0,,,,
259,000259.png,left,ok,tracking,2441,0.601156,2441,2441,25,157.590447,-2.42503420837,701.457810242,0.195146,0.334117,-0.547117,-0.371490,0
259,000259.png,right,insufficient_row_coverage,init,1369,0.069364,0,0,0,0.000000,0,0,,,,,51
259,000259.png,center,not_published,from_left_right,,,0,,,,
260,000260.png,left,ok,tracking,1657,0.537572,1657,1657,25,157.174102,-2.37589926358,682.985096145,0.197358,0.294289,-0.477450,-0.371490,0
260,000260.png,right,insufficient_row_coverage,init,1293,0.052023,0,0,0,0.000000,0,0,,,,,52
260,000260.png,center,not_published,from_left_right,,,0,,,,
261,000261.png,left,ok,tracking,2403,0.578035,2403,2403,25,157.529428,-2.41772508733,693.398230395,0.197358,0.331312,-0.541112,-0.371490,0
261,000261.png,right,insufficient_row_coverage,init,1328,0.052023,0,0,0,0.000000,0,0,,,,,53
261,000261.png,center,not_published,from_left_right,,,0,,,,
262,000262.png,left,ok,tracking,1665,0.531792,1665,1665,25,157.329724,-2.39406485307,682.111864993,0.198464,0.293604,-0.476101,-0.371490,0
262,000262.png,right,insufficient_row_coverage,init,1294,0.080925,0,0,0,0.000000,0,0,,,,,54
262,000262.png,center,not_published,from_left_right,,,0,,,,
263,000263.png,left,ok,tracking,2327,0.560694,2327,2327,25,157.654784,-2.43278159592,691.496607795,0.199017,0.329735,-0.537734,-0.371490,0
263,000263.png,right,insufficient_row_coverage,init,1346,0.052023,0,0,0,0.000000,0,0,,,,,55
263,000263.png,center,not_published,from_left_right,,,0,,,,
264,000264.png,left,ok,tracking,2350,0.566474,2350,2350,25,157.496406,-2.41378532995,689.030518891,0.198464,0.328574,-0.536896,-0.371490,0
264,000264.png,right,insufficient_row_coverage,init,1292,0.052023,0,0,0,0.000000,0,0,,,,,56
264,000264.png,center,not_published,from_left_right,,,0,,,,
265,000265.png,left,ok,tracking,2336,0.560694,2336,2336,25,158.194706,-2.49950850903,707.09344527,0.199017,0.330521,-0.539418,-0.371490,0
265,000265.png,right,rejected_side_geometry,init,2267,0.156069,0,0,0,10.171193,5.57384392455,-638.353115903,,,,,6
265,000265.png,center,not_published,from_left_right,,,0,,,,
266,000266.png,left,ok,tracking,2324,0.554913,2324,2324,25,158.256985,-2.50740787412,709.113446286,0.199017,0.329748,-0.539418,-0.371490,0
266,000266.png,right,rejected_side_geometry,init,1929,0.156069,0,0,0,7.851373,7.25181398844,-991.202389043,,,,,6
266,000266.png,center,not_published,from_left_right,,,0,,,,
267,000267.png,left,ok,tracking,2323,0.549133,2323,2323,25,158.223409,-2.50314386787,708.70208258,0.199017,0.328584,-0.538575,-0.371490,0
267,000267.png,right,rejected_side_geometry,init,1902,0.161850,0,0,0,8.204042,6.93605296879,-931.824585055,,,,,6
267,000267.png,center,not_published,from_left_right,,,0,,,,
268,000268.png,left,ok,tracking,1587,0.497110,1587,1587,25,157.890654,-2.46155104504,692.665909756,0.200676,0.291037,-0.472094,-0.371490,0
268,000268.png,right,insufficient_row_coverage,init,845,0.046243,0,0,0,0.000000,0,0,,,,,7
268,000268.png,center,not_published,from_left_right,,,0,,,,
269,000269.png,left,ok,tracking,2281,0.537572,2281,2281,25,158.363303,-2.52099302365,706.186581948,0.200676,0.327409,-0.534395,-0.371490,0
269,000269.png,right,insufficient_row_coverage,init,782,0.069364,0,0,0,0.000000,0,0,,,,,8
269,000269.png,center,not_published,from_left_right,,,0,,,,
270,000270.png,left,ok,tracking,2269,0.537572,2269,2269,25,158.823209,-2.58125476664,719.313815163,0.201229,0.329344,-0.536896,-0.371490,0
270,000270.png,right,insufficient_row_coverage,init,894,0.046243,0,0,0,0.000000,0,0,,,,,9
270,000270.png,center,not_published,from_left_right,,,0,,,,
271,000271.png,left,ok,tracking,2265,0.526012,2265,2265,25,159.267620,-2.6419068149,731.373228586,0.202335,0.330128,-0.538575,-0.371490,0
271,000271.png,right,insufficient_row_coverage,init,860,0.052023,0,0,0,0.000000,0,0,,,,,10
271,000271.png,center,not_published,from_left_right,,,0,,,,
272,000272.png,left,ok,tracking,2276,0.520231,2276,2276,25,159.574844,-2.6853097421,740.205737575,0.202888,0.330521,-0.539418,-0.371490,0
272,000272.png,right,insufficient_row_coverage,init,1039,0.046243,0,0,0,0.000000,0,0,,,,,11
272,000272.png,center,not_published,from_left_right,,,0,,,,
273,000273.png,left,ok,tracking,1563,0.473988,1563,1563,25,158.541960,-2.54411017894,703.268878969,0.203441,0.290702,-0.469457,-0.371490,0
273,000273.png,right,insufficient_row_coverage,init,1019,0.046243,0,0,0,0.000000,0,0,,,,,12
273,000273.png,center,not_published,from_left_right,,,0,,,,
274,000274.png,left,ok,tracking,2177,0.514451,2177,2177,25,159.117690,-2.62116921301,720.481889396,0.203441,0.327018,-0.531915,-0.371490,0
274,000274.png,right,rejected_side_geometry,init,1780,0.161850,0,0,0,7.710018,7.38643256905,-1019.98323619,,,,,6
274,000274.png,center,not_published,from_left_right,,,0,,,,
275,000275.png,left,ok,tracking,2205,0.514451,2205,2205,25,159.133747,-2.62337655955,721.60833748,0.203441,0.327789,-0.533566,-0.371490,0
275,000275.png,right,rejected_side_geometry,init,1688,0.161850,0,0,0,7.320558,7.78405990869,-1102.07961907,,,,,6
275,000275.png,center,not_published,from_left_right,,,0,,,,
276,000276.png,left,ok,tracking,2188,0.502890,2188,2188,25,159.690066,-2.70191147497,736.364629862,0.204546,0.327789,-0.533566,-0.371490,0
276,000276.png,right,insufficient_row_coverage,init,785,0.040462,0,0,0,0.000000,0,0,,,,,7
276,000276.png,center,not_published,from_left_right,,,0,,,,
277,000277.png,left,ok,tracking,1532,0.450867,1532,1532,25,159.059510,-2.6131983819,710.936587188,0.205652,0.290322,-0.468148,-0.371490,0
277,000277.png,right,insufficient_row_coverage,init,659,0.046243,0,0,0,0.000000,0,0,,,,,8
277,000277.png,center,not_published,from_left_right,,,0,,,,
278,000278.png,left,ok,tracking,1547,0.456647,1547,1547,25,158.665118,-2.56026076523,696.559472742,0.205652,0.290322,-0.467496,-0.371490,0
278,000278.png,right,insufficient_row_coverage,init,814,0.040462,0,0,0,0.000000,0,0,,,,,9
278,000278.png,center,not_published,from_left_right,,,0,,,,
279,000279.png,left,ok,tracking,1566,0.456647,1566,1566,25,158.491848,-2.53758906794,690.486374277,0.206205,0.290322,-0.467496,-0.371490,0
279,000279.png,right,insufficient_row_coverage,init,881,0.040462,0,0,0,0.000000,0,0,,,,,10
279,000279.png,center,not_published,from_left_right,,,0,,,,
280,000280.png,left,ok,tracking,1578,0.456647,1578,1578,25,158.453177,-2.53257656861,688.339548772,0.206205,0.290322,-0.467496,-0.371490,0
280,000280.png,right,insufficient_row_coverage,init,1058,0.046243,0,0,0,0.000000,0,0,,,,,11
280,000280.png,center,not_published,from_left_right,,,0,,,,
281,000281.png,left,ok,tracking,1579,0.450867,1579,1579,25,158.449286,-2.53207314897,686.273968456,0.206758,0.290322,-0.467496,-0.371490,0
281,000281.png,right,insufficient_row_coverage,init,771,0.046243,0,0,0,0.000000,0,0,,,,,12
281,000281.png,center,not_published,from_left_right,,,0,,,,
282,000282.png,left,ok,tracking,2051,0.473988,2051,2051,25,159.063789,-2.6137831343,704.570215191,0.207311,0.321004,-0.519038,-0.371490,0
282,000282.png,right,insufficient_row_coverage,init,849,0.046243,0,0,0,0.000000,0,0,,,,,13
282,000282.png,center,not_published,from_left_right,,,0,,,,
283,000283.png,left,ok,tracking,2126,0.473988,2126,2126,25,159.178311,-2.6295196399,709.535915334,0.207311,0.322111,-0.521409,-0.371490,0
283,000283.png,right,insufficient_row_coverage,init,1269,0.046243,0,0,0,0.000000,0,0,,,,,14
283,000283.png,center,not_published,from_left_right,,,0,,,,
284,000284.png,left,ok,tracking,2165,0.479769,2165,2165,25,159.242588,-2.63842463159,713.143452849,0.206758,0.322854,-0.523000,-0.371490,0
284,000284.png,right,insufficient_row_coverage,init,1299,0.046243,0,0,0,0.000000,0,0,,,,,15
284,000284.png,center,not_published,from_left_right,,,0,,,,
285,000285.png,left,ok,tracking,2162,0.479769,2162,2162,25,159.503180,-2.67507412997,721.377849425,0.206758,0.323602,-0.524601,-0.371490,0
285,000285.png,right,insufficient_row_coverage,init,1311,0.046243,0,0,0,0.000000,0,0,,,,,16
285,000285.png,center,not_published,from_left_right,,,0,,,,
286,000286.png,left,ok,tracking,2105,0.468208,2105,2105,25,160.090939,-2.76110510608,739.120700848,0.207864,0.323977,-0.525404,-0.371490,0
286,000286.png,right,insufficient_row_coverage,init,1331,0.046243,0,0,0,0.000000,0,0,,,,,17
286,000286.png,center,not_published,from_left_right,,,0,,,,
287,000287.png,left,ok,tracking,2153,0.468208,2153,2153,25,160.185847,-2.7754556117,743.329265419,0.207864,0.324731,-0.527018,-0.371490,0
287,000287.png,right,insufficient_row_coverage,init,1358,0.046243,0,0,0,0.000000,0,0,,,,,18
287,000287.png,center,not_published,from_left_right,,,0,,,,
288,000288.png,left,ok,tracking,1578,0.445087,1578,1578,25,159.413989,-2.66243039797,714.953506436,0.208417,0.293400,-0.468802,-0.371490,0
288,000288.png,right,insufficient_row_coverage,init,1357,0.046243,0,0,0,0.000000,0,0,,,,,19
288,000288.png,center,not_published,from_left_right,,,0,,,,
289,000289.png,left,ok,tracking,1595,0.445087,1595,1595,25,159.199068,-2.63238962291,707.252631908,0.207864,0.291208,-0.468802,-0.371490,0
289,000289.png,right,insufficient_row_coverage,init,1324,0.040462,0,0,0,0.000000,0,0,,,,,20
289,000289.png,center,not_published,from_left_right,,,0,,,,
290,000290.png,left,ok,tracking,2089,0.462428,2089,2089,25,159.622299,-2.69212548259,722.243402565,0.208417,0.322111,-0.521409,-0.371490,0
290,000290.png,right,insufficient_row_coverage,init,1400,0.046243,0,0,0,0.000000,0,0,,,,,21
290,000290.png,center,not_published,from_left_right,,,0,,,,
291,000291.png,left,ok,tracking,1657,0.456647,1657,1657,25,158.638088,-2.55670086186,690.633070414,0.207864,0.294297,-0.470114,-0.371490,0
291,000291.png,right,insufficient_row_coverage,init,1314,0.040462,0,0,0,0.000000,0,0,,,,,22
291,000291.png,center,not_published,from_left_right,,,0,,,,
292,000292.png,left,ok,tracking,1655,0.439306,1655,1655,25,159.102966,-2.6191480176,703.92365198,0.208417,0.292482,-0.471432,-0.371490,0
292,000292.png,right,insufficient_row_coverage,init,1307,0.046243,0,0,0,0.000000,0,0,,,,,23
292,000292.png,center,not_published,from_left_right,,,0,,,,
293,000293.png,left,ok,tracking,1742,0.456647,1742,1742,25,158.138884,-2.4924645235,675.544286079,0.208417,0.296560,-0.472094,-0.371490,0
293,000293.png,right,insufficient_row_coverage,init,1291,0.052023,0,0,0,0.000000,0,0,,,,,24
293,000293.png,center,not_published,from_left_right,,,0,,,,
294,000294.png,left,ok,tracking,1831,0.462428,1831,1831,25,157.580353,-2.42382247787,660.643439257,0.207864,0.297475,-0.473423,-0.371490,0
294,000294.png,right,insufficient_row_coverage,init,1318,0.046243,0,0,0,0.000000,0,0,,,,,25
294,000294.png,center,not_published,from_left_right,,,0,,,,
295,000295.png,left,ok,tracking,1813,0.468208,1813,1813,25,157.828773,-2.45394713194,667.644861091,0.207864,0.296037,-0.474759,-0.371490,0
295,000295.png,right,insufficient_row_coverage,init,1090,0.046243,0,0,0,0.000000,0,0,,,,,26
295,000295.png,center,not_published,from_left_right,,,0,,,,
296,000296.png,left,ok,tracking,1867,0.462428,1867,1867,25,157.786220,-2.44874153551,668.756558094,0.207864,0.298329,-0.476775,-0.371490,0
296,000296.png,right,insufficient_row_coverage,init,1309,0.046243,0,0,0,0.000000,0,0,,,,,27
296,000296.png,center,not_published,from_left_right,,,0,,,,
297,000297.png,left,ok,tracking,1885,0.456647,1885,1885,25,158.399072,-2.5255922234,683.978394154,0.208970,0.301899,-0.479487,-0.371490,0
297,000297.png,right,insufficient_row_coverage,init,1344,0.046243,0,0,0,0.000000,0,0,,,,,28
297,000297.png,center,not_published,from_left_right,,,0,,,,
298,000298.png,left,ok,tracking,2139,0.456647,2139,2139,25,159.568717,-2.68443187364,721.660997603,0.208970,0.320637,-0.518252,-0.371490,0
298,000298.png,right,insufficient_row_coverage,init,1268,0.046243,0,0,0,0.000000,0,0,,,,,29
298,000298.png,center,not_published,from_left_right,,,0,,,,
299,000299.png,left,ok,tracking,1880,0.468208,1880,1880,25,158.933117,-2.59602727459,705.275163691,0.207864,0.301840,-0.480854,-0.371490,0
299,000299.png,right,insufficient_row_coverage,init,1231,0.046243,0,0,0,0.000000,0,0,,,,,30
299,000299.png,center,not_published,from_left_right,,,0,,,,
300,000300.png,left,ok,tracking,1904,0.468208,1904,1904,25,159.000555,-2.60516451878,707.346937709,0.207864,0.304136,-0.482917,-0.371490,0
300,000300.png,right,insufficient_row_coverage,init,1291,0.046243,0,0,0,0.000000,0,0,,,,,31
300,000300.png,center,not_published,from_left_right,,,0,,,,
301,000301.png,left,ok,tracking,1984,0.468208,1984,1984,25,158.824820,-2.5814701732,703.972103422,0.207864,0.306036,-0.488498,-0.371490,0
301,000301.png,right,insufficient_row_coverage,init,1344,0.052023,0,0,0,0.000000,0,0,,,,,32
301,000301.png,center,not_published,from_left_right,,,0,,,,
302,000302.png,left,ok,tracking,2031,0.479769,2031,2031,25,158.563166,-2.54687844452,698.624423679,0.206758,0.306086,-0.488498,-0.371490,0
302,000302.png,right,insufficient_row_coverage,init,1333,0.052023,0,0,0,0.000000,0,0,,,,,33
302,000302.png,center,not_published,from_left_right,,,0,,,,
303,000303.png,left,ok,tracking,2020,0.473988,2020,2020,25,158.878941,-2.58872723913,708.7772862,0.207311,0.307025,-0.490621,-0.371490,0
303,000303.png,right,insufficient_row_coverage,init,1357,0.057803,0,0,0,0.000000,0,0,,,,,34
303,000303.png,center,not_published,from_left_right,,,0,,,,
304,000304.png,left,ok,tracking,2329,0.485549,2329,2329,25,159.073433,-2.61510209938,721.985098565,0.205652,0.323974,-0.527018,-0.371490,0
304,000304.png,right,ok,init,3633,0.658960,3633,3633,25,29.021377,1.80246146115,62.2946017636,0.343100,0.492703,-1.170087,-0.597887,0
304,000304.png,center,ok,from_left_right,,,25,,,,
305,000305.png,left,ok,tracking,1981,0.485549,1981,1981,25,159.434075,-2.6652686232,731.905188601,0.206205,0.307642,-0.493478,-0.371490,0
305,000305.png,right,insufficient_row_coverage,tracking,672,0.063584,0,0,0,0.000000,0,0,,,,,1
305,000305.png,center,not_published,from_left_right,,,0,,,,
306,000306.png,left,ok,tracking,2035,0.491329,2035,2035,25,159.184715,-2.63040446366,725.500605653,0.205652,0.308647,-0.495641,-0.371490,0
306,000306.png,right,insufficient_row_coverage,tracking,569,0.046243,0,0,0,0.000000,0,0,,,,,2
306,000306.png,center,not_published,from_left_right,,,0,,,,
307,000307.png,left,ok,tracking,2356,0.491329,2356,2356,25,159.868281,-2.72794809048,751.113660356,0.205099,0.327409,-0.534395,-0.371490,0
307,000307.png,right,insufficient_row_coverage,tracking,602,0.046243,0,0,0,0.000000,0,0,,,,,3
307,000307.png,center,not_published,from_left_right,,,0,,,,
308,000308.png,left,ok,tracking,2020,0.491329,2020,2020,25,159.497115,-2.67421095894,738.721005986,0.205099,0.309362,-0.497092,-0.371490,0
308,000308.png,right,insufficient_row_coverage,tracking,608,0.046243,0,0,0,0.000000,0,0,,,,,4
308,000308.png,center,not_published,from_left_right,,,0,,,,
309,000309.png,left,ok,tracking,2041,0.497110,2041,2041,25,159.163615,-2.62749101505,729.409235089,0.204546,0.309362,-0.497821,-0.371490,0
309,000309.png,right,insufficient_row_coverage,tracking,581,0.040462,0,0,0,0.000000,0,0,,,,,5
309,000309.png,center,not_published,from_left_right,,,0,,,,
310,000310.png,left,ok,tracking,2051,0.502890,2051,2051,25,159.146271,-2.62510046717,729.04825146,0.204546,0.309700,-0.497821,-0.371490,0
310,000310.png,right,insufficient_row_coverage,tracking,609,0.052023,0,0,0,0.000000,0,0,,,,,6
310,000310.png,center,not_published,from_left_right,,,0,,,,
311,000311.png,left,ok,tracking,2068,0.502890,2068,2068,25,158.990792,-2.60383820796,725.358652653,0.203993,0.309026,-0.497092,-0.371490,0
311,000311.png,right,ok,init,3760,0.641618,3760,3760,25,27.640596,1.90952702911,38.6435214023,0.344354,0.492703,-1.170087,-0.597887,0
311,000311.png,center,ok,from_left_right,,,25,,,,
312,000312.png,left,ok,tracking,2068,0.502890,2068,2068,25,158.779736,-2.57545183607,720.051988791,0.203993,0.307976,-0.495641,-0.371490,0
312,000312.png,right,insufficient_row_coverage,tracking,613,0.046243,0,0,0,0.000000,0,0,,,,,1
312,000312.png,center,not_published,from_left_right,,,0,,,,
313,000313.png,left,ok,tracking,2032,0.502890,2032,2032,25,159.064203,-2.61383978717,726.623740986,0.203993,0.309362,-0.496365,-0.371490,0
313,000313.png,right,insufficient_row_coverage,tracking,661,0.075145,0,0,0,0.000000,0,0,,,,,2
313,000313.png,center,not_published,from_left_right,,,0,,,,
314,000314.png,left,ok,tracking,1940,0.491329,1940,1940,25,159.514040,-2.67662078121,739.0880939,0.205099,0.307025,-0.491332,-0.371490,0
314,000314.png,right,insufficient_row_coverage,tracking,597,0.046243,0,0,0,0.000000,0,0,,,,,3
314,000314.png,center,not_published,from_left_right,,,0,,,,
315,000315.png,left,ok,tracking,1865,0.479769,1865,1865,25,160.039404,-2.753367669,756.749783846,0.205099,0.300641,-0.488498,-0.371490,0
315,000315.png,right,insufficient_row_coverage,tracking,636,0.063584,0,0,0,0.000000,0,0,,,,,4
315,000315.png,center,not_published,from_left_right,,,0,,,,
316,000316.png,left,ok,tracking,1905,0.491329,1905,1905,25,159.934917,-2.73779715753,749.251642857,0.205652,0.306742,-0.489911,-0.371490,0
316,000316.png,right,insufficient_row_coverage,tracking,591,0.052023,0,0,0,0.000000,0,0,,,,,5
316,000316.png,center,not_published,from_left_right,,,0,,,,
317,000317.png,left,ok,tracking,1902,0.485549,1902,1902,25,159.744654,-2.70984000777,741.906094154,0.205652,0.304730,-0.486391,-0.371490,0
317,000317.png,right,insufficient_row_coverage,tracking,594,0.046243,0,0,0,0.000000,0,0,,,,,6
317,000317.png,center,not_published,from_left_right,,,0,,,,
318,000318.png,left,ok,tracking,1817,0.462428,1817,1817,25,160.284925,-2.79057789928,759.843632991,0.206205,0.298928,-0.484301,-0.371490,0
318,000318.png,right,ok,init,3888,0.647399,3888,3888,25,27.480265,1.92259870537,33.1118713895,0.343957,0.492703,-1.170087,-0.596869,0
318,000318.png,center,ok,from_left_right,,,25,,,,
319,000319.png,left,ok,tracking,1807,0.473988,1807,1807,25,160.142481,-2.76888215329,752.394299071,0.206205,0.302418,-0.483608,-0.371490,0
319,000319.png,right,insufficient_row_coverage,tracking,602,0.046243,0,0,0,0.000000,0,0,,,,,1
319,000319.png,center,not_published,from_left_right,,,0,,,,
320,000320.png,left,ok,tracking,1789,0.462428,1789,1789,25,160.199002,-2.77745504062,753.540442459,0.206758,0.299442,-0.482227,-0.371490,0
320,000320.png,right,insufficient_row_coverage,tracking,598,0.046243,0,0,0,0.000000,0,0,,,,,2
320,000320.png,center,not_published,from_left_right,,,0,,,,
321,000321.png,left,ok,tracking,1761,0.462428,1761,1761,25,160.373328,-2.80419481588,758.705966344,0.206758,0.297264,-0.481540,-0.371490,0
321,000321.png,right,insufficient_row_coverage,tracking,607,0.046243,0,0,0,0.000000,0,0,,,,,3
321,000321.png,center,not_published,from_left_right,,,0,,,,
322,000322.png,left,ok,tracking,1729,0.456647,1729,1729,25,160.593282,-2.83859160317,766.348933027,0.206758,0.296049,-0.480854,-0.371490,0
322,000322.png,right,insufficient_row_coverage,tracking,591,0.046243,0,0,0,0.000000,0,0,,,,,4
322,000322.png,center,not_published,from_left_right,,,0,,,,
323,000323.png,left,ok,tracking,1716,0.456647,1716,1716,25,160.683055,-2.85284677169,770.426949576,0.206758,0.295740,-0.480169,-0.371490,0
323,000323.png,right,insufficient_row_coverage,tracking,601,0.046243,0,0,0,0.000000,0,0,,,,,5
323,000323.png,center,not_published,from_left_right,,,0,,,,
324,000324.png,left,ok,tracking,1583,0.421965,1583,1583,25,162.616281,-3.19418435104,849.067999429,0.207864,0.296049,-0.480854,-0.371490,0
324,000324.png,right,insufficient_row_coverage,tracking,605,0.046243,0,0,0,0.000000,0,0,,,,,6
324,000324.png,center,not_published,from_left_right,,,0,,,,
325,000325.png,left,ok,tracking,1636,0.433526,1636,1636,25,162.326459,-3.13841722745,834.99458934,0.207864,0.300578,-0.484301,-0.371490,0
325,000325.png,right,ok,init,4158,0.682081,4158,4158,25,28.929386,1.8093030076,55.3439563993,0.343100,0.492703,-1.170087,-0.597887,0
325,000325.png,center,ok,from_left_right,,,25,,,,
326,000326.png,left,ok,tracking,1620,0.433526,1620,1620,25,162.262360,-3.1263216647,835.717838344,0.207311,0.298299,-0.481540,-0.371490,0
326,000326.png,right,insufficient_row_coverage,tracking,586,0.046243,0,0,0,0.000000,0,0,,,,,1
326,000326.png,center,not_published,from_left_right,,,0,,,,
327,000327.png,left,ok,tracking,2069,0.468208,2069,2069,25,162.430362,-3.15820506616,843.513209133,0.207311,0.330172,-0.543671,-0.371490,0
327,000327.png,right,insufficient_row_coverage,tracking,587,0.046243,0,0,0,0.000000,0,0,,,,,2
327,000327.png,center,not_published,from_left_right,,,0,,,,
328,000328.png,left,ok,tracking,2125,0.468208,2125,2125,25,162.359496,-3.14468455402,839.673449739,0.207311,0.330967,-0.545389,-0.371490,0
328,000328.png,right,insufficient_row_coverage,tracking,595,0.046243,0,0,0,0.000000,0,0,,,,,3
328,000328.png,center,not_published,from_left_right,,,0,,,,
329,000329.png,left,ok,tracking,2139,0.468208,2139,2139,25,162.304147,-3.13419730423,836.990032799,0.207311,0.330569,-0.544528,-0.371490,0
329,000329.png,right,insufficient_row_coverage,tracking,604,0.046243,0,0,0,0.000000,0,0,,,,,4
329,000329.png,center,not_published,from_left_right,,,0,,,,
330,000330.png,left,ok,tracking,2138,0.468208,2138,2138,25,162.190976,-3.11295077374,831.991394696,0.207311,0.330172,-0.543671,-0.371490,0
330,000330.png,right,insufficient_row_coverage,tracking,561,0.040462,0,0,0,0.000000,0,0,,,,,5
330,000330.png,center,not_published,from_left_right,,,0,,,,
331,000331.png,left,ok,tracking,2147,0.468208,2147,2147,25,162.190726,-3.11290414567,831.610757025,0.207311,0.330172,-0.543671,-0.371490,0
331,000331.png,right,ok,tracking,542,0.121387,542,542,25,12.678019,4.44530113342,-515.390342988,0.359794,0.394478,-0.735065,-0.626650,0
331,000331.png,center,ok,from_left_right,,,25,,,,
332,000332.png,left,ok,tracking,2144,0.462428,2144,2144,25,162.146752,-3.10471908983,829.848550641,0.207864,0.329776,-0.542815,-0.371490,0
332,000332.png,right,ok,tracking,1460,0.248555,1460,1460,25,20.625295,2.65689477895,-154.638662927,0.345669,0.398585,-0.751887,-0.597887,0
332,000332.png,center,ok,from_left_right,,,25,,,,
333,000333.png,left,ok,tracking,2192,0.462428,2192,2192,25,162.016403,-3.08068416474,824.472111031,0.207864,0.329776,-0.542815,-0.371490,0
333,000333.png,right,ok,tracking,3501,0.670520,3501,3501,25,21.457927,2.5441249009,-134.289519578,0.343558,0.447960,-1.170087,-0.597887,0
333,000333.png,center,ok,from_left_right,,,25,,,,
334,000334.png,left,ok,tracking,2204,0.468208,2204,2204,25,161.878419,-3.05560588664,819.224448017,0.207311,0.330553,-0.542815,-0.371490,0
334,000334.png,right,ok,tracking,3529,0.664740,3529,3529,25,21.377120,2.55470173746,-134.969376458,0.343100,0.449555,-1.170087,-0.598909,0
334,000334.png,center,ok,from_left_right,,,25,,,,
335,000335.png,left,ok,tracking,2257,0.473988,2257,2257,25,161.249915,-2.94589061502,797.996867363,0.206205,0.329381,-0.541962,-0.371490,0
335,000335.png,right,ok,tracking,3530,0.653179,3530,3530,25,21.097922,2.59184045069,-141.302088567,0.343100,0.453922,-1.170087,-0.598909,0
335,000335.png,center,ok,from_left_right,,,25,,,,
336,000336.png,left,ok,tracking,2255,0.479769,2255,2255,25,161.090688,-2.91921270542,792.915995379,0.205652,0.330553,-0.542815,-0.371490,0
336,000336.png,right,ok,tracking,3214,0.618497,3214,3214,25,20.269214,2.70782181842,-166.736841674,0.343957,0.455521,-1.170087,-0.598909,0
336,000336.png,center,ok,from_left_right,,,25,,,,
337,000337.png,left,ok,tracking,2246,0.479769,2246,2246,25,161.174365,-2.93317820624,794.444416144,0.206205,0.330950,-0.543671,-0.371490,0
337,000337.png,right,ok,tracking,3509,0.647399,3509,3509,25,20.670250,2.65058469531,-150.661151502,0.344354,0.457120,-1.170087,-0.597887,0
337,000337.png,center,ok,from_left_right,,,25,,,,
338,000338.png,left,ok,tracking,2161,0.468208,2161,2161,25,161.997950,-3.07730887286,821.238277617,0.207864,0.332128,-0.544528,-0.371490,0
338,000338.png,right,ok,tracking,3535,0.653179,3535,3535,25,21.075347,2.59488441122,-136.140836999,0.345209,0.455521,-1.170087,-0.597887,0
338,000338.png,center,ok,from_left_right,,,25,,,,
339,000339.png,left,ok,tracking,2121,0.456647,2121,2121,25,162.407602,-3.15385128126,835.495022887,0.208970,0.331729,-0.543671,-0.371490,0
339,000339.png,right,ok,tracking,3401,0.630058,3401,3401,25,21.035489,2.60027389068,-139.661743611,0.345209,0.452744,-1.170087,-0.598909,0
339,000339.png,center,ok,from_left_right,,,25,,,,
340,000340.png,left,ok,tracking,2124,0.462428,2124,2124,25,162.051957,-3.08720643533,822.124821256,0.208417,0.332128,-0.544528,-0.371490,0
340,000340.png,right,ok,tracking,3725,0.653179,3725,3725,25,21.481458,2.54105909519,-125.539618306,0.344354,0.452322,-1.170087,-0.597887,0
340,000340.png,center,ok,from_left_right,,,25,,,,
341,000341.png,left,ok,tracking,2137,0.456647,2137,2137,25,162.239464,-3.12202167569,829.032083792,0.208970,0.331729,-0.543671,-0.371490,0
341,000341.png,right,ok,tracking,3667,0.653179,3667,3667,25,21.455741,2.54440995998,-124.922298669,0.345209,0.453922,-1.170087,-0.597887,0
341,000341.png,center,ok,from_left_right,,,25,,,,
342,000342.png,left,ok,tracking,2246,0.473988,2246,2246,25,161.117978,-2.9237542259,791.554441149,0.206758,0.328203,-0.539418,-0.371490,0
342,000342.png,right,ok,tracking,3924,0.658960,3924,3924,25,21.845907,2.49438037856,-115.983054363,0.345669,0.447960,-1.170087,-0.597887,0
342,000342.png,center,ok,from_left_right,,,25,,,,
343,000343.png,left,ok,tracking,2254,0.473988,2254,2254,25,161.300993,-2.95454140998,798.429646676,0.206758,0.328203,-0.539418,-0.371490,0
343,000343.png,right,ok,tracking,3797,0.653179,3797,3797,25,21.559655,2.53091703702,-124.219431538,0.345209,0.452322,-1.170087,-0.597887,0
343,000343.png,center,ok,from_left_right,,,25,,,,
344,000344.png,left,ok,tracking,2254,0.468208,2254,2254,25,161.509684,-2.99036445864,806.361746565,0.207311,0.328594,-0.540264,-0.371490,0
344,000344.png,right,ok,tracking,3954,0.664740,3954,3954,25,21.983235,2.47717342539,-113.901209597,0.344813,0.446366,-1.170087,-0.597887,0
344,000344.png,center,ok,from_left_right,,,25,,,,
345,000345.png,left,ok,tracking,2268,0.468208,2268,2268,25,161.786048,-3.03902287738,816.677731867,0.207311,0.328987,-0.541112,-0.371490,0
345,000345.png,right,ok,tracking,4003,0.670520,4003,4003,25,22.251399,2.44415526272,-108.219364586,0.344354,0.442727,-1.170087,-0.598909,0
345,000345.png,center,ok,from_left_right,,,25,,,,
346,000346.png,left,ok,tracking,2219,0.468208,2219,2219,25,161.853261,-3.05107322489,819.418911506,0.207311,0.329381,-0.541962,-0.371490,0
346,000346.png,right,ok,tracking,3905,0.676301,3905,3905,25,22.076098,2.46565335236,-113.137768085,0.343957,0.444326,-1.170087,-0.597887,0
346,000346.png,center,ok,from_left_right,,,25,,,,
347,000347.png,left,ok,tracking,2228,0.468208,2228,2228,25,161.826722,-3.04630495589,818.886945269,0.207311,0.330553,-0.542815,-0.371490,0
347,000347.png,right,ok,tracking,3768,0.658960,3768,3768,25,21.661039,2.51787146403,-123.487087886,0.343957,0.447960,-1.170087,-0.597887,0
347,000347.png,center,ok,from_left_right,,,25,,,,
348,000348.png,left,ok,tracking,2251,0.473988,2251,2251,25,161.532118,-2.99426198531,809.463420653,0.206758,0.329776,-0.542815,-0.371490,0
348,000348.png,right,ok,tracking,3771,0.653179,3771,3771,25,21.416970,2.54947629214,-129.332679294,0.343957,0.451149,-1.170087,-0.597887,0
348,000348.png,center,ok,from_left_right,,,25,,,,
349,000349.png,left,ok,tracking,2256,0.473988,2256,2256,25,161.652565,-3.01534444143,813.864810916,0.206758,0.330553,-0.542815,-0.371490,0
349,000349.png,right,ok,tracking,3783,0.653179,3783,3783,25,21.431011,2.54763951486,-128.569024828,0.343957,0.451149,-1.170087,-0.597887,0
349,000349.png,center,ok,from_left_right,,,25,,,,
350,000350.png,left,ok,tracking,1738,0.445087,1738,1738,25,161.656672,-3.01606792526,812.368861259,0.207311,0.298860,-0.484996,-0.371490,0
350,000350.png,right,ok,tracking,3855,0.658960,3855,3855,25,21.642758,2.52021516142,-123.136026388,0.344354,0.447960,-1.170087,-0.597887,0
350,000350.png,center,ok,from_left_right,,,25,,,,
351,000351.png,left,ok,tracking,2243,0.479769,2243,2243,25,161.339324,-2.96106312677,802.778648231,0.206205,0.327820,-0.540264,-0.371490,0
351,000351.png,right,ok,tracking,3944,0.658960,3944,3944,25,21.927498,2.48413249726,-116.754700355,0.344354,0.444771,-1.170087,-0.598909,0
351,000351.png,center,ok,from_left_right,,,25,,,,
352,000352.png,left,ok,tracking,2260,0.479769,2260,2260,25,161.496674,-2.98810849873,808.321109516,0.206205,0.329776,-0.542815,-0.371490,0
352,000352.png,right,ok,tracking,3840,0.653179,3840,3840,25,21.625868,2.52238387839,-125.020757292,0.343957,0.449124,-1.170087,-0.597887,0
352,000352.png,center,ok,from_left_right,,,25,,,,
353,000353.png,left,ok,tracking,2217,0.479769,2217,2217,25,161.503380,-2.98927091711,809.252810318,0.206205,0.329776,-0.542815,-0.371490,0
353,000353.png,right,ok,tracking,3842,0.653179,3842,3842,25,21.661435,2.51782076547,-124.367002211,0.343558,0.447525,-1.170087,-0.597887,0
353,000353.png,center,ok,from_left_right,,,25,,,,
354,000354.png,left,ok,tracking,2213,0.468208,2213,2213,25,161.777149,-3.0374339366,818.905162588,0.206758,0.330172,-0.543671,-0.371490,0
354,000354.png,right,ok,tracking,3888,0.658960,3888,3888,25,21.868254,2.49156637492,-119.602351555,0.343558,0.445926,-1.170087,-0.597887,0
354,000354.png,center,ok,from_left_right,,,25,,,,
355,000355.png,left,ok,tracking,2227,0.468208,2227,2227,25,161.980343,-3.07409448408,825.735382476,0.207311,0.330569,-0.544528,-0.371490,0
355,000355.png,right,ok,tracking,3863,0.664740,3863,3863,25,21.930794,2.48372007942,-118.666350487,0.343100,0.444771,-1.170087,-0.598909,0
355,000355.png,center,ok,from_left_right,,,25,,,,
356,000356.png,left,ok,tracking,2207,0.468208,2207,2207,25,162.090058,-3.09422382385,828.91475844,0.207311,0.330569,-0.544528,-0.371490,0
356,000356.png,right,ok,tracking,3861,0.664740,3861,3861,25,21.988606,2.47650463202,-117.534889511,0.343100,0.444326,-1.170087,-0.597887,0
356,000356.png,center,ok,from_left_right,,,25,,,,
357,000357.png,left,ok,tracking,1664,0.433526,1664,1664,25,161.895014,-3.05860248042,817.126998358,0.207864,0.296049,-0.480169,-0.371490,0
357,000357.png,right,ok,tracking,3804,0.664740,3804,3804,25,22.028623,2.47153136105,-116.379714024,0.342700,0.444326,-1.170087,-0.597887,0
357,000357.png,center,ok,from_left_right,,,25,,,,
358,000358.png,left,ok,tracking,1683,0.433526,1683,1683,25,161.835856,-3.04794453114,812.652926096,0.208417,0.296358,-0.480169,-0.371490,0
358,000358.png,right,ok,tracking,3840,0.670520,3840,3840,25,22.121118,2.46010136188,-113.662143369,0.342700,0.444326,-1.170087,-0.597887,0
358,000358.png,center,ok,from_left_right,,,25,,,,
359,000359.png,left,ok,tracking,1677,0.427746,1677,1677,25,161.769544,-3.03607716859,808.000858063,0.208970,0.296741,-0.480169,-0.371490,0
359,000359.png,right,ok,tracking,3704,0.658960,3704,3704,25,21.873660,2.49088643531,-119.358376849,0.343100,0.447525,-1.170087,-0.598909,0
359,000359.png,center,ok,from_left_right,,,25,,,,
360,000360.png,left,ok,tracking,1703,0.433526,1703,1703,25,161.621230,-3.00983390483,802.969344741,0.208970,0.296431,-0.480169,-0.371490,0
360,000360.png,right,ok,tracking,3920,0.670520,3920,3920,25,22.318790,2.43597616127,-108.012614652,0.343100,0.442727,-1.170087,-0.597887,0
360,000360.png,center,ok,from_left_right,,,25,,,,
361,000361.png,left,ok,tracking,1695,0.433526,1695,1695,25,161.637942,-3.01277051341,803.903886127,0.208417,0.296431,-0.480169,-0.371490,0
361,000361.png,right,ok,tracking,3955,0.676301,3955,3955,25,22.535261,2.41001748256,-102.962729545,0.343100,0.441128,-1.170087,-0.597887,0
361,000361.png,center,ok,from_left_right,,,25,,,,
362,000362.png,left,ok,tracking,1715,0.433526,1715,1715,25,161.613283,-3.00843930479,804.137286077,0.208417,0.296668,-0.480854,-0.371490,0
362,000362.png,right,ok,tracking,3912,0.676301,3912,3912,25,22.471031,2.41767031998,-104.929122815,0.343100,0.442727,-1.170087,-0.598909,0
362,000362.png,center,ok,from_left_right,,,25,,,,
363,000363.png,left,ok,tracking,1680,0.427746,1680,1680,25,161.933099,-3.06549968468,814.700755356,0.208970,0.296431,-0.480169,-0.371490,0
363,000363.png,right,ok,tracking,3959,0.682081,3959,3959,25,22.688631,2.39191000754,-99.6451792466,0.343100,0.441128,-1.170087,-0.598909,0
363,000363.png,center,ok,from_left_right,,,25,,,,
364,000364.png,left,ok,tracking,1682,0.427746,1682,1682,25,161.801627,-3.04180833338,810.000612982,0.208970,0.296049,-0.479487,-0.371490,0
364,000364.png,right,ok,tracking,4011,0.687861,4011,4011,25,22.840994,2.37414961978,-96.4459665496,0.342813,0.439529,-1.170087,-0.597887,0
364,000364.png,center,ok,from_left_right,,,25,,,,
365,000365.png,left,ok,tracking,1686,0.433526,1686,1686,25,161.660635,-3.01676644478,805.243456683,0.208417,0.295740,-0.479487,-0.371490,0
365,000365.png,right,ok,tracking,3958,0.687861,3958,3958,25,22.840992,2.37414982948,-97.0391167538,0.342700,0.439529,-1.170087,-0.597887,0
365,000365.png,center,ok,from_left_right,,,25,,,,
366,000366.png,left,ok,tracking,1658,0.433526,1658,1658,25,161.677151,-3.01968070806,805.460590819,0.208417,0.295665,-0.478806,-0.371490,0
366,000366.png,right,ok,tracking,3868,0.682081,3868,3868,25,22.720198,2.38821176849,-100.044406975,0.342299,0.439529,-1.170087,-0.597887,0
366,000366.png,center,ok,from_left_right,,,25,,,,
367,000367.png,left,ok,tracking,1673,0.427746,1673,1673,25,161.772612,-3.0366244023,807.842411027,0.208970,0.295740,-0.478806,-0.371490,0
367,000367.png,right,ok,tracking,3887,0.682081,3887,3887,25,22.797367,2.37921203445,-97.9843779037,0.342244,0.439529,-1.170087,-0.598909,0
367,000367.png,center,ok,from_left_right,,,25,,,,
368,000368.png,left,ok,tracking,1682,0.433526,1682,1682,25,161.503141,-2.9892294874,798.999158502,0.208417,0.295357,-0.478806,-0.371490,0
368,000368.png,right,ok,tracking,3905,0.687861,3905,3905,25,22.833938,2.37496714717,-97.5495058993,0.342354,0.439529,-1.170087,-0.597887,0
368,000368.png,center,ok,from_left_right,,,25,,,,
369,000369.png,left,ok,tracking,1654,0.421965,1654,1654,25,161.933887,-3.06564264429,813.367783512,0.209523,0.295815,-0.478806,-0.371490,0
369,000369.png,right,ok,tracking,3870,0.687861,3870,3870,25,22.963330,2.3600508414,-93.9445611162,0.342244,0.437930,-1.170087,-0.598909,0
369,000369.png,center,ok,from_left_right,,,25,,,,
370,000370.png,left,ok,tracking,1643,0.421965,1643,1643,25,162.254522,-3.12484854827,824.035099666,0.210076,0.296123,-0.478806,-0.371490,0
370,000370.png,right,ok,tracking,3913,0.693642,3913,3913,25,23.092906,2.34527174449,-90.6029866812,0.342354,0.436799,-1.170087,-0.598909,0
370,000370.png,center,ok,from_left_right,,,25,,,,
371,000371.png,left,ok,tracking,1649,0.421965,1649,1649,25,162.049019,-3.08666656632,816.95802826,0.209523,0.295815,-0.478806,-0.371490,0
371,000371.png,right,ok,tracking,3427,0.670520,3427,3427,25,22.119811,2.46026231158,-119.399155775,0.342700,0.439529,-1.170087,-0.598909,0
371,000371.png,center,ok,from_left_right,,,25,,,,
372,000372.png,left,ok,tracking,1639,0.421965,1639,1639,25,162.273416,-3.12840187817,823.949260669,0.210076,0.296270,-0.478127,-0.371490,0
372,000372.png,right,ok,tracking,3764,0.687861,3764,3764,25,22.732591,2.3867626244,-100.284101308,0.342244,0.439529,-1.170087,-0.598909,0
372,000372.png,center,ok,from_left_right,,,25,,,,
373,000373.png,left,ok,tracking,1628,0.416185,1628,1628,25,162.260166,-3.12590924766,822.596048573,0.210629,0.296270,-0.478127,-0.371490,0
373,000373.png,right,ok,tracking,3815,0.682081,3815,3815,25,22.838858,2.3743970608,-96.5088950579,0.342244,0.439988,-1.170087,-0.598909,0
373,000373.png,center,ok,from_left_right,,,25,,,,
374,000374.png,left,ok,tracking,1616,0.421965,1616,1616,25,162.192377,-3.11321210206,820.138198132,0.210076,0.296270,-0.478127,-0.371490,0
374,000374.png,right,ok,tracking,3681,0.676301,3681,3681,25,22.868261,2.37099479323,-95.1186349108,0.342700,0.439988,-1.170087,-0.598909,0
374,000374.png,center,ok,from_left_right,,,25,,,,
375,000375.png,left,ok,tracking,1651,0.427746,1651,1651,25,162.020360,-3.08140888261,815.678658654,0.209523,0.295815,-0.478127,-0.371490,0
375,000375.png,right,ok,tracking,3413,0.670520,3413,3413,25,22.268193,2.44211259535,-114.960499722,0.343100,0.439529,-1.170087,-0.598909,0
375,000375.png,center,ok,from_left_right,,,25,,,,
376,000376.png,left,ok,tracking,1632,0.427746,1632,1632,25,162.164051,-3.1079343387,821.170299545,0.209523,0.295890,-0.478127,-0.371490,0
376,000376.png,right,ok,tracking,3323,0.670520,3323,3323,25,22.146963,2.45692386202,-119.31573519,0.342244,0.439529,-1.170087,-0.598909,0
376,000376.png,center,ok,from_left_right,,,25,,,,
377,000377.png,left,ok,tracking,1616,0.421965,1616,1616,25,162.301037,-3.13361000833,826.960499936,0.210076,0.296037,-0.478127,-0.371490,0
377,000377.png,right,ok,tracking,3290,0.670520,3290,3290,25,22.179083,2.45298461463,-118.772018301,0.342244,0.439529,-1.170087,-0.598909,0
377,000377.png,center,ok,from_left_right,,,25,,,,
378,000378.png,left,ok,tracking,1624,0.421965,1624,1624,25,162.390828,-3.1506494015,831.328335212,0.210076,0.296343,-0.478806,-0.371490,0
378,000378.png,right,ok,tracking,3823,0.699422,3823,3823,25,23.095046,2.34502903537,-92.786673656,0.341388,0.435204,-1.170087,-0.598909,0
378,000378.png,center,ok,from_left_right,,,25,,,,
379,000379.png,left,ok,tracking,1607,0.421965,1607,1607,25,162.559801,-3.18317572937,838.395121109,0.210076,0.296649,-0.478806,-0.371490,0
379,000379.png,right,ok,tracking,3838,0.693642,3838,3838,25,23.364638,2.31478225998,-84.9189465744,0.341388,0.433610,-1.170087,-0.598909,0
379,000379.png,center,ok,from_left_right,,,25,,,,
380,000380.png,left,ok,tracking,1587,0.416185,1587,1587,25,162.814252,-3.23332502751,847.440398742,0.210629,0.297573,-0.478806,-0.371490,0
380,000380.png,right,ok,tracking,3439,0.693642,3439,3439,25,22.551996,2.40803024805,-107.759496316,0.342244,0.436330,-1.170087,-0.598909,0
380,000380.png,center,ok,from_left_right,,,25,,,,
381,000381.png,left,ok,tracking,1583,0.421965,1583,1583,25,162.818953,-3.23426504668,847.41237032,0.210629,0.298261,-0.479487,-0.371490,0
381,000381.png,right,ok,tracking,3301,0.670520,3301,3301,25,22.357030,2.43135576143,-112.664229333,0.343100,0.438393,-1.170087,-0.598909,0
381,000381.png,center,ok,from_left_right,,,25,,,,
382,000382.png,left,ok,tracking,1609,0.427746,1609,1609,25,162.649226,-3.20063780372,842.470565679,0.210076,0.298261,-0.479487,-0.371490,0
382,000382.png,right,ok,tracking,3269,0.664740,3269,3269,25,22.146082,2.45703206576,-118.386422779,0.343100,0.439988,-1.170087,-0.598909,0
382,000382.png,center,ok,from_left_right,,,25,,,,
383,000383.png,left,ok,tracking,1596,0.427746,1596,1596,25,162.660673,-3.20288575063,843.844098681,0.210076,0.298572,-0.480169,-0.371490,0
383,000383.png,right,ok,tracking,3213,0.670520,3213,3213,25,22.011205,2.47369389499,-121.798896116,0.343100,0.441128,-1.170087,-0.598909,0
383,000383.png,center,ok,from_left_right,,,25,,,,
384,000384.png,left,ok,tracking,1600,0.427746,1600,1600,25,162.816565,-3.23378750259,850.195029205,0.210076,0.298883,-0.480169,-0.371490,0
384,000384.png,right,ok,tracking,3224,0.676301,3224,3224,25,22.179513,2.45293203206,-116.929580374,0.343100,0.439529,-1.170087,-0.598909,0
384,000384.png,center,ok,from_left_right,,,25,,,,
385,000385.png,left,ok,tracking,1616,0.433526,1616,1616,25,162.629924,-3.19685391907,845.291106009,0.209523,0.298883,-0.480169,-0.371490,0
385,000385.png,right,ok,tracking,3252,0.670520,3252,3252,25,22.228226,2.44697861112,-116.273359441,0.342700,0.439529,-1.170087,-0.598909,0
385,000385.png,center,ok,from_left_right,,,25,,,,
386,000386.png,left,ok,tracking,1617,0.439306,1617,1617,25,162.686405,-3.20794914341,849.687840931,0.208970,0.299508,-0.480854,-0.371490,0
386,000386.png,right,ok,tracking,3276,0.670520,3276,3276,25,22.244309,2.44501855885,-116.28453799,0.342244,0.439529,-1.170087,-0.598909,0
386,000386.png,center,ok,from_left_right,,,25,,,,
387,000387.png,left,ok,tracking,1619,0.439306,1619,1619,25,162.817302,-3.23393478293,855.810698264,0.208970,0.300451,-0.481540,-0.371490,0
387,000387.png,right,ok,tracking,3241,0.670520,3241,3241,25,22.168187,2.45431972783,-118.063955606,0.342700,0.439529,-1.170087,-0.598909,0
387,000387.png,center,ok,from_left_right,,,25,,,,
388,000388.png,left,ok,tracking,1627,0.439306,1627,1627,25,162.964683,-3.2636562808,863.344077931,0.208970,0.301401,-0.482917,-0.371490,0
388,000388.png,right,ok,tracking,3260,0.670520,3260,3260,25,22.171711,2.45388782469,-117.632755715,0.343100,0.439529,-1.170087,-0.598909,0
388,000388.png,center,ok,from_left_right,,,25,,,,
389,000389.png,left,ok,tracking,1664,0.445087,1664,1664,25,162.998151,-3.270475133,868.92090482,0.208417,0.302039,-0.484996,-0.371490,0
389,000389.png,right,ok,tracking,3313,0.676301,3313,3313,25,22.454392,2.41965953256,-110.85181515,0.342244,0.436330,-1.170087,-0.599934,0
389,000389.png,center,ok,from_left_right,,,25,,,,
390,000390.png,left,ok,tracking,1662,0.445087,1662,1662,25,163.179764,-3.30793689615,876.884961954,0.208417,0.303325,-0.486391,-0.371490,0
390,000390.png,right,ok,tracking,3248,0.670520,3248,3248,25,22.189342,2.45172871219,-116.740837139,0.343100,0.439529,-1.170087,-0.598909,0
390,000390.png,center,ok,from_left_right,,,25,,,,
391,000391.png,left,ok,tracking,1680,0.456647,1680,1680,25,163.113617,-3.29420214342,877.793502717,0.207864,0.305003,-0.488498,-0.371490,0
391,000391.png,right,ok,tracking,3231,0.664740,3231,3231,25,21.921057,2.48493882452,-122.976078878,0.343100,0.439988,-1.170087,-0.598909,0
391,000391.png,center,ok,from_left_right,,,25,,,,
392,000392.png,left,ok,tracking,1711,0.462428,1711,1711,25,162.997663,-3.27037559577,875.750432243,0.207311,0.306316,-0.490621,-0.371490,0
392,000392.png,right,ok,tracking,3250,0.658960,3250,3250,25,21.693661,2.51369850573,-128.065645881,0.343558,0.442727,-1.170087,-0.598909,0
392,000392.png,center,ok,from_left_right,,,25,,,,
393,000393.png,left,ok,tracking,1722,0.462428,1722,1722,25,163.126486,-3.2968659689,881.399412675,0.207311,0.307642,-0.493478,-0.371490,0
393,000393.png,right,ok,tracking,3183,0.653179,3183,3183,25,21.394996,2.55235534983,-134.143124567,0.344354,0.445926,-1.170087,-0.598909,0
393,000393.png,center,ok,from_left_right,,,25,,,,
394,000394.png,left,ok,tracking,1750,0.473988,1750,1750,25,163.169622,-3.30582429729,887.816569946,0.206758,0.309026,-0.495641,-0.371490,0
394,000394.png,right,ok,tracking,3317,0.653179,3317,3317,25,21.515324,2.53665815932,-130.359598963,0.343957,0.444326,-1.170087,-0.598909,0
394,000394.png,center,ok,from_left_right,,,25,,,,
395,000395.png,left,ok,tracking,1768,0.473988,1768,1768,25,163.224430,-3.31727103992,890.1819165,0.206758,0.310377,-0.497821,-0.371490,0
395,000395.png,right,ok,tracking,3434,0.641618,3434,3434,25,21.250498,2.57142960825,-133.39024843,0.345209,0.451149,-1.170087,-0.598909,0
395,000395.png,center,ok,from_left_right,,,25,,,,
396,000396.png,left,ok,tracking,1789,0.485549,1789,1789,25,163.126538,-3.29687676894,887.485189057,0.206205,0.312466,-0.500754,-0.371490,0
396,000396.png,right,ok,tracking,3200,0.624277,3200,3200,25,20.684348,2.64861117265,-148.937336854,0.345669,0.453922,-1.170087,-0.598909,0
396,000396.png,center,ok,from_left_right,,,25,,,,
397,000397.png,left,ok,tracking,1807,0.485549,1807,1807,25,163.113020,-3.29407853638,887.836754789,0.206205,0.313156,-0.502975,-0.371490,0
397,000397.png,right,ok,tracking,3210,0.618497,3210,3210,25,20.473940,2.67833452716,-153.540037737,0.346064,0.455933,-1.170087,-0.598909,0
397,000397.png,center,ok,from_left_right,,,25,,,,
398,000398.png,left,ok,tracking,1820,0.479769,1820,1820,25,163.363350,-3.34661287686,900.087218082,0.206758,0.314548,-0.505214,-0.371490,0
398,000398.png,right,ok,tracking,3269,0.618497,3269,3269,25,20.478518,2.67768157386,-152.441495135,0.346064,0.455933,-1.170087,-0.598909,0
398,000398.png,center,ok,from_left_right,,,25,,,,
399,000399.png,left,ok,tracking,1844,0.479769,1844,1844,25,163.464360,-3.36824817773,906.067735364,0.206758,0.315956,-0.508228,-0.371490,0
399,000399.png,right,ok,tracking,3322,0.618497,3322,3322,25,20.531043,2.67021023106,-150.22344795,0.346064,0.455521,-1.170087,-0.598909,0
399,000399.png,center,ok,from_left_right,,,25,,,,
400,000400.png,left,ok,tracking,1866,0.491329,1866,1866,25,163.261413,-3.32503614225,900.248753624,0.205652,0.316665,-0.510509,-0.371490,0
400,000400.png,right,ok,tracking,3252,0.606936,3252,3252,25,20.042823,2.7411012902,-164.27586547,0.346064,0.460318,-1.170087,-0.598909,0
400,000400.png,center,ok,from_left_right,,,25,,,,
401,000401.png,left,ok,tracking,1877,0.491329,1877,1877,25,163.283294,-3.32964599913,901.393783304,0.205652,0.317737,-0.512810,-0.371490,0
401,000401.png,right,ok,tracking,3273,0.601156,3273,3273,25,19.813191,2.77560165629,-169.911883002,0.346458,0.462311,-1.170087,-0.597887,0
401,000401.png,center,ok,from_left_right,,,25,,,,
402,000402.png,left,ok,tracking,1890,0.497110,1890,1890,25,163.159528,-3.30372390176,897.407786562,0.205099,0.318817,-0.514354,-0.371490,0
402,000402.png,right,ok,tracking,3246,0.589595,3246,3246,25,19.545120,2.81686120969,-176.922246562,0.346919,0.465116,-1.170087,-0.597887,0
402,000402.png,center,ok,from_left_right,,,25,,,,
403,000403.png,left,ok,tracking,1900,0.502890,1900,1900,25,163.084589,-3.28820755955,896.9175168,0.204546,0.318817,-0.515129,-0.371490,0
403,000403.png,right,ok,tracking,3260,0.583815,3260,3260,25,19.289304,2.85726152158,-184.299892589,0.347311,0.468315,-1.170087,-0.597887,0
403,000403.png,center,ok,from_left_right,,,25,,,,
404,000404.png,left,ok,tracking,1913,0.502890,1913,1913,25,162.982224,-3.26722689946,893.524946355,0.204546,0.320637,-0.518252,-0.371490,0
404,000404.png,right,ok,tracking,3300,0.578035,3300,3300,25,19.127873,2.8832905899,-188.954768315,0.347311,0.468315,-1.170087,-0.597887,0
404,000404.png,center,ok,from_left_right,,,25,,,,
405,000405.png,left,ok,tracking,1947,0.508671,1947,1947,25,162.782333,-3.2269552502,886.396164112,0.203993,0.321741,-0.520616,-0.371490,0
405,000405.png,right,ok,tracking,3302,0.572254,3302,3302,25,18.763773,2.94358008147,-200.133355714,0.347311,0.471878,-1.170087,-0.597887,0
405,000405.png,center,ok,from_left_right,,,25,,,,
406,000406.png,left,ok,tracking,1963,0.514451,1963,1963,25,162.681706,-3.20702346807,883.777913657,0.203441,0.322111,-0.521409,-0.371490,0
406,000406.png,right,ok,tracking,3305,0.560694,3305,3305,25,18.514884,2.98610686652,-207.911493191,0.347311,0.474711,-1.170087,-0.597887,0
406,000406.png,center,ok,from_left_right,,,25,,,,
407,000407.png,left,ok,tracking,1979,0.526012,1979,1979,25,162.557505,-3.18272967433,881.093983143,0.202335,0.322854,-0.523000,-0.371490,0
407,000407.png,right,ok,tracking,3366,0.560694,3366,3366,25,18.410607,3.00425380479,-211.636750368,0.347774,0.475067,-1.170087,-0.597887,0
407,000407.png,center,ok,from_left_right,,,25,,,,
408,000408.png,left,ok,tracking,1989,0.526012,1989,1989,25,162.464595,-3.16477447166,876.497867833,0.202335,0.322854,-0.523799,-0.371490,0
408,000408.png,right,ok,tracking,3384,0.560694,3384,3384,25,18.344231,3.01590874142,-214.148985392,0.347774,0.476311,-1.170087,-0.597887,0
408,000408.png,center,ok,from_left_right,,,25,,,,
409,000409.png,left,ok,tracking,1961,0.520231,1961,1961,25,162.497497,-3.17111165958,875.396145384,0.202888,0.322482,-0.522203,-0.371490,0
409,000409.png,right,ok,tracking,3441,0.566474,3441,3441,25,18.425528,3.00164503201,-211.573895111,0.347774,0.474711,-1.170087,-0.597887,0
409,000409.png,center,ok,from_left_right,,,25,,,,
410,000410.png,left,ok,tracking,1979,0.520231,1979,1979,25,162.388400,-3.1501864088,871.250528017,0.202888,0.322854,-0.523799,-0.371490,0
410,000410.png,right,ok,tracking,3437,0.560694,3437,3437,25,18.354084,3.01417356688,-215.045062224,0.347774,0.474711,-1.170087,-0.597887,0
410,000410.png,center,ok,from_left_right,,,25,,,,
411,000411.png,left,ok,tracking,1966,0.531792,1966,1966,25,162.111934,-3.09826592112,860.430829923,0.201782,0.323228,-0.523799,-0.371490,0
411,000411.png,right,ok,tracking,3293,0.549133,3293,3293,25,17.948198,3.08717802055,-229.297235157,0.347311,0.479509,-1.170087,-0.597887,0
411,000411.png,center,ok,from_left_right,,,25,,,,
412,000412.png,left,ok,tracking,1988,0.526012,1988,1988,25,162.156028,-3.10644245049,861.903159758,0.202335,0.323602,-0.525404,-0.371490,0
412,000412.png,right,ok,tracking,3428,0.554913,3428,3428,25,18.029815,3.07224285958,-226.364447814,0.347311,0.477910,-1.170087,-0.597887,0
412,000412.png,center,ok,from_left_right,,,25,,,,
413,000413.png,left,ok,tracking,1988,0.537572,1988,1988,25,161.917304,-3.06263570862,854.875512316,0.201229,0.323977,-0.526210,-0.371490,0
413,000413.png,right,ok,tracking,3376,0.549133,3376,3376,25,17.956358,3.08567894224,-229.959363417,0.347311,0.477910,-1.170087,-0.597887,0
413,000413.png,center,ok,from_left_right,,,25,,,,
414,000414.png,left,ok,tracking,2003,0.537572,2003,2003,25,161.903117,-3.06006751441,855.298529144,0.201229,0.324353,-0.527018,-0.371490,0
414,000414.png,right,ok,tracking,3372,0.543353,3372,3372,25,17.843321,3.10656348306,-234.391787097,0.347311,0.478256,-1.170087,-0.597887,0
414,000414.png,center,ok,from_left_right,,,25,,,,
415,000415.png,left,ok,tracking,2035,0.549133,2035,2035,25,161.616003,-3.00891652821,847.980828495,0.200123,0.326251,-0.530274,-0.371490,0
415,000415.png,right,ok,tracking,3412,0.537572,3412,3412,25,17.680377,3.1371232866,-240.83065028,0.347311,0.479850,-1.170087,-0.597887,0
415,000415.png,center,ok,from_left_right,,,25,,,,
416,000416.png,left,ok,tracking,2059,0.554913,2059,2059,25,161.522124,-2.99252465423,846.078512625,0.199570,0.327018,-0.532740,-0.371490,0
416,000416.png,right,ok,tracking,3347,0.537572,3347,3347,25,17.468886,3.17761068792,-248.524093527,0.347311,0.481108,-1.170087,-0.597887,0
416,000416.png,center,ok,from_left_right,,,25,,,,
417,000417.png,left,ok,tracking,2062,0.560694,2062,2062,25,161.514724,-2.99123931217,846.979213162,0.199017,0.327789,-0.533566,-0.371490,0
417,000417.png,right,ok,tracking,3371,0.537572,3371,3371,25,17.413251,3.1884196006,-250.306360722,0.347311,0.481108,-1.170087,-0.597887,0
417,000417.png,center,ok,from_left_right,,,25,,,,
418,000418.png,left,ok,tracking,2136,0.560694,2136,2136,25,161.027416,-2.90873146723,828.091940551,0.199017,0.329344,-0.536896,-0.371490,0
418,000418.png,right,ok,tracking,3313,0.531792,3313,3313,25,17.202498,3.22997946288,-258.154472558,0.348165,0.484307,-1.170087,-0.597887,0
418,000418.png,center,ok,from_left_right,,,25,,,,
419,000419.png,left,ok,tracking,2084,0.566474,2084,2084,25,161.377631,-2.96760679583,844.131642508,0.198464,0.328953,-0.536060,-0.371490,0
419,000419.png,right,ok,tracking,3341,0.531792,3341,3341,25,17.086659,3.25324589967,-261.566683879,0.348555,0.485906,-1.170087,-0.597887,0
419,000419.png,center,ok,from_left_right,,,25,,,,
420,000420.png,left,ok,tracking,2102,0.572254,2102,2102,25,161.265233,-2.94848018915,841.392760207,0.197911,0.330128,-0.538575,-0.371490,0
420,000420.png,right,ok,tracking,3246,0.520231,3246,3246,25,16.862565,3.29913570833,-269.24084099,0.349019,0.487823,-1.170087,-0.597887,0
420,000420.png,center,ok,from_left_right,,,25,,,,
421,000421.png,left,ok,tracking,2117,0.583815,2117,2117,25,161.117575,-2.92368707101,840.318705484,0.196805,0.330916,-0.541112,-0.371490,0
421,000421.png,right,ok,tracking,3369,0.520231,3369,3369,25,16.796793,3.31283001019,-272.176325258,0.348555,0.487505,-1.170087,-0.597887,0
421,000421.png,center,ok,from_left_right,,,25,,,,
422,000422.png,left,ok,tracking,2202,0.583815,2202,2202,25,160.666636,-2.8502299899,821.434141117,0.196805,0.331312,-0.541962,-0.371490,0
422,000422.png,right,ok,tracking,3543,0.526012,3543,3543,25,16.958289,3.27938942671,-260.965227952,0.349407,0.490703,-1.170087,-0.596869,0
422,000422.png,center,ok,from_left_right,,,25,,,,
423,000423.png,left,ok,tracking,2258,0.589595,2258,2258,25,160.401033,-2.80848647976,812.591205479,0.196252,0.332908,-0.544528,-0.371490,0
423,000423.png,right,ok,tracking,3341,0.514451,3341,3341,25,16.513854,3.37294824421,-280.770212951,0.350259,0.492303,-1.170087,-0.597887,0
423,000423.png,center,ok,from_left_right,,,25,,,,
424,000424.png,left,ok,tracking,2271,0.595376,2271,2271,25,160.274751,-2.78901833095,809.158539734,0.195699,0.334117,-0.547117,-0.371490,0
424,000424.png,right,ok,tracking,3329,0.508671,3329,3329,25,16.378739,3.40236924358,-285.327898307,0.350726,0.493902,-1.170087,-0.596869,0
424,000424.png,center,ok,from_left_right,,,25,,,,
425,000425.png,left,ok,tracking,2275,0.595376,2275,2275,25,160.222064,-2.78096651317,807.817891369,0.195699,0.334522,-0.547985,-0.371490,0
425,000425.png,right,ok,tracking,3229,0.502890,3229,3229,25,16.082339,3.4685936749,-296.465746716,0.351496,0.497390,-1.170087,-0.596869,0
425,000425.png,center,ok,from_left_right,,,25,,,,
426,000426.png,left,ok,tracking,2199,0.606936,2199,2199,25,160.573555,-2.83547605817,825.270786077,0.194593,0.334928,-0.548855,-0.371490,0
426,000426.png,right,ok,tracking,3460,0.497110,3460,3460,25,16.204941,3.44091508769,-287.784713978,0.351496,0.498700,-1.170087,-0.596869,0
426,000426.png,center,ok,from_left_right,,,25,,,,
427,000427.png,left,ok,tracking,2254,0.601156,2254,2254,25,160.303524,-2.79343307958,812.723327986,0.195146,0.335336,-0.549728,-0.371490,0
427,000427.png,right,ok,tracking,3597,0.502890,3597,3597,25,16.343430,3.4101357357,-279.744734698,0.351964,0.497100,-1.170087,-0.596869,0
427,000427.png,center,ok,from_left_right,,,25,,,,
428,000428.png,left,ok,tracking,2205,0.612717,2205,2205,25,160.548642,-2.83155021039,825.054682466,0.194040,0.336155,-0.551481,-0.371490,0
428,000428.png,right,ok,tracking,3419,0.497110,3419,3419,25,16.042474,3.47768249678,-294.064143755,0.352347,0.498700,-1.170087,-0.596869,0
428,000428.png,center,ok,from_left_right,,,25,,,,
429,000429.png,left,ok,tracking,2319,0.618497,2319,2319,25,160.050737,-2.7550659564,807.374819776,0.193487,0.336978,-0.553245,-0.371490,0
429,000429.png,right,ok,tracking,3689,0.491329,3689,3689,25,16.390158,3.39986454269,-273.566354334,0.352347,0.500299,-1.170087,-0.596869,0
429,000429.png,center,ok,from_left_right,,,25,,,,
430,000430.png,left,ok,tracking,2335,0.624277,2335,2335,25,159.794418,-2.71710352559,799.064742529,0.192934,0.337807,-0.555019,-0.371490,0
430,000430.png,right,ok,tracking,3371,0.485549,3371,3371,25,15.815027,3.53039067099,-302.273308225,0.353197,0.502173,-1.170087,-0.596869,0
430,000430.png,center,ok,from_left_right,,,25,,,,
431,000431.png,left,ok,tracking,2379,0.624277,2379,2379,25,159.693377,-2.70239121107,796.576468866,0.192934,0.338640,-0.556804,-0.371490,0
431,000431.png,right,ok,tracking,3350,0.479769,3350,3350,25,15.750561,3.54559964241,-304.727560102,0.353197,0.503497,-1.170087,-0.596869,0
431,000431.png,center,ok,from_left_right,,,25,,,,
432,000432.png,left,ok,tracking,2376,0.630058,2376,2376,25,159.583886,-2.68660606595,794.45364437,0.192381,0.339059,-0.557700,-0.371490,0
432,000432.png,right,ok,tracking,3328,0.479769,3328,3328,25,15.716589,3.55366332149,-304.823743104,0.353578,0.503768,-1.170087,-0.596869,0
432,000432.png,center,ok,from_left_right,,,25,,,,
433,000433.png,left,ok,tracking,2392,0.641618,2392,2392,25,159.368741,-2.65605605167,789.512994559,0.191275,0.339059,-0.557700,-0.371490,0
433,000433.png,right,ok,tracking,3357,0.473988,3357,3357,25,15.686188,3.56090825972,-304.236828237,0.353578,0.505096,-1.170087,-0.596869,0
433,000433.png,center,ok,from_left_right,,,25,,,,
434,000434.png,left,ok,tracking,2275,0.647399,2275,2275,25,160.069656,-2.75790503854,818.989065841,0.190723,0.339059,-0.557700,-0.371490,0
434,000434.png,right,ok,tracking,3398,0.479769,3398,3398,25,15.622741,3.57611702868,-307.249875335,0.354048,0.505096,-1.170087,-0.597887,0
434,000434.png,center,ok,from_left_right,,,25,,,,
435,000435.png,left,ok,tracking,2269,0.653179,2269,2269,25,159.916275,-2.73503545781,814.027844405,0.190170,0.339059,-0.557700,-0.371490,0
435,000435.png,right,ok,tracking,3346,0.462428,3346,3346,25,15.710380,3.55514084028,-297.794887408,0.355277,0.508295,-1.170087,-0.597887,0
435,000435.png,center,ok,from_left_right,,,25,,,,
436,000436.png,left,ok,tracking,2300,0.658960,2300,2300,25,159.903509,-2.7331471233,817.528059369,0.189617,0.339059,-0.557700,-0.371490,0
436,000436.png,right,ok,tracking,3433,0.468208,3433,3433,25,15.458376,3.61608264829,-311.650566396,0.354428,0.506696,-1.170087,-0.597887,0
436,000436.png,center,ok,from_left_right,,,25,,,,
437,000437.png,left,ok,tracking,2274,0.664740,2274,2274,25,159.877654,-2.72932958313,817.883584365,0.189064,0.339059,-0.557700,-0.371490,0
437,000437.png,right,ok,tracking,3360,0.462428,3360,3360,25,15.476484,3.61163903765,-309.724136297,0.355277,0.508295,-1.170087,-0.597887,0
437,000437.png,center,ok,from_left_right,,,25,,,,
438,000438.png,left,ok,tracking,2372,0.664740,2372,2372,25,159.542441,-2.68067307495,803.637408558,0.189064,0.339059,-0.557700,-0.371490,0
438,000438.png,right,ok,tracking,3469,0.462428,3469,3469,25,15.735967,3.54905964773,-292.971130583,0.356601,0.508551,-1.170087,-0.597887,0
438,000438.png,center,ok,from_left_right,,,25,,,,
439,000439.png,left,ok,tracking,2386,0.670520,2386,2386,25,159.293914,-2.64557332632,795.580166597,0.188511,0.339059,-0.557700,-0.371490,0
439,000439.png,right,ok,tracking,3374,0.456647,3374,3374,25,15.535517,3.59722304924,-302.09534063,0.356601,0.509894,-1.170087,-0.597887,0
439,000439.png,center,ok,from_left_right,,,25,,,,
440,000440.png,left,ok,tracking,2399,0.670520,2399,2399,25,159.129528,-2.62279628017,790.166089217,0.188511,0.339059,-0.557700,-0.371490,0
440,000440.png,right,ok,tracking,3350,0.456647,3350,3350,25,15.449042,3.61837704081,-305.923136624,0.356502,0.510146,-1.170087,-0.596869,0
440,000440.png,center,ok,from_left_right,,,25,,,,
441,000441.png,left,ok,tracking,2460,0.682081,2460,2460,25,158.777888,-2.57520568599,780.219630677,0.187405,0.339059,-0.557700,-0.371490,0
441,000441.png,right,ok,tracking,3378,0.456647,3378,3378,25,15.348677,3.6432205857,-311.325873571,0.356127,0.510146,-1.170087,-0.596869,0
441,000441.png,center,ok,from_left_right,,,25,,,,
442,000442.png,left,ok,tracking,2520,0.687861,2520,2520,25,158.447623,-2.53185806317,771.672998916,0.186852,0.339059,-0.557700,-0.371490,0
442,000442.png,right,ok,tracking,3460,0.462428,3460,3460,25,15.260966,3.66519299345,-318.407676912,0.355750,0.508295,-1.170087,-0.596869,0
442,000442.png,center,ok,from_left_right,,,25,,,,
443,000443.png,left,ok,tracking,2445,0.682081,2445,2445,25,158.825657,-2.58158218082,780.774417776,0.187405,0.339059,-0.557700,-0.371490,0
443,000443.png,right,ok,tracking,3286,0.450867,3286,3286,25,15.556385,3.59215252328,-299.764277322,0.357452,0.510146,-1.170087,-0.597887,0
443,000443.png,center,ok,from_left_right,,,25,,,,
444,000444.png,left,ok,tracking,2266,0.682081,2266,2266,25,159.668098,-2.69873229337,812.935328726,0.187405,0.339059,-0.557700,-0.371490,0
444,000444.png,right,ok,tracking,3405,0.456647,3405,3405,25,15.463090,3.61492494957,-305.340189895,0.356701,0.509894,-1.170087,-0.600962,0
444,000444.png,center,ok,from_left_right,,,25,,,,
445,000445.png,left,ok,tracking,2440,0.687861,2440,2440,25,158.862738,-2.5865508454,785.684611271,0.186852,0.339059,-0.557700,-0.371490,0
445,000445.png,right,ok,tracking,3447,0.456647,3447,3447,25,15.452268,3.6175837841,-306.1175497,0.356701,0.509894,-1.170087,-0.598909,0
445,000445.png,center,ok,from_left_right,,,25,,,,
446,000446.png,left,ok,tracking,2421,0.682081,2421,2421,25,159.062980,-2.61367266438,789.477735559,0.187405,0.339059,-0.557700,-0.371490,0
446,000446.png,right,ok,tracking,3450,0.456647,3450,3450,25,15.623741,3.57587630454,-296.04300637,0.357077,0.509894,-1.170087,-0.598909,0
446,000446.png,center,ok,from_left_right,,,25,,,,
447,000447.png,left,ok,tracking,2471,0.687861,2471,2471,25,158.711000,-2.56632311865,779.355439419,0.186852,0.338640,-0.557700,-0.371490,0
447,000447.png,right,ok,tracking,3478,0.462428,3478,3478,25,15.536545,3.59697278024,-301.798041608,0.356601,0.508295,-1.170087,-0.598909,0
447,000447.png,center,ok,from_left_right,,,25,,,,
448,000448.png,left,ok,tracking,2475,0.682081,2475,2475,25,158.889460,-2.59014178255,783.652902024,0.187405,0.338262,-0.557700,-0.371490,0
448,000448.png,right,ok,tracking,3300,0.462428,3300,3300,25,15.486130,3.60927624996,-305.569754079,0.356701,0.508295,-1.170087,-0.598909,0
448,000448.png,center,ok,from_left_right,,,25,,,,
449,000449.png,left,ok,tracking,2492,0.682081,2492,2492,25,158.795562,-2.57756177959,781.110487589,0.187405,0.339059,-0.557700,-0.371490,0
449,000449.png,right,ok,tracking,3322,0.456647,3322,3322,25,15.655881,3.56815798782,-295.388500976,0.357178,0.509894,-1.170087,-0.599934,0
449,000449.png,center,ok,from_left_right,,,25,,,,
450,000450.png,left,ok,tracking,2515,0.682081,2515,2515,25,158.590740,-2.55048584743,775.635711968,0.187405,0.339059,-0.557700,-0.371490,0
450,000450.png,right,ok,tracking,3257,0.450867,3257,3257,25,15.444361,3.61952883926,-305.835750212,0.357077,0.510146,-1.170087,-0.598909,0
450,000450.png,center,ok,from_left_right,,,25,,,,
451,000451.png,left,ok,tracking,2507,0.682081,2507,2507,25,158.708021,-2.56592863708,778.93988105,0.187405,0.339059,-0.557700,-0.371490,0
451,000451.png,right,ok,tracking,3444,0.456647,3444,3444,25,15.619716,3.57684512398,-294.645058201,0.357554,0.510146,-1.170087,-0.600962,0
451,000451.png,center,ok,from_left_right,,,25,,,,
452,000452.png,left,ok,tracking,2524,0.682081,2524,2524,25,158.736708,-2.56973070517,779.721551059,0.187405,0.339059,-0.557700,-0.371490,0
452,000452.png,right,ok,tracking,3391,0.456647,3391,3391,25,15.430068,3.62304968662,-306.257114943,0.357077,0.509894,-1.170087,-0.599934,0
452,000452.png,center,ok,from_left_right,,,25,,,,
453,000453.png,left,ok,tracking,2526,0.682081,2526,2526,25,158.793406,-2.577274081,781.426831518,0.187405,0.339059,-0.557700,-0.371490,0
453,000453.png,right,ok,tracking,3410,0.462428,3410,3410,25,15.513377,3.60261718111,-302.430479146,0.357178,0.508295,-1.170087,-0.600962,0
453,000453.png,center,ok,from_left_right,,,25,,,,
454,000454.png,left,ok,tracking,2553,0.682081,2553,2553,25,158.676978,-2.56182531252,778.709848942,0.187405,0.339059,-0.557700,-0.371490,0
454,000454.png,right,ok,tracking,3375,0.468208,3375,3375,25,15.504351,3.60482039,-303.994770412,0.357658,0.506957,-1.170087,-0.601993,0
454,000454.png,center,ok,from_left_right,,,25,,,,
455,000455.png,left,ok,tracking,2542,0.676301,2542,2542,25,158.850444,-2.58490161351,783.522505676,0.187958,0.339059,-0.557700,-0.371490,0
455,000455.png,right,ok,tracking,3389,0.462428,3389,3389,25,15.563495,3.59042792638,-300.101643458,0.357658,0.508295,-1.170087,-0.601993,0
455,000455.png,center,ok,from_left_right,,,25,,,,
456,000456.png,left,ok,tracking,2517,0.676301,2517,2517,25,158.879519,-2.58880485612,784.429136688,0.187958,0.339059,-0.557700,-0.371490,0
456,000456.png,right,ok,tracking,3330,0.456647,3330,3330,25,15.545751,3.59473453495,-299.620936367,0.357658,0.509894,-1.170087,-0.601993,0
456,000456.png,center,ok,from_left_right,,,25,,,,
457,000457.png,left,ok,tracking,2520,0.682081,2520,2520,25,158.805775,-2.57892482784,782.699527774,0.187405,0.339059,-0.557700,-0.371490,0
457,000457.png,right,ok,tracking,3310,0.462428,3310,3310,25,15.503527,3.60502175261,-301.75124851,0.358138,0.508551,-1.170087,-0.603028,0
457,000457.png,center,ok,from_left_right,,,25,,,,
458,000458.png,left,ok,tracking,2254,0.664740,2254,2254,25,160.182700,-2.77497762917,835.095158103,0.187405,0.336253,-0.556804,-0.371490,0
458,000458.png,right,ok,tracking,3362,0.462428,3362,3362,25,15.578109,3.58688809474,-297.955570354,0.358244,0.508295,-1.170087,-0.606151,0
458,000458.png,center,ok,from_left_right,,,25,,,,
459,000459.png,left,ok,tracking,2255,0.664740,2255,2255,25,160.187070,-2.77564139214,835.353987961,0.187405,0.336253,-0.556804,-0.371490,0
459,000459.png,right,ok,tracking,3411,0.462428,3411,3411,25,15.648341,3.56996594815,-293.297359634,0.358244,0.508551,-1.170087,-0.606151,0
459,000459.png,center,ok,from_left_right,,,25,,,,
460,000460.png,left,ok,tracking,2244,0.664740,2244,2244,25,160.122953,-2.76593108631,835.065267751,0.186852,0.335457,-0.556804,-0.371490,0
460,000460.png,right,ok,tracking,3368,0.462428,3368,3368,25,15.529008,3.59880721841,-300.888509855,0.358244,0.508295,-1.170087,-0.606151,0
460,000460.png,center,ok,from_left_right,,,25,,,,
461,000461.png,left,ok,tracking,2252,0.664740,2252,2252,25,160.023660,-2.75101149043,834.807941565,0.186299,0.334662,-0.556804,-0.371490,0
461,000461.png,right,ok,tracking,3775,0.456647,3775,3775,25,16.059680,3.47375423661,-271.516892298,0.357866,0.508295,-1.170087,-0.607199,0
461,000461.png,center,ok,from_left_right,,,25,,,,
462,000462.png,left,ok,tracking,2256,0.664740,2256,2256,25,160.023830,-2.75103692619,834.360634202,0.186299,0.334662,-0.556804,-0.371490,0
462,000462.png,right,ok,tracking,3528,0.456647,3528,3528,25,15.722330,3.55229831775,-288.786633213,0.358835,0.509894,-1.170087,-0.609305,0
462,000462.png,center,ok,from_left_right,,,25,,,,
463,000463.png,left,ok,tracking,2252,0.670520,2252,2252,25,159.913051,-2.73455838305,832.144153234,0.185746,0.334662,-0.556804,-0.371490,0
463,000463.png,right,ok,tracking,3632,0.456647,3632,3632,25,15.838319,3.52492526353,-282.022582219,0.358835,0.509894,-1.170087,-0.609305,0
463,000463.png,center,ok,from_left_right,,,25,,,,
464,000464.png,left,ok,tracking,2246,0.664740,2246,2246,25,159.980100,-2.74451116013,835.329623294,0.185746,0.333456,-0.555910,-0.371490,0
464,000464.png,right,ok,tracking,3797,0.456647,3797,3797,25,16.117179,3.46068656075,-266.812649042,0.358835,0.508295,-1.170087,-0.609305,0
464,000464.png,center,ok,from_left_right,,,25,,,,
465,000465.png,left,ok,tracking,2244,0.658960,2244,2244,25,160.176280,-2.77400295378,840.487333916,0.186852,0.334662,-0.556804,-0.371490,0
465,000465.png,right,ok,tracking,3523,0.456647,3523,3523,25,15.620405,3.57667915619,-295.047276439,0.360301,0.508295,-1.170087,-0.611425,0
465,000465.png,center,ok,from_left_right,,,25,,,,
466,000466.png,left,ok,tracking,2252,0.664740,2252,2252,25,159.930265,-2.73710754646,835.117186707,0.185193,0.332661,-0.555910,-0.371490,0
466,000466.png,right,ok,tracking,3781,0.450867,3781,3781,25,15.997731,3.48793574005,-273.767642822,0.358457,0.509894,-1.170087,-0.610363,0
466,000466.png,center,ok,from_left_right,,,25,,,,
467,000467.png,left,ok,tracking,2241,0.664740,2241,2241,25,159.834598,-2.72299334017,832.529189003,0.185193,0.332661,-0.555910,-0.371490,0
467,000467.png,right,ok,tracking,3560,0.450867,3560,3560,25,15.666551,3.56560266508,-291.284626003,0.359322,0.509894,-1.170087,-0.610363,0
467,000467.png,center,ok,from_left_right,,,25,,,,
468,000468.png,left,ok,tracking,2248,0.676301,2248,2248,25,159.735819,-2.70855390551,829.018831299,0.184640,0.333456,-0.555910,-0.371490,0
468,000468.png,right,ok,tracking,3681,0.450867,3681,3681,25,15.988389,3.49008354833,-271.698715934,0.359322,0.510146,-1.170087,-0.610363,0
468,000468.png,center,ok,from_left_right,,,25,,,,
469,000469.png,left,ok,tracking,2230,0.664740,2230,2230,25,159.929944,-2.73705999008,835.797455272,0.185193,0.332661,-0.555910,-0.371490,0
469,000469.png,right,ok,tracking,3859,0.456647,3859,3859,25,16.177352,3.44710787974,-262.619336008,0.360301,0.508551,-1.170087,-0.612489,0
469,000469.png,center,ok,from_left_right,,,25,,,,
470,000470.png,left,ok,tracking,2184,0.664740,2184,2184,25,159.879745,-2.72963807709,834.912746303,0.185193,0.332661,-0.555910,-0.371490,0
470,000470.png,right,ok,tracking,3663,0.456647,3663,3663,25,15.785698,3.53729499233,-283.906048911,0.360793,0.509894,-1.170087,-0.613558,0
470,000470.png,center,ok,from_left_right,,,25,,,,
471,000471.png,left,ok,tracking,547,0.202312,547,547,25,158.009418,-2.4762586228,781.498134594,0.278663,0.332661,-0.555910,-0.490621,0
471,000471.png,right,ok,tracking,3639,0.450867,3639,3639,25,15.835238,3.52564741875,-278.483175135,0.359700,0.510146,-1.170087,-0.609305,0
471,000471.png,center,ok,from_left_right,,,25,,,,
472,000472.png,left,ok,tracking,577,0.213873,577,577,25,158.084273,-2.48560651346,783.43142032,0.277245,0.332661,-0.555910,-0.489204,0
472,000472.png,right,ok,tracking,3398,0.450867,3398,3398,25,15.234869,3.67177822545,-311.283672003,0.359700,0.510146,-1.170087,-0.609305,0
472,000472.png,center,ok,from_left_right,,,25,,,,
473,000473.png,left,ok,tracking,526,0.196532,526,526,25,157.849539,-2.45649437001,778.45633831,0.280855,0.332661,-0.555910,-0.494197,0
473,000473.png,right,ok,tracking,3627,0.445087,3627,3627,25,15.723093,3.55211680469,-282.629645308,0.359811,0.510146,-1.170087,-0.610363,0
473,000473.png,center,ok,from_left_right,,,25,,,,
474,000474.png,left,ok,tracking,466,0.184971,466,466,25,157.547137,-2.41984245176,769.547340784,0.285740,0.333456,-0.555910,-0.500018,0
474,000474.png,right,ok,tracking,3342,0.439306,3342,3342,25,15.153448,3.69246602605,-314.127566815,0.360188,0.510146,-1.170087,-0.609305,0
474,000474.png,center,ok,from_left_right,,,25,,,,
475,000475.png,left,ok,tracking,633,0.236994,633,633,25,158.287983,-2.51135568454,788.091802619,0.271704,0.333456,-0.555910,-0.482227,0
475,000475.png,right,ok,tracking,3446,0.439306,3446,3446,25,15.428513,3.62343312577,-296.74378332,0.361054,0.510146,-1.170087,-0.610363,0
475,000475.png,center,ok,from_left_right,,,25,,,,
476,000476.png,left,ok,tracking,2183,0.687861,2183,2183,25,159.330267,-2.6506570228,819.569691177,0.182981,0.332661,-0.555910,-0.371490,0
476,000476.png,right,ok,tracking,3526,0.433526,3526,3526,25,15.502370,3.6053044222,-290.807204683,0.360793,0.510146,-1.170087,-0.613558,0
476,000476.png,center,ok,from_left_right,,,25,,,,
477,000477.png,left,ok,tracking,2214,0.682081,2214,2214,25,159.444503,-2.66674428386,822.115517352,0.183534,0.332661,-0.555910,-0.371490,0
477,000477.png,right,ok,tracking,3384,0.439306,3384,3384,25,15.224746,3.67433872416,-306.376929903,0.361663,0.510146,-1.170087,-0.613558,0
477,000477.png,center,ok,from_left_right,,,25,,,,
478,000478.png,left,ok,tracking,2227,0.687861,2227,2227,25,159.332682,-2.65099541449,818.854135615,0.182981,0.332661,-0.555910,-0.371490,0
478,000478.png,right,ok,tracking,3379,0.433526,3379,3379,25,15.179670,3.68577985358,-308.533112539,0.361170,0.510146,-1.170087,-0.612489,0
478,000478.png,center,ok,from_left_right,,,25,,,,
479,000479.png,left,ok,tracking,2195,0.687861,2195,2195,25,159.328782,-2.65044911876,818.429306391,0.182981,0.332661,-0.555910,-0.371490,0
479,000479.png,right,ok,tracking,3371,0.433526,3371,3371,25,15.126492,3.69936315171,-311.282126559,0.361663,0.510146,-1.170087,-0.613558,0
479,000479.png,center,ok,from_left_right,,,25,,,,
480,000480.png,left,ok,tracking,2220,0.687861,2220,2220,25,159.276150,-2.64309529288,817.149655751,0.182981,0.332661,-0.555910,-0.371490,0
480,000480.png,right,ok,tracking,3300,0.427746,3300,3300,25,15.182040,3.68517655343,-305.799112647,0.362158,0.510146,-1.170087,-0.614629,0
480,000480.png,center,ok,from_left_right,,,25,,,,
481,000481.png,left,ok,tracking,2227,0.687861,2227,2227,25,159.266977,-2.64181724947,820.169760737,0.182428,0.331866,-0.555910,-0.371490,0
481,000481.png,right,ok,tracking,3344,0.427746,3344,3344,25,15.083035,3.71053273406,-311.94380089,0.362278,0.510146,-1.170087,-0.615704,0
481,000481.png,center,ok,from_left_right,,,25,,,,
482,000482.png,left,ok,tracking,2147,0.693642,2147,2147,25,159.258702,-2.64066529215,821.587217976,0.181875,0.331866,-0.555910,-0.371490,0
482,000482.png,right,ok,tracking,3487,0.427746,3487,3487,25,15.389403,3.63310156897,-293.230360625,0.362777,0.510146,-1.170087,-0.617865,0
482,000482.png,center,ok,from_left_right,,,25,,,,
483,000483.png,left,ok,tracking,1791,0.693642,1791,1791,25,158.872591,-2.58787388222,812.197996934,0.181875,0.331866,-0.555910,-0.371490,0
483,000483.png,right,ok,tracking,3437,0.421965,3437,3437,25,15.367021,3.63865629853,-291.724533698,0.363276,0.510146,-1.170087,-0.618951,0
483,000483.png,center,ok,from_left_right,,,25,,,,
484,000484.png,left,ok,tracking,293,0.132948,293,293,25,154.866735,-2.13154896795,715.650907776,0.298616,0.331866,-0.555910,-0.519038,0
484,000484.png,right,ok,tracking,3374,0.421965,3374,3374,25,14.942100,3.74719362989,-316.622734626,0.362907,0.510146,-1.170087,-0.612489,0
484,000484.png,center,ok,from_left_right,,,25,,,,
485,000485.png,left,ok,tracking,464,0.196532,464,464,25,156.591234,-2.30989398376,752.116780231,0.282243,0.331866,-0.555910,-0.499283,0
485,000485.png,right,ok,tracking,3321,0.421965,3321,3321,25,14.869872,3.76624493758,-320.878487577,0.362655,0.510146,-1.170087,-0.614629,0
485,000485.png,center,ok,from_left_right,,,25,,,,
486,000486.png,left,ok,tracking,362,0.156069,362,362,25,155.572345,-2.2016624769,731.698364474,0.290652,0.330666,-0.555019,-0.508986,0
486,000486.png,right,ok,tracking,3606,0.421965,3606,3606,25,15.103630,3.70523143058,-306.924653191,0.361663,0.510146,-1.170087,-0.613558,0
486,000486.png,center,ok,from_left_right,,,25,,,,
487,000487.png,left,ok,tracking,605,0.271676,605,605,25,157.038974,-2.3603150322,763.193060308,0.264495,0.331866,-0.555910,-0.478127,0
487,000487.png,right,ok,tracking,3324,0.416185,3324,3324,25,14.897306,3.758987684,-317.798011715,0.363030,0.510146,-1.166484,-0.614629,0
487,000487.png,center,ok,from_left_right,,,25,,,,
488,000488.png,left,ok,tracking,457,0.196532,457,457,25,156.221321,-2.26959047658,745.615965322,0.281523,0.330666,-0.555019,-0.499283,0
488,000488.png,right,ok,tracking,3234,0.427746,3234,3234,25,14.525046,3.85975179439,-343.373865749,0.362655,0.510146,-1.170087,-0.614629,0
488,000488.png,center,ok,from_left_right,,,25,,,,
489,000489.png,left,ok,tracking,451,0.190751,451,451,25,156.493595,-2.29913967529,752.628083952,0.280620,0.329873,-0.555019,-0.497092,0
489,000489.png,right,ok,tracking,3353,0.421965,3353,3353,25,14.768253,3.79335730033,-327.069357747,0.362158,0.510146,-1.170087,-0.614629,0
489,000489.png,center,ok,from_left_right,,,25,,,,
490,000490.png,left,ok,tracking,375,0.156069,375,375,25,155.787823,-2.22383669813,737.823768533,0.290558,0.329873,-0.555019,-0.509747,0
490,000490.png,right,ok,tracking,3483,0.416185,3483,3483,25,14.953784,3.7441285592,-313.758168596,0.363153,0.510146,-1.166484,-0.616783,0
490,000490.png,center,ok,from_left_right,,,25,,,,
491,000491.png,left,ok,tracking,815,0.317919,815,815,25,156.407940,-2.28977444627,752.232222391,0.252010,0.329873,-0.555019,-0.463619,0
491,000491.png,right,ok,tracking,3641,0.421965,3641,3641,25,15.058502,3.71686626242,-307.63395783,0.363153,0.510146,-1.170087,-0.616783,0
491,000491.png,center,ok,from_left_right,,,25,,,,
492,000492.png,left,ok,tracking,270,0.115607,270,270,25,152.954175,-1.95873610547,684.242290959,0.302094,0.329873,-0.555019,-0.523799,0
492,000492.png,right,ok,tracking,3392,0.410405,3392,3392,25,14.619805,3.83362621261,-332.865519564,0.363528,0.509311,-1.159339,-0.614629,0
492,000492.png,center,ok,from_left_right,,,25,,,,
493,000493.png,left,ok,tracking,337,0.156069,337,337,25,155.619116,-2.20644419552,735.84490655,0.290879,0.329873,-0.555019,-0.511274,0
493,000493.png,right,ok,tracking,3415,0.398844,3415,3415,25,14.704352,3.8105940122,-324.958917797,0.363153,0.508490,-1.148779,-0.615704,0
493,000493.png,center,ok,from_left_right,,,25,,,,
494,000494.png,left,ok,tracking,307,0.127168,307,307,25,154.141468,-2.06321773962,706.102694669,0.298881,0.329873,-0.555019,-0.519826,0
494,000494.png,right,ok,tracking,3141,0.398844,3141,3141,25,14.120941,3.97501753411,-361.936208008,0.364027,0.508490,-1.148779,-0.616783,0
494,000494.png,center,ok,from_left_right,,,25,,,,
495,000495.png,left,ok,tracking,948,0.398844,948,948,25,157.431024,-2.40601690426,777.222834431,0.234301,0.329080,-0.555019,-0.442110,0
495,000495.png,right,insufficient_row_coverage,tracking,1,0.005780,0,0,0,0.000000,0,0,,,,,1
495,000495.png,center,not_published,from_left_right,,,0,,,,
496,000496.png,left,ok,tracking,692,0.289017,692,692,25,157.193500,-2.37815075902,772.590808287,0.257739,0.329080,-0.555019,-0.471432,0
496,000496.png,right,insufficient_row_coverage,tracking,1,0.005780,0,0,0,0.000000,0,0,,,,,2
496,000496.png,center,not_published,from_left_right,,,0,,,,
497,000497.png,left,ok,tracking,1164,0.445087,1164,1164,25,156.958101,-2.3510706949,766.013064949,0.225460,0.329080,-0.555019,-0.432299,0
497,000497.png,right,ok,tracking,3256,0.393064,3256,3256,25,14.395558,3.8959967298,-343.113317596,0.364154,0.508490,-1.145300,-0.618951,0
497,000497.png,center,ok,from_left_right,,,25,,,,
498,000498.png,left,ok,tracking,863,0.358382,863,863,25,156.945314,-2.34961464368,768.329882346,0.242211,0.328286,-0.555019,-0.453558,0
498,000498.png,right,insufficient_row_coverage,tracking,1,0.005780,0,0,0,0.000000,0,0,,,,,1
498,000498.png,center,not_published,from_left_right,,,0,,,,
499,000499.png,left,ok,tracking,1067,0.445087,1067,1067,25,156.955374,-2.35076003701,769.400102404,0.225627,0.328286,-0.555019,-0.434573,0
499,000499.png,right,ok,tracking,3404,0.387283,3404,3404,25,14.579409,3.84472307478,-329.617298086,0.364786,0.507935,-1.138402,-0.621133,0
499,000499.png,center,ok,from_left_right,,,25,,,,
500,000500.png,left,ok,tracking,854,0.323699,854,854,25,156.912504,-2.34588565346,768.182907587,0.249021,0.328286,-0.555019,-0.461066,0
500,000500.png,right,ok,tracking,3311,0.381503,3311,3311,25,14.511635,3.86347632269,-331.447883205,0.365667,0.507935,-1.134982,-0.622229,0
500,000500.png,center,ok,from_left_right,,,25,,,,
501,000501.png,left,ok,tracking,1019,0.404624,1019,1019,25,156.599505,-2.31080890305,761.951339203,0.234729,0.328286,-0.555019,-0.445669,0
501,000501.png,right,ok,tracking,3355,0.381503,3355,3355,25,14.451487,3.88026377594,-335.768262184,0.365667,0.507935,-1.134982,-0.622229,0
501,000501.png,center,ok,from_left_right,,,25,,,,
502,000502.png,left,ok,tracking,672,0.277457,672,672,25,156.709634,-2.32304914434,763.373654089,0.261460,0.329080,-0.555019,-0.477450,0
502,000502.png,right,ok,tracking,3248,0.375723,3248,3248,25,14.369923,3.90324795061,-338.322854437,0.366175,0.507935,-1.131583,-0.622229,0
502,000502.png,center,ok,from_left_right,,,25,,,,
503,000503.png,left,ok,tracking,467,0.184971,467,467,25,155.201607,-2.16435770706,731.882874107,0.284165,0.328286,-0.555019,-0.505214,0
503,000503.png,right,ok,tracking,3357,0.375723,3357,3357,25,14.356651,3.90701227821,-337.993778385,0.366041,0.507935,-1.131583,-0.621133,0
503,000503.png,center,ok,from_left_right,,,25,,,,
504,000504.png,left,ok,tracking,504,0.190751,504,504,25,155.213867,-2.16557458735,733.332004702,0.280868,0.327093,-0.554131,-0.501493,0
504,000504.png,right,ok,tracking,3312,0.369942,3312,3312,25,14.256952,3.93550778995,-343.081293681,0.366549,0.507143,-1.124841,-0.622229,0
504,000504.png,center,ok,from_left_right,,,25,,,,
505,000505.png,left,ok,tracking,536,0.208092,536,536,25,155.277255,-2.17188441766,734.23079916,0.278817,0.328286,-0.555019,-0.499283,0
505,000505.png,right,ok,tracking,3262,0.364162,3262,3262,25,14.238773,3.94074589603,-342.438065104,0.366549,0.507143,-1.121499,-0.622229,0
505,000505.png,center,ok,from_left_right,,,25,,,,
506,000506.png,left,ok,tracking,613,0.219653,613,613,25,155.668497,-2.21151166716,742.981217512,0.273718,0.327093,-0.554131,-0.492761,0
506,000506.png,right,ok,tracking,3081,0.364162,3081,3081,25,13.795965,4.07250865383,-372.914544594,0.367058,0.507143,-1.121499,-0.623329,0
506,000506.png,center,ok,from_left_right,,,25,,,,
507,000507.png,left,ok,tracking,639,0.236994,639,639,25,155.613495,-2.20586862876,743.970947073,0.269446,0.326301,-0.554131,-0.489204,0
507,000507.png,right,ok,tracking,3252,0.364162,3252,3252,25,14.065044,3.99147190013,-354.33629392,0.366175,0.507143,-1.121499,-0.623329,0
507,000507.png,center,ok,from_left_right,,,25,,,,
508,000508.png,left,ok,tracking,705,0.254335,705,705,25,155.493117,-2.19360131224,741.866799249,0.265385,0.326301,-0.554131,-0.484996,0
508,000508.png,right,ok,tracking,3157,0.358382,3157,3157,25,13.969249,4.0199710375,-358.45500902,0.367709,0.506364,-1.114872,-0.625539,0
508,000508.png,center,ok,from_left_right,,,25,,,,
509,000509.png,left,ok,tracking,754,0.271676,754,754,25,155.394811,-2.1836669541,741.025241388,0.260437,0.325509,-0.554131,-0.479487,0
509,000509.png,right,ok,tracking,3157,0.352601,3157,3157,25,13.938563,4.02918139667,-359.520912378,0.368223,0.506364,-1.111586,-0.626650,0
509,000509.png,center,ok,from_left_right,,,25,,,,
510,000510.png,left,ok,tracking,810,0.294798,810,810,25,155.399634,-2.18415257378,740.102988403,0.257050,0.326301,-0.554131,-0.475429,0
510,000510.png,right,ok,tracking,3178,0.352601,3178,3178,25,14.009930,4.00782167712,-353.256713826,0.368082,0.506364,-1.111586,-0.625539,0
510,000510.png,center,ok,from_left_right,,,25,,,,
511,000511.png,left,ok,tracking,921,0.335260,921,921,25,155.308124,-2.17496825236,740.24976348,0.248066,0.325509,-0.554131,-0.466197,0
511,000511.png,right,ok,tracking,3273,0.352601,3273,3273,25,14.044047,3.99768590099,-351.055255465,0.368740,0.506364,-1.111586,-0.627764,0
511,000511.png,center,ok,from_left_right,,,25,,,,
512,000512.png,left,ok,tracking,1049,0.369942,1049,1049,25,155.352656,-2.17942963352,740.768414356,0.241163,0.326301,-0.554131,-0.457284,0
512,000512.png,right,insufficient_row_coverage,tracking,1,0.005780,0,0,0,0.000000,0,0,,,,,1
512,000512.png,center,not_published,from_left_right,,,0,,,,
513,000513.png,left,ok,tracking,1178,0.421965,1178,1178,25,155.179320,-2.16214846705,737.119687912,0.231680,0.326301,-0.554131,-0.446267,0
513,000513.png,right,ok,tracking,3042,0.346821,3042,3042,25,13.656187,4.11584033501,-375.839772109,0.368740,0.505598,-1.105071,-0.627764,0
513,000513.png,center,ok,from_left_right,,,25,,,,
514,000514.png,left,ok,tracking,1363,0.479769,1363,1363,25,155.054191,-2.14981319448,735.903737168,0.219906,0.325509,-0.554131,-0.433433,0
514,000514.png,right,insufficient_row_coverage,tracking,1,0.005780,0,0,0,0.000000,0,0,,,,,1
514,000514.png,center,not_published,from_left_right,,,0,,,,
515,000515.png,left,ok,tracking,1592,0.560694,1592,1592,25,155.090722,-2.15340242102,734.657934148,0.206302,0.326301,-0.554131,-0.416965,0
515,000515.png,right,ok,tracking,3157,0.346821,3157,3157,25,13.664249,4.11331757864,-377.055491647,0.367709,0.505598,-1.105071,-0.626650,0
515,000515.png,center,ok,from_left_right,,,25,,,,
516,000516.png,left,ok,tracking,1877,0.664740,1877,1877,25,155.049198,-2.14932334427,731.63849981,0.191065,0.328286,-0.555019,-0.399115,0
516,000516.png,right,ok,tracking,3176,0.346821,3176,3176,25,13.673318,4.11048306075,-375.641669415,0.366685,0.505598,-1.105071,-0.624432,0
516,000516.png,center,ok,from_left_right,,,25,,,,
517,000517.png,left,ok,tracking,2300,0.815029,2300,2300,25,155.018236,-2.14629010066,733.501934154,0.167521,0.326301,-0.554131,-0.373225,0
517,000517.png,right,ok,tracking,3228,0.346821,3228,3228,25,13.644800,4.11940868683,-377.658738615,0.367196,0.505598,-1.105071,-0.625539,0
517,000517.png,center,ok,from_left_right,,,25,,,,
518,000518.png,left,ok,tracking,2370,0.849711,2370,2370,25,154.680501,-2.11365428159,727.669220162,0.163628,0.326301,-0.554131,-0.371490,0
518,000518.png,right,ok,tracking,3055,0.335260,3055,3055,25,13.420251,4.19098948904,-390.157321557,0.367196,0.504845,-1.095433,-0.625539,0
518,000518.png,center,ok,from_left_right,,,25,,,,
519,000519.png,left,ok,tracking,2373,0.849711,2373,2373,25,154.612370,-2.10716913446,726.939183978,0.163075,0.325509,-0.554131,-0.371490,0
519,000519.png,right,insufficient_row_coverage,tracking,1,0.005780,0,0,0,0.000000,0,0,,,,,1
519,000519.png,center,not_published,from_left_right,,,0,,,,
520,000520.png,left,ok,tracking,2379,0.867052,2379,2379,25,154.254779,-2.07365657078,719.460350954,0.161416,0.325509,-0.554131,-0.371490,0
520,000520.png,right,ok,tracking,3108,0.335260,3108,3108,25,13.385505,4.20227612759,-392.02881367,0.367709,0.504845,-1.095433,-0.626650,0
520,000520.png,center,ok,from_left_right,,,25,,,,
521,000521.png,left,ok,tracking,2369,0.861272,2369,2369,25,154.318317,-2.07954762256,719.801739775,0.162522,0.326301,-0.554131,-0.371490,0
521,000521.png,right,ok,tracking,3107,0.329480,3107,3107,25,13.403420,4.19644950838,-389.227985012,0.367709,0.504845,-1.092256,-0.625539,0
521,000521.png,center,ok,from_left_right,,,25,,,,
522,000522.png,left,ok,tracking,2367,0.878613,2367,2367,25,154.035453,-2.05352781691,713.031217138,0.161416,0.327093,-0.554131,-0.371490,0
522,000522.png,right,ok,tracking,3148,0.329480,3148,3148,25,13.456502,4.17927463223,-385.519580573,0.367569,0.504845,-1.092256,-0.624432,0
522,000522.png,center,ok,from_left_right,,,25,,,,
523,000523.png,left,ok,tracking,2372,0.872832,2372,2372,25,154.102882,-2.0596824254,712.066114211,0.162522,0.328286,-0.555019,-0.371490,0
523,000523.png,right,ok,tracking,3304,0.346821,3304,3304,25,13.701777,4.10161188506,-372.210581532,0.367941,0.505598,-1.105071,-0.623329,0
523,000523.png,center,ok,from_left_right,,,25,,,,
524,000524.png,left,ok,tracking,2392,0.872832,2392,2392,25,154.053783,-2.05519794287,709.043339408,0.163075,0.329080,-0.555019,-0.371490,0
524,000524.png,right,ok,tracking,3283,0.346821,3283,3283,25,13.618080,4.12780489668,-379.142658108,0.366921,0.505598,-1.105071,-0.621133,0
524,000524.png,center,ok,from_left_right,,,25,,,,
525,000525.png,left,ok,tracking,2378,0.878613,2378,2378,25,154.049615,-2.05481800453,706.693244498,0.163628,0.330666,-0.555019,-0.371490,0
525,000525.png,right,ok,tracking,3375,0.352601,3375,3375,25,13.673358,4.11047045799,-377.596016183,0.365404,0.506364,-1.111586,-0.617865,0
525,000525.png,center,ok,from_left_right,,,25,,,,
526,000526.png,left,ok,tracking,2383,0.872832,2383,2383,25,154.123062,-2.06153004894,708.319715849,0.164181,0.330666,-0.555019,-0.371490,0
526,000526.png,right,ok,tracking,3409,0.358382,3409,3409,25,13.689555,4.10541717418,-378.014196966,0.365404,0.506364,-1.114872,-0.617865,0
526,000526.png,center,ok,from_left_right,,,25,,,,
527,000527.png,left,ok,tracking,2377,0.884393,2377,2377,25,153.931806,-2.0441253994,704.392157747,0.163075,0.330666,-0.555019,-0.371490,0
527,000527.png,right,ok,tracking,3339,0.352601,3339,3339,25,13.470621,4.17472877817,-392.135265471,0.364528,0.506364,-1.111586,-0.617865,0
527,000527.png,center,ok,from_left_right,,,25,,,,
528,000528.png,left,ok,tracking,2400,0.890173,2400,2400,25,153.819829,-2.03404501603,704.37862555,0.161969,0.329873,-0.555019,-0.371490,0
528,000528.png,right,ok,tracking,3260,0.341040,3260,3260,25,13.276388,4.23809825573,-403.935502009,0.364528,0.505598,-1.101840,-0.617865,0
528,000528.png,center,ok,from_left_right,,,25,,,,
529,000529.png,left,ok,tracking,2376,0.890173,2376,2376,25,153.641119,-2.01812224711,702.181598322,0.161416,0.329080,-0.555019,-0.371490,0
529,000529.png,right,ok,tracking,3224,0.346821,3224,3224,25,13.223429,4.25569342257,-408.06274188,0.365031,0.505598,-1.105071,-0.618951,0
529,000529.png,center,ok,from_left_right,,,25,,,,
530,000530.png,left,ok,tracking,2381,0.895954,2381,2381,25,153.616603,-2.01595357515,701.465641256,0.161416,0.329873,-0.555019,-0.371490,0
530,000530.png,right,ok,tracking,3246,0.341040,3246,3246,25,13.211768,4.25958616761,-408.115470768,0.364657,0.505598,-1.101840,-0.618951,0
530,000530.png,center,ok,from_left_right,,,25,,,,
531,000531.png,left,ok,tracking,2392,0.895954,2392,2392,25,153.617036,-2.01599183034,701.750095022,0.161416,0.329873,-0.555019,-0.371490,0
531,000531.png,right,ok,tracking,3414,0.358382,3414,3414,25,13.510309,4.16200061712,-390.857636545,0.365031,0.506364,-1.114872,-0.618951,0
531,000531.png,center,ok,from_left_right,,,25,,,,
532,000532.png,left,ok,tracking,2410,0.907514,2410,2410,25,153.450217,-2.00133314954,694.951248892,0.161416,0.331866,-0.555910,-0.371490,0
532,000532.png,right,ok,tracking,3125,0.346821,3125,3125,25,13.010222,4.32795286693,-426.604838222,0.363528,0.505598,-1.105071,-0.615704,0
532,000532.png,center,ok,from_left_right,,,25,,,,
533,000533.png,left,ok,tracking,2414,0.907514,2414,2414,25,153.447483,-2.00109428045,693.902354916,0.161416,0.331866,-0.555910,-0.371490,0
533,000533.png,right,ok,tracking,3449,0.358382,3449,3449,25,13.323381,4.2226002232,-406.239583655,0.362533,0.506364,-1.114872,-0.613558,0
533,000533.png,center,ok,from_left_right,,,25,,,,
534,000534.png,left,ok,tracking,2384,0.901734,2384,2384,25,153.518648,-2.00732552767,693.915565233,0.162522,0.332661,-0.555910,-0.371490,0
534,000534.png,right,ok,tracking,3567,0.364162,3567,3567,25,13.540482,4.15237304697,-393.931792966,0.362039,0.507143,-1.121499,-0.612489,0
534,000534.png,center,ok,from_left_right,,,25,,,,
535,000535.png,left,ok,tracking,2366,0.895954,2366,2366,25,153.740180,-2.02692357247,694.956582394,0.164181,0.334662,-0.556804,-0.371490,0
535,000535.png,right,ok,tracking,3499,0.364162,3499,3499,25,13.427763,4.18855677707,-401.899993764,0.361054,0.507143,-1.121499,-0.610363,0
535,000535.png,center,ok,from_left_right,,,25,,,,
536,000536.png,left,ok,tracking,2369,0.895954,2369,2369,25,153.721942,-2.02529852632,693.40368709,0.164181,0.334662,-0.556804,-0.371490,0
536,000536.png,right,ok,tracking,3433,0.364162,3433,3433,25,13.311323,4.22656657693,-409.931028548,0.360564,0.507143,-1.121499,-0.609305,0
536,000536.png,center,ok,from_left_right,,,25,,,,
537,000537.png,left,ok,tracking,2352,0.895954,2352,2352,25,153.736664,-2.0266101109,698.047850938,0.163075,0.332661,-0.555910,-0.371490,0
537,000537.png,right,ok,tracking,3494,0.364162,3494,3494,25,13.368485,4.20782568129,-407.443520782,0.361170,0.507143,-1.121499,-0.612489,0
537,000537.png,center,ok,from_left_right,,,25,,,,
538,000538.png,left,ok,tracking,2333,0.890173,2333,2333,25,153.882456,-2.03967291845,698.645116732,0.164181,0.333456,-0.555910,-0.371490,0
538,000538.png,right,ok,tracking,3364,0.364162,3364,3364,25,13.365012,4.20895987693,-406.447986231,0.360678,0.507143,-1.121499,-0.610363,0
538,000538.png,center,ok,from_left_right,,,25,,,,
539,000539.png,left,ok,tracking,2316,0.890173,2316,2316,25,153.888107,-2.04018198463,698.88863857,0.164181,0.333456,-0.555910,-0.371490,0
539,000539.png,right,ok,tracking,3381,0.364162,3381,3381,25,13.304864,4.22869409828,-410.208225929,0.361054,0.507143,-1.121499,-0.610363,0
539,000539.png,center,ok,from_left_right,,,25,,,,
540,000540.png,left,ok,tracking,636,0.283237,636,636,25,152.316408,-1.90604539811,670.776764716,0.268047,0.333456,-0.555910,-0.487092,0
540,000540.png,right,ok,tracking,3429,0.364162,3429,3429,25,13.344689,4.21560840178,-407.572645582,0.361054,0.507143,-1.121499,-0.609305,0
540,000540.png,center,ok,from_left_right,,,25,,,,
541,000541.png,left,ok,tracking,2363,0.884393,2363,2363,25,153.964618,-2.04709438279,700.511641856,0.164181,0.332661,-0.555910,-0.371490,0
541,000541.png,right,ok,tracking,3395,0.364162,3395,3395,25,13.428736,4.18824196562,-400.738983485,0.361170,0.507143,-1.121499,-0.611425,0
541,000541.png,center,ok,from_left_right,,,25,,,,
542,000542.png,left,ok,tracking,696,0.300578,696,696,25,152.947112,-1.95814002319,681.669526588,0.263328,0.332661,-0.555910,-0.482227,0
542,000542.png,right,ok,tracking,3431,0.369942,3431,3431,25,13.548502,4.14982087115,-392.512051493,0.361546,0.507143,-1.124841,-0.610363,0
542,000542.png,center,ok,from_left_right,,,25,,,,
543,000543.png,left,ok,tracking,2295,0.884393,2295,2295,25,153.906854,-2.04187215917,700.078761921,0.164181,0.332661,-0.555910,-0.371490,0
543,000543.png,right,ok,tracking,3213,0.369942,3213,3213,25,13.094754,4.2990269624,-428.57337215,0.361546,0.507143,-1.124841,-0.611425,0
543,000543.png,center,ok,from_left_right,,,25,,,,
544,000544.png,left,ok,tracking,2351,0.884393,2351,2351,25,153.997155,-2.05004546667,700.043566809,0.164734,0.333456,-0.555910,-0.371490,0
544,000544.png,right,ok,tracking,3398,0.369942,3398,3398,25,13.386279,4.20202406455,-406.971745828,0.359700,0.507143,-1.124841,-0.609305,0
544,000544.png,center,ok,from_left_right,,,25,,,,
545,000545.png,left,ok,tracking,2334,0.884393,2334,2334,25,154.224187,-2.07082980629,703.559347849,0.165287,0.334662,-0.556804,-0.371490,0
545,000545.png,right,ok,tracking,3348,0.375723,3348,3348,25,13.319927,4.22373569772,-413.741119181,0.360188,0.507935,-1.131583,-0.609305,0
545,000545.png,center,ok,from_left_right,,,25,,,,
546,000546.png,left,ok,tracking,2313,0.878613,2313,2313,25,154.451155,-2.09195208204,706.282327621,0.166392,0.335457,-0.556804,-0.371490,0
546,000546.png,right,ok,tracking,3383,0.387283,3383,3383,25,13.326743,4.22149559943,-416.187075119,0.359213,0.507935,-1.138402,-0.608251,0
546,000546.png,center,ok,from_left_right,,,25,,,,
547,000547.png,left,ok,tracking,814,0.404624,814,814,25,152.567082,-1.92648578839,670.936378935,0.245472,0.335457,-0.556804,-0.461702,0
547,000547.png,right,ok,tracking,3295,0.381503,3295,3295,25,13.188091,4.2675112479,-427.154005585,0.358244,0.507935,-1.134982,-0.605107,0
547,000547.png,center,ok,from_left_right,,,25,,,,
548,000548.png,left,ok,tracking,625,0.283237,625,625,25,152.775852,-1.94377405765,675.70351194,0.268196,0.334662,-0.556804,-0.485693,0
548,000548.png,right,ok,tracking,3367,0.375723,3367,3367,25,13.326722,4.22150256498,-414.799855182,0.358727,0.507935,-1.131583,-0.606151,0
548,000548.png,center,ok,from_left_right,,,25,,,,
549,000549.png,left,ok,tracking,710,0.300578,710,710,25,153.185865,-1.97845059871,682.296443442,0.264724,0.334662,-0.556804,-0.481540,0
549,000549.png,right,ok,tracking,3208,0.381503,3208,3208,25,13.140778,4.28343186503,-429.66273577,0.359589,0.507935,-1.134982,-0.607199,0
549,000549.png,center,ok,from_left_right,,,25,,,,
550,000550.png,left,ok,tracking,1007,0.450867,1007,1007,25,152.727189,-1.93972244814,675.230958769,0.235384,0.334662,-0.556804,-0.451104,0
550,000550.png,right,ok,tracking,3336,0.375723,3336,3336,25,13.327524,4.22123897884,-413.729606415,0.359213,0.507935,-1.131583,-0.607199,0
550,000550.png,center,ok,from_left_right,,,25,,,,
551,000551.png,left,ok,tracking,953,0.427746,953,953,25,152.726668,-1.93967910104,676.568609156,0.239149,0.333456,-0.555910,-0.455414,0
551,000551.png,right,ok,tracking,3195,0.381503,3195,3195,25,12.952027,4.34808244561,-445.085309433,0.358727,0.507935,-1.134982,-0.607199,0
551,000551.png,center,ok,from_left_right,,,25,,,,
552,000552.png,left,ok,tracking,910,0.404624,910,910,25,152.471210,-1.91862767409,672.309617259,0.243659,0.333456,-0.555910,-0.461066,0
552,000552.png,right,ok,tracking,3041,0.364162,3041,3041,25,12.876706,4.37440088912,-447.671951056,0.359213,0.507143,-1.121499,-0.607199,0
552,000552.png,center,ok,from_left_right,,,25,,,,
553,000553.png,left,ok,tracking,916,0.398844,916,916,25,152.641274,-1.93260174458,677.101088509,0.243659,0.332661,-0.555910,-0.461066,0
553,000553.png,right,ok,tracking,3222,0.375723,3222,3222,25,12.894742,4.36807115207,-449.058648836,0.359322,0.507935,-1.131583,-0.609305,0
553,000553.png,center,ok,from_left_right,,,25,,,,
554,000554.png,left,ok,tracking,943,0.404624,943,943,25,152.534247,-1.92378878945,676.003306797,0.242318,0.331866,-0.555910,-0.461066,0
554,000554.png,right,ok,tracking,3214,0.381503,3214,3214,25,12.813674,4.39665925219,-459.600709962,0.358457,0.507935,-1.138402,-0.608251,0
554,000554.png,center,ok,from_left_right,,,25,,,,
555,000555.png,left,ok,tracking,1135,0.497110,1135,1135,25,152.378584,-1.91108338069,669.433541907,0.227192,0.334662,-0.556804,-0.442700,0
555,000555.png,right,ok,tracking,3064,0.375723,3064,3064,25,12.831178,4.39045662987,-456.445937888,0.358244,0.507935,-1.131583,-0.606151,0
555,000555.png,center,ok,from_left_right,,,25,,,,
556,000556.png,left,ok,tracking,1086,0.473988,1086,1086,25,152.666596,-1.93469611718,673.563708797,0.231041,0.334662,-0.556804,-0.446267,0
556,000556.png,right,ok,tracking,3199,0.387283,3199,3199,25,12.865719,4.37826541698,-456.070557182,0.357761,0.507935,-1.138402,-0.605107,0
556,000556.png,center,ok,from_left_right,,,25,,,,
557,000557.png,left,ok,tracking,1086,0.468208,1086,1086,25,153.226889,-1.98197416629,682.291786297,0.232772,0.335457,-0.556804,-0.446866,0
557,000557.png,right,ok,tracking,3291,0.381503,3291,3291,25,13.131933,4.28642067761,-434.35340812,0.357383,0.507935,-1.134982,-0.605107,0
557,000557.png,center,ok,from_left_right,,,25,,,,
558,000558.png,left,ok,tracking,955,0.398844,955,955,25,153.525266,-2.00790655567,687.237492032,0.245670,0.335457,-0.556804,-0.461066,0
558,000558.png,right,ok,tracking,3143,0.381503,3143,3143,25,12.916723,4.36038079789,-450.091384281,0.358244,0.507935,-1.134982,-0.605107,0
558,000558.png,center,ok,from_left_right,,,25,,,,
559,000559.png,left,ok,tracking,944,0.398844,944,944,25,153.437242,-2.00020015038,685.661303347,0.245670,0.335457,-0.556804,-0.461066,0
559,000559.png,right,ok,tracking,3132,0.375723,3132,3132,25,12.976646,4.3395449293,-443.654513626,0.358244,0.507935,-1.131583,-0.605107,0
559,000559.png,center,ok,from_left_right,,,25,,,,
560,000560.png,left,ok,tracking,892,0.381503,892,892,25,153.817264,-2.03381505166,693.095495478,0.248401,0.335457,-0.556804,-0.462979,0
560,000560.png,right,ok,tracking,3250,0.381503,3250,3250,25,13.098291,4.29782481428,-435.395981248,0.358727,0.507935,-1.134982,-0.606151,0
560,000560.png,center,ok,from_left_right,,,25,,,,
561,000561.png,left,ok,tracking,1370,0.572254,1370,1370,25,152.837409,-1.94891838489,675.953033691,0.212933,0.334662,-0.556804,-0.425057,0
561,000561.png,right,ok,tracking,3281,0.393064,3281,3281,25,13.025858,4.322574588,-444.204196794,0.358350,0.508490,-1.145300,-0.607199,0
561,000561.png,center,ok,from_left_right,,,25,,,,
562,000562.png,left,ok,tracking,1580,0.705202,1580,1580,25,152.582535,-1.92775713172,672.049451215,0.193027,0.334662,-0.556804,-0.406595,0
562,000562.png,right,ok,tracking,3211,0.387283,3211,3211,25,12.990591,4.33472341883,-446.768471554,0.358835,0.507935,-1.138402,-0.608251,0
562,000562.png,center,ok,from_left_right,,,25,,,,
563,000563.png,left,ok,tracking,1412,0.595376,1412,1412,25,152.935882,-1.95719286544,678.346396015,0.209549,0.334662,-0.556804,-0.422329,0
563,000563.png,right,ok,tracking,3105,0.381503,3105,3105,25,12.933692,4.35446125628,-449.746324984,0.358727,0.507935,-1.134982,-0.607199,0
563,000563.png,center,ok,from_left_right,,,25,,,,
564,000564.png,left,ok,tracking,1353,0.566474,1353,1353,25,153.179377,-1.97789421176,683.002497376,0.213298,0.333456,-0.555910,-0.426157,0
564,000564.png,right,ok,tracking,3233,0.387283,3233,3233,25,13.068009,4.30813912082,-441.152123671,0.359322,0.507935,-1.138402,-0.608251,0
564,000564.png,center,ok,from_left_right,,,25,,,,
565,000565.png,left,ok,tracking,914,0.381503,914,914,25,154.351668,-2.082650668,704.456501707,0.247010,0.334662,-0.556804,-0.461066,0
565,000565.png,right,ok,tracking,3226,0.393064,3226,3226,25,13.152540,4.27946347123,-435.304273081,0.359213,0.508490,-1.145300,-0.608251,0
565,000565.png,center,ok,from_left_right,,,25,,,,
566,000566.png,left,ok,tracking,1162,0.468208,1162,1162,25,154.334157,-2.08102044326,703.922752131,0.230424,0.334662,-0.556804,-0.442700,0
566,000566.png,right,ok,tracking,3214,0.393064,3214,3214,25,13.248989,4.2471840394,-427.736419481,0.359213,0.508490,-1.145300,-0.608251,0
566,000566.png,center,ok,from_left_right,,,25,,,,
567,000567.png,left,ok,tracking,1204,0.479769,1204,1204,25,153.982698,-2.04873341566,698.26938777,0.228071,0.333456,-0.555910,-0.441522,0
567,000567.png,right,ok,tracking,3207,0.393064,3207,3207,25,13.147531,4.28115254712,-435.423434448,0.359700,0.508490,-1.145300,-0.609305,0
567,000567.png,center,ok,from_left_right,,,25,,,,
568,000568.png,left,ok,tracking,695,0.265896,695,695,25,154.233690,-2.07170727922,702.035403655,0.271713,0.334662,-0.556804,-0.487794,0
568,000568.png,right,ok,tracking,3135,0.387283,3135,3135,25,13.195695,4.26496300476,-429.759380866,0.359700,0.507935,-1.138402,-0.608251,0
568,000568.png,center,ok,from_left_right,,,25,,,,
569,000569.png,left,ok,tracking,119,0.104046,119,119,25,151.800530,-1.86503352748,649.328296636,0.242468,0.261887,-0.476775,-0.456036,0
569,000569.png,right,ok,tracking,3131,0.381503,3131,3131,25,13.108265,4.29443772502,-435.395367831,0.359700,0.507935,-1.134982,-0.607199,0
569,000569.png,center,ok,from_left_right,,,25,,,,
570,000570.png,left,ok,tracking,864,0.323699,864,864,25,154.549060,-2.10117182202,705.583053142,0.258940,0.335457,-0.556804,-0.472758,0
570,000570.png,right,ok,tracking,3318,0.393064,3318,3318,25,13.302602,4.2294398579,-422.815911527,0.359213,0.508490,-1.145300,-0.607199,0
570,000570.png,center,ok,from_left_right,,,25,,,,
571,000571.png,left,ok,tracking,916,0.341040,916,916,25,154.719930,-2.11742238386,706.45061733,0.256291,0.336253,-0.556804,-0.468148,0
571,000571.png,right,ok,tracking,3234,0.393064,3234,3234,25,13.211974,4.25951745746,-431.175912865,0.358727,0.508490,-1.145300,-0.605107,0
571,000571.png,center,ok,from_left_right,,,25,,,,
572,000572.png,left,ok,tracking,1032,0.387283,1032,1032,25,154.887761,-2.13358481317,708.96440895,0.248781,0.338262,-0.557700,-0.459168,0
572,000572.png,right,ok,tracking,3355,0.404624,3355,3355,25,13.166687,4.27469989278,-438.926756075,0.356423,0.509311,-1.155799,-0.603028,0
572,000572.png,center,ok,from_left_right,,,25,,,,
573,000573.png,left,ok,tracking,1137,0.421965,1137,1137,25,155.107227,-2.15502728267,710.595075195,0.241957,0.339059,-0.557700,-0.449886,0
573,000573.png,right,ok,tracking,3237,0.404624,3237,3237,25,13.264611,4.24199922516,-431.852009103,0.356323,0.509311,-1.155799,-0.600962,0
573,000573.png,center,ok,from_left_right,,,25,,,,
574,000574.png,left,ok,tracking,1273,0.462428,1273,1273,25,155.200536,-2.16425150589,711.265783838,0.233447,0.339059,-0.557700,-0.439184,0
574,000574.png,right,ok,tracking,3230,0.398844,3230,3230,25,13.255948,4.24487273953,-431.558584686,0.356323,0.508490,-1.148779,-0.600962,0
574,000574.png,center,ok,from_left_right,,,25,,,,
575,000575.png,left,ok,tracking,1477,0.526012,1477,1477,25,155.513862,-2.19570734366,720.216176516,0.221370,0.338262,-0.557700,-0.426157,0
575,000575.png,right,ok,tracking,3340,0.410405,3340,3340,25,13.320985,4.22338774626,-428.79306093,0.356423,0.509311,-1.159339,-0.601993,0
575,000575.png,center,ok,from_left_right,,,25,,,,
576,000576.png,left,insufficient_row_coverage,tracking,102,0.075145,0,0,0,0.000000,0,0,,,,,1
576,000576.png,right,ok,tracking,3296,0.404624,3296,3296,25,13.523781,4.15769681518,-412.546588348,0.357178,0.509311,-1.155799,-0.601993,0
576,000576.png,center,not_published,from_left_right,,,0,,,,
577,000577.png,left,ok,tracking,1830,0.635838,1830,1830,25,155.896306,-2.23514135046,727.51173155,0.201151,0.338262,-0.557700,-0.401085,0
577,000577.png,right,ok,tracking,3295,0.410405,3295,3295,25,13.436745,4.18565153282,-420.534669101,0.357280,0.509311,-1.159339,-0.603028,0
577,000577.png,center,ok,from_left_right,,,25,,,,
578,000578.png,left,ok,tracking,2321,0.803468,2321,2321,25,156.041763,-2.25044999129,730.66925013,0.175240,0.338262,-0.557700,-0.371490,0
578,000578.png,right,ok,tracking,3280,0.410405,3280,3280,25,13.468927,4.17527376266,-417.385103116,0.357761,0.509311,-1.159339,-0.604066,0
578,000578.png,center,ok,from_left_right,,,25,,,,
579,000579.png,left,ok,tracking,2335,0.815029,2335,2335,25,156.075549,-2.25403086368,732.65569632,0.174134,0.338262,-0.557700,-0.371490,0
579,000579.png,right,ok,tracking,3355,0.416185,3355,3355,25,13.561753,4.14561093717,-411.939359506,0.357383,0.510146,-1.166484,-0.604066,0
579,000579.png,center,ok,from_left_right,,,25,,,,
580,000580.png,left,ok,tracking,2339,0.809249,2339,2339,25,156.314942,-2.27967866813,737.004740537,0.174687,0.338262,-0.557700,-0.371490,0
580,000580.png,right,ok,tracking,3348,0.421965,3348,3348,25,13.700996,4.10185491377,-402.522227192,0.358244,0.510146,-1.170087,-0.605107,0
580,000580.png,center,ok,from_left_right,,,25,,,,
581,000581.png,left,ok,tracking,2319,0.791908,2319,2319,25,156.575464,-2.30815134832,742.393920479,0.176346,0.338262,-0.557700,-0.371490,0
581,000581.png,right,ok,tracking,3399,0.421965,3399,3399,25,13.816410,4.06624276528,-395.89842172,0.358350,0.510146,-1.170087,-0.606151,0
581,000581.png,center,ok,from_left_right,,,25,,,,
582,000582.png,left,ok,tracking,2334,0.791908,2334,2334,25,156.705819,-2.32262329348,743.612329116,0.176899,0.339059,-0.557700,-0.371490,0
582,000582.png,right,ok,tracking,3407,0.427746,3407,3407,25,13.974182,4.01849414973,-384.69947527,0.358244,0.510146,-1.170087,-0.604066,0
582,000582.png,center,ok,from_left_right,,,25,,,,
583,000583.png,left,ok,tracking,2316,0.786127,2316,2316,25,156.797843,-2.33293219947,746.537440611,0.176899,0.338262,-0.557700,-0.371490,0
583,000583.png,right,ok,tracking,3384,0.427746,3384,3384,25,13.980707,4.01654211577,-384.532561193,0.359213,0.510146,-1.170087,-0.607199,0
583,000583.png,center,ok,from_left_right,,,25,,,,
584,000584.png,left,ok,tracking,2317,0.786127,2317,2317,25,156.824313,-2.33591182793,748.285876121,0.176899,0.338262,-0.557700,-0.371490,0
584,000584.png,right,ok,tracking,3375,0.421965,3375,3375,25,13.966534,4.02078435243,-384.896751491,0.358727,0.510146,-1.170087,-0.606151,0
584,000584.png,center,ok,from_left_right,,,25,,,,
585,000585.png,left,ok,tracking,2320,0.774566,2320,2320,25,157.017803,-2.35788911605,751.490080732,0.178005,0.338262,-0.557700,-0.371490,0
585,000585.png,right,ok,tracking,3384,0.427746,3384,3384,25,14.124881,3.97386252887,-374.142491725,0.359700,0.510146,-1.170087,-0.608251,0
585,000585.png,center,ok,from_left_right,,,25,,,,
586,000586.png,left,ok,tracking,2323,0.780347,2323,2323,25,156.979612,-2.3535236191,753.590051773,0.176899,0.337049,-0.556804,-0.371490,0
586,000586.png,right,ok,tracking,3465,0.433526,3465,3465,25,14.044786,3.99746689373,-382.562490727,0.358350,0.510146,-1.170087,-0.607199,0
586,000586.png,center,ok,from_left_right,,,25,,,,
587,000587.png,left,ok,tracking,2329,0.786127,2329,2329,25,156.819458,-2.33536489363,749.548882034,0.176346,0.337049,-0.556804,-0.371490,0
587,000587.png,right,ok,tracking,3381,0.421965,3381,3381,25,14.095445,3.98250689063,-377.252237473,0.359213,0.510146,-1.170087,-0.607199,0
587,000587.png,center,ok,from_left_right,,,25,,,,
588,000588.png,left,ok,tracking,2326,0.780347,2326,2326,25,156.907036,-2.34526520289,752.920477768,0.176346,0.336253,-0.556804,-0.371490,0
588,000588.png,right,ok,tracking,3398,0.427746,3398,3398,25,14.036827,3.99982684354,-382.294095632,0.358835,0.510146,-1.170087,-0.607199,0
588,000588.png,center,ok,from_left_right,,,25,,,,
589,000589.png,left,ok,tracking,2331,0.780347,2331,2331,25,156.844499,-2.33818844039,751.250971134,0.176346,0.336253,-0.556804,-0.371490,0
589,000589.png,right,ok,tracking,3368,0.427746,3368,3368,25,14.098431,3.98162821803,-377.722813392,0.358835,0.510146,-1.170087,-0.608251,0
589,000589.png,center,ok,from_left_right,,,25,,,,
590,000590.png,left,ok,tracking,2327,0.774566,2327,2327,25,156.949455,-2.35008603941,753.403733741,0.176899,0.336253,-0.556804,-0.371490,0
590,000590.png,right,ok,tracking,3365,0.433526,3365,3365,25,14.137816,3.97007503082,-375.669686342,0.359322,0.510146,-1.170087,-0.609305,0
590,000590.png,center,ok,from_left_right,,,25,,,,
591,000591.png,left,ok,tracking,2318,0.780347,2318,2318,25,156.903503,-2.34486440176,754.082130921,0.176346,0.336253,-0.556804,-0.371490,0
591,000591.png,right,ok,tracking,3357,0.427746,3357,3357,25,14.101055,3.98085655754,-378.890900436,0.359433,0.510146,-1.170087,-0.610363,0
591,000591.png,center,ok,from_left_right,,,25,,,,
592,000592.png,left,ok,tracking,2329,0.780347,2329,2329,25,156.862810,-2.3402567438,751.321477716,0.176346,0.336253,-0.556804,-0.371490,0
592,000592.png,right,ok,tracking,3278,0.421965,3278,3278,25,14.178081,3.95832840355,-371.4123639,0.360793,0.510146,-1.170087,-0.611425,0
592,000592.png,center,ok,from_left_right,,,25,,,,
593,000593.png,left,ok,tracking,2308,0.780347,2308,2308,25,156.796750,-2.33280930547,749.375092418,0.176346,0.336253,-0.556804,-0.371490,0
593,000593.png,right,ok,tracking,3183,0.416185,3183,3183,25,14.003942,4.00960578895,-380.088972382,0.360188,0.510146,-1.166484,-0.609305,0
593,000593.png,center,ok,from_left_right,,,25,,,,
594,000594.png,left,ok,tracking,2312,0.780347,2312,2312,25,156.862367,-2.34020667303,751.612796123,0.176346,0.336253,-0.556804,-0.371490,0
594,000594.png,right,ok,tracking,3156,0.416185,3156,3156,25,14.044634,3.99751204156,-376.446422797,0.361663,0.510146,-1.166484,-0.612489,0
594,000594.png,center,ok,from_left_right,,,25,,,,
595,000595.png,left,ok,tracking,2316,0.780347,2316,2316,25,156.961705,-2.35148138761,752.587292034,0.176899,0.337049,-0.556804,-0.371490,0
595,000595.png,right,ok,tracking,3180,0.410405,3180,3180,25,14.112168,3.97759156579,-369.469429761,0.362039,0.509311,-1.159339,-0.612489,0
595,000595.png,center,ok,from_left_right,,,25,,,,
596,000596.png,left,ok,tracking,2321,0.780347,2321,2321,25,156.883507,-2.34259836055,751.089450701,0.176899,0.337049,-0.556804,-0.371490,0
596,000596.png,right,ok,tracking,3216,0.404624,3216,3216,25,14.083601,3.98599495834,-369.519658079,0.362039,0.509311,-1.155799,-0.612489,0
596,000596.png,center,ok,from_left_right,,,25,,,,
597,000597.png,left,ok,tracking,2297,0.774566,2297,2297,25,157.001702,-2.35604699427,754.337833585,0.176899,0.336253,-0.556804,-0.371490,0
597,000597.png,right,ok,tracking,3196,0.404624,3196,3196,25,14.010708,4.00759019944,-374.583457179,0.362158,0.509311,-1.155799,-0.613558,0
597,000597.png,center,ok,from_left_right,,,25,,,,
598,000598.png,left,ok,tracking,2290,0.780347,2290,2290,25,156.932726,-2.34818278644,752.203471435,0.176899,0.337049,-0.556804,-0.371490,0
598,000598.png,right,ok,tracking,3138,0.398844,3138,3138,25,14.069878,3.99004385217,-368.865559325,0.363652,0.508490,-1.148779,-0.616783,0
598,000598.png,center,ok,from_left_right,,,25,,,,
599,000599.png,left,ok,tracking,1624,0.537572,1624,1624,25,157.006522,-2.35659812403,755.612230359,0.176899,0.273949,-0.485693,-0.371490,0
599,000599.png,right,ok,tracking,3223,0.404624,3223,3223,25,14.003636,4.00969678507,-374.005639385,0.362158,0.509311,-1.155799,-0.612489,0
599,000599.png,center,ok,from_left_right,,,25,,,,
600,000600.png,left,ok,tracking,453,0.196532,453,453,25,154.126368,-2.06183306755,694.558337686,0.288650,0.336253,-0.556804,-0.505214,0
600,000600.png,right,ok,tracking,3174,0.404624,3174,3174,25,14.065405,3.99136506263,-369.378255938,0.363153,0.509311,-1.155799,-0.615704,0
600,000600.png,center,ok,from_left_right,,,25,,,,
601,000601.png,left,ok,tracking,575,0.236994,575,575,25,154.641682,-2.10995520548,704.363582352,0.278419,0.336253,-0.556804,-0.493478,0
601,000601.png,right,ok,tracking,3228,0.404624,3228,3228,25,14.177369,3.95853563795,-361.868865754,0.363652,0.509311,-1.155799,-0.616783,0
601,000601.png,center,ok,from_left_right,,,25,,,,
602,000602.png,left,ok,tracking,2268,0.774566,2268,2268,25,157.052067,-2.36181739062,757.797224124,0.176899,0.336253,-0.556804,-0.371490,0
602,000602.png,right,ok,tracking,3203,0.410405,3203,3203,25,14.074326,3.98873074787,-369.922951525,0.363153,0.509311,-1.159339,-0.616783,0
602,000602.png,center,ok,from_left_right,,,25,,,,
603,000603.png,left,ok,tracking,2303,0.780347,2303,2303,25,156.893488,-2.34372901654,754.106933798,0.176346,0.336253,-0.556804,-0.371490,0
603,000603.png,right,ok,tracking,3142,0.398844,3142,3142,25,14.109401,3.97840390844,-365.178008039,0.364154,0.508490,-1.148779,-0.617865,0
603,000603.png,center,ok,from_left_right,,,25,,,,
604,000604.png,left,ok,tracking,2277,0.780347,2277,2277,25,156.884002,-2.34265443811,754.557537132,0.175793,0.335457,-0.556804,-0.371490,0
604,000604.png,right,ok,tracking,3173,0.398844,3173,3173,25,14.064289,3.99169484458,-367.576638868,0.364154,0.508490,-1.148779,-0.616783,0
604,000604.png,center,ok,from_left_right,,,25,,,,
605,000605.png,left,ok,tracking,2277,0.786127,2277,2277,25,156.817449,-2.33513860031,754.502001636,0.175240,0.335457,-0.556804,-0.371490,0
605,000605.png,right,ok,tracking,3201,0.398844,3201,3201,25,14.010031,4.00779179976,-371.861653289,0.363778,0.508490,-1.148779,-0.617865,0
605,000605.png,center,ok,from_left_right,,,25,,,,
606,000606.png,left,ok,tracking,2288,0.786127,2288,2288,25,156.874583,-2.34158826289,755.48164431,0.175240,0.335457,-0.556804,-0.371490,0
606,000606.png,right,ok,tracking,3222,0.404624,3222,3222,25,14.091742,3.98359693824,-366.77993755,0.363652,0.509311,-1.155799,-0.616783,0
606,000606.png,center,ok,from_left_right,,,25,,,,
607,000607.png,left,ok,tracking,2283,0.780347,2283,2283,25,156.803023,-2.33351480044,753.971455142,0.175240,0.334662,-0.556804,-0.371490,0
607,000607.png,right,insufficient_row_coverage,tracking,1,0.005780,0,0,0,0.000000,0,0,,,,,1
607,000607.png,center,not_published,from_left_right,,,0,,,,
608,000608.png,left,ok,tracking,1730,0.635838,1730,1730,25,156.769321,-2.32972885564,752.574187156,0.174687,0.294887,-0.512041,-0.371490,0
608,000608.png,right,ok,tracking,3211,0.393064,3211,3211,25,14.301327,3.92277683761,-350.63599682,0.364154,0.508490,-1.145300,-0.617865,0
608,000608.png,center,ok,from_left_right,,,25,,,,
609,000609.png,left,ok,tracking,1347,0.572254,1347,1347,25,157.048484,-2.36140617103,763.207541721,0.174687,0.279427,-0.494197,-0.371490,0
609,000609.png,right,ok,tracking,3171,0.398844,3171,3171,25,14.063547,3.99191418481,-366.488171357,0.364154,0.508490,-1.148779,-0.617865,0
609,000609.png,center,ok,from_left_right,,,25,,,,
610,000610.png,left,ok,tracking,369,0.173410,369,369,25,153.052870,-1.9670956963,680.934880659,0.291615,0.333456,-0.555910,-0.511274,0
610,000610.png,right,ok,tracking,3258,0.398844,3258,3258,25,14.150983,3.96622672902,-361.333040791,0.364154,0.508490,-1.148779,-0.617865,0
610,000610.png,center,ok,from_left_right,,,25,,,,
611,000611.png,left,ok,tracking,425,0.190751,425,425,25,154.099233,-2.05934855138,698.835097965,0.288236,0.334662,-0.556804,-0.505964,0
611,000611.png,right,ok,tracking,3167,0.393064,3167,3167,25,14.015902,4.00604390626,-369.527772552,0.363652,0.508490,-1.145300,-0.617865,0
611,000611.png,center,ok,from_left_right,,,25,,,,
612,000612.png,left,ok,tracking,340,0.167630,340,340,25,153.528243,-2.00816804045,688.615810101,0.293738,0.334662,-0.556804,-0.512810,0
612,000612.png,right,ok,tracking,3174,0.398844,3174,3174,25,14.082190,3.98641111424,-365.0786651,0.364154,0.508490,-1.148779,-0.617865,0
612,000612.png,center,ok,from_left_right,,,25,,,,
613,000613.png,left,ok,tracking,411,0.184971,411,411,25,154.512129,-2.09768632073,708.484017118,0.286879,0.332661,-0.555910,-0.505214,0
613,000613.png,right,ok,tracking,3230,0.404624,3230,3230,25,14.103147,3.98024169601,-365.2563828,0.364281,0.509311,-1.155799,-0.620040,0
613,000613.png,center,ok,from_left_right,,,25,,,,
614,000614.png,left,ok,tracking,376,0.173410,376,376,25,153.731189,-2.0261221587,693.301581006,0.291615,0.333456,-0.555910,-0.510509,0
614,000614.png,right,ok,tracking,3113,0.398844,3113,3113,25,14.018873,4.00516027459,-369.224952614,0.364027,0.508490,-1.148779,-0.615704,0
614,000614.png,center,ok,from_left_right,,,25,,,,
615,000615.png,left,ok,tracking,262,0.127168,262,262,25,150.747776,-1.78546590993,645.657427739,0.302848,0.332661,-0.555910,-0.525404,0
615,000615.png,right,ok,tracking,3139,0.398844,3139,3139,25,14.001734,4.01026395263,-370.328763674,0.365161,0.508490,-1.148779,-0.618951,0
615,000615.png,center,ok,from_left_right,,,25,,,,
616,000616.png,left,ok,tracking,262,0.115607,262,262,25,150.678422,-1.78040759115,644.602275803,0.305056,0.332661,-0.555910,-0.526210,0
616,000616.png,right,ok,tracking,3176,0.398844,3176,3176,25,13.858475,4.05340796311,-379.630710723,0.359589,0.508490,-1.148779,-0.607199,0
616,000616.png,center,ok,from_left_right,,,25,,,,
617,000617.png,left,ok,tracking,501,0.208092,501,501,25,155.195483,-2.16375025346,721.139427293,0.281941,0.332661,-0.555910,-0.498551,0
617,000617.png,right,ok,tracking,3068,0.393064,3068,3068,25,14.062373,3.99226133589,-364.713947371,0.365667,0.508490,-1.145300,-0.621133,0
617,000617.png,center,ok,from_left_right,,,25,,,,
618,000618.png,left,ok,tracking,673,0.277457,673,673,25,155.034621,-2.14789449985,718.986310524,0.266120,0.332661,-0.555910,-0.482227,0
618,000618.png,right,ok,tracking,3051,0.387283,3051,3051,25,13.982324,4.01605861476,-368.749499878,0.366175,0.507935,-1.138402,-0.622229,0
618,000618.png,center,ok,from_left_right,,,25,,,,
619,000619.png,left,ok,tracking,751,0.317919,751,751,25,154.807816,-2.12586089214,714.503220026,0.257312,0.332661,-0.555910,-0.472094,0
619,000619.png,right,ok,tracking,3032,0.381503,3032,3032,25,13.933395,4.03073651488,-370.66586831,0.366175,0.507935,-1.134982,-0.622229,0
619,000619.png,center,ok,from_left_right,,,25,,,,
620,000620.png,left,ok,tracking,835,0.346821,835,835,25,154.709240,-2.11639965352,712.772326975,0.251152,0.332661,-0.555910,-0.464905,0
620,000620.png,right,ok,tracking,3155,0.387283,3155,3155,25,13.779203,4.07765943674,-383.028276397,0.361054,0.507935,-1.138402,-0.610363,0
620,000620.png,center,ok,from_left_right,,,25,,,,
621,000621.png,left,ok,tracking,786,0.317919,786,786,25,155.704149,-2.21518222142,731.551162278,0.256037,0.332661,-0.555910,-0.468802,0
621,000621.png,right,ok,tracking,3178,0.387283,3178,3178,25,13.912992,4.03688692889,-374.109705449,0.364657,0.507935,-1.138402,-0.616783,0
621,000621.png,center,ok,from_left_right,,,25,,,,
622,000622.png,left,ok,tracking,815,0.323699,815,815,25,155.619663,-2.20650030363,727.329949208,0.256464,0.334662,-0.556804,-0.468148,0
622,000622.png,right,ok,tracking,3130,0.387283,3130,3130,25,13.879178,4.04711900155,-376.40283394,0.364154,0.507935,-1.138402,-0.617865,0
622,000622.png,center,ok,from_left_right,,,25,,,,
623,000623.png,left,ok,tracking,432,0.179191,432,432,25,153.767432,-2.02935563041,691.273429453,0.293000,0.335457,-0.556804,-0.511274,0
623,000623.png,right,ok,tracking,3224,0.393064,3224,3224,25,13.617061,4.12812571477,-396.714452667,0.360076,0.508490,-1.145300,-0.607199,0
623,000623.png,center,ok,from_left_right,,,25,,,,
624,000624.png,left,ok,tracking,791,0.329480,791,791,25,155.230359,-2.16721335957,716.513459899,0.259791,0.338262,-0.557700,-0.471432,0
624,000624.png,right,ok,tracking,3220,0.387283,3220,3220,25,13.541001,4.15220781596,-402.561332675,0.358138,0.507935,-1.138402,-0.604066,0
624,000624.png,center,ok,from_left_right,,,25,,,,
625,000625.png,left,ok,tracking,535,0.202312,535,535,25,154.442245,-2.09111632883,697.10326591,0.288434,0.338262,-0.557700,-0.502233,0
625,000625.png,right,ok,tracking,3269,0.398844,3269,3269,25,13.645841,4.11908206352,-396.558497299,0.359589,0.508490,-1.148779,-0.605107,0
625,000625.png,center,ok,from_left_right,,,25,,,,
626,000626.png,left,ok,tracking,1285,0.537572,1285,1285,25,155.606628,-2.20516574771,718.423362441,0.219219,0.339059,-0.557700,-0.423416,0
626,000626.png,right,ok,tracking,3334,0.404624,3334,3334,25,13.592875,4.13575490614,-403.659011579,0.356701,0.509311,-1.155799,-0.599934,0
626,000626.png,center,ok,from_left_right,,,25,,,,
627,000627.png,left,ok,tracking,587,0.219653,587,587,25,155.191402,-2.163345681,708.821316586,0.281868,0.337049,-0.556804,-0.494197,0
627,000627.png,right,ok,tracking,3346,0.410405,3346,3346,25,13.751303,4.08626024623,-394.445864624,0.358033,0.509311,-1.159339,-0.601993,0
627,000627.png,center,ok,from_left_right,,,25,,,,
628,000628.png,left,ok,tracking,661,0.248555,661,661,25,154.706352,-2.11612354982,698.992899125,0.278836,0.339059,-0.557700,-0.489911,0
628,000628.png,right,ok,tracking,3388,0.410405,3388,3388,25,13.690200,4.10521640108,-399.878635909,0.355277,0.509311,-1.159339,-0.597887,0
628,000628.png,center,ok,from_left_right,,,25,,,,
629,000629.png,left,insufficient_row_coverage,tracking,22,0.023121,0,0,0,0.000000,0,0,,,,,1
629,000629.png,right,ok,tracking,3329,0.410405,3329,3329,25,13.627574,4.12481776158,-403.991831468,0.354899,0.509311,-1.159339,-0.597887,0
629,000629.png,center,not_published,from_left_right,,,0,,,,
630,000630.png,left,ok,tracking,637,0.213873,637,637,25,155.768370,-2.22181965656,722.478142491,0.272266,0.324334,-0.543671,-0.482917,0
630,000630.png,right,ok,tracking,3361,0.410405,3361,3361,25,13.645983,4.11903770943,-403.31908474,0.354899,0.509311,-1.159339,-0.598909,0
630,000630.png,center,ok,from_left_right,,,25,,,,
631,000631.png,left,ok,tracking,683,0.225434,683,683,25,155.931577,-2.23883750549,726.762365433,0.268232,0.323556,-0.542815,-0.478127,0
631,000631.png,right,ok,tracking,3381,0.416185,3381,3381,25,13.669398,4.11170759735,-402.717830158,0.354899,0.510146,-1.166484,-0.598909,0
631,000631.png,center,ok,from_left_right,,,25,,,,
632,000632.png,left,ok,tracking,740,0.242775,740,740,25,156.205222,-2.26786328057,732.274820962,0.264537,0.323170,-0.542815,-0.474090,0
632,000632.png,right,ok,tracking,3367,0.416185,3367,3367,25,13.739313,4.08996694259,-397.785988705,0.354899,0.510146,-1.166484,-0.598909,0
632,000632.png,center,ok,from_left_right,,,25,,,,
633,000633.png,left,ok,tracking,793,0.265896,793,793,25,156.285715,-2.27652122364,734.202478585,0.260379,0.322402,-0.541962,-0.468802,0
633,000633.png,right,ok,tracking,3353,0.416185,3353,3353,25,13.755199,4.08505701165,-396.379655156,0.354899,0.510146,-1.166484,-0.598909,0
633,000633.png,center,ok,from_left_right,,,25,,,,
634,000634.png,left,ok,tracking,870,0.289017,870,870,25,156.369863,-2.28563175313,738.972474481,0.253783,0.321246,-0.541112,-0.461702,0
634,000634.png,right,ok,tracking,3374,0.410405,3374,3374,25,13.687068,4.10619232861,-403.335192005,0.355469,0.510146,-1.170087,-0.601993,0
634,000634.png,center,ok,from_left_right,,,25,,,,
635,000635.png,left,ok,tracking,958,0.306358,958,958,25,156.431351,-2.29232773227,739.055948064,0.248679,0.320853,-0.540264,-0.455414,0
635,000635.png,right,ok,tracking,3266,0.410405,3266,3266,25,13.665861,4.1128133938,-402.715964784,0.354520,0.509311,-1.159339,-0.599934,0
635,000635.png,center,ok,from_left_right,,,25,,,,
636,000636.png,left,ok,tracking,1054,0.335260,1054,1054,25,156.801574,-2.33335179927,748.386257992,0.242133,0.320473,-0.540264,-0.447467,0
636,000636.png,right,ok,tracking,3346,0.416185,3346,3346,25,13.741016,4.08944006114,-399.106665019,0.354994,0.510146,-1.170087,-0.600962,0
636,000636.png,center,ok,from_left_right,,,25,,,,
637,000637.png,left,ok,tracking,1168,0.375723,1168,1168,25,156.870750,-2.34115462213,751.538143679,0.233665,0.319322,-0.539418,-0.438023,0
637,000637.png,right,ok,tracking,3365,0.416185,3365,3365,25,13.746283,4.08781146632,-400.351339801,0.355469,0.510146,-1.170087,-0.601993,0
637,000637.png,center,ok,from_left_right,,,25,,,,
638,000638.png,left,ok,tracking,1319,0.410405,1319,1319,25,157.006929,-2.35664474917,753.264371248,0.225956,0.319322,-0.539418,-0.427262,0
638,000638.png,right,ok,tracking,3263,0.410405,3263,3263,25,13.770732,4.08026724174,-396.397425504,0.354614,0.510146,-1.166484,-0.600962,0
638,000638.png,center,ok,from_left_right,,,25,,,,
639,000639.png,left,ok,tracking,1490,0.462428,1490,1490,25,157.184686,-2.37712723623,758.26385189,0.215033,0.317425,-0.537734,-0.413805,0
639,000639.png,right,ok,tracking,3388,0.416185,3388,3388,25,13.817980,4.06576254864,-395.245360726,0.355469,0.510146,-1.170087,-0.601993,0
639,000639.png,center,ok,from_left_right,,,25,,,,
640,000640.png,left,ok,tracking,1741,0.543353,1741,1741,25,157.258340,-2.3857030736,757.617513783,0.201214,0.315939,-0.534395,-0.397161,0
640,000640.png,right,ok,tracking,3379,0.416185,3379,3379,25,13.816410,4.06624282104,-395.715630295,0.354520,0.510146,-1.170087,-0.599934,0
640,000640.png,center,ok,from_left_right,,,25,,,,
641,000641.png,left,ok,tracking,2158,0.687861,2158,2158,25,157.402470,-2.40263768209,760.456969765,0.178005,0.314808,-0.532740,-0.371490,0
641,000641.png,right,ok,tracking,3388,0.421965,3388,3388,25,13.861285,4.05255319408,-393.794165704,0.354520,0.510146,-1.170087,-0.599934,0
641,000641.png,center,ok,from_left_right,,,25,,,,
642,000642.png,left,ok,tracking,2121,0.670520,2121,2121,25,157.429007,-2.405778001,761.627854053,0.179110,0.313314,-0.531093,-0.371490,0
642,000642.png,right,ok,tracking,3353,0.421965,3353,3353,25,13.865666,4.05122162233,-394.000877955,0.354520,0.510146,-1.170087,-0.599934,0
642,000642.png,center,ok,from_left_right,,,25,,,,
643,000643.png,left,ok,tracking,2113,0.670520,2113,2113,25,157.395096,-2.40176620658,761.093029186,0.178557,0.312191,-0.530274,-0.371490,0
643,000643.png,right,ok,tracking,3345,0.421965,3345,3345,25,13.886701,4.04483840407,-393.099054835,0.354520,0.510146,-1.170087,-0.599934,0
643,000643.png,center,ok,from_left_right,,,25,,,,
644,000644.png,left,ok,tracking,2115,0.670520,2115,2115,25,157.412257,-2.4037950195,761.521666904,0.178557,0.311469,-0.529457,-0.371490,0
644,000644.png,right,ok,tracking,3319,0.421965,3319,3319,25,13.894492,4.04247910672,-392.241853691,0.354140,0.510146,-1.170087,-0.599934,0
644,000644.png,center,ok,from_left_right,,,25,,,,
645,000645.png,left,ok,tracking,2092,0.664740,2092,2092,25,157.389781,-2.40113849932,761.414293772,0.178557,0.309996,-0.527018,-0.371490,0
645,000645.png,right,ok,tracking,3289,0.421965,3289,3289,25,13.870561,4.04973446528,-393.717190342,0.354614,0.510146,-1.170087,-0.600962,0
645,000645.png,center,ok,from_left_right,,,25,,,,
646,000646.png,left,ok,tracking,2071,0.658960,2071,2071,25,157.497742,-2.413944453,762.951572786,0.179110,0.308930,-0.526210,-0.371490,0
646,000646.png,right,ok,tracking,3256,0.416185,3256,3256,25,13.881525,4.04640721225,-391.485737339,0.354520,0.510146,-1.170087,-0.599934,0
646,000646.png,center,ok,from_left_right,,,25,,,,
647,000647.png,left,ok,tracking,2043,0.653179,2043,2043,25,157.529593,-2.41774478583,765.261061848,0.178557,0.307074,-0.523799,-0.371490,0
647,000647.png,right,ok,tracking,3364,0.427746,3364,3364,25,13.967168,4.02059455382,-387.989352465,0.354994,0.510146,-1.170087,-0.600962,0
647,000647.png,center,ok,from_left_right,,,25,,,,
648,000648.png,left,ok,tracking,2032,0.641618,2032,2032,25,157.617232,-2.42825449786,767.775062487,0.179110,0.305625,-0.522203,-0.371490,0
648,000648.png,right,ok,tracking,3363,0.427746,3363,3363,25,13.974389,4.01843233388,-387.947213408,0.354614,0.510146,-1.170087,-0.601993,0
648,000648.png,center,ok,from_left_right,,,25,,,,
649,000649.png,left,ok,tracking,2020,0.641618,2020,2020,25,157.523740,-2.41704569249,763.777795948,0.179110,0.304931,-0.520616,-0.371490,0
649,000649.png,right,ok,tracking,3135,0.410405,3135,3135,25,13.885520,4.04519636364,-390.042264783,0.354140,0.510146,-1.166484,-0.599934,0
649,000649.png,center,ok,from_left_right,,,25,,,,
650,000650.png,left,ok,tracking,2027,0.635838,2027,2027,25,157.539042,-2.41887421563,764.990513825,0.179110,0.303497,-0.519826,-0.371490,0
650,000650.png,right,ok,tracking,3250,0.421965,3250,3250,25,13.865782,4.05118625299,-390.797025718,0.354994,0.510146,-1.170087,-0.600962,0
650,000650.png,center,ok,from_left_right,,,25,,,,
651,000651.png,left,ok,tracking,2010,0.630058,2010,2010,25,157.624608,-2.42914257619,768.599618005,0.179110,0.302410,-0.519038,-0.371490,0
651,000651.png,right,ok,tracking,3326,0.421965,3326,3326,25,13.922106,4.03413736036,-388.378156144,0.355469,0.510146,-1.170087,-0.601993,0
651,000651.png,center,ok,from_left_right,,,25,,,,
652,000652.png,left,ok,tracking,1978,0.624277,1978,1978,25,157.661155,-2.43355110667,768.791256148,0.179110,0.300650,-0.515907,-0.371490,0
652,000652.png,right,ok,tracking,3230,0.416185,3230,3230,25,13.903128,4.03986682918,-388.672868221,0.355469,0.510146,-1.170087,-0.601993,0
652,000652.png,center,ok,from_left_right,,,25,,,,
653,000653.png,left,ok,tracking,1958,0.612717,1958,1958,25,157.747241,-2.44398972366,772.504356489,0.179110,0.298500,-0.514354,-0.371490,0
653,000653.png,right,ok,tracking,3299,0.421965,3299,3299,25,13.933114,4.03082100516,-387.436042578,0.355945,0.510146,-1.170087,-0.603028,0
653,000653.png,center,ok,from_left_right,,,25,,,,
654,000654.png,left,ok,tracking,1925,0.606936,1925,1925,25,157.768939,-2.44663287367,772.114451773,0.179110,0.296768,-0.512041,-0.371490,0
654,000654.png,right,ok,tracking,3161,0.416185,3161,3161,25,13.884549,4.04549048108,-389.022091722,0.355565,0.510146,-1.170087,-0.603028,0
654,000654.png,center,ok,from_left_right,,,25,,,,
655,000655.png,left,ok,tracking,1947,0.601156,1947,1947,25,157.796450,-2.44999121834,774.212810812,0.179110,0.294725,-0.509747,-0.371490,0
655,000655.png,right,ok,tracking,3296,0.416185,3296,3296,25,13.949248,4.02596975124,-385.790444694,0.356043,0.510146,-1.170087,-0.604066,0
655,000655.png,center,ok,from_left_right,,,25,,,,
656,000656.png,left,ok,tracking,1908,0.589595,1908,1908,25,157.959443,-2.47005142478,777.699815895,0.179663,0.293347,-0.507471,-0.371490,0
656,000656.png,right,ok,tracking,3305,0.421965,3305,3305,25,14.016689,4.00580975934,-382.092234725,0.356043,0.510146,-1.170087,-0.604066,0
656,000656.png,center,ok,from_left_right,,,25,,,,
657,000657.png,left,ok,tracking,1864,0.578035,1864,1864,25,157.834532,-2.45465312179,774.189719989,0.179663,0.289980,-0.503719,-0.371490,0
657,000657.png,right,ok,tracking,3203,0.416185,3203,3203,25,13.891966,4.04324354951,-388.844401703,0.355945,0.510146,-1.170087,-0.603028,0
657,000657.png,center,ok,from_left_right,,,25,,,,
658,000658.png,left,ok,tracking,1873,0.578035,1873,1873,25,157.836598,-2.4549064716,775.04187912,0.179110,0.288318,-0.502233,-0.371490,0
658,000658.png,right,ok,tracking,3205,0.410405,3205,3205,25,13.839427,4.0592104274,-391.609402506,0.356043,0.510146,-1.170087,-0.604066,0
658,000658.png,center,ok,from_left_right,,,25,,,,
659,000659.png,left,ok,tracking,1792,0.560694,1792,1792,25,157.781779,-2.44819937354,774.1124585,0.179110,0.284620,-0.497092,-0.371490,0
659,000659.png,right,ok,tracking,3211,0.410405,3211,3211,25,13.803166,4.07029986776,-393.735668615,0.356043,0.510146,-1.170087,-0.604066,0
659,000659.png,center,ok,from_left_right,,,25,,,,
660,000660.png,left,ok,tracking,1748,0.543353,1748,1748,25,157.810582,-2.45171941871,774.713415408,0.179110,0.280674,-0.493478,-0.371490,0
660,000660.png,right,insufficient_row_coverage,tracking,1,0.005780,0,0,0,0.000000,0,0,,,,,1
660,000660.png,center,not_published,from_left_right,,,0,,,,
661,000661.png,left,ok,tracking,1716,0.531792,1716,1716,25,157.910649,-2.46401677036,779.65665164,0.179110,0.277786,-0.489911,-0.371490,0
661,000661.png,right,ok,tracking,3250,0.410405,3250,3250,25,13.764963,4.08204504126,-397.031473078,0.356523,0.510146,-1.170087,-0.606151,0
661,000661.png,center,ok,from_left_right,,,25,,,,
662,000662.png,left,ok,tracking,1666,0.520231,1666,1666,25,157.856231,-2.45731616795,776.963394014,0.179110,0.274365,-0.485693,-0.371490,0
662,000662.png,right,ok,tracking,3233,0.410405,3233,3233,25,13.766454,4.08158538491,-395.982043742,0.356043,0.510146,-1.170087,-0.605107,0
662,000662.png,center,ok,from_left_right,,,25,,,,
663,000663.png,left,ok,tracking,1583,0.497110,1583,1583,25,157.809986,-2.45164649382,776.564089593,0.179110,0.269619,-0.480169,-0.371490,0
663,000663.png,right,ok,tracking,3190,0.410405,3190,3190,25,13.668631,4.11194740635,-402.27579968,0.356043,0.510146,-1.166484,-0.605107,0
663,000663.png,center,ok,from_left_right,,,25,,,,
664,000664.png,left,ok,tracking,1532,0.485549,1532,1532,25,157.667782,-2.43435196549,772.775582434,0.178557,0.265914,-0.475429,-0.371490,0
664,000664.png,right,ok,tracking,3184,0.404624,3184,3184,25,13.566619,4.14406702451,-408.699083602,0.356043,0.509311,-1.159339,-0.605107,0
664,000664.png,center,ok,from_left_right,,,25,,,,
665,000665.png,left,ok,tracking,1455,0.468208,1455,1455,25,157.679181,-2.43573056071,773.644462704,0.178557,0.260962,-0.469457,-0.371490,0
665,000665.png,right,ok,tracking,3160,0.398844,3160,3160,25,13.526836,4.15672191557,-410.433911349,0.356043,0.509311,-1.159339,-0.605107,0
665,000665.png,center,ok,from_left_right,,,25,,,,
666,000666.png,left,ok,tracking,1384,0.450867,1384,1384,25,157.526025,-2.41731853913,768.974780877,0.178005,0.256224,-0.464261,-0.371490,0
666,000666.png,right,ok,tracking,3184,0.398844,3184,3184,25,13.496322,4.16647787825,-412.321062378,0.356043,0.509311,-1.159339,-0.605107,0
666,000666.png,center,ok,from_left_right,,,25,,,,
667,000667.png,left,ok,tracking,1264,0.410405,1264,1264,25,157.698298,-2.43804561004,773.354936141,0.178557,0.249291,-0.456036,-0.371490,0
667,000667.png,right,ok,tracking,3146,0.393064,3146,3146,25,13.504504,4.16385777635,-410.730214029,0.356523,0.509311,-1.155799,-0.606151,0
667,000667.png,center,ok,from_left_right,,,25,,,,
668,000668.png,left,ok,tracking,1171,0.387283,1171,1171,25,157.331991,-2.39433119928,762.392936646,0.178005,0.242985,-0.448070,-0.371490,0
668,000668.png,right,ok,tracking,3156,0.393064,3156,3156,25,13.398884,4.19792345143,-418.043111314,0.355945,0.509311,-1.155799,-0.603028,0
668,000668.png,center,ok,from_left_right,,,25,,,,
669,000669.png,left,ok,tracking,1042,0.346821,1042,1042,25,157.175915,-2.37610956014,758.07451887,0.178005,0.235162,-0.438602,-0.371490,0
669,000669.png,right,ok,tracking,3165,0.398844,3165,3165,25,13.315817,4.22508749848,-423.660488447,0.355469,0.508490,-1.148779,-0.601993,0
669,000669.png,center,ok,from_left_right,,,25,,,,
670,000670.png,left,ok,tracking,899,0.306358,899,899,25,157.081192,-2.36516536256,754.691905974,0.178005,0.227011,-0.428372,-0.371490,0
670,000670.png,right,ok,tracking,3113,0.387283,3113,3113,25,13.216156,4.25812068337,-429.561820861,0.355469,0.508490,-1.145300,-0.601993,0
670,000670.png,center,ok,from_left_right,,,25,,,,
671,000671.png,left,ok,tracking,765,0.265896,765,765,25,157.054736,-2.36212389053,754.523149233,0.177452,0.218953,-0.419632,-0.371490,0
671,000671.png,right,ok,tracking,3102,0.381503,3102,3102,25,13.217709,4.25760229887,-429.076384779,0.355469,0.508490,-1.145300,-0.601993,0
671,000671.png,center,ok,from_left_right,,,25,,,,
672,000672.png,left,ok,tracking,640,0.254335,640,640,25,156.467671,-2.29629846439,735.380342308,0.176899,0.215824,-0.415380,-0.371490,0
672,000672.png,right,ok,tracking,3285,0.398844,3285,3285,25,13.123016,4.28943788465,-436.987241287,0.354899,0.508490,-1.148779,-0.598909,0
672,000672.png,center,ok,from_left_right,,,25,,,,
673,000673.png,left,insufficient_row_coverage,tracking,130,0.092486,0,0,0,0.000000,0,0,,,,,1
673,000673.png,right,ok,tracking,3174,0.398844,3174,3174,25,13.119342,4.29068212851,-437.025396205,0.354428,0.508490,-1.148779,-0.597887,0
673,000673.png,center,not_published,from_left_right,,,0,,,,
674,000674.png,left,ok,tracking,515,0.167630,515,515,25,102.908039,-0.229178252104,320.405947049,0.304592,0.339059,-0.557700,-0.512041,0
674,000674.png,right,ok,tracking,3271,0.404624,3271,3271,25,13.008323,4.32860711407,-447.067722402,0.354428,0.509311,-1.155799,-0.596869,0
674,000674.png,center,ok,from_left_right,,,25,,,,
675,000675.png,left,rejected_side_geometry,tracking,623,0.138728,0,0,0,69.430135,0.375275142334,196.279228038,,,,,6
675,000675.png,right,ok,tracking,3219,0.398844,3219,3219,25,12.878631,4.37372440661,-456.338087428,0.353578,0.508490,-1.148779,-0.596869,0
675,000675.png,center,not_published,from_left_right,,,0,,,,
676,000676.png,left,rejected_side_geometry,init,750,0.173410,0,0,0,66.693092,0.430810984731,180.643273516,,,,,6
676,000676.png,right,ok,tracking,3201,0.393064,3201,3201,25,12.769538,4.41237354625,-464.641777161,0.353578,0.508490,-1.145300,-0.596869,0
676,000676.png,center,not_published,from_left_right,,,0,,,,
677,000677.png,left,rejected_side_geometry,init,617,0.150289,0,0,0,73.643768,0.293486131584,209.70035451,,,,,6
677,000677.png,right,ok,tracking,3182,0.387283,3182,3182,25,12.640751,4.45884398347,-475.027377962,0.353578,0.507935,-1.138402,-0.596869,0
677,000677.png,center,not_published,from_left_right,,,0,,,,
678,000678.png,left,rejected_side_geometry,init,672,0.150289,0,0,0,66.692495,0.430823337573,181.582563488,,,,,6
678,000678.png,right,ok,tracking,3203,0.387283,3203,3203,25,12.617663,4.46727352575,-476.291038162,0.353197,0.507935,-1.138402,-0.596869,0
678,000678.png,center,not_published,from_left_right,,,0,,,,
679,000679.png,left,rejected_side_geometry,init,639,0.156069,0,0,0,76.581494,0.238574961291,219.86539489,,,,,6
679,000679.png,right,ok,tracking,3168,0.387283,3168,3168,25,12.545215,4.49392272916,-482.082126328,0.353578,0.507935,-1.138402,-0.596869,0
679,000679.png,center,not_published,from_left_right,,,0,,,,
680,000680.png,left,ok,init,359,0.161850,359,359,25,127.803092,-0.775765944645,433.610533475,0.306058,0.339059,-0.557700,-0.528642,0
680,000680.png,right,ok,tracking,3284,0.393064,3284,3284,25,12.606205,4.47146814332,-477.881459689,0.353197,0.508490,-1.145300,-0.596869,0
680,000680.png,center,ok,from_left_right,,,25,,,,
681,000681.png,left,rejected_side_geometry,tracking,621,0.167630,0,0,0,92.944643,-0.0514390091584,280.818645942,,,,,6
681,000681.png,right,rejected_side_geometry,tracking,3136,0.393064,0,0,0,12.506757,4.50819251401,-485.810874824,,,,,6
681,000681.png,center,not_published,from_left_right,,,0,,,,
682,000682.png,left,rejected_side_geometry,init,637,0.173410,0,0,0,89.865252,0.00235180390303,266.330680565,,,,,6
682,000682.png,right,rejected_side_geometry,init,3439,0.387283,0,0,0,12.213683,4.61984134408,-508.348652008,,,,,6
682,000682.png,center,not_published,from_left_right,,,0,,,,
683,000683.png,left,insufficient_row_coverage,init,163,0.046243,0,0,0,0.000000,0,0,,,,,7
683,000683.png,right,rejected_side_geometry,init,3416,0.393064,0,0,0,12.220362,4.61723844149,-508.944645372,,,,,6
683,000683.png,center,not_published,from_left_right,,,0,,,,
684,000684.png,left,rejected_side_geometry,init,673,0.184971,0,0,0,90.990037,-0.017281127454,268.61294169,,,,,6
684,000684.png,right,rejected_side_geometry,init,3371,0.387283,0,0,0,12.127209,4.65379969189,-513.83724837,,,,,6
684,000684.png,center,not_published,from_left_right,,,0,,,,
685,000685.png,left,rejected_side_geometry,init,722,0.196532,0,0,0,98.384348,-0.147388032103,293.765423793,,,,,6
685,000685.png,right,rejected_side_geometry,init,3478,0.387283,0,0,0,12.040149,4.68847302682,-523.41473601,,,,,6
685,000685.png,center,not_published,from_left_right,,,0,,,,
686,000686.png,left,insufficient_row_coverage,init,179,0.046243,0,0,0,0.000000,0,0,,,,,7
686,000686.png,right,rejected_side_geometry,init,3414,0.387283,0,0,0,12.024192,4.6948817555,-522.548909437,,,,,6
686,000686.png,center,not_published,from_left_right,,,0,,,,
687,000687.png,left,insufficient_row_coverage,init,181,0.046243,0,0,0,0.000000,0,0,,,,,8
687,000687.png,right,rejected_side_geometry,init,3469,0.387283,0,0,0,11.970196,4.71669323964,-527.929412228,,,,,6
687,000687.png,center,not_published,from_left_right,,,0,,,,
688,000688.png,left,ok,init,803,0.213873,803,803,25,104.407300,-0.256892171618,312.593275692,0.293151,0.339059,-0.557700,-0.494197,0
688,000688.png,right,ok,init,3923,0.387283,3923,3923,25,12.678925,4.44497278139,-467.486855367,0.350259,0.507935,-1.138402,-0.596869,0
688,000688.png,center,ok,from_left_right,,,25,,,,
689,000689.png,left,ok,tracking,301,0.173410,301,301,25,135.742134,-1.02624680699,475.815358524,0.289407,0.319775,-0.534395,-0.510509,0
689,000689.png,right,rejected_side_geometry,tracking,3288,0.375723,0,0,0,12.387198,4.553111414,-490.844606342,,,,,6
689,000689.png,center,not_published,from_left_right,,,0,,,,
690,000690.png,left,ok,tracking,824,0.231214,824,824,25,124.764485,-0.694099228098,400.235727134,0.287719,0.339059,-0.557700,-0.500754,0
690,000690.png,right,rejected_side_geometry,init,3790,0.381503,0,0,0,12.295374,4.58819389712,-498.911173412,,,,,6
690,000690.png,center,not_published,from_left_right,,,0,,,,
691,000691.png,left,ok,tracking,331,0.184971,331,331,25,139.021621,-1.15124551712,496.969727379,0.284385,0.317164,-0.529457,-0.502233,0
691,000691.png,right,rejected_side_geometry,init,3672,0.381503,0,0,0,12.131402,4.65214207751,-512.946551861,,,,,6
691,000691.png,center,not_published,from_left_right,,,0,,,,
692,000692.png,left,ok,tracking,362,0.196532,362,362,25,140.593137,-1.21712264419,509.19680202,0.281407,0.316066,-0.528642,-0.498551,0
692,000692.png,right,rejected_side_geometry,init,3475,0.381503,0,0,0,11.802999,4.78547873019,-545.363645184,,,,,6
692,000692.png,center,not_published,from_left_right,,,0,,,,
693,000693.png,left,ok,tracking,396,0.202312,396,396,25,143.015764,-1.32780477484,532.378942841,0.277455,0.315286,-0.527829,-0.494918,0
693,000693.png,right,rejected_side_geometry,init,3434,0.387283,0,0,0,11.842503,4.76905380455,-544.702132685,,,,,6
693,000693.png,center,not_published,from_left_right,,,0,,,,
694,000694.png,left,ok,tracking,436,0.219653,436,436,25,142.907633,-1.32260322236,530.585582164,0.274565,0.314950,-0.527018,-0.491332,0
694,000694.png,right,rejected_side_geometry,init,3440,0.387283,0,0,0,11.826888,4.77553315983,-546.920608728,,,,,6
694,000694.png,center,not_published,from_left_right,,,0,,,,
695,000695.png,left,ok,tracking,471,0.231214,471,471,25,144.166296,-1.3848164389,542.290967982,0.271430,0.314588,-0.525404,-0.487092,0
695,000695.png,right,rejected_side_geometry,init,3536,0.381503,0,0,0,11.763917,4.80183516679,-549.474380132,,,,,6
695,000695.png,center,not_published,from_left_right,,,0,,,,
696,000696.png,left,ok,tracking,510,0.248555,510,510,25,145.502902,-1.4551669196,557.404444782,0.266667,0.313477,-0.524601,-0.482227,0
696,000696.png,right,rejected_side_geometry,init,3485,0.381503,0,0,0,11.706377,4.82611231341,-557.388931643,,,,,6
696,000696.png,center,not_published,from_left_right,,,0,,,,
697,000697.png,left,ok,tracking,587,0.265896,587,587,25,146.868051,-1.53212871525,572.861990431,0.261990,0.312727,-0.523799,-0.476101,0
697,000697.png,right,rejected_side_geometry,init,3549,0.387283,0,0,0,11.829132,4.77460106893,-545.596011994,,,,,6
697,000697.png,center,not_published,from_left_right,,,0,,,,
698,000698.png,left,ok,tracking,646,0.289017,646,646,25,147.471911,-1.56798871463,579.699917918,0.256627,0.312013,-0.523000,-0.470772,0
698,000698.png,right,rejected_side_geometry,init,3604,0.387283,0,0,0,11.896215,4.74689403069,-541.993511465,,,,,6
698,000698.png,center,not_published,from_left_right,,,0,,,,
699,000699.png,left,ok,tracking,725,0.306358,725,725,25,148.618720,-1.63946728959,594.205682343,0.251152,0.311264,-0.521409,-0.463619,0
699,000699.png,right,rejected_side_geometry,init,3672,0.387283,0,0,0,11.942856,4.72781110661,-536.895493547,,,,,6
699,000699.png,center,not_published,from_left_right,,,0,,,,
700,000700.png,left,ok,tracking,797,0.341040,797,797,25,149.228750,-1.67943107596,602.41655749,0.244260,0.310204,-0.520616,-0.456660,0
700,000700.png,right,rejected_side_geometry,init,3450,0.387283,0,0,0,11.599987,4.87162587815,-568.963262963,,,,,6
700,000700.png,center,not_published,from_left_right,,,0,,,,
701,000701.png,left,ok,tracking,916,0.381503,916,916,25,150.060841,-1.73630611591,615.04343219,0.236038,0.309458,-0.519826,-0.447467,0
701,000701.png,right,rejected_side_geometry,init,3394,0.387283,0,0,0,11.604834,4.86953426452,-571.733019826,,,,,6
701,000701.png,center,not_published,from_left_right,,,0,,,,
702,000702.png,left,ok,tracking,1023,0.421965,1023,1023,25,150.657022,-1.77885118464,622.812275403,0.228096,0.309108,-0.518252,-0.438023,0
702,000702.png,right,rejected_side_geometry,init,3417,0.387283,0,0,0,11.645588,4.8520174758,-566.328937152,,,,,6
702,000702.png,center,not_published,from_left_right,,,0,,,,
703,000703.png,left,ok,tracking,1197,0.473988,1197,1197,25,151.330814,-1.82887167943,633.489742675,0.217046,0.307667,-0.516686,-0.425057,0
703,000703.png,right,rejected_side_geometry,init,3464,0.387283,0,0,0,11.587616,4.87697136624,-572.337215675,,,,,6
703,000703.png,center,not_published,from_left_right,,,0,,,,
704,000704.png,left,ok,tracking,1419,0.549133,1419,1419,25,152.010773,-1.88157983696,644.694468604,0.204098,0.306975,-0.515907,-0.410172,0
704,000704.png,right,rejected_side_geometry,init,3912,0.393064,0,0,0,12.167635,4.63786529089,-520.600996556,,,,,6
704,000704.png,center,not_published,from_left_right,,,0,,,,
705,000705.png,left,ok,tracking,1691,0.635838,1691,1691,25,152.506916,-1.92154836444,652.600341416,0.189303,0.305548,-0.513581,-0.393304,0
705,000705.png,right,rejected_side_geometry,init,3522,0.381503,0,0,0,11.690150,4.83300136502,-562.120395161,,,,,6
705,000705.png,center,not_published,from_left_right,,,0,,,,
706,000706.png,left,ok,tracking,2045,0.763006,2045,2045,25,153.040662,-1.96605860832,662.959845142,0.170263,0.304525,-0.512810,-0.371490,0
706,000706.png,right,rejected_side_geometry,init,3627,0.387283,0,0,0,11.753674,4.80613945315,-558.779432216,,,,,6
706,000706.png,center,not_published,from_left_right,,,0,,,,
707,000707.png,left,ok,tracking,2039,0.768786,2039,2039,25,153.058237,-1.96755195013,661.237913611,0.169157,0.303452,-0.510509,-0.371490,0
707,000707.png,right,ok,init,4234,0.387283,4234,4234,25,12.988908,4.33530492373,-452.180810365,0.348165,0.507935,-1.138402,-0.596869,0
707,000707.png,center,ok,from_left_right,,,25,,,,
708,000708.png,left,ok,tracking,2022,0.763006,2022,2022,25,153.091877,-1.97041528977,660.612474543,0.169157,0.302046,-0.508986,-0.371490,0
708,000708.png,right,ok,tracking,3498,0.393064,3498,3498,25,12.974662,4.34023178874,-456.247339445,0.353197,0.508490,-1.145300,-0.596869,0
708,000708.png,center,ok,from_left_right,,,25,,,,
709,000709.png,left,ok,tracking,2017,0.757225,2017,2017,25,153.052787,-1.9670886761,660.935413509,0.168604,0.299918,-0.508228,-0.371490,0
709,000709.png,right,insufficient_row_coverage,tracking,1,0.005780,0,0,0,0.000000,0,0,,,,,1
709,000709.png,center,not_published,from_left_right,,,0,,,,
710,000710.png,left,ok,tracking,1994,0.757225,1994,1994,25,152.996973,-1.96235419578,657.985946234,0.169157,0.299985,-0.507471,-0.371490,0
710,000710.png,right,ok,tracking,3471,0.398844,3471,3471,25,12.777508,4.40952815119,-473.799012054,0.352347,0.508490,-1.148779,-0.596869,0
710,000710.png,center,ok,from_left_right,,,25,,,,
711,000711.png,left,ok,tracking,1985,0.751445,1985,1985,25,153.044688,-1.96640049864,658.621551533,0.169157,0.299257,-0.506717,-0.371490,0
711,000711.png,right,rejected_side_geometry,tracking,3321,0.398844,0,0,0,12.397156,4.54933770318,-506.851000042,,,,,6
711,000711.png,center,not_published,from_left_right,,,0,,,,
712,000712.png,left,ok,tracking,1973,0.739884,1973,1973,25,153.182340,-1.97814823799,661.628417331,0.169710,0.298529,-0.506717,-0.371490,0
712,000712.png,right,rejected_side_geometry,init,3698,0.398844,0,0,0,12.111469,4.6600318338,-530.380891162,,,,,6
712,000712.png,center,not_published,from_left_right,,,0,,,,
713,000713.png,left,ok,tracking,1962,0.739884,1962,1962,25,153.258155,-1.98466639901,662.990341601,0.169710,0.298201,-0.505964,-0.371490,0
713,000713.png,right,rejected_side_geometry,init,3433,0.364162,0,0,0,11.846661,4.76733150503,-553.8159393,,,,,6
713,000713.png,center,not_published,from_left_right,,,0,,,,
714,000714.png,left,ok,tracking,1962,0.734104,1962,1962,25,153.321386,-1.99012887739,665.708450488,0.169710,0.297474,-0.505964,-0.371490,0
714,000714.png,right,rejected_side_geometry,init,3583,0.398844,0,0,0,11.923032,4.73590431028,-546.675916676,,,,,6
714,000714.png,center,not_published,from_left_right,,,0,,,,
715,000715.png,left,ok,tracking,1964,0.734104,1964,1964,25,153.292958,-1.98767005565,666.715213178,0.169157,0.296747,-0.505964,-0.371490,0
715,000715.png,right,rejected_side_geometry,init,3417,0.364162,0,0,0,11.786559,4.79234615905,-558.718730011,,,,,6
715,000715.png,center,not_published,from_left_right,,,0,,,,
716,000716.png,left,ok,tracking,1966,0.739884,1966,1966,25,153.208290,-1.98037544953,665.193967475,0.168604,0.296747,-0.505964,-0.371490,0
716,000716.png,right,rejected_side_geometry,init,3426,0.364162,0,0,0,11.722908,4.81911367424,-561.22701515,,,,,6
716,000716.png,center,not_published,from_left_right,,,0,,,,
717,000717.png,left,ok,tracking,1969,0.734104,1969,1969,25,153.284926,-1.98697617185,669.815833158,0.168051,0.295293,-0.505964,-0.371490,0
717,000717.png,right,rejected_side_geometry,init,3399,0.358382,0,0,0,11.719588,4.82051744535,-563.233118679,,,,,6
717,000717.png,center,not_published,from_left_right,,,0,,,,
718,000718.png,left,ok,tracking,1979,0.734104,1979,1979,25,153.175470,-1.97755927498,669.554544798,0.167498,0.294565,-0.506717,-0.371490,0
718,000718.png,right,rejected_side_geometry,init,3396,0.358382,0,0,0,11.635223,4.85646095324,-570.323194068,,,,,6
718,000718.png,center,not_published,from_left_right,,,0,,,,
719,000719.png,left,ok,tracking,1976,0.745665,1976,1976,25,153.025473,-1.96476945834,669.177534817,0.165839,0.294160,-0.506717,-0.371490,0
719,000719.png,right,rejected_side_geometry,init,3359,0.369942,0,0,0,11.489372,4.91982796762,-582.023904452,,,,,6
719,000719.png,center,not_published,from_left_right,,,0,,,,
720,000720.png,left,ok,tracking,1976,0.745665,1976,1976,25,153.009819,-1.96344225307,671.337395125,0.165287,0.293754,-0.507471,-0.371490,0
720,000720.png,right,rejected_side_geometry,init,3348,0.364162,0,0,0,11.449445,4.93745256787,-585.584286293,,,,,6
720,000720.png,center,not_published,from_left_right,,,0,,,,
721,000721.png,left,insufficient_row_coverage,tracking,4,0.017341,0,0,0,0.000000,0,0,,,,,1
721,000721.png,right,rejected_side_geometry,init,3304,0.346821,0,0,0,11.312673,4.99875684019,-594.470104199,,,,,6
721,000721.png,center,not_published,from_left_right,,,0,,,,
722,000722.png,left,ok,tracking,1986,0.763006,1986,1986,25,152.550657,-1.92513594604,668.776606376,0.161416,0.291797,-0.508986,-0.371490,0
722,000722.png,right,rejected_side_geometry,init,3247,0.341040,0,0,0,11.095688,5.09907362783,-614.911236201,,,,,6
722,000722.png,center,not_published,from_left_right,,,0,,,,
723,000723.png,left,ok,tracking,1982,0.763006,1982,1982,25,152.488624,-1.92005121737,670.106976512,0.160863,0.291064,-0.508986,-0.371490,0
723,000723.png,right,rejected_side_geometry,init,3241,0.346821,0,0,0,11.094843,5.0994719625,-613.894775599,,,,,6
723,000723.png,center,not_published,from_left_right,,,0,,,,
724,000724.png,left,ok,tracking,1987,0.763006,1987,1987,25,152.415176,-1.91405823531,670.906372766,0.160310,0.290014,-0.508986,-0.371490,0
724,000724.png,right,rejected_side_geometry,init,3293,0.358382,0,0,0,11.009139,5.14017640934,-617.730554653,,,,,6
724,000724.png,center,not_published,from_left_right,,,0,,,,
725,000725.png,left,ok,tracking,1980,0.768786,1980,1980,25,152.210015,-1.89747259257,670.984536897,0.158651,0.288552,-0.508986,-0.371490,0
725,000725.png,right,rejected_side_geometry,init,3166,0.329480,0,0,0,10.744756,5.26978360752,-642.846958329,,,,,6
725,000725.png,center,not_published,from_left_right,,,0,,,,
726,000726.png,left,ok,tracking,1995,0.774566,1995,1995,25,151.898670,-1.87272894527,667.616975158,0.156992,0.287089,-0.508228,-0.371490,0
726,000726.png,right,rejected_side_geometry,init,3116,0.335260,0,0,0,10.707980,5.28831331309,-643.129153698,,,,,6
726,000726.png,center,not_published,from_left_right,,,0,,,,
727,000727.png,left,ok,tracking,1977,0.763006,1977,1977,25,151.614013,-1.85054297142,665.706159759,0.156992,0.286253,-0.509747,-0.371490,0
727,000727.png,right,rejected_side_geometry,init,3242,0.329480,0,0,0,10.975760,5.15619973814,-610.932673916,,,,,6
727,000727.png,center,not_published,from_left_right,,,0,,,,
728,000728.png,left,ok,tracking,1921,0.745665,1921,1921,25,151.388896,-1.83328425592,665.929444079,0.157412,0.283434,-0.508228,-0.373225,0
728,000728.png,right,rejected_side_geometry,init,3217,0.335260,0,0,0,11.001834,5.14367476981,-609.683804013,,,,,6
728,000728.png,center,not_published,from_left_right,,,0,,,,
729,000729.png,left,ok,tracking,1897,0.734104,1897,1897,25,151.017599,-1.80535529402,661.914465546,0.157941,0.281665,-0.506717,-0.375415,0
729,000729.png,right,rejected_side_geometry,init,3150,0.323699,0,0,0,10.839752,5.22249533003,-620.617037082,,,,,6
729,000729.png,center,not_published,from_left_right,,,0,,,,
730,000730.png,left,ok,tracking,1793,0.710983,1793,1793,25,150.535583,-1.7700579976,658.497027446,0.159124,0.277841,-0.505214,-0.380313,0
730,000730.png,right,rejected_side_geometry,init,3308,0.317919,0,0,0,11.397467,4.96057909589,-565.54678977,,,,,6
730,000730.png,center,not_published,from_left_right,,,0,,,,
731,000731.png,left,ok,tracking,1746,0.693642,1746,1746,25,150.589672,-1.7739663526,660.570746162,0.159233,0.274771,-0.502975,-0.380764,0
731,000731.png,right,rejected_side_geometry,init,3124,0.323699,0,0,0,10.994846,5.14702602033,-605.704548488,,,,,6
731,000731.png,center,not_published,from_left_right,,,0,,,,
732,000732.png,left,ok,tracking,1640,0.664740,1640,1640,25,149.787066,-1.71728021279,650.949033851,0.160335,0.269710,-0.499283,-0.385325,0
732,000732.png,right,rejected_side_geometry,init,3096,0.312139,0,0,0,10.696820,5.29396082211,-633.676957994,,,,,6
732,000732.png,center,not_published,from_left_right,,,0,,,,
733,000733.png,left,ok,tracking,1544,0.630058,1544,1544,25,149.471997,-1.69576733116,647.593538582,0.160895,0.263726,-0.494918,-0.387642,0
733,000733.png,right,rejected_side_geometry,init,3088,0.312139,0,0,0,10.694780,5.29499438948,-634.990919337,,,,,6
733,000733.png,center,not_published,from_left_right,,,0,,,,
734,000734.png,left,ok,tracking,1474,0.606936,1474,1474,25,149.221623,-1.67895594731,642.513657782,0.160895,0.258717,-0.489204,-0.387642,0
734,000734.png,right,rejected_side_geometry,init,3219,0.312139,0,0,0,11.313958,4.99817404154,-570.566532818,,,,,6
734,000734.png,center,not_published,from_left_right,,,0,,,,
735,000735.png,left,ok,tracking,1352,0.566474,1352,1352,25,148.993598,-1.66385834751,639.726721749,0.161234,0.250955,-0.482227,-0.389044,0
735,000735.png,right,rejected_side_geometry,init,3066,0.306358,0,0,0,10.846665,5.21908586279,-615.862678765,,,,,6
735,000735.png,center,not_published,from_left_right,,,0,,,,
736,000736.png,left,ok,tracking,1162,0.502890,1162,1162,25,147.893033,-1.59370609731,624.112755792,0.162379,0.240193,-0.472758,-0.393782,0
736,000736.png,right,rejected_side_geometry,init,3125,0.306358,0,0,0,10.535325,5.37701383117,-651.455238033,,,,,6
736,000736.png,center,not_published,from_left_right,,,0,,,,
737,000737.png,left,ok,tracking,1016,0.445087,1016,1016,25,147.817252,-1.5890339234,625.208052882,0.162495,0.229799,-0.463619,-0.394262,0
737,000737.png,right,rejected_side_geometry,init,3132,0.300578,0,0,0,10.503195,5.3938386595,-657.127162451,,,,,6
737,000737.png,center,not_published,from_left_right,,,0,,,,
738,000738.png,left,ok,tracking,842,0.375723,842,842,25,147.255640,-1.55501055305,616.002333118,0.163078,0.218894,-0.453558,-0.396190,0
738,000738.png,right,ok,init,3924,0.312139,3924,3924,25,15.688430,3.5603730019,-260.712790134,0.352873,0.504354,-1.079722,-0.611425,0
738,000738.png,center,ok,from_left_right,,,25,,,,
739,000739.png,left,ok,tracking,577,0.277457,577,577,25,146.704973,-1.52264249821,607.233157198,0.163313,0.202980,-0.437444,-0.397161,0
739,000739.png,right,insufficient_row_coverage,tracking,523,0.046243,0,0,0,0.000000,0,0,,,,,1
739,000739.png,center,not_published,from_left_right,,,0,,,,
740,000740.png,left,insufficient_row_coverage,tracking,26,0.023121,0,0,0,0.000000,0,0,,,,,1
740,000740.png,right,ok,tracking,2829,0.306358,2829,2829,25,13.434561,4.18635777316,-393.992496761,0.370371,0.504354,-1.079722,-0.626650,0
740,000740.png,center,not_published,from_left_right,,,0,,,,
741,000741.png,left,insufficient_row_coverage,tracking,91,0.028902,0,0,0,0.000000,0,0,,,,,2
741,000741.png,right,insufficient_row_coverage,tracking,1,0.005780,0,0,0,0.000000,0,0,,,,,1
741,000741.png,center,not_published,from_left_right,,,0,,,,
742,000742.png,left,insufficient_row_coverage,tracking,151,0.034682,0,0,0,0.000000,0,0,,,,,3
742,000742.png,right,rejected_side_geometry,tracking,2899,0.300578,0,0,0,12.462644,4.5246670671,-468.679001747,,,,,6
742,000742.png,center,not_published,from_left_right,,,0,,,,
743,000743.png,left,insufficient_row_coverage,tracking,144,0.092486,0,0,0,0.000000,0,0,,,,,4
743,000743.png,right,ok,init,3959,0.306358,3959,3959,25,15.665522,3.56584882657,-263.140554015,0.351445,0.503625,-1.073557,-0.608251,0
743,000743.png,center,not_published,from_left_right,,,0,,,,
744,000744.png,left,rejected_side_geometry,tracking,178,0.121387,0,0,0,52.129264,0.777658802423,102.351767828,,,,,6
744,000744.png,right,insufficient_row_coverage,tracking,565,0.040462,0,0,0,0.000000,0,0,,,,,1
744,000744.png,center,not_published,from_left_right,,,0,,,,
745,000745.png,left,ok,init,2584,0.190751,2584,2584,25,167.443145,-4.4896207611,1068.60361644,0.241373,0.334662,-0.556804,-0.394743,0
745,000745.png,right,insufficient_row_coverage,tracking,514,0.040462,0,0,0,0.000000,0,0,,,,,2
745,000745.png,center,not_published,from_left_right,,,0,,,,
746,000746.png,left,insufficient_row_coverage,tracking,1,0.005780,0,0,0,0.000000,0,0,,,,,1
746,000746.png,right,insufficient_row_coverage,tracking,493,0.034682,0,0,0,0.000000,0,0,,,,,3
746,000746.png,center,not_published,from_left_right,,,0,,,,
747,000747.png,left,rejected_side_geometry,tracking,1369,0.190751,0,0,0,169.663620,-5.48285329461,1255.513556,,,,,6
747,000747.png,right,insufficient_row_coverage,tracking,581,0.040462,0,0,0,0.000000,0,0,,,,,4
747,000747.png,center,not_published,from_left_right,,,0,,,,
748,000748.png,left,insufficient_row_coverage,init,208,0.040462,0,0,0,0.000000,0,0,,,,,7
748,000748.png,right,insufficient_row_coverage,tracking,576,0.040462,0,0,0,0.000000,0,0,,,,,5
748,000748.png,center,not_published,from_left_right,,,0,,,,
749,000749.png,left,insufficient_row_coverage,init,147,0.034682,0,0,0,0.000000,0,0,,,,,8
749,000749.png,right,insufficient_row_coverage,tracking,578,0.046243,0,0,0,0.000000,0,0,,,,,6
749,000749.png,center,not_published,from_left_right,,,0,,,,
750,000750.png,left,rejected_side_geometry,init,179,0.127168,0,0,0,66.997089,0.424534774646,174.653614151,,,,,6
750,000750.png,right,ok,init,3750,0.317919,3750,3750,25,12.570798,4.48447763787,-469.077316245,0.348555,0.504845,-1.092256,-0.597887,0
750,000750.png,center,not_published,from_left_right,,,0,,,,
751,000751.png,left,insufficient_row_coverage,init,7,0.017341,0,0,0,0.000000,0,0,,,,,7
751,000751.png,right,rejected_side_geometry,tracking,3230,0.329480,0,0,0,11.793107,4.78960856024,-536.369705985,,,,,6
751,000751.png,center,not_published,from_left_right,,,0,,,,
752,000752.png,left,rejected_side_geometry,init,201,0.144509,0,0,0,71.841714,0.327976720028,194.392895218,,,,,6
752,000752.png,right,rejected_side_geometry,init,3567,0.306358,0,0,0,11.426920,4.94744897587,-567.285403405,,,,,6
752,000752.png,center,not_published,from_left_right,,,0,,,,
753,000753.png,left,insufficient_row_coverage,init,187,0.034682,0,0,0,0.000000,0,0,,,,,7
753,000753.png,right,rejected_side_geometry,init,3702,0.317919,0,0,0,11.980987,4.71231854683,-515.900019934,,,,,6
753,000753.png,center,not_published,from_left_right,,,0,,,,
754,000754.png,left,insufficient_row_coverage,init,197,0.034682,0,0,0,0.000000,0,0,,,,,8
754,000754.png,right,rejected_side_geometry,init,3805,0.312139,0,0,0,12.170923,4.63657385194,-496.499834519,,,,,6
754,000754.png,center,not_published,from_left_right,,,0,,,,
755,000755.png,left,rejected_side_geometry,init,221,0.167630,0,0,0,81.822819,0.143695693071,233.251221002,,,,,6
755,000755.png,right,rejected_side_geometry,init,3476,0.312139,0,0,0,12.088084,4.66932092487,-507.805781509,,,,,6
755,000755.png,center,not_published,from_left_right,,,0,,,,
756,000756.png,left,rejected_side_geometry,init,230,0.173410,0,0,0,84.268481,0.100368884922,242.292215001,,,,,6
756,000756.png,right,ok,init,3983,0.317919,3983,3983,25,13.399860,4.19760602305,-402.036510542,0.348555,0.504354,-1.085954,-0.597887,0
756,000756.png,center,not_published,from_left_right,,,0,,,,
757,000757.png,left,insufficient_row_coverage,init,260,0.040462,0,0,0,0.000000,0,0,,,,,7
757,000757.png,right,rejected_side_geometry,tracking,3078,0.312139,0,0,0,12.277574,4.59505436074,-486.484946416,,,,,6
757,000757.png,center,not_published,from_left_right,,,0,,,,
758,000758.png,left,insufficient_row_coverage,init,57,0.023121,0,0,0,0.000000,0,0,,,,,8
758,000758.png,right,ok,init,4250,0.312139,4250,4250,25,15.096741,3.70700322923,-295.098606896,0.348555,0.504354,-1.085954,-0.597887,0
758,000758.png,center,not_published,from_left_right,,,0,,,,
759,000759.png,left,insufficient_row_coverage,init,270,0.040462,0,0,0,0.000000,0,0,,,,,9
759,000759.png,right,rejected_side_geometry,tracking,2593,0.312139,0,0,0,11.702841,4.82761177104,-535.723232352,,,,,6
759,000759.png,center,not_published,from_left_right,,,0,,,,
760,000760.png,left,ok,init,290,0.213873,290,290,25,104.418440,-0.257099451713,313.458659989,0.284233,0.314198,-0.528642,-0.515129,0
760,000760.png,right,ok,init,4079,0.306358,4079,4079,25,13.949605,4.02586248479,-361.277372445,0.348555,0.504354,-1.079722,-0.597887,0
760,000760.png,center,ok,from_left_right,,,25,,,,
761,000761.png,left,ok,tracking,316,0.225434,316,316,25,109.869521,-0.361393385725,334.533331041,0.280761,0.313445,-0.527829,-0.511274,0
761,000761.png,right,ok,tracking,3006,0.312139,3006,3006,25,12.860183,4.38021484171,-437.193947702,0.365535,0.504354,-1.082829,-0.620040,0
761,000761.png,center,ok,from_left_right,,,25,,,,
762,000762.png,left,ok,tracking,333,0.236994,333,333,25,113.345138,-0.431602279747,347.995844444,0.277456,0.312369,-0.526210,-0.507471,0
762,000762.png,right,rejected_side_geometry,tracking,2986,0.306358,0,0,0,12.173990,4.63536988767,-492.218472718,,,,,6
762,000762.png,center,not_published,from_left_right,,,0,,,,
763,000763.png,left,ok,tracking,387,0.260116,387,387,25,116.547197,-0.499610550169,360.94774256,0.272316,0.311620,-0.524601,-0.503719,0
763,000763.png,right,ok,init,4238,0.306358,4238,4238,25,15.416135,3.62648792186,-276.218544324,0.348165,0.504354,-1.079722,-0.597887,0
763,000763.png,center,ok,from_left_right,,,25,,,,
764,000764.png,left,ok,tracking,426,0.283237,426,426,25,121.318527,-0.608452501577,382.467330509,0.267836,0.311657,-0.523000,-0.498551,0
764,000764.png,right,insufficient_row_coverage,tracking,535,0.046243,0,0,0,0.000000,0,0,,,,,1
764,000764.png,center,not_published,from_left_right,,,0,,,,
765,000765.png,left,ok,tracking,479,0.312139,479,479,25,123.918433,-0.672439206399,395.29174456,0.261858,0.309852,-0.521409,-0.493478,0
765,000765.png,right,rejected_side_geometry,tracking,2048,0.306358,0,0,0,12.390760,4.55176080183,-483.082339772,,,,,6
765,000765.png,center,not_published,from_left_right,,,0,,,,
766,000766.png,left,ok,tracking,547,0.341040,547,547,25,126.349495,-0.735903845983,407.774635173,0.255711,0.309108,-0.519826,-0.487794,0
766,000766.png,right,ok,init,4126,0.317919,4126,4126,25,14.631890,3.83031802917,-323.227840234,0.348165,0.504354,-1.085954,-0.597887,0
766,000766.png,center,ok,from_left_right,,,25,,,,
767,000767.png,left,ok,tracking,622,0.369942,622,622,25,130.207187,-0.845280572208,429.437144994,0.248866,0.308409,-0.518252,-0.479487,0
767,000767.png,right,ok,tracking,3043,0.323699,3043,3043,25,13.298235,4.23087978769,-408.627259482,0.366041,0.504845,-1.092256,-0.621133,0
767,000767.png,center,ok,from_left_right,,,25,,,,
768,000768.png,left,ok,tracking,699,0.416185,699,699,25,131.983765,-0.899891089885,440.037249072,0.240212,0.306975,-0.516686,-0.472758,0
768,000768.png,right,insufficient_row_coverage,tracking,1,0.005780,0,0,0,0.000000,0,0,,,,,1
768,000768.png,center,not_published,from_left_right,,,0,,,,
769,000769.png,left,ok,tracking,827,0.473988,827,827,25,134.721473,-0.990324546581,459.024036925,0.230016,0.307024,-0.515129,-0.461702,0
769,000769.png,right,ok,tracking,3158,0.335260,3158,3158,25,13.248914,4.24720893141,-417.529684362,0.361546,0.505598,-1.105071,-0.611425,0
769,000769.png,center,ok,from_left_right,,,25,,,,
770,000770.png,left,ok,tracking,981,0.543353,981,981,25,136.696585,-1.06104751624,473.5730299,0.217638,0.305260,-0.513581,-0.449886,0
770,000770.png,right,ok,tracking,3177,0.341040,3177,3177,25,13.011140,4.32763693434,-439.198815109,0.358620,0.506364,-1.111586,-0.605107,0
770,000770.png,center,ok,from_left_right,,,25,,,,
771,000771.png,left,ok,tracking,1171,0.635838,1171,1171,25,138.517576,-1.13099328498,489.541003463,0.200374,0.302381,-0.511274,-0.434573,0
771,000771.png,right,rejected_side_geometry,tracking,3003,0.317919,0,0,0,12.017098,4.69773631424,-517.490944548,,,,,6
771,000771.png,center,not_published,from_left_right,,,0,,,,
772,000772.png,left,ok,tracking,1440,0.757225,1440,1440,25,140.097903,-1.19589763166,504.446555326,0.181889,0.301648,-0.510509,-0.417496,0
772,000772.png,right,ok,init,4170,0.312139,4170,4170,25,15.279395,3.66055607209,-289.576007078,0.347311,0.504354,-1.085954,-0.597887,0
772,000772.png,center,ok,from_left_right,,,25,,,,
773,000773.png,left,ok,tracking,1760,0.884393,1760,1760,25,141.855506,-1.27330963998,518.899009338,0.163078,0.301314,-0.508986,-0.396675,0
773,000773.png,right,ok,tracking,2935,0.329480,2935,2935,25,13.812184,4.06753657793,-376.62935635,0.367196,0.504845,-1.095433,-0.625539,0
773,000773.png,center,ok,from_left_right,,,25,,,,
774,000774.png,left,ok,tracking,1754,0.884393,1754,1754,25,141.932297,-1.27682886281,515.684687114,0.162495,0.299985,-0.505964,-0.394262,0
774,000774.png,right,ok,tracking,2971,0.317919,2971,2971,25,12.896071,4.36760544169,-441.417355199,0.362039,0.504354,-1.085954,-0.612489,0
774,000774.png,center,ok,from_left_right,,,25,,,,
775,000775.png,left,ok,tracking,1761,0.884393,1761,1761,25,142.398467,-1.29845458965,517.182330973,0.161918,0.299327,-0.505214,-0.391875,0
775,000775.png,right,rejected_side_geometry,tracking,2917,0.312139,0,0,0,11.944118,4.72729671129,-517.061908846,,,,,6
775,000775.png,center,not_published,from_left_right,,,0,,,,
776,000776.png,left,ok,tracking,1795,0.884393,1795,1795,25,142.824496,-1.3186216093,518.84067928,0.161121,0.298671,-0.502975,-0.388575,0
776,000776.png,right,rejected_side_geometry,init,3325,0.294798,0,0,0,9.973967,5.68638876875,-719.031634321,,,,,6
776,000776.png,center,not_published,from_left_right,,,0,,,,
777,000777.png,left,ok,tracking,1777,0.867052,1777,1777,25,143.453054,-1.34910917829,523.994615717,0.160447,0.294890,-0.500018,-0.385786,0
777,000777.png,right,rejected_side_geometry,init,3707,0.306358,0,0,0,11.417011,4.951858986,-571.219135006,,,,,6
777,000777.png,center,not_published,from_left_right,,,0,,,,
778,000778.png,left,ok,tracking,1845,0.878613,1845,1845,25,143.923531,-1.37252598624,522.055150188,0.159452,0.295688,-0.498551,-0.381668,0
778,000778.png,right,rejected_side_geometry,init,3293,0.294798,0,0,0,9.679592,5.86281402929,-753.334713494,,,,,6
778,000778.png,center,not_published,from_left_right,,,0,,,,
779,000779.png,left,ok,tracking,1841,0.867052,1841,1841,25,144.493392,-1.40160631513,527.388280853,0.158799,0.293619,-0.496365,-0.378966,0
779,000779.png,right,ok,init,4104,0.306358,4104,4104,25,14.718383,3.80679686952,-316.414498636,0.348555,0.503625,-1.073557,-0.596869,0
779,000779.png,center,ok,from_left_right,,,25,,,,
780,000780.png,left,ok,tracking,1874,0.861272,1874,1874,25,145.266523,-1.4423820028,534.714308528,0.158154,0.292274,-0.495641,-0.376297,0
780,000780.png,right,ok,tracking,2864,0.317919,2864,2864,25,13.606118,4.13157414681,-387.464084706,0.366414,0.504354,-1.085954,-0.620040,0
780,000780.png,center,ok,from_left_right,,,25,,,,
781,000781.png,left,ok,tracking,1885,0.855491,1885,1885,25,145.914266,-1.47778630173,539.03456258,0.157306,0.290008,-0.492046,-0.372790,0
781,000781.png,right,rejected_side_geometry,tracking,2867,0.317919,0,0,0,12.405648,4.54612406001,-479.152992963,,,,,6
781,000781.png,center,not_published,from_left_right,,,0,,,,
782,000782.png,left,ok,tracking,1893,0.843931,1893,1893,25,146.607768,-1.51702711194,547.757878456,0.156992,0.288284,-0.491332,-0.371490,0
782,000782.png,right,rejected_side_geometry,init,3845,0.329480,0,0,0,11.503651,4.91355458267,-570.678741265,,,,,6
782,000782.png,center,not_published,from_left_right,,,0,,,,
783,000783.png,left,ok,tracking,1870,0.832370,1870,1870,25,147.138684,-1.54805543923,552.256733596,0.157545,0.286967,-0.489204,-0.371490,0
783,000783.png,right,rejected_side_geometry,init,3867,0.335260,0,0,0,11.730565,4.81587832584,-551.473105109,,,,,6
783,000783.png,center,not_published,from_left_right,,,0,,,,
784,000784.png,left,ok,tracking,1858,0.820809,1858,1858,25,147.713261,-1.58265443055,559.065212532,0.158651,0.286362,-0.488498,-0.371490,0
784,000784.png,right,rejected_side_geometry,init,3469,0.329480,0,0,0,10.268802,5.51972735913,-709.708462433,,,,,6
784,000784.png,center,not_published,from_left_right,,,0,,,,
785,000785.png,left,ok,tracking,1832,0.791908,1832,1832,25,148.061861,-1.60418602401,563.855462753,0.159757,0.283652,-0.487092,-0.371490,0
785,000785.png,right,rejected_side_geometry,init,3708,0.335260,0,0,0,10.834154,5.22525912303,-647.926956222,,,,,6
785,000785.png,center,not_published,from_left_right,,,0,,,,
786,000786.png,left,ok,tracking,1793,0.768786,1793,1793,25,148.643742,-1.64107895193,570.939116585,0.161416,0.281770,-0.484996,-0.371490,0
786,000786.png,right,ok,init,4454,0.341040,4454,4454,25,15.349998,3.64289161559,-296.117748891,0.346064,0.506364,-1.114872,-0.597887,0
786,000786.png,center,ok,from_left_right,,,25,,,,
787,000787.png,left,ok,tracking,1753,0.728324,1753,1753,25,149.602995,-1.70466286281,585.511293764,0.164181,0.279500,-0.482227,-0.371490,0
787,000787.png,right,insufficient_row_coverage,tracking,174,0.034682,0,0,0,0.000000,0,0,,,,,1
787,000787.png,center,not_published,from_left_right,,,0,,,,
788,000788.png,left,ok,tracking,1715,0.699422,1715,1715,25,150.181500,-1.74479186247,593.179234114,0.165839,0.276963,-0.480169,-0.371490,0
788,000788.png,right,ok,tracking,2715,0.312139,2715,2715,25,12.841566,4.38678348685,-468.081345289,0.369009,0.507935,-1.138402,-0.647286,0
788,000788.png,center,ok,from_left_right,,,25,,,,
789,000789.png,left,ok,tracking,1681,0.682081,1681,1681,25,150.503090,-1.76771644064,598.240838005,0.166392,0.275014,-0.478127,-0.371490,0
789,000789.png,right,rejected_side_geometry,tracking,3103,0.352601,0,0,0,11.634175,4.85691073485,-576.973978314,,,,,6
789,000789.png,center,not_published,from_left_right,,,0,,,,
790,000790.png,left,ok,tracking,1649,0.653179,1649,1649,25,150.898533,-1.79653716088,605.277734352,0.167498,0.272108,-0.475429,-0.371490,0
790,000790.png,right,insufficient_row_coverage,init,190,0.034682,0,0,0,0.000000,0,0,,,,,7
790,000790.png,center,not_published,from_left_right,,,0,,,,
791,000791.png,left,ok,tracking,1596,0.624277,1596,1596,25,151.388259,-1.83323580361,612.148588538,0.169157,0.268554,-0.471432,-0.371490,0
791,000791.png,right,rejected_side_geometry,init,3583,0.346821,0,0,0,11.054045,5.11877111906,-646.890477011,,,,,6
791,000791.png,center,not_published,from_left_right,,,0,,,,
792,000792.png,left,ok,tracking,1526,0.595376,1526,1526,25,151.940487,-1.87602296255,621.645431996,0.170263,0.265185,-0.467496,-0.371490,0
792,000792.png,right,rejected_side_geometry,init,3679,0.369942,0,0,0,11.289350,5.00935683437,-628.970401493,,,,,6
792,000792.png,center,not_published,from_left_right,,,0,,,,
793,000793.png,left,ok,tracking,1485,0.560694,1485,1485,25,152.321536,-1.90646005712,627.871378548,0.171922,0.262115,-0.464261,-0.371490,0
793,000793.png,right,rejected_side_geometry,init,3723,0.369942,0,0,0,11.365867,4.97474078533,-620.714564103,,,,,6
793,000793.png,center,not_published,from_left_right,,,0,,,,
794,000794.png,left,ok,tracking,1424,0.531792,1424,1424,25,152.563619,-1.92620102986,630.54356898,0.173028,0.258068,-0.459168,-0.371490,0
794,000794.png,right,rejected_side_geometry,init,3627,0.358382,0,0,0,11.473954,4.92661967016,-609.059122293,,,,,6
794,000794.png,center,not_published,from_left_right,,,0,,,,
795,000795.png,left,ok,tracking,1333,0.502890,1333,1333,25,152.778499,-1.94399484471,634.835838536,0.173028,0.252537,-0.453558,-0.371490,0
795,000795.png,right,rejected_side_geometry,init,3685,0.358382,0,0,0,11.604015,4.86988744752,-600.968838537,,,,,6
795,000795.png,center,not_published,from_left_right,,,0,,,,
796,000796.png,left,ok,tracking,1250,0.468208,1250,1250,25,153.417181,-1.99845046473,646.977032492,0.174687,0.248666,-0.449279,-0.371490,0
796,000796.png,right,rejected_side_geometry,init,3753,0.369942,0,0,0,11.875467,4.75543077887,-581.667244075,,,,,6
796,000796.png,center,not_published,from_left_right,,,0,,,,
797,000797.png,left,ok,tracking,1160,0.421965,1160,1160,25,153.755291,-2.0282715933,651.05496931,0.176346,0.242675,-0.442110,-0.371490,0
797,000797.png,right,rejected_side_geometry,init,3657,0.375723,0,0,0,12.025157,4.69449373784,-568.590512019,,,,,6
797,000797.png,center,not_published,from_left_right,,,0,,,,
798,000798.png,left,ok,tracking,1008,0.375723,1008,1008,25,153.945431,-2.04535742186,654.486081484,0.176899,0.234319,-0.432866,-0.371490,0
798,000798.png,right,rejected_side_geometry,init,3522,0.369942,0,0,0,11.948946,4.72533015651,-574.28882141,,,,,6
798,000798.png,center,not_published,from_left_right,,,0,,,,
799,000799.png,left,ok,tracking,874,0.329480,874,874,25,153.923511,-2.04337586324,651.665164156,0.177452,0.227490,-0.423962,-0.371490,0
799,000799.png,right,rejected_side_geometry,init,2831,0.375723,0,0,0,12.075181,4.67446136281,-577.969672528,,,,,6
799,000799.png,center,not_published,from_left_right,,,0,,,,
800,000800.png,left,ok,tracking,722,0.277457,722,722,25,153.982971,-2.04875813667,649.004315859,0.178557,0.219725,-0.414854,-0.371490,0
800,000800.png,right,rejected_side_geometry,init,3755,0.387283,0,0,0,12.348226,4.5679382568,-538.821418088,,,,,6
800,000800.png,center,not_published,from_left_right,,,0,,,,
801,000801.png,left,ok,tracking,537,0.213873,537,537,25,153.919108,-2.04297823,644.043577643,0.179663,0.210217,-0.403573,-0.371490,0
801,000801.png,right,rejected_side_geometry,init,3758,0.381503,0,0,0,12.499167,4.51101874951,-530.330026789,,,,,6
801,000801.png,center,not_published,from_left_right,,,0,,,,
802,000802.png,left,ok,tracking,223,0.109827,223,223,25,151.854005,-1.86922057928,585.328115714,0.181875,0.196914,-0.387176,-0.371490,0
802,000802.png,right,ok,init,3734,0.393064,3734,3734,25,12.739114,4.42326827057,-510.658797436,0.343100,0.508295,-1.170087,-0.599934,0
802,000802.png,center,ok,from_left_right,,,25,,,,
803,000803.png,left,ok,tracking,756,0.127168,756,756,25,157.318752,-2.39277634838,685.10606935,0.284081,0.324344,-0.534395,-0.458539,0
803,000803.png,right,ok,tracking,3505,0.404624,3505,3505,25,12.977014,4.3394177585,-495.572617255,0.345209,0.506957,-1.170087,-0.599934,0
803,000803.png,center,ok,from_left_right,,,25,,,,
804,000804.png,left,ok,tracking,824,0.150289,824,824,25,151.912461,-1.87381428654,578.404622337,0.282396,0.321685,-0.530274,-0.454794,0
804,000804.png,right,rejected_side_geometry,tracking,2391,0.398844,0,0,0,12.412877,4.54339180225,-562.399023536,,,,,6
804,000804.png,center,not_published,from_left_right,,,0,,,,
805,000805.png,left,ok,tracking,858,0.190751,858,858,25,141.197092,-1.24361990568,451.584644167,0.279211,0.322078,-0.527829,-0.454175,0
805,000805.png,right,ok,init,3705,0.410405,3705,3705,25,12.986528,4.33612730169,-497.753052917,0.342700,0.504845,-1.170087,-0.599934,0
805,000805.png,center,ok,from_left_right,,,25,,,,
806,000806.png,left,ok,tracking,835,0.150289,835,835,25,140.266074,-1.20305564618,438.480339076,0.282778,0.318364,-0.521409,-0.454175,0
806,000806.png,right,ok,tracking,2738,0.421965,2738,2738,25,13.350817,4.21360144875,-488.002835872,0.343957,0.501898,-1.170087,-0.599934,0
806,000806.png,center,ok,from_left_right,,,25,,,,
807,000807.png,left,ok,tracking,912,0.156069,912,912,25,136.123411,-1.04000391644,403.240501627,0.282050,0.318401,-0.518252,-0.451104,0
807,000807.png,right,ok,tracking,3327,0.421965,3327,3327,25,13.772015,4.07987213981,-452.240990433,0.342244,0.500299,-1.170087,-0.599934,0
807,000807.png,center,ok,from_left_right,,,25,,,,
808,000808.png,left,ok,tracking,925,0.161850,925,925,25,130.492102,-0.853842309851,363.487773914,0.281224,0.316955,-0.515129,-0.449279,0
808,000808.png,right,ok,tracking,3358,0.427746,3358,3358,25,13.876945,4.04779655689,-443.735282164,0.342244,0.500299,-1.170087,-0.599934,0
808,000808.png,center,ok,from_left_right,,,25,,,,
809,000809.png,left,ok,tracking,975,0.167630,975,975,25,124.015769,-0.674909030043,325.651232885,0.280677,0.316262,-0.512041,-0.448070,0
809,000809.png,right,ok,tracking,3406,0.421965,3406,3406,25,13.862834,4.0520822722,-444.871476136,0.343100,0.500299,-1.170087,-0.599934,0
809,000809.png,center,ok,from_left_right,,,25,,,,
810,000810.png,left,ok,tracking,926,0.167630,926,926,25,110.399144,-0.371879666868,262.3705239,0.280480,0.314111,-0.508986,-0.446866,0
810,000810.png,right,ok,tracking,3307,0.427746,3307,3307,25,13.888955,4.04415551935,-444.822369981,0.343100,0.498700,-1.170087,-0.599934,0
810,000810.png,center,ok,from_left_right,,,25,,,,
811,000811.png,left,ok,tracking,1010,0.179191,1010,1010,25,109.640075,-0.356872300124,256.040956826,0.277692,0.313472,-0.505214,-0.444477,0
811,000811.png,right,ok,tracking,3173,0.433526,3173,3173,25,14.168422,3.96114023642,-428.882114132,0.342244,0.498700,-1.170087,-0.599934,0
811,000811.png,center,ok,from_left_right,,,25,,,,
812,000812.png,left,rejected_side_geometry,tracking,1017,0.179191,0,0,0,89.603092,0.00692745974661,181.794213023,,,,,6
812,000812.png,right,ok,tracking,3160,0.433526,3160,3160,25,14.239754,3.94046281143,-424.162657589,0.342244,0.498700,-1.170087,-0.599934,0
812,000812.png,center,not_published,from_left_right,,,0,,,,
813,000813.png,left,rejected_side_geometry,init,1858,0.190751,0,0,0,62.219707,0.526800711898,96.0401987086,,,,,6
813,000813.png,right,ok,tracking,2759,0.433526,2759,2759,25,13.737899,4.09040430764,-462.476496603,0.342244,0.500299,-1.170087,-0.599934,0
813,000813.png,center,not_published,from_left_right,,,0,,,,
814,000814.png,left,rejected_side_geometry,init,2004,0.196532,0,0,0,58.865899,0.604050624297,77.3380023791,,,,,6
814,000814.png,right,ok,tracking,2790,0.439306,2790,2790,25,13.744905,4.08823734533,-458.572985246,0.343100,0.500299,-1.170087,-0.599934,0
814,000814.png,center,not_published,from_left_right,,,0,,,,
815,000815.png,left,rejected_side_geometry,init,1964,0.196532,0,0,0,71.328729,0.337922563325,131.376268591,,,,,6
815,000815.png,right,ok,tracking,3193,0.462428,3193,3193,25,14.239079,3.94065766983,-421.294029398,0.343100,0.500299,-1.170087,-0.597887,0
815,000815.png,center,not_published,from_left_right,,,0,,,,
816,000816.png,left,ok,init,2005,0.202312,2005,2005,25,98.914121,-0.15684833834,230.969814747,0.271679,0.332661,-0.555910,-0.420707,0
816,000816.png,right,ok,tracking,3218,0.468208,3218,3218,25,14.367083,3.90405302067,-413.154223057,0.343100,0.498984,-1.170087,-0.597887,0
816,000816.png,center,ok,from_left_right,,,25,,,,
817,000817.png,left,ok,tracking,1025,0.202312,1025,1025,25,136.961189,-1.07091341021,403.631082818,0.270606,0.317021,-0.512810,-0.451104,0
817,000817.png,right,ok,tracking,3231,0.445087,3231,3231,25,14.580762,3.84435027153,-400.802862583,0.343100,0.497100,-1.170087,-0.599934,0
817,000817.png,center,ok,from_left_right,,,25,,,,
818,000818.png,left,ok,tracking,1050,0.219653,1050,1050,25,137.333718,-1.0849700576,404.222256581,0.267286,0.317737,-0.512041,-0.447467,0
818,000818.png,right,ok,tracking,3318,0.479769,3318,3318,25,14.684167,3.81606912791,-392.936599925,0.343100,0.498700,-1.170087,-0.597887,0
818,000818.png,center,ok,from_left_right,,,25,,,,
819,000819.png,left,ok,tracking,1062,0.225434,1062,1062,25,133.208252,-0.93933357886,372.966430242,0.265843,0.315931,-0.509747,-0.445669,0
819,000819.png,right,ok,tracking,2934,0.468208,2934,2934,25,14.346372,3.90993228748,-417.317215703,0.343558,0.500299,-1.170087,-0.597887,0
819,000819.png,center,ok,from_left_right,,,25,,,,
820,000820.png,left,ok,tracking,1120,0.236994,1120,1120,25,132.494943,-0.916168806731,367.037640627,0.263751,0.315603,-0.507471,-0.444477,0
820,000820.png,right,ok,tracking,2897,0.468208,2897,2897,25,14.137466,3.97017731402,-434.48927465,0.343100,0.498700,-1.170087,-0.598909,0
820,000820.png,center,ok,from_left_right,,,25,,,,
821,000821.png,left,ok,tracking,1079,0.242775,1079,1079,25,132.155913,-0.905343505928,363.431039801,0.262332,0.314899,-0.505964,-0.444477,0
821,000821.png,right,ok,tracking,2826,0.462428,2826,2826,25,14.188211,3.95538346777,-432.751294623,0.343100,0.497100,-1.170087,-0.598909,0
821,000821.png,center,ok,from_left_right,,,25,,,,
822,000822.png,left,ok,tracking,1049,0.248555,1049,1049,25,131.095447,-0.872215680141,356.278806023,0.260425,0.314548,-0.505214,-0.444477,0
822,000822.png,right,ok,tracking,3093,0.456647,3093,3093,25,14.625223,3.83214251746,-401.243815448,0.343100,0.495501,-1.170087,-0.599934,0
822,000822.png,center,ok,from_left_right,,,25,,,,
823,000823.png,left,ok,tracking,1064,0.254335,1064,1064,25,131.148327,-0.873842033007,355.850216597,0.258785,0.314199,-0.504466,-0.444477,0
823,000823.png,right,ok,tracking,3423,0.491329,3423,3423,25,15.058503,3.71686605495,-375.550493756,0.342244,0.492303,-1.170087,-0.598909,0
823,000823.png,center,ok,from_left_right,,,25,,,,
824,000824.png,left,ok,tracking,689,0.265896,689,689,25,108.253327,-0.329814921293,235.518115872,0.255868,0.291550,-0.474759,-0.441522,0
824,000824.png,right,ok,tracking,3433,0.479769,3433,3433,25,15.311953,3.65239055534,-360.573248858,0.342700,0.491012,-1.170087,-0.599934,0
824,000824.png,center,ok,from_left_right,,,25,,,,
825,000825.png,left,ok,tracking,504,0.213873,504,504,25,150.777540,-1.78764343211,558.280130275,0.252742,0.290479,-0.475429,-0.438023,0
825,000825.png,right,ok,tracking,3441,0.473988,3441,3441,25,15.413625,3.62710782623,-356.597391554,0.343100,0.489417,-1.170087,-0.599934,0
825,000825.png,center,ok,from_left_right,,,25,,,,
826,000826.png,left,ok,tracking,709,0.271676,709,709,25,136.807922,-1.06518695884,395.413807821,0.250062,0.292234,-0.476101,-0.435144,0
826,000826.png,right,ok,tracking,3727,0.502890,3727,3727,25,16.301644,3.41936909892,-311.312344049,0.343100,0.485906,-1.170087,-0.599934,0
826,000826.png,center,ok,from_left_right,,,25,,,,
827,000827.png,left,ok,tracking,867,0.306358,867,867,25,130.266932,-0.847069937236,345.058135861,0.247194,0.292919,-0.477450,-0.431734,0
827,000827.png,right,ok,tracking,3588,0.491329,3588,3588,25,15.977867,3.49250583185,-330.142818215,0.343100,0.484307,-1.170087,-0.599934,0
827,000827.png,center,ok,from_left_right,,,25,,,,
828,000828.png,left,ok,tracking,974,0.329480,974,974,25,129.981725,-0.838556256841,341.997299393,0.243745,0.292618,-0.477450,-0.428372,0
828,000828.png,right,ok,tracking,3609,0.491329,3609,3609,25,16.093372,3.46608604791,-326.194630557,0.342244,0.481445,-1.170087,-0.599934,0
828,000828.png,center,ok,from_left_right,,,25,,,,
829,000829.png,left,insufficient_row_coverage,tracking,240,0.080925,0,0,0,0.000000,0,0,,,,,1
829,000829.png,right,ok,tracking,3516,0.491329,3516,3516,25,16.200521,3.44190579702,-321.351123763,0.342244,0.482707,-1.170087,-0.599934,0
829,000829.png,center,not_published,from_left_right,,,0,,,,
830,000830.png,left,ok,tracking,1363,0.369942,1363,1363,25,142.426357,-1.29976290812,442.601967254,0.235979,0.311437,-0.498551,-0.418561,0
830,000830.png,right,ok,tracking,3546,0.502890,3546,3546,25,16.322266,3.41480660296,-316.4393205,0.341843,0.481108,-1.170087,-0.599934,0
830,000830.png,center,ok,from_left_right,,,25,,,,
831,000831.png,left,ok,tracking,1476,0.387283,1476,1476,25,147.495122,-1.56939070748,503.445538388,0.231707,0.315956,-0.508228,-0.413283,0
831,000831.png,right,ok,tracking,3561,0.502890,3561,3561,25,16.489179,3.37828630117,-308.876694831,0.341843,0.479509,-1.170087,-0.599934,0
831,000831.png,center,ok,from_left_right,,,25,,,,
832,000832.png,left,ok,tracking,1610,0.410405,1610,1610,25,150.249173,-1.74957848442,544.274066399,0.226949,0.319542,-0.515907,-0.407103,0
832,000832.png,right,ok,tracking,3495,0.502890,3495,3495,25,16.549221,3.36532445578,-306.182900048,0.341388,0.479509,-1.170087,-0.599934,0
832,000832.png,center,ok,from_left_right,,,25,,,,
833,000833.png,left,ok,tracking,1352,0.445087,1352,1352,25,151.706705,-1.85772235235,568.109390662,0.220587,0.295725,-0.482227,-0.399606,0
833,000833.png,right,ok,tracking,3434,0.508671,3434,3434,25,16.495205,3.37698113344,-309.453290392,0.341843,0.479509,-1.170087,-0.599934,0
833,000833.png,center,ok,from_left_right,,,25,,,,
834,000834.png,left,ok,tracking,1473,0.479769,1473,1473,25,153.837012,-2.03558669943,608.238467692,0.214430,0.296935,-0.482917,-0.391875,0
834,000834.png,right,ok,tracking,3375,0.508671,3375,3375,25,16.566683,3.36157187665,-303.954569366,0.342244,0.481108,-1.170087,-0.599934,0
834,000834.png,center,ok,from_left_right,,,25,,,,
835,000835.png,left,ok,tracking,1599,0.514451,1599,1599,25,155.426647,-2.18687594343,644.672266466,0.207092,0.298089,-0.482917,-0.382577,0
835,000835.png,right,ok,tracking,3364,0.508671,3364,3364,25,16.477704,3.38077382745,-306.55546452,0.343100,0.482707,-1.170087,-0.599934,0
835,000835.png,center,ok,from_left_right,,,25,,,,
836,000836.png,left,ok,tracking,1764,0.549133,1764,1764,25,157.352574,-2.39675195152,694.125537223,0.199461,0.298950,-0.484301,-0.371490,0
836,000836.png,right,ok,tracking,3781,0.531792,3781,3781,25,17.093284,3.25190714827,-273.486873886,0.343957,0.482707,-1.170087,-0.598909,0
836,000836.png,center,ok,from_left_right,,,25,,,,
837,000837.png,left,ok,tracking,1647,0.479769,1647,1647,25,159.847347,-2.72486679545,779.169464348,0.196805,0.291862,-0.484301,-0.371490,0
837,000837.png,right,ok,tracking,3453,0.514451,3453,3453,25,16.658078,3.34205590081,-293.776249455,0.343957,0.483039,-1.170087,-0.598909,0
837,000837.png,center,ok,from_left_right,,,25,,,,
838,000838.png,left,ok,tracking,1663,0.485549,1663,1663,25,159.913426,-2.73461380908,783.568002792,0.196252,0.292169,-0.485693,-0.371490,0
838,000838.png,right,ok,tracking,3625,0.514451,3625,3625,25,17.096633,3.2512305688,-271.17679411,0.343957,0.482707,-1.170087,-0.598909,0
838,000838.png,center,ok,from_left_right,,,25,,,,
839,000839.png,left,ok,tracking,1682,0.491329,1682,1682,25,159.942358,-2.73890076085,784.494995429,0.196252,0.293488,-0.487092,-0.371490,0
839,000839.png,right,ok,tracking,3816,0.531792,3816,3816,25,17.322856,3.20612519737,-258.209699557,0.344813,0.484307,-1.170087,-0.597887,0
839,000839.png,center,ok,from_left_right,,,25,,,,
840,000840.png,left,ok,tracking,1667,0.485549,1667,1667,25,159.968191,-2.7427387056,788.081266605,0.195699,0.292702,-0.487092,-0.371490,0
840,000840.png,right,ok,tracking,3863,0.531792,3863,3863,25,17.385367,3.19386215539,-253.328657545,0.346064,0.484307,-1.170087,-0.597887,0
840,000840.png,center,ok,from_left_right,,,25,,,,
841,000841.png,left,ok,tracking,1671,0.479769,1671,1671,25,160.242151,-2.78403146883,797.699650392,0.196252,0.293012,-0.488498,-0.371490,0
841,000841.png,right,ok,tracking,3869,0.520231,3869,3869,25,17.519909,3.16775627423,-245.377741295,0.346458,0.484307,-1.170087,-0.597887,0
841,000841.png,center,ok,from_left_right,,,25,,,,
842,000842.png,left,ok,tracking,1707,0.485549,1707,1707,25,160.410799,-2.81000207438,804.561105175,0.196252,0.294030,-0.489911,-0.371490,0
842,000842.png,right,ok,tracking,4062,0.543353,4062,4062,25,17.668217,3.13942573408,-237.891978927,0.347311,0.483039,-1.170087,-0.597887,0
842,000842.png,center,ok,from_left_right,,,25,,,,
843,000843.png,left,ok,tracking,1730,0.491329,1730,1730,25,160.401564,-2.80856887862,805.939848388,0.195699,0.295287,-0.491332,-0.371490,0
843,000843.png,right,ok,tracking,3849,0.526012,3849,3849,25,17.478453,3.17575864323,-245.434381896,0.348165,0.484307,-1.170087,-0.597887,0
843,000843.png,center,ok,from_left_right,,,25,,,,
844,000844.png,left,ok,tracking,1722,0.485549,1722,1722,25,160.418627,-2.81121800387,808.199907053,0.195699,0.293948,-0.491332,-0.371490,0
844,000844.png,right,ok,tracking,3525,0.520231,3525,3525,25,16.959778,3.27908400544,-268.92094541,0.348165,0.485906,-1.170087,-0.597887,0
844,000844.png,center,ok,from_left_right,,,25,,,,
845,000845.png,left,ok,tracking,1725,0.485549,1725,1725,25,160.508153,-2.82519039433,811.131646007,0.195699,0.293948,-0.492046,-0.371490,0
845,000845.png,right,ok,tracking,3509,0.520231,3509,3509,25,16.912798,3.28874635295,-269.366968486,0.347311,0.487505,-1.170087,-0.597887,0
845,000845.png,center,ok,from_left_right,,,25,,,,
846,000846.png,left,ok,tracking,1732,0.485549,1732,1732,25,160.492331,-2.82271217711,812.661169314,0.195146,0.294181,-0.492761,-0.371490,0
846,000846.png,right,ok,tracking,3386,0.514451,3386,3386,25,16.767585,3.31894479961,-274.58721115,0.347774,0.489104,-1.170087,-0.597887,0
846,000846.png,center,ok,from_left_right,,,25,,,,
847,000847.png,left,ok,tracking,1724,0.479769,1724,1724,25,160.530024,-2.82862266106,816.259522993,0.195146,0.293470,-0.492761,-0.371490,0
847,000847.png,right,ok,tracking,3467,0.514451,3467,3467,25,16.733086,3.32619395812,-274.130111731,0.347774,0.489104,-1.170087,-0.597887,0
847,000847.png,center,ok,from_left_right,,,25,,,,
848,000848.png,left,ok,tracking,1734,0.485549,1734,1734,25,160.481730,-2.82105369245,815.756605953,0.194593,0.293784,-0.493478,-0.371490,0
848,000848.png,right,ok,tracking,3447,0.508671,3447,3447,25,16.656606,3.34236860607,-274.916439218,0.348165,0.492303,-1.170087,-0.597887,0
848,000848.png,center,ok,from_left_right,,,25,,,,
849,000849.png,left,ok,tracking,1718,0.479769,1718,1718,25,160.575660,-2.83580820586,823.235596392,0.194040,0.292048,-0.492761,-0.371490,0
849,000849.png,right,ok,tracking,3437,0.502890,3437,3437,25,16.488257,3.37848607233,-282.402266645,0.349019,0.492303,-1.170087,-0.597887,0
849,000849.png,center,ok,from_left_right,,,25,,,,
850,000850.png,left,ok,tracking,1748,0.479769,1748,1748,25,160.563535,-2.83389584793,823.179840328,0.194040,0.292361,-0.494197,-0.371490,0
850,000850.png,right,ok,tracking,3350,0.497110,3350,3350,25,16.311036,3.41728984718,-288.657452854,0.349019,0.493902,-1.170087,-0.597887,0
850,000850.png,center,ok,from_left_right,,,25,,,,
851,000851.png,left,ok,tracking,1739,0.479769,1739,1739,25,160.536919,-2.82970615699,824.632784075,0.193487,0.291337,-0.493478,-0.371490,0
851,000851.png,right,ok,tracking,3437,0.497110,3437,3437,25,16.268342,3.42676082978,-289.91337815,0.349407,0.493902,-1.170087,-0.597887,0
851,000851.png,center,ok,from_left_right,,,25,,,,
852,000852.png,left,ok,tracking,1739,0.485549,1739,1739,25,160.452418,-2.81647727473,825.491070676,0.192381,0.291248,-0.493478,-0.371490,0
852,000852.png,right,ok,tracking,3361,0.497110,3361,3361,25,16.117332,3.46065181404,-296.327552936,0.349407,0.495501,-1.170087,-0.597887,0
852,000852.png,center,ok,from_left_right,,,25,,,,
853,000853.png,left,ok,tracking,1736,0.485549,1736,1736,25,160.388398,-2.80652783718,823.85293642,0.191828,0.289607,-0.492761,-0.371490,0
853,000853.png,right,ok,tracking,3347,0.491329,3347,3347,25,15.917479,3.50646691582,-304.160349266,0.349407,0.497100,-1.170087,-0.597887,0
853,000853.png,center,ok,from_left_right,,,25,,,,
854,000854.png,left,ok,tracking,1748,0.485549,1748,1748,25,160.314173,-2.79507005495,823.811018111,0.191275,0.288590,-0.492046,-0.371490,0
854,000854.png,right,ok,tracking,3699,0.491329,3699,3699,25,16.217857,3.43802283578,-286.35967436,0.349872,0.498700,-1.170087,-0.597887,0
854,000854.png,center,ok,from_left_right,,,25,,,,
855,000855.png,left,ok,tracking,1727,0.485549,1727,1727,25,160.088131,-2.76068252193,818.66336899,0.190723,0.287575,-0.491332,-0.371490,0
855,000855.png,right,ok,tracking,3711,0.491329,3711,3711,25,16.068170,3.47181897587,-291.092846924,0.351111,0.500579,-1.170087,-0.597887,0
855,000855.png,center,ok,from_left_right,,,25,,,,
856,000856.png,left,ok,tracking,1737,0.485549,1737,1737,25,159.971324,-2.74320479242,818.398768032,0.189617,0.286159,-0.491332,-0.371490,0
856,000856.png,right,ok,tracking,3710,0.485549,3710,3710,25,16.020702,3.48266474377,-291.916813884,0.351496,0.501898,-1.170087,-0.597887,0
856,000856.png,center,ok,from_left_right,,,25,,,,
857,000857.png,left,ok,tracking,1705,0.485549,1705,1705,25,159.751872,-2.71089137302,814.744626272,0.187958,0.283138,-0.488498,-0.371490,0
857,000857.png,right,ok,tracking,3629,0.468208,3629,3629,25,15.826503,3.52769580503,-301.082271449,0.351964,0.503497,-1.170087,-0.597887,0
857,000857.png,center,ok,from_left_right,,,25,,,,
858,000858.png,left,ok,tracking,1704,0.485549,1704,1704,25,159.645852,-2.69551959455,811.4581994,0.187405,0.281545,-0.487092,-0.371490,0
858,000858.png,right,ok,tracking,3307,0.462428,3307,3307,25,15.187271,3.6838459756,-335.86314865,0.351964,0.505096,-1.170087,-0.597887,0
858,000858.png,center,ok,from_left_right,,,25,,,,
859,000859.png,left,ok,tracking,1648,0.473988,1648,1648,25,159.591450,-2.68769124619,810.175838419,0.187405,0.279264,-0.484996,-0.371490,0
859,000859.png,right,ok,tracking,3402,0.462428,3402,3402,25,15.118044,3.70152948816,-340.087958202,0.351111,0.505096,-1.170087,-0.597887,0
859,000859.png,center,ok,from_left_right,,,25,,,,
860,000860.png,left,ok,tracking,1594,0.468208,1594,1594,25,159.447352,-2.66714768918,807.494686167,0.186852,0.275861,-0.480854,-0.371490,0
860,000860.png,right,ok,tracking,3439,0.456647,3439,3439,25,15.122499,3.7003867862,-339.34470264,0.350726,0.505096,-1.170087,-0.597887,0
860,000860.png,center,ok,from_left_right,,,25,,,,
861,000861.png,left,ok,tracking,1587,0.462428,1587,1587,25,159.356560,-2.65434467784,803.637788495,0.186852,0.274604,-0.478806,-0.371490,0
861,000861.png,right,ok,tracking,3225,0.450867,3225,3225,25,14.752804,3.7975113619,-360.692964427,0.350726,0.506696,-1.170087,-0.597887,0
861,000861.png,center,ok,from_left_right,,,25,,,,
862,000862.png,left,ok,tracking,1541,0.450867,1541,1541,25,159.161752,-2.6272340097,798.631323184,0.186299,0.270869,-0.474759,-0.371490,0
862,000862.png,right,rejected_lane_spacing,tracking,2949,0.450867,0,0,0,14.393071,3.8966991065,-387.277404564,,,,,6
862,000862.png,center,not_published,from_left_right,,,0,,,,
863,000863.png,left,ok,tracking,1446,0.433526,1446,1446,25,159.177792,-2.62944792222,796.713255063,0.186299,0.266658,-0.468148,-0.371490,0
863,000863.png,right,ok,init,3819,0.450867,3819,3819,25,14.204033,3.95079209825,-383.318098936,0.349407,0.508551,-1.170087,-0.597887,0
863,000863.png,center,ok,from_left_right,,,25,,,,
864,000864.png,left,ok,tracking,1392,0.416185,1392,1392,25,159.160059,-2.62700063693,794.250653524,0.186852,0.262427,-0.462979,-0.371490,0
864,000864.png,right,ok,tracking,3355,0.445087,3355,3355,25,14.334383,3.91334310057,-378.353364054,0.351964,0.510146,-1.170087,-0.597887,0
864,000864.png,center,ok,from_left_right,,,25,,,,
865,000865.png,left,ok,tracking,1311,0.393064,1311,1311,25,159.033575,-2.6096588624,791.707285676,0.186299,0.257318,-0.457284,-0.371490,0
865,000865.png,right,ok,tracking,3351,0.439306,3351,3351,25,14.016193,4.00595738527,-399.006177651,0.351496,0.510146,-1.170087,-0.597887,0
865,000865.png,center,ok,from_left_right,,,25,,,,
866,000866.png,left,ok,tracking,1234,0.375723,1234,1234,25,159.094301,-2.61795981916,792.781862442,0.186299,0.252889,-0.451715,-0.371490,0
866,000866.png,right,ok,tracking,3343,0.439306,3343,3343,25,13.962122,4.02210669076,-401.956935394,0.351111,0.510146,-1.170087,-0.597887,0
866,000866.png,center,ok,from_left_right,,,25,,,,
867,000867.png,left,ok,tracking,1145,0.346821,1145,1145,25,158.908118,-2.59265418356,784.577168184,0.186852,0.247919,-0.445072,-0.371490,0
867,000867.png,right,ok,tracking,3170,0.439306,3170,3170,25,13.770587,4.08031185487,-414.42514698,0.351111,0.510146,-1.170087,-0.596869,0
867,000867.png,center,ok,from_left_right,,,25,,,,
868,000868.png,left,insufficient_row_coverage,tracking,6,0.005780,0,0,0,0.000000,0,0,,,,,1
868,000868.png,right,ok,tracking,3257,0.433526,3257,3257,25,13.671008,4.11120462157,-418.145701746,0.351111,0.510146,-1.170087,-0.596869,0
868,000868.png,center,not_published,from_left_right,,,0,,,,
869,000869.png,left,ok,tracking,897,0.283237,897,897,25,158.557084,-2.54608393781,771.375008398,0.186299,0.233698,-0.427262,-0.371490,0
869,000869.png,right,ok,tracking,3159,0.421965,3159,3159,25,13.444124,4.18326769274,-430.834817197,0.351496,0.510146,-1.170087,-0.596869,0
869,000869.png,center,ok,from_left_right,,,25,,,,
870,000870.png,left,insufficient_row_coverage,tracking,1,0.005780,0,0,0,0.000000,0,0,,,,,1
870,000870.png,right,ok,tracking,3204,0.421965,3204,3204,25,13.421818,4.19048176527,-432.570594203,0.351496,0.510146,-1.170087,-0.596869,0
870,000870.png,center,not_published,from_left_right,,,0,,,,
871,000871.png,left,ok,tracking,588,0.208092,588,588,25,157.554830,-2.42076322986,737.289469949,0.185746,0.217584,-0.408121,-0.371490,0
871,000871.png,right,ok,tracking,3324,0.421965,3324,3324,25,13.604879,4.13196503753,-417.864707889,0.351496,0.510146,-1.170087,-0.596869,0
871,000871.png,center,ok,from_left_right,,,25,,,,
872,000872.png,left,ok,tracking,367,0.138728,367,367,25,156.612372,-2.31223332519,705.493155005,0.185746,0.206368,-0.394743,-0.371490,0
872,000872.png,right,insufficient_row_coverage,tracking,1,0.005780,0,0,0,0.000000,0,0,,,,,1
872,000872.png,center,not_published,from_left_right,,,0,,,,
873,000873.png,left,ok,tracking,283,0.127168,283,283,25,147.679753,-1.58060666735,563.497384609,0.299257,0.328953,-0.536060,-0.504466,0
873,000873.png,right,ok,tracking,3232,0.410405,3232,3232,25,13.282679,4.23601713654,-439.742080282,0.351964,0.509311,-1.159339,-0.596869,0
873,000873.png,center,ok,from_left_right,,,25,,,,
874,000874.png,left,ok,tracking,294,0.132948,294,294,25,147.653907,-1.5790297195,564.058826318,0.298858,0.329735,-0.537734,-0.504466,0
874,000874.png,right,ok,tracking,3060,0.398844,3060,3060,25,13.133030,4.28604983873,-451.742345215,0.351496,0.508490,-1.148779,-0.596869,0
874,000874.png,center,ok,from_left_right,,,25,,,,
875,000875.png,left,ok,tracking,439,0.208092,439,439,25,150.722785,-1.78364070742,603.915968616,0.280549,0.330128,-0.538575,-0.484996,0
875,000875.png,right,ok,tracking,3117,0.398844,3117,3117,25,13.131028,4.28672653001,-449.556471717,0.352347,0.508490,-1.148779,-0.596869,0
875,000875.png,center,ok,from_left_right,,,25,,,,
876,000876.png,left,ok,tracking,542,0.248555,542,542,25,151.287139,-1.82556445159,612.516774637,0.272250,0.330128,-0.538575,-0.476775,0
876,000876.png,right,ok,tracking,3095,0.398844,3095,3095,25,13.172319,4.27280608145,-448.253552617,0.351964,0.508490,-1.148779,-0.596869,0
876,000876.png,center,ok,from_left_right,,,25,,,,
877,000877.png,left,ok,tracking,572,0.248555,572,572,25,152.226549,-1.89880088115,626.549045662,0.271144,0.330128,-0.538575,-0.474090,0
877,000877.png,right,ok,tracking,3155,0.393064,3155,3155,25,13.102884,4.29626437782,-451.953434392,0.351964,0.508490,-1.145300,-0.596869,0
877,000877.png,center,ok,from_left_right,,,25,,,,
878,000878.png,left,ok,tracking,532,0.225434,532,532,25,152.920381,-1.95588666105,637.335353844,0.275578,0.330521,-0.539418,-0.478127,0
878,000878.png,right,ok,tracking,3165,0.393064,3165,3165,25,13.246414,4.24803995476,-440.510426956,0.352347,0.508490,-1.145300,-0.596869,0
878,000878.png,center,ok,from_left_right,,,25,,,,
879,000879.png,left,ok,tracking,589,0.242775,589,589,25,153.506548,-2.00626385488,647.666033602,0.271281,0.330916,-0.540264,-0.472758,0
879,000879.png,right,ok,tracking,3210,0.398844,3210,3210,25,13.364765,4.20904077201,-432.964669789,0.352347,0.508490,-1.148779,-0.596869,0
879,000879.png,center,ok,from_left_right,,,25,,,,
880,000880.png,left,ok,tracking,623,0.254335,623,623,25,153.767055,-2.02932197923,652.331986996,0.269365,0.331312,-0.541112,-0.471432,0
880,000880.png,right,ok,tracking,3215,0.404624,3215,3215,25,13.544377,4.1511330666,-420.868234779,0.352347,0.509311,-1.155799,-0.596869,0
880,000880.png,center,ok,from_left_right,,,25,,,,
881,000881.png,left,ok,tracking,445,0.161850,445,445,25,153.623230,-2.01653935872,653.117117842,0.290756,0.333310,-0.545389,-0.494918,0
881,000881.png,right,ok,tracking,3205,0.404624,3205,3205,25,13.535161,4.15406772893,-422.700165914,0.352347,0.509311,-1.155799,-0.596869,0
881,000881.png,center,ok,from_left_right,,,25,,,,
882,000882.png,left,ok,tracking,739,0.283237,739,739,25,154.613917,-2.10731597208,672.584178547,0.263830,0.332908,-0.544528,-0.466197,0
882,000882.png,right,ok,tracking,3150,0.404624,3150,3150,25,13.525439,4.15716777106,-423.94359601,0.352347,0.509311,-1.155799,-0.596869,0
882,000882.png,center,ok,from_left_right,,,25,,,,
883,000883.png,left,ok,tracking,584,0.179191,584,584,25,145.272863,-1.44272292307,535.844789691,0.287685,0.334117,-0.547117,-0.492046,0
883,000883.png,right,ok,tracking,3160,0.410405,3160,3160,25,13.767692,4.08120390226,-407.547839964,0.352347,0.509311,-1.159339,-0.596869,0
883,000883.png,center,ok,from_left_right,,,25,,,,
884,000884.png,left,ok,tracking,1142,0.329480,1142,1142,25,149.638001,-1.70705177918,583.821042922,0.253439,0.336566,-0.552362,-0.453558,0
884,000884.png,right,ok,tracking,3267,0.421965,3267,3267,25,13.919631,4.03488377481,-400.017583437,0.352347,0.510146,-1.170087,-0.596869,0
884,000884.png,center,ok,from_left_right,,,25,,,,
885,000885.png,left,ok,tracking,895,0.323699,895,895,25,156.042511,-2.25052920221,706.044778768,0.255078,0.335336,-0.549728,-0.455414,0
885,000885.png,right,ok,tracking,3270,0.433526,3270,3270,25,13.970107,4.01971416052,-398.235371439,0.351964,0.510146,-1.170087,-0.596869,0
885,000885.png,center,ok,from_left_right,,,25,,,,
886,000886.png,left,ok,tracking,950,0.346821,950,950,25,156.050045,-2.25132687489,705.904568085,0.250501,0.336155,-0.551481,-0.449886,0
886,000886.png,right,ok,tracking,3095,0.421965,3095,3095,25,13.808058,4.06880042836,-406.733894792,0.352347,0.510146,-1.170087,-0.596869,0
886,000886.png,center,ok,from_left_right,,,25,,,,
887,000887.png,left,ok,tracking,612,0.208092,612,612,25,155.964123,-2.24225705395,706.676597138,0.282023,0.336155,-0.551481,-0.486391,0
887,000887.png,right,ok,tracking,3344,0.433526,3344,3344,25,14.108262,3.97873843763,-389.95482544,0.351964,0.510146,-1.170087,-0.596869,0
887,000887.png,center,ok,from_left_right,,,25,,,,
888,000888.png,left,ok,tracking,623,0.208092,623,623,25,156.400517,-2.28896590176,713.955259578,0.281136,0.336566,-0.552362,-0.484996,0
888,000888.png,right,ok,tracking,3208,0.433526,3208,3208,25,14.156707,3.9645557942,-385.969787565,0.352816,0.510146,-1.170087,-0.596869,0
888,000888.png,center,ok,from_left_right,,,25,,,,
889,000889.png,left,ok,tracking,647,0.213873,647,647,25,156.805744,-2.33382091983,722.182449999,0.278974,0.336566,-0.552362,-0.482917,0
889,000889.png,right,ok,tracking,3242,0.433526,3242,3242,25,14.317806,3.91806867102,-375.796942456,0.353197,0.510146,-1.170087,-0.596869,0
889,000889.png,center,ok,from_left_right,,,25,,,,
890,000890.png,left,ok,tracking,790,0.265896,790,790,25,157.561332,-2.42154191638,741.582302761,0.265598,0.337392,-0.554131,-0.465550,0
890,000890.png,right,ok,tracking,3435,0.445087,3435,3435,25,14.519124,3.86139586471,-365.298877663,0.352816,0.510146,-1.170087,-0.596869,0
890,000890.png,center,ok,from_left_right,,,25,,,,
891,000891.png,left,ok,tracking,684,0.219653,684,684,25,157.460212,-2.40947968039,735.61852872,0.276840,0.336978,-0.553245,-0.478806,0
891,000891.png,right,ok,tracking,3258,0.439306,3258,3258,25,14.604407,3.83784900882,-358.845616899,0.353578,0.510146,-1.170087,-0.596869,0
891,000891.png,center,ok,from_left_right,,,25,,,,
892,000892.png,left,ok,tracking,699,0.219653,699,699,25,158.042870,-2.48042864941,745.430881876,0.275141,0.335745,-0.550603,-0.474759,0
892,000892.png,right,ok,tracking,3056,0.433526,3056,3056,25,14.553292,3.85192933368,-358.010148292,0.354428,0.510146,-1.170087,-0.596869,0
892,000892.png,center,ok,from_left_right,,,25,,,,
893,000893.png,left,ok,tracking,727,0.225434,727,727,25,158.528872,-2.54240422666,756.031926026,0.273338,0.335336,-0.549728,-0.471432,0
893,000893.png,right,ok,tracking,3074,0.427746,3074,3074,25,14.512737,3.86317016884,-357.859504266,0.355277,0.510146,-1.170087,-0.596869,0
893,000893.png,center,ok,from_left_right,,,25,,,,
894,000894.png,left,ok,tracking,795,0.242775,795,795,25,158.889464,-2.59014229343,765.43533127,0.268838,0.335336,-0.549728,-0.465550,0
894,000894.png,right,ok,tracking,3117,0.427746,3117,3117,25,14.578786,3.84489474849,-353.620319774,0.355277,0.510146,-1.170087,-0.596869,0
894,000894.png,center,ok,from_left_right,,,25,,,,
895,000895.png,left,ok,tracking,874,0.260116,874,874,25,159.052384,-2.61222500003,771.277674378,0.264438,0.336155,-0.551481,-0.460432,0
895,000895.png,right,ok,tracking,3256,0.439306,3256,3256,25,14.720575,3.8062041659,-347.34182884,0.354428,0.510146,-1.170087,-0.596869,0
895,000895.png,center,ok,from_left_right,,,25,,,,
896,000896.png,left,ok,tracking,938,0.277457,938,938,25,159.301958,-2.64669680995,778.20429612,0.260641,0.336155,-0.551481,-0.455414,0
896,000896.png,right,ok,tracking,3362,0.445087,3362,3362,25,14.879150,3.76378772235,-340.639034438,0.354048,0.510146,-1.170087,-0.596869,0
896,000896.png,center,ok,from_left_right,,,25,,,,
897,000897.png,left,ok,tracking,995,0.300578,995,995,25,159.467142,-2.66995279454,786.231681114,0.256004,0.336978,-0.553245,-0.449886,0
897,000897.png,right,ok,tracking,3320,0.445087,3320,3320,25,14.799156,3.7850737694,-348.819028451,0.353578,0.510146,-1.170087,-0.596869,0
897,000897.png,center,ok,from_left_right,,,25,,,,
898,000898.png,left,ok,tracking,1098,0.329480,1098,1098,25,159.501154,-2.67478566223,791.73121547,0.250569,0.336978,-0.553245,-0.445072,0
898,000898.png,right,ok,tracking,3446,0.456647,3446,3446,25,14.807254,3.78290867509,-353.590554443,0.352347,0.509894,-1.170087,-0.596869,0
898,000898.png,center,ok,from_left_right,,,25,,,,
899,000899.png,left,ok,tracking,1198,0.369942,1198,1198,25,159.720888,-2.70638311359,801.810674986,0.242399,0.336978,-0.554131,-0.435144,0
899,000899.png,right,ok,tracking,3548,0.468208,3548,3548,25,14.984790,3.73601777468,-348.742058954,0.351496,0.505096,-1.170087,-0.596869,0
899,000899.png,center,ok,from_left_right,,,25,,,,
900,000900.png,left,ok,tracking,1335,0.393064,1335,1335,25,160.005190,-2.74825193749,807.176082215,0.236618,0.336566,-0.553245,-0.426157,0
900,000900.png,right,ok,tracking,3413,0.479769,3413,3413,25,15.284563,3.65925762913,-333.979946365,0.351496,0.503768,-1.170087,-0.596869,0
900,000900.png,center,ok,from_left_right,,,25,,,,
901,000901.png,left,insufficient_row_coverage,tracking,197,0.075145,0,0,0,0.000000,0,0,,,,,1
901,000901.png,right,ok,tracking,3316,0.479769,3316,3316,25,15.334064,3.64686443219,-332.04158989,0.351496,0.505096,-1.170087,-0.596869,0
901,000901.png,center,not_published,from_left_right,,,0,,,,
902,000902.png,left,ok,tracking,1585,0.456647,1585,1585,25,160.175918,-2.77394813378,813.616551767,0.222706,0.337807,-0.555910,-0.408632,0
902,000902.png,right,ok,tracking,3254,0.479769,3254,3254,25,15.411305,3.62768117685,-326.836731453,0.351964,0.503768,-1.170087,-0.596869,0
902,000902.png,center,ok,from_left_right,,,25,,,,
903,000903.png,left,ok,tracking,1791,0.502890,1791,1791,25,160.456034,-2.81704126452,823.349762931,0.213470,0.337807,-0.555019,-0.396190,0
903,000903.png,right,ok,tracking,3307,0.479769,3307,3307,25,15.473940,3.61226276779,-323.265764957,0.351964,0.505096,-1.170087,-0.596869,0
903,000903.png,center,ok,from_left_right,,,25,,,,
904,000904.png,left,ok,tracking,2019,0.560694,2019,2019,25,160.594190,-2.83873515544,827.806984053,0.203267,0.338640,-0.557700,-0.383489,0
904,000904.png,right,ok,tracking,3311,0.479769,3311,3311,25,15.632791,3.57369989215,-314.245655224,0.352347,0.505096,-1.170087,-0.596869,0
904,000904.png,center,ok,from_left_right,,,25,,,,
905,000905.png,left,ok,tracking,2233,0.624277,2233,2233,25,160.715706,-2.85806307123,831.449917514,0.192934,0.339059,-0.557700,-0.371490,0
905,000905.png,right,ok,tracking,3241,0.473988,3241,3241,25,15.588933,3.5842704211,-314.562009844,0.353197,0.505096,-1.170087,-0.596869,0
905,000905.png,center,ok,from_left_right,,,25,,,,
906,000906.png,left,ok,tracking,2208,0.630058,2208,2208,25,160.809525,-2.87314667087,839.138697066,0.192381,0.337807,-0.555910,-0.371490,0
906,000906.png,right,ok,tracking,3366,0.485549,3366,3366,25,15.736145,3.54901733885,-308.9276656,0.352347,0.503497,-1.170087,-0.596869,0
906,000906.png,center,ok,from_left_right,,,25,,,,
907,000907.png,left,ok,tracking,2235,0.624277,2235,2235,25,160.842550,-2.87849011956,839.489684783,0.192934,0.339059,-0.557700,-0.371490,0
907,000907.png,right,ok,tracking,3228,0.473988,3228,3228,25,15.671981,3.56430325828,-310.512890158,0.353197,0.505096,-1.170087,-0.596869,0
907,000907.png,center,ok,from_left_right,,,25,,,,
908,000908.png,left,ok,tracking,2230,0.618497,2230,2230,25,160.903206,-2.88835036954,839.888608868,0.193487,0.339059,-0.557700,-0.371490,0
908,000908.png,right,ok,tracking,3207,0.473988,3207,3207,25,15.722116,3.5523492032,-306.255852159,0.353578,0.505096,-1.170087,-0.596869,0
908,000908.png,center,ok,from_left_right,,,25,,,,
909,000909.png,left,ok,tracking,2231,0.618497,2231,2231,25,161.221231,-2.9410525923,853.071056193,0.193487,0.339059,-0.557700,-0.371490,0
909,000909.png,right,ok,tracking,3451,0.491329,3451,3451,25,16.004571,3.48636463556,-294.63149479,0.352816,0.501898,-1.170087,-0.597887,0
909,000909.png,center,ok,from_left_right,,,25,,,,
910,000910.png,left,ok,tracking,2247,0.612717,2247,2247,25,161.288752,-2.95246398858,853.675074676,0.194040,0.339059,-0.557700,-0.371490,0
910,000910.png,right,ok,tracking,3350,0.485549,3350,3350,25,16.050119,3.47593613857,-292.543058402,0.353197,0.501898,-1.170087,-0.596869,0
910,000910.png,center,ok,from_left_right,,,25,,,,
911,000911.png,left,ok,tracking,2215,0.606936,2215,2215,25,161.384743,-2.96882453735,856.070500583,0.194593,0.339059,-0.557700,-0.371490,0
911,000911.png,right,ok,tracking,3373,0.491329,3373,3373,25,16.197149,3.44266200958,-285.081216757,0.353197,0.501898,-1.170087,-0.596869,0
911,000911.png,center,ok,from_left_right,,,25,,,,
912,000912.png,left,ok,tracking,2239,0.606936,2239,2239,25,161.491035,-2.98713159064,861.575916461,0.194593,0.339059,-0.557700,-0.371490,0
912,000912.png,right,ok,tracking,3414,0.497110,3414,3414,25,16.325672,3.41405414824,-280.401600743,0.353197,0.498984,-1.170087,-0.597887,0
912,000912.png,center,ok,from_left_right,,,25,,,,
913,000913.png,left,ok,tracking,2221,0.606936,2221,2221,25,161.404346,-2.97218556591,858.478663477,0.194593,0.339059,-0.557700,-0.371490,0
913,000913.png,right,ok,tracking,3353,0.491329,3353,3353,25,16.272103,3.42592453716,-282.777597277,0.353197,0.500299,-1.170087,-0.597887,0
913,000913.png,center,ok,from_left_right,,,25,,,,
914,000914.png,left,ok,tracking,2226,0.606936,2226,2226,25,161.601245,-3.0063290167,865.958945599,0.194593,0.339059,-0.557700,-0.371490,0
914,000914.png,right,ok,tracking,3392,0.497110,3392,3392,25,16.427222,3.39175802758,-276.315058532,0.353197,0.498700,-1.170087,-0.597887,0
914,000914.png,center,ok,from_left_right,,,25,,,,
915,000915.png,left,ok,tracking,2234,0.601156,2234,2234,25,161.691966,-3.02229905229,869.055913699,0.195146,0.339059,-0.557700,-0.371490,0
915,000915.png,right,ok,tracking,3434,0.502890,3434,3434,25,16.568040,3.36128049487,-270.450190323,0.353197,0.497100,-1.170087,-0.597887,0
915,000915.png,center,ok,from_left_right,,,25,,,,
916,000916.png,left,ok,tracking,2227,0.601156,2227,2227,25,161.683106,-3.0207326564,868.944710938,0.195146,0.339059,-0.557700,-0.371490,0
916,000916.png,right,ok,tracking,3412,0.508671,3412,3412,25,16.583513,3.35796226011,-269.877463279,0.353197,0.497100,-1.170087,-0.597887,0
916,000916.png,center,ok,from_left_right,,,25,,,,
917,000917.png,left,ok,tracking,2226,0.601156,2226,2226,25,161.703674,-3.02437118886,869.698123055,0.195146,0.339059,-0.557700,-0.371490,0
917,000917.png,right,ok,tracking,3356,0.502890,3356,3356,25,16.547250,3.36574835627,-271.590909978,0.353197,0.498700,-1.170087,-0.597887,0
917,000917.png,center,ok,from_left_right,,,25,,,,
918,000918.png,left,ok,tracking,2204,0.595376,2204,2204,25,161.821972,-3.0454529028,872.855243275,0.195699,0.339059,-0.557700,-0.371490,0
918,000918.png,right,ok,tracking,3408,0.508671,3408,3408,25,16.759654,3.32060871882,-261.276745712,0.353197,0.497100,-1.170087,-0.597887,0
918,000918.png,center,ok,from_left_right,,,25,,,,
919,000919.png,left,ok,tracking,2167,0.595376,2167,2167,25,161.955831,-3.06962966116,878.084505966,0.195699,0.339059,-0.557700,-0.371490,0
919,000919.png,right,ok,tracking,3447,0.508671,3447,3447,25,16.892728,3.29289013608,-256.082083593,0.353197,0.495501,-1.170087,-0.597887,0
919,000919.png,center,ok,from_left_right,,,25,,,,
920,000920.png,left,ok,tracking,405,0.132948,405,405,25,160.153860,-2.7706043108,819.070967475,0.299188,0.339059,-0.557700,-0.506717,0
920,000920.png,right,ok,tracking,3471,0.514451,3471,3471,25,16.944095,3.28230377793,-254.722916328,0.353197,0.494201,-1.170087,-0.596869,0
920,000920.png,center,ok,from_left_right,,,25,,,,
921,000921.png,left,ok,tracking,379,0.127168,379,379,25,159.973600,-2.74354345838,813.458155879,0.301648,0.339059,-0.557700,-0.508986,0
921,000921.png,right,ok,tracking,3422,0.514451,3422,3422,25,17.076870,3.25522610424,-248.995662863,0.353197,0.494201,-1.170087,-0.596869,0
921,000921.png,center,ok,from_left_right,,,25,,,,
922,000922.png,left,ok,tracking,464,0.144509,464,464,25,160.330349,-2.79755999511,824.044301181,0.295130,0.339059,-0.557700,-0.500754,0
922,000922.png,right,ok,tracking,3422,0.520231,3422,3422,25,17.182729,3.23392868357,-244.84456823,0.353197,0.492606,-1.170087,-0.596869,0
922,000922.png,center,ok,from_left_right,,,25,,,,
923,000923.png,left,ok,tracking,527,0.167630,527,527,25,160.896217,-2.88721115158,841.202923631,0.289730,0.339059,-0.557700,-0.494197,0
923,000923.png,right,ok,tracking,3393,0.520231,3393,3393,25,17.265417,3.21746897203,-240.229012739,0.353578,0.493902,-1.170087,-0.596869,0
923,000923.png,center,ok,from_left_right,,,25,,,,
924,000924.png,left,ok,tracking,524,0.167630,524,524,25,161.005846,-2.90517384555,845.420578648,0.289730,0.339059,-0.557700,-0.494918,0
924,000924.png,right,ok,tracking,3409,0.520231,3409,3409,25,17.302320,3.21017254088,-239.606631551,0.353197,0.492303,-1.170087,-0.596869,0
924,000924.png,center,ok,from_left_right,,,25,,,,
925,000925.png,left,ok,tracking,474,0.150289,474,474,25,160.806724,-2.87269423937,839.642390564,0.294408,0.339059,-0.557700,-0.500018,0
925,000925.png,right,ok,tracking,3403,0.526012,3403,3403,25,17.354750,3.19985776536,-238.231147773,0.353197,0.491012,-1.170087,-0.597887,0
925,000925.png,center,ok,from_left_right,,,25,,,,
926,000926.png,left,ok,tracking,675,0.161850,675,675,25,154.456259,-2.09243113244,677.086341151,0.290444,0.339059,-0.557700,-0.494918,0
926,000926.png,right,ok,tracking,3355,0.526012,3355,3355,25,17.420770,3.18695475587,-234.443150215,0.353578,0.492303,-1.170087,-0.596869,0
926,000926.png,center,ok,from_left_right,,,25,,,,
927,000927.png,left,ok,tracking,515,0.150289,515,515,25,160.437008,-2.81407674843,826.754859121,0.293134,0.339059,-0.557700,-0.497821,0
927,000927.png,right,ok,tracking,3396,0.526012,3396,3396,25,17.407730,3.1894958221,-235.495538619,0.353578,0.492303,-1.170087,-0.596869,0
927,000927.png,center,ok,from_left_right,,,25,,,,
928,000928.png,left,ok,tracking,496,0.156069,496,496,25,160.760713,-2.8652813407,838.566431161,0.292416,0.338640,-0.557700,-0.497821,0
928,000928.png,right,ok,tracking,3343,0.526012,3343,3343,25,17.447783,3.1817026651,-234.117378565,0.353578,0.491012,-1.170087,-0.597887,0
928,000928.png,center,ok,from_left_right,,,25,,,,
929,000929.png,left,ok,tracking,498,0.150289,498,498,25,160.564616,-2.8340663468,831.520209082,0.293134,0.339059,-0.557700,-0.497821,0
929,000929.png,right,ok,tracking,3362,0.526012,3362,3362,25,17.530658,3.1656873412,-230.397992237,0.353578,0.491012,-1.170087,-0.596869,0
929,000929.png,center,ok,from_left_right,,,25,,,,
930,000930.png,left,ok,tracking,630,0.144509,630,630,25,147.910917,-1.59481154345,580.360314765,0.297474,0.339059,-0.557700,-0.504466,0
930,000930.png,right,ok,tracking,3400,0.531792,3400,3400,25,17.660455,3.14089691197,-226.160623613,0.353578,0.489417,-1.170087,-0.596869,0
930,000930.png,center,ok,from_left_right,,,25,,,,
931,000931.png,left,ok,tracking,570,0.167630,570,570,25,161.227363,-2.94208564048,852.35834699,0.287881,0.338640,-0.557700,-0.490621,0
931,000931.png,right,ok,tracking,3366,0.537572,3366,3366,25,17.714907,3.13060171852,-224.265685544,0.353578,0.487505,-1.170087,-0.596869,0
931,000931.png,center,ok,from_left_right,,,25,,,,
932,000932.png,left,ok,tracking,822,0.260116,822,822,25,161.948217,-3.06824516086,878.278670752,0.262737,0.338262,-0.557700,-0.458539,0
932,000932.png,right,ok,tracking,3317,0.526012,3317,3317,25,17.566003,3.15890149618,-230.305586727,0.353578,0.490703,-1.170087,-0.597887,0
932,000932.png,center,ok,from_left_right,,,25,,,,
933,000933.png,left,ok,tracking,743,0.231214,743,743,25,161.980219,-3.07407199726,878.695200878,0.272101,0.339059,-0.557700,-0.471432,0
933,000933.png,right,ok,tracking,3240,0.520231,3240,3240,25,17.512311,3.16922019264,-230.922049896,0.354428,0.492606,-1.170087,-0.597887,0
933,000933.png,center,ok,from_left_right,,,25,,,,
934,000934.png,left,ok,tracking,764,0.242775,764,764,25,162.455261,-3.16298070075,895.739682043,0.268302,0.339059,-0.557700,-0.465550,0
934,000934.png,right,ok,tracking,3279,0.526012,3279,3279,25,17.628966,3.14687864528,-225.532707706,0.354428,0.492303,-1.170087,-0.597887,0
934,000934.png,center,ok,from_left_right,,,25,,,,
935,000935.png,left,ok,tracking,388,0.132948,388,388,25,160.237819,-2.7833700127,788.864074146,0.197911,0.219151,-0.397648,-0.371490,0
935,000935.png,right,ok,tracking,3379,0.531792,3379,3379,25,17.691051,3.13510466726,-224.858265419,0.353578,0.489417,-1.170087,-0.596869,0
935,000935.png,center,ok,from_left_right,,,25,,,,
936,000936.png,left,ok,tracking,267,0.115607,267,267,25,157.288860,-2.38927199046,677.009006391,0.197911,0.215311,-0.390927,-0.371490,0
936,000936.png,right,ok,tracking,3357,0.537572,3357,3357,25,17.879271,3.09989361607,-217.721009363,0.354048,0.487823,-1.170087,-0.596869,0
936,000936.png,center,ok,from_left_right,,,25,,,,
937,000937.png,left,insufficient_row_coverage,tracking,867,0.092486,0,0,0,0.000000,0,0,,,,,1
937,000937.png,right,ok,tracking,3325,0.537572,3325,3325,25,17.842990,3.10662485346,-219.532265382,0.354048,0.489104,-1.170087,-0.596869,0
937,000937.png,center,not_published,from_left_right,,,0,,,,
938,000938.png,left,insufficient_row_coverage,tracking,860,0.098266,0,0,0,0.000000,0,0,,,,,2
938,000938.png,right,ok,tracking,3308,0.531792,3308,3308,25,17.752172,3.12359123385,-222.899390663,0.354048,0.489104,-1.170087,-0.596869,0
938,000938.png,center,not_published,from_left_right,,,0,,,,
939,000939.png,left,insufficient_row_coverage,tracking,820,0.098266,0,0,0,0.000000,0,0,,,,,3
939,000939.png,right,ok,tracking,3305,0.537572,3305,3305,25,17.880734,3.09962280139,-217.385764001,0.354428,0.489104,-1.170087,-0.596869,0
939,000939.png,center,not_published,from_left_right,,,0,,,,
940,000940.png,left,insufficient_row_coverage,tracking,794,0.098266,0,0,0,0.000000,0,0,,,,,4
940,000940.png,right,ok,tracking,3331,0.537572,3331,3331,25,17.899212,3.09620526505,-217.154697125,0.354048,0.487823,-1.170087,-0.596869,0
940,000940.png,center,not_published,from_left_right,,,0,,,,
941,000941.png,left,insufficient_row_coverage,tracking,811,0.092486,0,0,0,0.000000,0,0,,,,,5
941,000941.png,right,ok,tracking,3336,0.537572,3336,3336,25,18.084301,3.0623450106,-209.539540391,0.354428,0.487505,-1.170087,-0.596869,0
941,000941.png,center,not_published,from_left_right,,,0,,,,
942,000942.png,left,insufficient_row_coverage,tracking,810,0.098266,0,0,0,0.000000,0,0,,,,,6
942,000942.png,right,ok,tracking,3316,0.537572,3316,3316,25,18.019813,3.0740660711,-212.246429085,0.354428,0.487823,-1.170087,-0.596869,0
942,000942.png,center,not_published,from_left_right,,,0,,,,
943,000943.png,left,rejected_side_geometry,init,2077,0.144509,0,0,0,170.709243,-6.11281946442,1397.42937491,,,,,6
943,000943.png,right,ok,tracking,3305,0.537572,3305,3305,25,18.123403,3.05527731134,-207.749806477,0.354428,0.487823,-1.170087,-0.596869,0
943,000943.png,center,not_published,from_left_right,,,0,,,,
944,000944.png,left,rejected_side_geometry,init,2360,0.144509,0,0,0,168.997673,-5.14343889982,1196.64325551,,,,,6
944,000944.png,right,ok,tracking,3322,0.543353,3322,3322,25,18.245180,3.03345338068,-203.218265481,0.354428,0.485906,-1.170087,-0.596869,0
944,000944.png,center,not_published,from_left_right,,,0,,,,
945,000945.png,left,rejected_side_geometry,init,2368,0.156069,0,0,0,168.843441,-5.07054298351,1189.34443156,,,,,6
945,000945.png,right,ok,tracking,3285,0.537572,3285,3285,25,18.068400,3.06522761768,-210.057781696,0.354428,0.487505,-1.170087,-0.596869,0
945,000945.png,center,not_published,from_left_right,,,0,,,,
946,000946.png,left,ok,init,2267,0.156069,2267,2267,25,167.182213,-4.39520039353,1055.24829502,0.255318,0.339059,-0.557700,-0.406089,0
946,000946.png,right,ok,tracking,3193,0.531792,3193,3193,25,17.921716,3.09205212739,-214.189419258,0.355277,0.490703,-1.170087,-0.596869,0
946,000946.png,center,ok,from_left_right,,,25,,,,
947,000947.png,left,rejected_side_geometry,tracking,981,0.115607,0,0,0,173.064147,-8.22042186811,1798.16651901,,,,,6
947,000947.png,right,ok,tracking,3239,0.537572,3239,3239,25,18.057615,3.06718553076,-208.174195173,0.355277,0.489417,-1.170087,-0.596869,0
947,000947.png,center,not_published,from_left_right,,,0,,,,
948,000948.png,left,ok,init,2309,0.167630,2309,2309,25,165.334581,-3.82116774217,945.819651035,0.254874,0.339059,-0.557700,-0.405583,0
948,000948.png,right,ok,tracking,3278,0.531792,3278,3278,25,18.007995,3.07622298171,-210.245501841,0.355277,0.490703,-1.170087,-0.596869,0
948,000948.png,center,ok,from_left_right,,,25,,,,
949,000949.png,left,rejected_side_geometry,tracking,1034,0.121387,0,0,0,172.226518,-7.32539085347,1624.74250685,,,,,6
949,000949.png,right,ok,tracking,3178,0.526012,3178,3178,25,17.886463,3.09856244133,-213.759668621,0.355750,0.492303,-1.170087,-0.596869,0
949,000949.png,center,not_published,from_left_right,,,0,,,,
950,000950.png,left,ok,init,2009,0.179191,2009,2009,25,166.610667,-4.20102984711,1037.88567781,0.254874,0.339059,-0.557700,-0.405583,0
950,000950.png,right,ok,tracking,3378,0.549133,3378,3378,25,18.400075,3.00609768465,-195.706722104,0.355277,0.485906,-1.170087,-0.596869,0
950,000950.png,center,ok,from_left_right,,,25,,,,
951,000951.png,left,rejected_side_geometry,tracking,847,0.104046,0,0,0,173.032413,-8.18261257002,1802.15152307,,,,,6
951,000951.png,right,ok,tracking,3345,0.549133,3345,3345,25,18.399530,3.00619330659,-196.312528467,0.355277,0.485906,-1.170087,-0.596869,0
951,000951.png,center,not_published,from_left_right,,,0,,,,
952,000952.png,left,ok,init,2033,0.190751,2033,2033,25,163.820296,-3.44657906418,890.242274922,0.254874,0.339059,-0.557700,-0.405583,0
952,000952.png,right,ok,tracking,3414,0.554913,3414,3414,25,18.566037,2.97727680268,-191.516189829,0.354899,0.483039,-1.170087,-0.596869,0
952,000952.png,center,ok,from_left_right,,,25,,,,
953,000953.png,left,insufficient_row_coverage,tracking,781,0.098266,0,0,0,0.000000,0,0,,,,,1
953,000953.png,right,ok,tracking,3345,0.549133,3345,3345,25,18.468503,2.99415391228,-194.571138961,0.355277,0.485906,-1.170087,-0.596869,0
953,000953.png,center,not_published,from_left_right,,,0,,,,
954,000954.png,left,insufficient_row_coverage,tracking,765,0.098266,0,0,0,0.000000,0,0,,,,,2
954,000954.png,right,ok,tracking,3336,0.543353,3336,3336,25,18.450118,2.9973545985,-194.896705354,0.355277,0.485906,-1.170087,-0.596869,0
954,000954.png,center,not_published,from_left_right,,,0,,,,
955,000955.png,left,rejected_side_geometry,tracking,897,0.104046,0,0,0,172.311639,-7.4074920576,1652.55232219,,,,,6
955,000955.png,right,ok,tracking,3360,0.543353,3360,3360,25,18.430529,3.00077153568,-195.949410339,0.355277,0.486228,-1.170087,-0.596869,0
955,000955.png,center,not_published,from_left_right,,,0,,,,
956,000956.png,left,ok,init,2150,0.219653,2150,2150,25,156.397370,-2.28862325272,661.307986038,0.254874,0.339059,-0.557700,-0.405583,0
956,000956.png,right,ok,tracking,3287,0.549133,3287,3287,25,18.499361,2.98879572587,-192.267541214,0.355750,0.485906,-1.170087,-0.596869,0
956,000956.png,center,ok,from_left_right,,,25,,,,
957,000957.png,left,insufficient_row_coverage,tracking,723,0.092486,0,0,0,0.000000,0,0,,,,,1
957,000957.png,right,ok,tracking,3280,0.543353,3280,3280,25,18.451668,2.99708456264,-193.59051915,0.355750,0.487505,-1.170087,-0.596869,0
957,000957.png,center,not_published,from_left_right,,,0,,,,
958,000958.png,left,insufficient_row_coverage,tracking,754,0.098266,0,0,0,0.000000,0,0,,,,,2
958,000958.png,right,ok,tracking,3330,0.543353,3330,3330,25,18.503738,2.98803708666,-192.026748466,0.355277,0.486228,-1.170087,-0.596869,0
958,000958.png,center,not_published,from_left_right,,,0,,,,
959,000959.png,left,insufficient_row_coverage,tracking,766,0.098266,0,0,0,0.000000,0,0,,,,,3
959,000959.png,right,ok,tracking,3285,0.543353,3285,3285,25,18.406193,3.00502643182,-194.985354825,0.355277,0.487505,-1.170087,-0.596869,0
959,000959.png,center,not_published,from_left_right,,,0,,,,
960,000960.png,left,rejected_side_geometry,tracking,882,0.104046,0,0,0,171.072205,-6.3656613744,1446.28796332,,,,,6
960,000960.png,right,ok,tracking,3313,0.543353,3313,3313,25,18.413334,3.00377678864,-195.017744269,0.355277,0.487505,-1.170087,-0.596869,0
960,000960.png,center,not_published,from_left_right,,,0,,,,
961,000961.png,left,insufficient_row_coverage,init,88,0.057803,0,0,0,0.000000,0,0,,,,,7
961,000961.png,right,ok,tracking,3264,0.543353,3264,3264,25,18.654864,2.96205435844,-184.759630042,0.356127,0.485906,-1.170087,-0.596869,0
961,000961.png,center,not_published,from_left_right,,,0,,,,
962,000962.png,left,ok,init,871,0.231214,871,871,25,162.877288,-3.24597192724,914.558371819,0.254957,0.317880,-0.531093,-0.446267,0
962,000962.png,right,ok,tracking,3282,0.543353,3282,3282,25,18.667951,2.95982342081,-184.266250246,0.355750,0.485906,-1.170087,-0.598909,0
962,000962.png,center,ok,from_left_right,,,25,,,,
963,000963.png,left,ok,tracking,941,0.248555,941,941,25,162.941185,-3.25888416389,917.540510472,0.250636,0.317880,-0.531093,-0.440935,0
963,000963.png,right,ok,tracking,3266,0.549133,3266,3266,25,18.743168,2.94705954087,-181.490908895,0.355277,0.484634,-1.170087,-0.597887,0
963,000963.png,center,ok,from_left_right,,,25,,,,
964,000964.png,left,ok,tracking,1020,0.265896,1020,1020,25,163.091981,-3.28973212571,922.95940315,0.245294,0.315650,-0.527829,-0.432299,0
964,000964.png,right,ok,tracking,3237,0.543353,3237,3237,25,18.657787,2.96155574144,-183.97021178,0.356701,0.487505,-1.170087,-0.599934,0
964,000964.png,center,ok,from_left_right,,,25,,,,
965,000965.png,left,ok,tracking,1148,0.294798,1148,1148,25,163.054660,-3.28204794922,923.164109184,0.238059,0.315650,-0.527829,-0.423416,0
965,000965.png,right,ok,tracking,3289,0.543353,3289,3289,25,18.565618,2.97734879249,-187.261693839,0.355750,0.487505,-1.170087,-0.598909,0
965,000965.png,center,ok,from_left_right,,,25,,,,
966,000966.png,left,ok,tracking,1258,0.317919,1258,1258,25,163.142740,-3.30023633596,926.068299476,0.232307,0.314922,-0.527018,-0.414854,0
966,000966.png,right,ok,tracking,3219,0.537572,3219,3219,25,18.541939,2.98143065694,-186.926947709,0.357178,0.487823,-1.170087,-0.600962,0
966,000966.png,center,ok,from_left_right,,,25,,,,
967,000967.png,left,ok,tracking,1403,0.358382,1403,1403,25,163.120160,-3.29555609099,926.612255882,0.224771,0.315286,-0.527829,-0.405079,0
967,000967.png,right,ok,tracking,3292,0.543353,3292,3292,25,18.614515,2.96895160718,-184.16602474,0.356225,0.487505,-1.170087,-0.599934,0
967,000967.png,center,ok,from_left_right,,,25,,,,
968,000968.png,left,ok,tracking,1543,0.387283,1543,1543,25,163.225876,-3.31757389401,932.491147794,0.217220,0.314167,-0.526210,-0.394743,0
968,000968.png,right,ok,tracking,3274,0.543353,3274,3274,25,18.585767,2.97388342431,-185.63173113,0.356701,0.486228,-1.170087,-0.600962,0
968,000968.png,center,ok,from_left_right,,,25,,,,
969,000969.png,left,ok,tracking,1714,0.427746,1714,1714,25,163.312117,-3.33573636967,935.092987828,0.208068,0.313052,-0.524601,-0.382122,0
969,000969.png,right,ok,tracking,3263,0.537572,3263,3263,25,18.587163,2.97364363086,-185.008454996,0.356701,0.487823,-1.170087,-0.600962,0
969,000969.png,center,ok,from_left_right,,,25,,,,
970,000970.png,left,ok,tracking,1902,0.473988,1902,1902,25,163.313177,-3.33596080351,936.745396989,0.199017,0.311583,-0.523799,-0.371490,0
970,000970.png,right,ok,tracking,3249,0.537572,3249,3249,25,18.585284,2.97396650828,-185.20723992,0.357178,0.487823,-1.170087,-0.601993,0
970,000970.png,center,ok,from_left_right,,,25,,,,
971,000971.png,left,ok,tracking,1890,0.473988,1890,1890,25,163.217765,-3.31587511862,933.136948846,0.198464,0.309768,-0.521409,-0.371490,0
971,000971.png,right,ok,tracking,3201,0.537572,3201,3201,25,18.560205,2.97828107841,-185.737456248,0.357178,0.489104,-1.170087,-0.601993,0
971,000971.png,center,ok,from_left_right,,,25,,,,
972,000972.png,left,ok,tracking,1876,0.468208,1876,1876,25,163.398398,-3.35409072895,940.15571378,0.199017,0.309768,-0.521409,-0.371490,0
972,000972.png,right,ok,tracking,3227,0.543353,3227,3227,25,18.724285,2.95025452761,-179.209056413,0.357178,0.487505,-1.170087,-0.601993,0
972,000972.png,center,ok,from_left_right,,,25,,,,
973,000973.png,left,ok,tracking,1881,0.462428,1881,1881,25,163.405188,-3.3555430857,941.732798501,0.199017,0.308668,-0.519826,-0.371490,0
973,000973.png,right,ok,tracking,3276,0.543353,3276,3276,25,18.686038,2.95674505444,-180.647012223,0.357658,0.487505,-1.170087,-0.603028,0
973,000973.png,center,ok,from_left_right,,,25,,,,
974,000974.png,left,ok,tracking,1886,0.468208,1886,1886,25,163.410367,-3.35665150627,941.532928451,0.199017,0.310476,-0.523000,-0.371490,0
974,000974.png,right,ok,tracking,3258,0.537572,3258,3258,25,18.642227,2.96421145746,-181.954091885,0.357658,0.487823,-1.170087,-0.603028,0
974,000974.png,center,ok,from_left_right,,,25,,,,
975,000975.png,left,ok,tracking,2366,0.560694,2366,2366,25,162.825150,-3.23550496184,911.396654009,0.199017,0.339059,-0.557700,-0.371490,0
975,000975.png,right,ok,tracking,3342,0.543353,3342,3342,25,18.608116,2.97004804756,-184.485926357,0.357178,0.487505,-1.170087,-0.600962,0
975,000975.png,center,ok,from_left_right,,,25,,,,
976,000976.png,left,ok,tracking,2469,0.560694,2469,2469,25,162.447885,-3.16156461869,893.359378468,0.199017,0.339059,-0.557700,-0.371490,0
976,000976.png,right,ok,tracking,3279,0.537572,3279,3279,25,18.452749,2.99689608945,-189.022713992,0.355277,0.489104,-1.170087,-0.597887,0
976,000976.png,center,ok,from_left_right,,,25,,,,
977,000977.png,left,ok,tracking,2396,0.554913,2396,2396,25,162.552111,-3.18168209101,897.204563439,0.199570,0.338262,-0.557700,-0.371490,0
977,000977.png,right,ok,tracking,3316,0.543353,3316,3316,25,18.672689,2.95901651095,-181.20307567,0.358033,0.486228,-1.170087,-0.600962,0
977,000977.png,center,ok,from_left_right,,,25,,,,
978,000978.png,left,ok,tracking,2460,0.560694,2460,2460,25,162.462025,-3.16428041416,893.594448724,0.199017,0.339059,-0.557700,-0.371490,0
978,000978.png,right,ok,tracking,3353,0.531792,3353,3353,25,18.519358,2.98533271437,-187.646316756,0.356127,0.487823,-1.170087,-0.596869,0
978,000978.png,center,ok,from_left_right,,,25,,,,
979,000979.png,left,ok,tracking,2459,0.566474,2459,2459,25,162.329745,-3.13903959146,888.651333635,0.198464,0.338262,-0.557700,-0.371490,0
979,000979.png,right,ok,tracking,3285,0.537572,3285,3285,25,18.689132,2.95621907837,-180.581368029,0.358138,0.487505,-1.170087,-0.603028,0
979,000979.png,center,ok,from_left_right,,,25,,,,
980,000980.png,left,ok,tracking,2504,0.572254,2504,2504,25,161.998730,-3.07745150044,875.708774627,0.197911,0.337049,-0.556804,-0.371490,0
980,000980.png,right,ok,tracking,3218,0.537572,3218,3218,25,18.545780,2.98076788051,-184.926013983,0.358996,0.487823,-1.170087,-0.604066,0
980,000980.png,center,ok,from_left_right,,,25,,,,
981,000981.png,left,ok,tracking,2506,0.572254,2506,2506,25,161.968963,-3.07202032016,874.193863059,0.197911,0.339059,-0.557700,-0.371490,0
981,000981.png,right,ok,tracking,3266,0.537572,3266,3266,25,18.606850,2.97026521231,-182.758067842,0.358996,0.487823,-1.170087,-0.604066,0
981,000981.png,center,ok,from_left_right,,,25,,,,
982,000982.png,left,ok,tracking,2502,0.560694,2502,2502,25,162.230960,-3.12042743008,883.597987523,0.199017,0.339059,-0.557700,-0.371490,0
982,000982.png,right,ok,tracking,3354,0.543353,3354,3354,25,18.611480,2.9694715271,-183.417103454,0.355277,0.487505,-1.170087,-0.596869,0
982,000982.png,center,ok,from_left_right,,,25,,,,
983,000983.png,left,ok,tracking,2537,0.560694,2537,2537,25,162.219177,-3.11822064375,883.778442385,0.199017,0.339059,-0.557700,-0.371490,0
983,000983.png,right,ok,tracking,3368,0.543353,3368,3368,25,18.616959,2.96853306813,-184.094758101,0.355277,0.485906,-1.170087,-0.596869,0
983,000983.png,center,ok,from_left_right,,,25,,,,
984,000984.png,left,ok,tracking,2525,0.566474,2525,2525,25,162.157644,-3.10674271767,882.397340959,0.198464,0.339059,-0.557700,-0.371490,0
984,000984.png,right,ok,tracking,3327,0.549133,3327,3327,25,18.625581,2.96705703608,-183.624104141,0.355277,0.485906,-1.170087,-0.596869,0
984,000984.png,center,ok,from_left_right,,,25,,,,
985,000985.png,left,ok,tracking,1653,0.410405,1653,1653,25,163.443142,-3.36368213163,947.876034468,0.198464,0.290756,-0.496365,-0.371490,0
985,000985.png,right,ok,tracking,3290,0.537572,3290,3290,25,18.640130,2.964569571,-181.876574617,0.357761,0.487505,-1.170087,-0.605107,0
985,000985.png,center,ok,from_left_right,,,25,,,,
986,000986.png,left,ok,tracking,1617,0.410405,1617,1617,25,163.376937,-3.34950822805,944.571938021,0.197911,0.288494,-0.493478,-0.371490,0
986,000986.png,right,ok,tracking,3276,0.537572,3276,3276,25,18.577555,2.97529497328,-183.084940982,0.357761,0.489104,-1.170087,-0.605107,0
986,000986.png,center,ok,from_left_right,,,25,,,,
987,000987.png,left,ok,tracking,1595,0.398844,1595,1595,25,163.394373,-3.35323044153,945.365042278,0.198464,0.287172,-0.491332,-0.371490,0
987,000987.png,right,ok,tracking,3302,0.537572,3302,3302,25,18.618238,2.96831393802,-180.815530287,0.357761,0.487823,-1.170087,-0.605107,0
987,000987.png,center,ok,from_left_right,,,25,,,,
988,000988.png,left,ok,tracking,1556,0.393064,1556,1556,25,163.315768,-3.33650928091,944.109196463,0.197911,0.283950,-0.488498,-0.371490,0
988,000988.png,right,ok,tracking,3317,0.537572,3317,3317,25,18.504593,2.98788895626,-185.311039297,0.359213,0.487823,-1.170087,-0.608251,0
988,000988.png,center,ok,from_left_right,,,25,,,,
989,000989.png,left,ok,tracking,1524,0.387283,1524,1524,25,163.270938,-3.32704130177,940.028900125,0.197911,0.281770,-0.484301,-0.371490,0
989,000989.png,right,ok,tracking,3271,0.531792,3271,3271,25,18.384589,3.00881262093,-188.638299017,0.357761,0.490703,-1.170087,-0.605107,0
989,000989.png,center,ok,from_left_right,,,25,,,,
990,000990.png,left,ok,tracking,1474,0.381503,1474,1474,25,163.071930,-3.28559969806,932.505686379,0.197358,0.279211,-0.480854,-0.371490,0
990,000990.png,right,ok,tracking,3173,0.520231,3173,3173,25,18.100480,3.05941712073,-197.891347699,0.359213,0.493902,-1.170087,-0.607199,0
990,000990.png,center,ok,from_left_right,,,25,,,,
991,000991.png,left,ok,tracking,1443,0.375723,1443,1443,25,162.897702,-3.2500869382,924.686015164,0.196805,0.275830,-0.476775,-0.371490,0
991,000991.png,right,ok,tracking,3113,0.508671,3113,3113,25,17.894428,3.0970893026,-203.529841472,0.360564,0.497100,-1.170087,-0.609305,0
991,000991.png,center,ok,from_left_right,,,25,,,,
992,000992.png,left,ok,tracking,1396,0.364162,1396,1396,25,162.945483,-3.2597559742,927.689786087,0.196805,0.273338,-0.473423,-0.371490,0
992,000992.png,right,ok,tracking,3176,0.508671,3176,3176,25,17.967152,3.08369779954,-199.809941037,0.360564,0.495501,-1.170087,-0.609305,0
992,000992.png,center,ok,from_left_right,,,25,,,,
993,000993.png,left,ok,tracking,1327,0.352601,1327,1327,25,162.747256,-3.21998171529,919.68798255,0.196252,0.268838,-0.467496,-0.371490,0
993,000993.png,right,ok,tracking,3209,0.508671,3209,3209,25,17.826771,3.10964270748,-205.894439021,0.359213,0.495501,-1.170087,-0.607199,0
993,000993.png,center,ok,from_left_right,,,25,,,,
994,000994.png,left,ok,tracking,1256,0.335260,1256,1256,25,162.696413,-3.20992256046,915.376516715,0.196252,0.264438,-0.461702,-0.371490,0
994,000994.png,right,ok,tracking,3251,0.514451,3251,3251,25,17.914236,3.09343139051,-203.110310382,0.358620,0.494201,-1.170087,-0.605107,0
994,000994.png,center,ok,from_left_right,,,25,,,,
995,000995.png,left,ok,tracking,1182,0.317919,1182,1182,25,162.698687,-3.21037115651,915.473715777,0.196252,0.259884,-0.455414,-0.371490,0
995,000995.png,right,ok,tracking,3256,0.514451,3256,3256,25,17.931648,3.09022246665,-202.962521161,0.358244,0.494201,-1.170087,-0.605107,0
995,000995.png,center,ok,from_left_right,,,25,,,,
996,000996.png,left,ok,tracking,1073,0.294798,1073,1073,25,162.665504,-3.2038352465,913.291583455,0.196252,0.253346,-0.446267,-0.371490,0
996,000996.png,right,ok,tracking,3285,0.514451,3285,3285,25,17.864074,3.1027099121,-206.283724733,0.357280,0.495501,-1.170087,-0.604066,0
996,000996.png,center,ok,from_left_right,,,25,,,,
997,000997.png,left,ok,tracking,974,0.271676,974,974,25,162.680703,-3.20682591155,912.046412063,0.196805,0.248193,-0.438602,-0.371490,0
997,000997.png,right,ok,tracking,3338,0.520231,3338,3338,25,17.916466,3.09302009329,-204.807662246,0.357178,0.493902,-1.170087,-0.601993,0
997,000997.png,center,ok,from_left_right,,,25,,,,
998,000998.png,left,ok,tracking,852,0.236994,852,852,25,162.599821,-3.1909689798,906.356406462,0.197358,0.241643,-0.429488,-0.371490,0
998,000998.png,right,ok,tracking,3390,0.526012,3390,3390,25,17.970609,3.08306387993,-204.173669941,0.358138,0.492303,-1.170087,-0.603028,0
998,000998.png,center,ok,from_left_right,,,25,,,,
999,000999.png,left,ok,tracking,714,0.202312,714,714,25,162.280460,-3.12972854232,888.229895774,0.197358,0.234132,-0.419096,-0.371490,0
999,000999.png,right,ok,tracking,3456,0.537572,3456,3456,25,17.995062,3.07858635682,-205.522799566,0.354899,0.489104,-1.170087,-0.597887,0
999,000999.png,center,ok,from_left_right,,,25,,,,
1000,001000.png,left,ok,tracking,571,0.173410,571,571,25,161.674615,-3.01923293561,857.167265059,0.197358,0.226949,-0.408632,-0.371490,0
1000,001000.png,right,ok,tracking,3394,0.526012,3394,3394,25,17.928088,3.09087806281,-208.557434512,0.356127,0.490703,-1.170087,-0.596869,0
1000,001000.png,center,ok,from_left_right,,,25,,,,
1001,001001.png,left,ok,tracking,384,0.127168,384,384,25,160.133375,-2.76750539648,787.825436374,0.197358,0.217804,-0.396675,-0.371490,0
1001,001001.png,right,ok,tracking,3336,0.531792,3336,3336,25,17.958004,3.08537665878,-207.938628375,0.357280,0.490703,-1.170087,-0.601993,0
1001,001001.png,center,ok,from_left_right,,,25,,,,
1002,001002.png,left,insufficient_row_coverage,tracking,100,0.057803,0,0,0,0.000000,0,0,,,,,1
1002,001002.png,right,ok,tracking,3336,0.526012,3336,3336,25,17.853160,3.10473531548,-212.055185276,0.355277,0.490703,-1.170087,-0.596869,0
1002,001002.png,center,not_published,from_left_right,,,0,,,,
1003,001003.png,left,ok,tracking,1074,0.121387,1074,1074,25,111.961579,-0.40324640537,332.772345179,0.292370,0.338262,-0.557700,-0.475429,0
1003,001003.png,right,ok,tracking,3359,0.531792,3359,3359,25,17.887637,3.09834530106,-210.999978479,0.356601,0.490703,-1.170087,-0.598909,0
1003,001003.png,center,ok,from_left_right,,,25,,,,
1004,001004.png,left,ok,tracking,1146,0.127168,1146,1146,25,124.347571,-0.683371067375,389.169539595,0.296061,0.339059,-0.557700,-0.483608,0
1004,001004.png,right,ok,tracking,3475,0.537572,3475,3475,25,17.819111,3.11106970854,-216.42925693,0.353578,0.489104,-1.170087,-0.596869,0
1004,001004.png,center,ok,from_left_right,,,25,,,,
1005,001005.png,left,ok,tracking,1124,0.132948,1124,1124,25,114.937783,-0.464986315847,346.034151889,0.297704,0.339059,-0.557700,-0.485693,0
1005,001005.png,right,ok,tracking,3350,0.531792,3350,3350,25,17.973890,3.08246246306,-209.819769575,0.355277,0.490703,-1.170087,-0.596869,0
1005,001005.png,center,ok,from_left_right,,,25,,,,
1006,001006.png,left,ok,tracking,1163,0.132948,1163,1163,25,122.604200,-0.639629958865,380.139518221,0.297704,0.339059,-0.557700,-0.485693,0
1006,001006.png,right,ok,tracking,3407,0.537572,3407,3407,25,17.985453,3.08034435082,-210.613358503,0.355277,0.487505,-1.170087,-0.596869,0
1006,001006.png,center,ok,from_left_right,,,25,,,,
1007,001007.png,left,ok,tracking,1017,0.132948,1017,1017,25,116.549056,-0.499651087495,348.919495352,0.297704,0.337845,-0.556804,-0.485693,0
1007,001007.png,right,ok,tracking,3424,0.537572,3424,3424,25,17.982207,3.08093874762,-212.661528228,0.354048,0.487823,-1.170087,-0.596869,0
1007,001007.png,center,ok,from_left_right,,,25,,,,
1008,001008.png,left,ok,tracking,1200,0.138728,1200,1200,25,128.150810,-0.785533179857,403.903976411,0.296760,0.337807,-0.555019,-0.483608,0
1008,001008.png,right,ok,tracking,3449,0.549133,3449,3449,25,18.292323,3.02508029757,-201.902835775,0.354048,0.484307,-1.170087,-0.596869,0
1008,001008.png,center,ok,from_left_right,,,25,,,,
1009,001009.png,left,ok,tracking,1226,0.144509,1226,1226,25,128.121495,-0.78470614579,404.45179212,0.296136,0.338223,-0.555910,-0.482227,0
1009,001009.png,right,ok,tracking,3406,0.549133,3406,3406,25,18.208534,3.03999109757,-206.295151962,0.353578,0.484634,-1.170087,-0.596869,0
1009,001009.png,center,ok,from_left_right,,,25,,,,
1010,001010.png,left,ok,tracking,1258,0.150289,1258,1258,25,125.574342,-0.715252545319,390.037776482,0.295127,0.338640,-0.556804,-0.481540,0
1010,001010.png,right,ok,tracking,3338,0.543353,3338,3338,25,18.242592,3.03391424396,-204.461341535,0.354428,0.485906,-1.170087,-0.596869,0
1010,001010.png,center,ok,from_left_right,,,25,,,,
1011,001011.png,left,ok,tracking,1293,0.156069,1293,1293,25,132.866316,-0.928162379395,431.256862405,0.294005,0.338223,-0.555910,-0.481540,0
1011,001011.png,right,ok,tracking,3364,0.549133,3364,3364,25,18.231435,3.03590252757,-205.079585867,0.354048,0.484634,-1.170087,-0.596869,0
1011,001011.png,center,ok,from_left_right,,,25,,,,
1012,001012.png,left,ok,tracking,1414,0.161850,1414,1414,25,137.717009,-1.09964127736,466.273547126,0.292329,0.338640,-0.556804,-0.480854,0
1012,001012.png,right,ok,tracking,3428,0.554913,3428,3428,25,18.319313,3.02030528631,-202.705637515,0.353578,0.484307,-1.170087,-0.596869,0
1012,001012.png,center,ok,from_left_right,,,25,,,,
1013,001013.png,left,ok,tracking,1234,0.161850,1234,1234,25,132.207413,-0.906980416312,425.204993858,0.291383,0.338640,-0.557700,-0.480854,0
1013,001013.png,right,ok,tracking,3326,0.543353,3326,3326,25,18.317355,3.02065110944,-201.646017296,0.354899,0.485906,-1.170087,-0.596869,0
1013,001013.png,center,ok,from_left_right,,,25,,,,
1014,001014.png,left,ok,tracking,1407,0.179191,1407,1407,25,136.759481,-1.06338383283,454.772620824,0.288300,0.338223,-0.555910,-0.477450,0
1014,001014.png,right,ok,tracking,3404,0.549133,3404,3404,25,18.329962,3.01842494515,-202.213210078,0.353578,0.484307,-1.170087,-0.596869,0
1014,001014.png,center,ok,from_left_right,,,25,,,,
1015,001015.png,left,ok,tracking,1500,0.179191,1500,1500,25,140.573231,-1.21626091332,485.644761616,0.287378,0.337807,-0.555019,-0.476101,0
1015,001015.png,right,ok,tracking,3345,0.549133,3345,3345,25,18.390815,3.00772058713,-199.227078029,0.354048,0.485906,-1.170087,-0.596869,0
1015,001015.png,center,ok,from_left_right,,,25,,,,
1016,001016.png,left,ok,tracking,1516,0.184971,1516,1516,25,143.259939,-1.33964707994,508.377142314,0.284848,0.338640,-0.556804,-0.475429,0
1016,001016.png,right,ok,tracking,3301,0.543353,3301,3301,25,18.351549,3.01461984093,-200.271939856,0.354048,0.486228,-1.170087,-0.596869,0
1016,001016.png,center,ok,from_left_right,,,25,,,,
1017,001017.png,left,ok,tracking,1519,0.190751,1519,1519,25,141.295098,-1.24798519621,489.558211652,0.283544,0.338640,-0.556804,-0.474090,0
1017,001017.png,right,ok,tracking,3360,0.549133,3360,3360,25,18.420645,3.0024984096,-198.149174264,0.354048,0.484634,-1.170087,-0.596869,0
1017,001017.png,center,ok,from_left_right,,,25,,,,
1018,001018.png,left,ok,tracking,1520,0.196532,1520,1520,25,142.823486,-1.3185733154,503.160083542,0.280779,0.338223,-0.555910,-0.474759,0
1018,001018.png,right,ok,tracking,3296,0.549133,3296,3296,25,18.442999,2.99859555993,-196.563842985,0.354428,0.485906,-1.170087,-0.596869,0
1018,001018.png,center,ok,from_left_right,,,25,,,,
1019,001019.png,left,ok,tracking,1614,0.202312,1614,1614,25,143.166691,-1.33510870904,504.707942429,0.279211,0.338223,-0.555910,-0.472758,0
1019,001019.png,right,ok,tracking,3370,0.554913,3370,3370,25,18.615946,2.96870651196,-190.334704657,0.353578,0.484307,-1.170087,-0.596869,0
1019,001019.png,center,ok,from_left_right,,,25,,,,
1020,001020.png,left,ok,tracking,1672,0.213873,1672,1672,25,143.720232,-1.36234305425,507.849924546,0.276395,0.337807,-0.555019,-0.470772,0
1020,001020.png,right,ok,tracking,3325,0.549133,3325,3325,25,18.581798,2.97456551595,-191.257900146,0.354428,0.484307,-1.170087,-0.596869,0
1020,001020.png,center,ok,from_left_right,,,25,,,,
1021,001021.png,left,ok,tracking,1687,0.219653,1687,1687,25,142.544078,-1.30530333246,494.508939449,0.274581,0.336978,-0.553245,-0.469457,0
1021,001021.png,right,ok,tracking,3316,0.549133,3316,3316,25,18.565028,2.9774504394,-191.684961409,0.354428,0.484307,-1.170087,-0.596869,0
1021,001021.png,center,ok,from_left_right,,,25,,,,
1022,001022.png,left,ok,tracking,1762,0.236994,1762,1762,25,143.079855,-1.33090010663,499.186814942,0.270870,0.335745,-0.550603,-0.466846,0
1022,001022.png,right,ok,tracking,3345,0.549133,3345,3345,25,18.437053,2.99963280764,-197.586409607,0.353578,0.484307,-1.170087,-0.596869,0
1022,001022.png,center,ok,from_left_right,,,25,,,,
1023,001023.png,left,ok,tracking,1795,0.248555,1795,1795,25,144.678696,-1.41123769405,513.495870472,0.267893,0.335745,-0.550603,-0.464261,0
1023,001023.png,right,ok,tracking,3302,0.549133,3302,3302,25,18.527038,2.98400453924,-193.167716361,0.354428,0.484634,-1.170087,-0.596869,0
1023,001023.png,center,ok,from_left_right,,,25,,,,
1024,001024.png,left,ok,tracking,1836,0.260116,1836,1836,25,145.870975,-1.47538333745,524.797086359,0.264179,0.335336,-0.549728,-0.459799,0
1024,001024.png,right,ok,tracking,3288,0.549133,3288,3288,25,18.500751,2.98855476535,-193.569642177,0.354428,0.485906,-1.170087,-0.596869,0
1024,001024.png,center,ok,from_left_right,,,25,,,,
1025,001025.png,left,ok,tracking,1984,0.277457,1984,1984,25,146.476373,-1.50948238069,531.035091223,0.260641,0.334928,-0.548855,-0.455414,0
1025,001025.png,right,ok,tracking,3370,0.549133,3370,3370,25,18.537370,2.98221951586,-193.254000296,0.353197,0.484307,-1.170087,-0.596869,0
1025,001025.png,center,ok,from_left_right,,,25,,,,
1026,001026.png,left,ok,tracking,1969,0.289017,1969,1969,25,148.576323,-1.63674167368,555.624953366,0.256828,0.334928,-0.548855,-0.449279,0
1026,001026.png,right,ok,tracking,3281,0.549133,3281,3281,25,18.546773,2.98059666824,-191.962812555,0.354428,0.484634,-1.170087,-0.596869,0
1026,001026.png,center,ok,from_left_right,,,25,,,,
1027,001027.png,left,insufficient_row_coverage,tracking,489,0.057803,0,0,0,0.000000,0,0,,,,,1
1027,001027.png,right,ok,tracking,3295,0.549133,3295,3295,25,18.535439,2.98255292271,-191.729583632,0.354428,0.485906,-1.170087,-0.596869,0
1027,001027.png,center,not_published,from_left_right,,,0,,,,
1028,001028.png,left,ok,tracking,2135,0.317919,2135,2135,25,151.434271,-1.83674291669,594.77168305,0.248604,0.335336,-0.549728,-0.437444,0
1028,001028.png,right,ok,tracking,3323,0.554913,3323,3323,25,18.596463,2.97204681779,-189.884780962,0.353578,0.484307,-1.170087,-0.596869,0
1028,001028.png,center,ok,from_left_right,,,25,,,,
1029,001029.png,left,ok,tracking,2256,0.346821,2256,2256,25,153.033737,-1.9654706393,620.386559441,0.242953,0.336155,-0.551481,-0.430048,0
1029,001029.png,right,ok,tracking,3302,0.549133,3302,3302,25,18.505593,2.9877157308,-193.687782353,0.353578,0.484634,-1.170087,-0.596869,0
1029,001029.png,center,ok,from_left_right,,,25,,,,
1030,001030.png,left,ok,tracking,1625,0.300578,1625,1625,25,156.753479,-2.32795281889,699.330674464,0.237849,0.313806,-0.525404,-0.422872,0
1030,001030.png,right,ok,tracking,3208,0.537572,3208,3208,25,18.427038,3.00138133957,-194.929292591,0.354428,0.487505,-1.170087,-0.596869,0
1030,001030.png,center,ok,from_left_right,,,25,,,,
1031,001031.png,left,ok,tracking,1661,0.317919,1661,1661,25,158.900809,-2.59166952066,759.533851749,0.231497,0.313806,-0.525404,-0.414329,0
1031,001031.png,right,ok,tracking,3258,0.543353,3258,3258,25,18.492274,2.99002476516,-192.334771182,0.354428,0.485906,-1.170087,-0.596869,0
1031,001031.png,center,ok,from_left_right,,,25,,,,
1032,001032.png,left,ok,tracking,1805,0.346821,1805,1805,25,159.690270,-2.70194106489,786.24436374,0.223611,0.311226,-0.523799,-0.404576,0
1032,001032.png,right,ok,tracking,3310,0.543353,3310,3310,25,18.440112,2.99909915566,-194.947852699,0.354048,0.486228,-1.170087,-0.596869,0
1032,001032.png,center,ok,from_left_right,,,25,,,,
1033,001033.png,left,ok,tracking,1953,0.387283,1953,1953,25,160.470815,-2.8193480442,811.592149762,0.215529,0.310516,-0.522203,-0.393304,0
1033,001033.png,right,ok,tracking,3210,0.543353,3210,3210,25,18.325147,3.01927491528,-198.018476849,0.354428,0.487505,-1.170087,-0.596869,0
1033,001033.png,center,ok,from_left_right,,,25,,,,
1034,001034.png,left,ok,tracking,2123,0.433526,2123,2123,25,161.251596,-2.94617463666,839.94729466,0.206295,0.310516,-0.522203,-0.380313,0
1034,001034.png,right,ok,tracking,3228,0.543353,3228,3228,25,18.367539,3.01180684386,-195.745274216,0.354428,0.487505,-1.170087,-0.596869,0
1034,001034.png,center,ok,from_left_right,,,25,,,,
1035,001035.png,left,ok,tracking,2246,0.468208,2246,2246,25,161.690077,-3.02196488263,856.394947278,0.199017,0.309064,-0.520616,-0.371490,0
1035,001035.png,right,ok,tracking,3244,0.537572,3244,3244,25,18.291864,3.02516154902,-198.463377667,0.353578,0.489104,-1.170087,-0.596869,0
1035,001035.png,center,ok,from_left_right,,,25,,,,
1036,001036.png,left,ok,tracking,2256,0.462428,2256,2256,25,161.716383,-3.02662333135,857.120333288,0.199017,0.308668,-0.519826,-0.371490,0
1036,001036.png,right,ok,tracking,3290,0.543353,3290,3290,25,18.478576,2.99240303252,-192.03552931,0.353578,0.486228,-1.170087,-0.596869,0
1036,001036.png,center,ok,from_left_right,,,25,,,,
1037,001037.png,left,ok,tracking,2201,0.462428,2201,2201,25,161.717143,-3.02675825326,857.221373465,0.199017,0.306925,-0.517468,-0.371490,0
1037,001037.png,right,ok,tracking,3268,0.543353,3268,3268,25,18.473075,2.99335902341,-192.387893285,0.353578,0.487505,-1.170087,-0.596869,0
1037,001037.png,center,ok,from_left_right,,,25,,,,
1038,001038.png,left,ok,tracking,2213,0.462428,2213,2213,25,161.662465,-3.01708902291,855.162497992,0.198464,0.306529,-0.516686,-0.371490,0
1038,001038.png,right,ok,tracking,3247,0.543353,3247,3247,25,18.442985,2.99859802221,-193.509133506,0.354428,0.486228,-1.170087,-0.596869,0
1038,001038.png,center,ok,from_left_right,,,25,,,,
1039,001039.png,left,ok,tracking,2025,0.462428,2025,2025,25,162.695412,-3.20972509713,904.817446017,0.198464,0.305838,-0.515907,-0.371490,0
1039,001039.png,right,ok,tracking,3270,0.543353,3270,3270,25,18.418043,3.00295315861,-194.39007872,0.353197,0.487505,-1.170087,-0.597887,0
1039,001039.png,center,ok,from_left_right,,,25,,,,
1040,001040.png,left,ok,tracking,2141,0.456647,2141,2141,25,162.171219,-3.10926842322,877.03532447,0.199017,0.305152,-0.514354,-0.371490,0
1040,001040.png,right,ok,tracking,3272,0.543353,3272,3272,25,18.544763,2.98094338547,-189.645610395,0.353578,0.485906,-1.170087,-0.596869,0
1040,001040.png,center,ok,from_left_right,,,25,,,,
1041,001041.png,left,ok,tracking,2124,0.450867,2124,2124,25,161.984223,-3.07480237671,868.245253455,0.199017,0.302717,-0.512041,-0.371490,0
1041,001041.png,right,ok,tracking,3239,0.543353,3239,3239,25,18.512702,2.98648458873,-190.468972101,0.354428,0.487505,-1.170087,-0.596869,0
1041,001041.png,center,ok,from_left_right,,,25,,,,
1042,001042.png,left,ok,tracking,1797,0.450867,1797,1797,25,163.397180,-3.35383043943,941.831908639,0.198464,0.301648,-0.510509,-0.371490,0
1042,001042.png,right,ok,tracking,3226,0.543353,3226,3226,25,18.683977,2.95709561324,-183.727973275,0.356323,0.486228,-1.170087,-0.601993,0
1042,001042.png,center,ok,from_left_right,,,25,,,,
1043,001043.png,left,ok,tracking,1969,0.450867,1969,1969,25,162.681664,-3.2070151205,904.134885061,0.198464,0.301314,-0.509747,-0.371490,0
1043,001043.png,right,ok,tracking,3192,0.543353,3192,3192,25,18.570571,2.97649638818,-187.517732938,0.356225,0.487505,-1.170087,-0.599934,0
1043,001043.png,center,ok,from_left_right,,,25,,,,
1044,001044.png,left,ok,tracking,1770,0.433526,1770,1770,25,163.619358,-3.40195168604,952.300567667,0.199570,0.300582,-0.508986,-0.371490,0
1044,001044.png,right,ok,tracking,3317,0.549133,3317,3317,25,18.864213,2.926724856,-177.324256053,0.354048,0.484307,-1.170087,-0.598909,0
1044,001044.png,center,ok,from_left_right,,,25,,,,
1045,001045.png,left,ok,tracking,1747,0.433526,1747,1747,25,163.594910,-3.39659448022,951.407156065,0.199017,0.298858,-0.506717,-0.371490,0
1045,001045.png,right,ok,tracking,3266,0.554913,3266,3266,25,18.964568,2.91005572841,-174.284082486,0.355945,0.482707,-1.170087,-0.601993,0
1045,001045.png,center,ok,from_left_right,,,25,,,,
1046,001046.png,left,ok,tracking,1719,0.421965,1719,1719,25,163.646027,-3.40781330589,953.167917978,0.199570,0.296499,-0.502975,-0.371490,0
1046,001046.png,right,ok,tracking,3290,0.554913,3290,3290,25,18.900756,2.92063520661,-176.462070468,0.354048,0.484307,-1.170087,-0.598909,0
1046,001046.png,center,ok,from_left_right,,,25,,,,
1047,001047.png,left,ok,tracking,1734,0.421965,1734,1734,25,163.468979,-3.36924369069,948.597700338,0.198464,0.294729,-0.501493,-0.371490,0
1047,001047.png,right,ok,tracking,3281,0.543353,3281,3281,25,18.815343,2.93490430169,-180.320159952,0.354140,0.484307,-1.170087,-0.600962,0
1047,001047.png,center,ok,from_left_right,,,25,,,,
1048,001048.png,left,ok,tracking,1681,0.427746,1681,1681,25,163.344513,-3.34260626184,945.293918097,0.197358,0.292732,-0.500018,-0.371490,0
1048,001048.png,right,ok,tracking,3250,0.543353,3250,3250,25,18.648442,2.96315024551,-186.857600464,0.353759,0.484634,-1.170087,-0.600962,0
1048,001048.png,center,ok,from_left_right,,,25,,,,
1049,001049.png,left,ok,tracking,1677,0.416185,1677,1677,25,163.288985,-3.33084702536,939.40471477,0.197911,0.291069,-0.497092,-0.371490,0
1049,001049.png,right,ok,tracking,3181,0.543353,3181,3181,25,18.648478,2.96314404051,-185.138496572,0.353197,0.485906,-1.170087,-0.598909,0
1049,001049.png,center,ok,from_left_right,,,25,,,,
1050,001050.png,left,ok,tracking,1627,0.404624,1627,1627,25,163.389045,-3.35209209692,944.771509356,0.198464,0.288187,-0.492761,-0.371490,0
1050,001050.png,right,ok,tracking,3269,0.549133,3269,3269,25,18.748671,2.94612950001,-181.42587967,0.353668,0.484634,-1.170087,-0.599934,0
1050,001050.png,center,ok,from_left_right,,,25,,,,
1051,001051.png,left,ok,tracking,1613,0.398844,1613,1613,25,163.396348,-3.35365260048,945.217668097,0.198464,0.287172,-0.491332,-0.371490,0
1051,001051.png,right,ok,tracking,3267,0.543353,3267,3267,25,18.819511,2.93420514023,-178.845455073,0.354140,0.484307,-1.170087,-0.600962,0
1051,001051.png,center,ok,from_left_right,,,25,,,,
1052,001052.png,left,ok,tracking,1583,0.393064,1583,1583,25,163.193460,-3.31079386145,936.22258817,0.197911,0.283652,-0.487092,-0.371490,0
1052,001052.png,right,ok,tracking,3189,0.543353,3189,3189,25,18.632970,2.96579335528,-184.812182162,0.354140,0.486228,-1.170087,-0.600962,0
1052,001052.png,center,ok,from_left_right,,,25,,,,
1053,001053.png,left,ok,tracking,1553,0.393064,1553,1553,25,163.085964,-3.28849096774,931.483774547,0.197358,0.281477,-0.484301,-0.371490,0
1053,001053.png,right,ok,tracking,3167,0.537572,3167,3167,25,18.477155,2.99264993814,-188.795954752,0.354140,0.489104,-1.170087,-0.600962,0
1053,001053.png,center,ok,from_left_right,,,25,,,,
1054,001054.png,left,ok,tracking,1542,0.381503,1542,1542,25,163.108060,-3.29305294931,931.357850303,0.197911,0.279907,-0.481540,-0.371490,0
1054,001054.png,right,ok,tracking,3218,0.537572,3218,3218,25,18.468105,2.99422326696,-188.222874643,0.354520,0.487823,-1.170087,-0.599934,0
1054,001054.png,center,ok,from_left_right,,,25,,,,
1055,001055.png,left,ok,tracking,1460,0.369942,1460,1460,25,163.181349,-3.30826733015,935.948014868,0.197911,0.277086,-0.478127,-0.371490,0
1055,001055.png,right,ok,tracking,3266,0.537572,3266,3266,25,18.448615,2.99761657586,-189.493145157,0.354994,0.487823,-1.170087,-0.600962,0
1055,001055.png,center,ok,from_left_right,,,25,,,,
1056,001056.png,left,ok,tracking,1418,0.358382,1418,1418,25,163.222982,-3.31696759433,936.608967999,0.197911,0.274302,-0.473423,-0.371490,0
1056,001056.png,right,ok,tracking,3232,0.537572,3232,3232,25,18.501418,2.98843921348,-187.394198143,0.354520,0.487823,-1.170087,-0.599934,0
1056,001056.png,center,ok,from_left_right,,,25,,,,
1057,001057.png,left,ok,tracking,1367,0.352601,1367,1367,25,163.070200,-3.28524345634,928.989703664,0.197911,0.271143,-0.469457,-0.371490,0
1057,001057.png,right,ok,tracking,3203,0.537572,3203,3203,25,18.424861,3.00176162707,-189.775859805,0.354994,0.487505,-1.170087,-0.600962,0
1057,001057.png,center,ok,from_left_right,,,25,,,,
1058,001058.png,left,ok,tracking,1326,0.341040,1326,1326,25,163.053256,-3.28175934955,929.730200303,0.197358,0.267504,-0.465550,-0.371490,0
1058,001058.png,right,ok,tracking,3244,0.531792,3244,3244,25,18.323243,3.01961108735,-193.621352,0.354994,0.489104,-1.170087,-0.600962,0
1058,001058.png,center,ok,from_left_right,,,25,,,,
1059,001059.png,left,ok,tracking,1246,0.323699,1246,1246,25,163.004470,-3.27176543193,926.216303456,0.197358,0.263661,-0.459799,-0.371490,0
1059,001059.png,right,ok,tracking,3245,0.537572,3245,3245,25,18.399485,3.00620115138,-190.637548622,0.354520,0.489104,-1.170087,-0.599934,0
1059,001059.png,center,ok,from_left_right,,,25,,,,
1060,001060.png,left,ok,tracking,1159,0.306358,1159,1159,25,162.999314,-3.27071248439,926.164603935,0.197358,0.258885,-0.452942,-0.371490,0
1060,001060.png,right,ok,tracking,3223,0.531792,3223,3223,25,18.288298,3.02579358504,-194.411626705,0.354994,0.489104,-1.170087,-0.600962,0
1060,001060.png,center,ok,from_left_right,,,25,,,,
1061,001061.png,left,ok,tracking,1092,0.289017,1092,1092,25,163.006867,-3.27225523234,924.11792337,0.197911,0.255609,-0.448070,-0.371490,0
1061,001061.png,right,ok,tracking,3209,0.526012,3209,3209,25,18.180941,3.04493063387,-197.566898166,0.354899,0.491012,-1.170087,-0.598909,0
1061,001061.png,center,ok,from_left_right,,,25,,,,
1062,001062.png,left,ok,tracking,1020,0.271676,1020,1020,25,163.030826,-3.27715759571,926.377703671,0.197911,0.250580,-0.440935,-0.371490,0
1062,001062.png,right,ok,tracking,3281,0.531792,3281,3281,25,18.236856,3.03493623789,-195.679644927,0.354994,0.489417,-1.170087,-0.599934,0
1062,001062.png,center,ok,from_left_right,,,25,,,,
1063,001063.png,left,ok,tracking,918,0.248555,918,918,25,162.898032,-3.25015360234,921.758743323,0.197358,0.245107,-0.434573,-0.371490,0
1063,001063.png,right,ok,tracking,3260,0.526012,3260,3260,25,18.160267,3.04864102929,-198.686427991,0.354994,0.491012,-1.170087,-0.600962,0
1063,001063.png,center,ok,from_left_right,,,25,,,,
1064,001064.png,left,ok,tracking,800,0.225434,800,800,25,162.811251,-3.23272515439,914.984886215,0.197358,0.238892,-0.425606,-0.371490,0
1064,001064.png,right,ok,tracking,3208,0.526012,3208,3208,25,17.967200,3.08368904953,-205.895322286,0.354428,0.492303,-1.170087,-0.597887,0
1064,001064.png,center,ok,from_left_right,,,25,,,,
1065,001065.png,left,ok,tracking,664,0.190751,664,664,25,162.349484,-3.14278281084,890.037044875,0.197911,0.232106,-0.415907,-0.371490,0
1065,001065.png,right,ok,tracking,3284,0.526012,3284,3284,25,18.083330,3.06252098127,-201.424135755,0.354428,0.490703,-1.170087,-0.597887,0
1065,001065.png,center,ok,from_left_right,,,25,,,,
1066,001066.png,left,ok,tracking,499,0.150289,499,499,25,161.711143,-3.02569443037,857.26342581,0.197911,0.224021,-0.405079,-0.371490,0
1066,001066.png,right,ok,tracking,3314,0.531792,3314,3314,25,18.113403,3.05708196753,-200.58849037,0.354428,0.490703,-1.170087,-0.596869,0
1066,001066.png,center,ok,from_left_right,,,25,,,,
1067,001067.png,left,insufficient_row_coverage,tracking,266,0.098266,0,0,0,0.000000,0,0,,,,,1
1067,001067.png,right,ok,tracking,3307,0.531792,3307,3307,25,18.123246,3.05530556589,-200.866353782,0.354428,0.489417,-1.170087,-0.596869,0
1067,001067.png,center,not_published,from_left_right,,,0,,,,
1068,001068.png,left,rejected_side_geometry,tracking,716,0.115607,0,0,0,94.086294,-0.0714404588426,282.430685504,,,,,6
1068,001068.png,right,ok,tracking,3370,0.531792,3370,3370,25,18.145021,3.05138240058,-202.019681604,0.354428,0.487505,-1.170087,-0.596869,0
1068,001068.png,center,not_published,from_left_right,,,0,,,,
1069,001069.png,left,rejected_side_geometry,init,1981,0.121387,0,0,0,167.987812,-4.6997139577,1110.22055305,,,,,6
1069,001069.png,right,ok,tracking,3287,0.537572,3287,3287,25,18.037273,3.07088466006,-206.77962473,0.353578,0.487823,-1.170087,-0.596869,0
1069,001069.png,center,not_published,from_left_right,,,0,,,,
1070,001070.png,left,ok,init,2120,0.127168,2120,2120,25,163.713988,-3.42283502809,859.995069023,0.259446,0.338262,-0.557700,-0.409144,0
1070,001070.png,right,ok,tracking,3239,0.526012,3239,3239,25,18.398197,3.00642669497,-192.015841711,0.358944,0.489104,-1.170087,-0.610363,0
1070,001070.png,center,ok,from_left_right,,,25,,,,
1071,001071.png,left,insufficient_row_coverage,tracking,873,0.086705,0,0,0,0.000000,0,0,,,,,1
1071,001071.png,right,ok,tracking,3408,0.537572,3408,3408,25,18.291314,3.02525910915,-199.01840276,0.354048,0.485906,-1.170087,-0.596869,0
1071,001071.png,center,not_published,from_left_right,,,0,,,,
1072,001072.png,left,insufficient_row_coverage,tracking,882,0.075145,0,0,0,0.000000,0,0,,,,,2
1072,001072.png,right,ok,tracking,3420,0.549133,3420,3420,25,18.296092,3.02441264078,-201.183146428,0.353197,0.484634,-1.170087,-0.596869,0
1072,001072.png,center,not_published,from_left_right,,,0,,,,
1073,001073.png,left,insufficient_row_coverage,tracking,844,0.080925,0,0,0,0.000000,0,0,,,,,3
1073,001073.png,right,ok,tracking,3512,0.554913,3512,3512,25,18.507113,2.98745245915,-196.231787832,0.352347,0.481108,-1.170087,-0.596869,0
1073,001073.png,center,not_published,from_left_right,,,0,,,,
1074,001074.png,left,insufficient_row_coverage,tracking,775,0.075145,0,0,0,0.000000,0,0,,,,,4
1074,001074.png,right,ok,tracking,3432,0.560694,3432,3432,25,18.486848,2.99096643626,-198.899545463,0.352347,0.481445,-1.170087,-0.596869,0
1074,001074.png,center,not_published,from_left_right,,,0,,,,
1075,001075.png,left,insufficient_row_coverage,tracking,826,0.075145,0,0,0,0.000000,0,0,,,,,5
1075,001075.png,right,ok,tracking,3381,0.560694,3381,3381,25,18.523075,2.98468965489,-199.576222395,0.352347,0.481108,-1.170087,-0.596869,0
1075,001075.png,center,not_published,from_left_right,,,0,,,,
1076,001076.png,left,insufficient_row_coverage,tracking,779,0.075145,0,0,0,0.000000,0,0,,,,,6
1076,001076.png,right,ok,tracking,3419,0.560694,3419,3419,25,18.724227,2.95026439075,-194.198101358,0.351964,0.478256,-1.170087,-0.597887,0
1076,001076.png,center,not_published,from_left_right,,,0,,,,
1077,001077.png,left,rejected_side_geometry,init,2126,0.144509,0,0,0,69.245695,0.378952029439,116.838607883,,,,,6
1077,001077.png,right,ok,tracking,3385,0.560694,3385,3385,25,18.791821,2.93885583635,-192.172268862,0.352347,0.477910,-1.170087,-0.597887,0
1077,001077.png,center,not_published,from_left_right,,,0,,,,
1078,001078.png,left,ok,init,2326,0.156069,2326,2326,25,150.679828,-1.78050992891,540.877819367,0.258390,0.337049,-0.556804,-0.408121,0
1078,001078.png,right,ok,tracking,3373,0.566474,3373,3373,25,18.811535,2.93554327057,-192.025479047,0.352347,0.477910,-1.170087,-0.597887,0
1078,001078.png,center,ok,from_left_right,,,25,,,,
1079,001079.png,left,insufficient_row_coverage,tracking,686,0.057803,0,0,0,0.000000,0,0,,,,,1
1079,001079.png,right,ok,tracking,3285,0.566474,3285,3285,25,18.738640,2.9478250116,-193.759210594,0.352816,0.479509,-1.170087,-0.596869,0
1079,001079.png,center,not_published,from_left_right,,,0,,,,
1080,001080.png,left,insufficient_row_coverage,tracking,760,0.080925,0,0,0,0.000000,0,0,,,,,2
1080,001080.png,right,ok,tracking,3317,0.566474,3317,3317,25,18.822438,2.93371418578,-190.36333042,0.353197,0.479509,-1.170087,-0.596869,0
1080,001080.png,center,not_published,from_left_right,,,0,,,,
1081,001081.png,left,insufficient_row_coverage,tracking,766,0.080925,0,0,0,0.000000,0,0,,,,,3
1081,001081.png,right,ok,tracking,3366,0.566474,3366,3366,25,18.974404,2.90843106801,-185.182146747,0.352347,0.477910,-1.170087,-0.597887,0
1081,001081.png,center,not_published,from_left_right,,,0,,,,
1082,001082.png,left,insufficient_row_coverage,tracking,781,0.086705,0,0,0,0.000000,0,0,,,,,4
1082,001082.png,right,ok,tracking,3360,0.572254,3360,3360,25,19.024430,2.9001931634,-182.932282152,0.351496,0.477910,-1.170087,-0.596869,0
1082,001082.png,center,not_published,from_left_right,,,0,,,,
1083,001083.png,left,insufficient_row_coverage,tracking,767,0.080925,0,0,0,0.000000,0,0,,,,,5
1083,001083.png,right,ok,tracking,3341,0.566474,3341,3341,25,18.998450,2.90446606244,-183.212937924,0.352347,0.477910,-1.170087,-0.596869,0
1083,001083.png,center,not_published,from_left_right,,,0,,,,
1084,001084.png,left,insufficient_row_coverage,tracking,784,0.080925,0,0,0,0.000000,0,0,,,,,6
1084,001084.png,right,ok,tracking,3341,0.566474,3341,3341,25,19.042576,2.89721526871,-181.377158077,0.352347,0.477910,-1.170087,-0.596869,0
1084,001084.png,center,not_published,from_left_right,,,0,,,,
1085,001085.png,left,ok,init,2516,0.208092,2516,2516,25,123.769059,-0.668659887057,328.10965843,0.260277,0.338262,-0.557700,-0.409657,0
1085,001085.png,right,ok,tracking,3307,0.560694,3307,3307,25,18.899054,2.92091836994,-185.206063175,0.351496,0.479509,-1.170087,-0.596869,0
1085,001085.png,center,ok,from_left_right,,,25,,,,
1086,001086.png,left,insufficient_row_coverage,tracking,672,0.080925,0,0,0,0.000000,0,0,,,,,1
1086,001086.png,right,ok,tracking,3391,0.566474,3391,3391,25,19.052999,2.89550733422,-179.557775178,0.351496,0.478256,-1.170087,-0.596869,0
1086,001086.png,center,not_published,from_left_right,,,0,,,,
1087,001087.png,left,insufficient_row_coverage,tracking,659,0.069364,0,0,0,0.000000,0,0,,,,,2
1087,001087.png,right,ok,tracking,3411,0.560694,3411,3411,25,19.251781,2.86327421228,-173.482826917,0.352347,0.476661,-1.170087,-0.597887,0
1087,001087.png,center,not_published,from_left_right,,,0,,,,
1088,001088.png,left,ok,tracking,533,0.150289,533,533,25,162.580458,-3.18719391844,895.930547711,0.264738,0.303847,-0.508986,-0.457911,0
1088,001088.png,right,ok,tracking,3388,0.572254,3388,3388,25,19.241851,2.86486917095,-174.103678214,0.351496,0.476311,-1.170087,-0.597887,0
1088,001088.png,center,ok,from_left_right,,,25,,,,
1089,001089.png,left,ok,tracking,1269,0.248555,1269,1269,25,159.093485,-2.617847878,772.000786491,0.261871,0.336253,-0.556804,-0.454175,0
1089,001089.png,right,ok,tracking,3394,0.572254,3394,3394,25,19.280733,2.85863302216,-172.666708266,0.351496,0.476311,-1.170087,-0.597887,0
1089,001089.png,center,ok,from_left_right,,,25,,,,
1090,001090.png,left,ok,tracking,1491,0.271676,1491,1491,25,159.282002,-2.6439111562,775.204471599,0.257812,0.338262,-0.557700,-0.447467,0
1090,001090.png,right,ok,tracking,3335,0.566474,3335,3335,25,19.158179,2.87837197267,-176.381035166,0.351111,0.478256,-1.170087,-0.596869,0
1090,001090.png,center,ok,from_left_right,,,25,,,,
1091,001091.png,left,ok,tracking,1587,0.283237,1587,1587,25,159.965038,-2.7422697202,793.81057096,0.253214,0.338262,-0.557700,-0.440350,0
1091,001091.png,right,ok,tracking,3343,0.572254,3343,3343,25,19.285491,2.85787145699,-171.138779879,0.351496,0.476311,-1.170087,-0.596869,0
1091,001091.png,center,ok,from_left_right,,,25,,,,
1092,001092.png,left,ok,tracking,972,0.242775,972,972,25,163.761021,-3.43330263225,949.31338729,0.248785,0.314559,-0.525404,-0.435144,0
1092,001092.png,right,ok,tracking,3380,0.566474,3380,3380,25,19.283183,2.85824093953,-171.866694271,0.351496,0.476661,-1.170087,-0.597887,0
1092,001092.png,center,ok,from_left_right,,,25,,,,
1093,001093.png,left,ok,tracking,1064,0.260116,1064,1064,25,163.901349,-3.46488753651,954.730386683,0.243964,0.314198,-0.524601,-0.428372,0
1093,001093.png,right,ok,tracking,3367,0.566474,3367,3367,25,19.339903,2.84918905953,-169.738102231,0.351496,0.476661,-1.170087,-0.597887,0
1093,001093.png,center,ok,from_left_right,,,25,,,,
1094,001094.png,left,ok,tracking,1168,0.277457,1168,1168,25,163.948691,-3.47566447754,956.452010984,0.238038,0.312727,-0.522203,-0.419632,0
1094,001094.png,right,ok,tracking,3344,0.566474,3344,3344,25,19.297670,2.85592402032,-170.925094323,0.351496,0.476661,-1.170087,-0.597887,0
1094,001094.png,center,ok,from_left_right,,,25,,,,
1095,001095.png,left,ok,tracking,1319,0.306358,1319,1319,25,164.053964,-3.49985204744,963.046477676,0.231323,0.312727,-0.523000,-0.410172,0
1095,001095.png,right,ok,tracking,3332,0.560694,3332,3332,25,19.240231,2.86512962306,-172.895283429,0.351496,0.477910,-1.170087,-0.597887,0
1095,001095.png,center,ok,from_left_right,,,25,,,,
1096,001096.png,left,ok,tracking,1430,0.335260,1430,1430,25,164.031294,-3.49461694895,961.319392249,0.225434,0.312369,-0.522203,-0.402077,0
1096,001096.png,right,ok,tracking,3319,0.560694,3319,3319,25,19.237247,2.86560920695,-172.361752901,0.351496,0.478256,-1.170087,-0.597887,0
1096,001096.png,center,ok,from_left_right,,,25,,,,
1097,001097.png,left,ok,tracking,1587,0.369942,1587,1587,25,164.058178,-3.50082664778,963.83968816,0.216813,0.311264,-0.521409,-0.390455,0
1097,001097.png,right,ok,tracking,3357,0.566474,3357,3357,25,19.258336,2.86222225393,-172.126031083,0.351496,0.477910,-1.170087,-0.597887,0
1097,001097.png,center,ok,from_left_right,,,25,,,,
1098,001098.png,left,ok,tracking,1763,0.404624,1763,1763,25,164.124790,-3.51630076795,967.224432821,0.208161,0.309108,-0.518252,-0.378073,0
1098,001098.png,right,ok,tracking,3342,0.560694,3342,3342,25,19.167493,2.87686327455,-175.468950666,0.351496,0.479509,-1.170087,-0.597887,0
1098,001098.png,center,ok,from_left_right,,,25,,,,
1099,001099.png,left,ok,tracking,1886,0.445087,1886,1886,25,164.080394,-3.50597345655,964.89169564,0.201782,0.308758,-0.518252,-0.371490,0
1099,001099.png,right,ok,tracking,3287,0.560694,3287,3287,25,19.206043,2.87063388641,-173.578600509,0.351496,0.477910,-1.170087,-0.597887,0
1099,001099.png,center,ok,from_left_right,,,25,,,,
1100,001100.png,left,ok,tracking,1886,0.439306,1886,1886,25,164.078035,-3.50542640383,966.70030974,0.201782,0.307667,-0.516686,-0.371490,0
1100,001100.png,right,ok,tracking,3263,0.560694,3263,3263,25,19.210536,2.86990950101,-174.116816473,0.351496,0.477910,-1.170087,-0.597887,0
1100,001100.png,center,ok,from_left_right,,,25,,,,
1101,001101.png,left,ok,tracking,1874,0.439306,1874,1874,25,164.040804,-3.49681122909,963.930050531,0.201782,0.307320,-0.515907,-0.371490,0
1101,001101.png,right,ok,tracking,3260,0.554913,3260,3260,25,19.194278,2.87253243573,-174.08814811,0.351496,0.479850,-1.170087,-0.597887,0
1101,001101.png,center,ok,from_left_right,,,25,,,,
1102,001102.png,left,ok,tracking,1827,0.439306,1827,1827,25,163.980690,-3.48298378024,962.041432564,0.201229,0.305891,-0.514354,-0.371490,0
1102,001102.png,right,ok,tracking,3262,0.554913,3262,3262,25,19.148400,2.8799573871,-175.197210841,0.351496,0.479850,-1.170087,-0.597887,0
1102,001102.png,center,ok,from_left_right,,,25,,,,
1103,001103.png,left,ok,tracking,1830,0.439306,1830,1830,25,163.994877,-3.48623786202,961.707509095,0.201229,0.305548,-0.512810,-0.371490,0
1103,001103.png,right,ok,tracking,3235,0.560694,3235,3235,25,19.204024,2.87095953311,-173.432206133,0.351496,0.478256,-1.170087,-0.597887,0
1103,001103.png,center,ok,from_left_right,,,25,,,,
1104,001104.png,left,ok,tracking,1821,0.433526,1821,1821,25,164.009344,-3.48956227057,963.445736742,0.201229,0.303790,-0.511274,-0.371490,0
1104,001104.png,right,ok,tracking,3261,0.560694,3261,3261,25,19.337315,2.84960102346,-168.520775712,0.351496,0.478256,-1.170087,-0.597887,0
1104,001104.png,center,ok,from_left_right,,,25,,,,
1105,001105.png,left,ok,tracking,1793,0.427746,1793,1793,25,164.052094,-3.49941954308,967.0676649,0.201229,0.302046,-0.509747,-0.371490,0
1105,001105.png,right,ok,tracking,3305,0.566474,3305,3305,25,19.325230,2.85152583311,-169.471377245,0.351964,0.477910,-1.170087,-0.597887,0
1105,001105.png,center,ok,from_left_right,,,25,,,,
1106,001106.png,left,ok,tracking,1791,0.421965,1791,1791,25,164.125232,-3.51640400119,968.734222768,0.201782,0.301045,-0.507471,-0.371490,0
1106,001106.png,right,ok,tracking,3326,0.572254,3326,3326,25,19.350970,2.84742881532,-168.224247681,0.351496,0.477910,-1.170087,-0.597887,0
1106,001106.png,center,ok,from_left_right,,,25,,,,
1107,001107.png,left,ok,tracking,1756,0.416185,1756,1756,25,164.184680,-3.53032190069,971.441297902,0.201782,0.299327,-0.505214,-0.371490,0
1107,001107.png,right,ok,tracking,3314,0.560694,3314,3314,25,19.469817,2.82864760583,-164.208163229,0.351964,0.477910,-1.170087,-0.597887,0
1107,001107.png,center,ok,from_left_right,,,25,,,,
1108,001108.png,left,ok,tracking,1713,0.410405,1713,1713,25,164.249050,-3.54550748804,975.742961993,0.201782,0.298273,-0.503719,-0.371490,0
1108,001108.png,right,ok,tracking,3386,0.572254,3386,3386,25,19.635389,2.80284688207,-158.897016324,0.351964,0.476311,-1.170087,-0.597887,0
1108,001108.png,center,ok,from_left_right,,,25,,,,
1109,001109.png,left,ok,tracking,1713,0.410405,1713,1713,25,164.042779,-3.49726734945,967.428113847,0.201229,0.297223,-0.502233,-0.371490,0
1109,001109.png,right,ok,tracking,3348,0.572254,3348,3348,25,19.541730,2.81738993108,-162.211358736,0.351964,0.476311,-1.170087,-0.597887,0
1109,001109.png,center,ok,from_left_right,,,25,,,,
1110,001110.png,left,ok,tracking,1699,0.410405,1699,1699,25,164.006050,-3.48880484657,967.554351351,0.200676,0.295210,-0.500754,-0.371490,0
1110,001110.png,right,ok,tracking,3337,0.572254,3337,3337,25,19.607991,2.80708738386,-160.2760531,0.351964,0.475067,-1.170087,-0.597887,0
1110,001110.png,center,ok,from_left_right,,,25,,,,
1111,001111.png,left,ok,tracking,1670,0.398844,1670,1670,25,164.121203,-3.51546440172,970.256609212,0.201782,0.293935,-0.498551,-0.371490,0
1111,001111.png,right,ok,tracking,3297,0.566474,3297,3297,25,19.455844,2.83084430889,-164.413303268,0.351964,0.477910,-1.170087,-0.597887,0
1111,001111.png,center,ok,from_left_right,,,25,,,,
1112,001112.png,left,ok,tracking,1654,0.393064,1654,1654,25,164.200292,-3.53399373018,973.073938651,0.201782,0.292588,-0.495641,-0.371490,0
1112,001112.png,right,ok,tracking,3388,0.572254,3388,3388,25,19.526775,2.8197246001,-161.692600469,0.351964,0.477910,-1.170087,-0.597887,0
1112,001112.png,center,ok,from_left_right,,,25,,,,
1113,001113.png,left,ok,tracking,1607,0.381503,1607,1607,25,164.149604,-3.52209753214,972.250287895,0.201782,0.290225,-0.492761,-0.371490,0
1113,001113.png,right,ok,tracking,3325,0.578035,3325,3325,25,19.565471,2.81369089617,-160.379462256,0.352347,0.476311,-1.170087,-0.597887,0
1113,001113.png,center,ok,from_left_right,,,25,,,,
1114,001114.png,left,ok,tracking,1591,0.387283,1591,1591,25,164.055221,-3.50014273108,966.70063514,0.201229,0.288992,-0.490621,-0.371490,0
1114,001114.png,right,ok,tracking,3317,0.572254,3317,3317,25,19.409272,2.8381877851,-164.939732959,0.352347,0.477910,-1.170087,-0.597887,0
1114,001114.png,center,ok,from_left_right,,,25,,,,
1115,001115.png,left,ok,tracking,1553,0.381503,1553,1553,25,163.903752,-3.46543297471,960.381630069,0.200676,0.285760,-0.487092,-0.371490,0
1115,001115.png,right,ok,tracking,3278,0.566474,3278,3278,25,19.217058,2.8688584614,-170.993032008,0.352347,0.479509,-1.170087,-0.597887,0
1115,001115.png,center,ok,from_left_right,,,25,,,,
1116,001116.png,left,ok,tracking,1518,0.375723,1518,1518,25,163.893754,-3.463164354,960.364139164,0.200676,0.283867,-0.484301,-0.371490,0
1116,001116.png,right,ok,tracking,3295,0.566474,3295,3295,25,19.253505,2.86299747731,-169.491465492,0.352347,0.479509,-1.170087,-0.597887,0
1116,001116.png,center,ok,from_left_right,,,25,,,,
1117,001117.png,left,ok,tracking,1475,0.364162,1475,1475,25,163.888108,-3.46188431442,960.512168796,0.200676,0.280427,-0.479487,-0.371490,0
1117,001117.png,right,ok,tracking,3247,0.560694,3247,3247,25,19.179794,2.87487283103,-171.318169842,0.352347,0.481108,-1.170087,-0.597887,0
1117,001117.png,center,ok,from_left_right,,,25,,,,
1118,001118.png,left,ok,tracking,1433,0.352601,1433,1433,25,163.939971,-3.47367469942,963.704316066,0.200676,0.277614,-0.476101,-0.371490,0
1118,001118.png,right,ok,tracking,3319,0.566474,3319,3319,25,19.386106,2.84185326294,-164.349308194,0.352816,0.479509,-1.170087,-0.597887,0
1118,001118.png,center,ok,from_left_right,,,25,,,,
1119,001119.png,left,ok,tracking,1425,0.346821,1425,1425,25,163.831040,-3.44899564171,957.814567304,0.200676,0.276080,-0.473423,-0.371490,0
1119,001119.png,right,ok,tracking,3233,0.560694,3233,3233,25,19.384204,2.84215461525,-163.341309054,0.352816,0.479850,-1.170087,-0.597887,0
1119,001119.png,center,ok,from_left_right,,,25,,,,
1120,001120.png,left,ok,tracking,1362,0.335260,1362,1362,25,163.935744,-3.47271091483,963.932833639,0.200676,0.273048,-0.470114,-0.371490,0
1120,001120.png,right,ok,tracking,3362,0.566474,3362,3362,25,19.370981,2.84425108295,-164.730600977,0.353197,0.479509,-1.170087,-0.597887,0
1120,001120.png,center,ok,from_left_right,,,25,,,,
1121,001121.png,left,ok,tracking,1311,0.323699,1311,1311,25,163.861328,-3.45582506954,960.373392079,0.200676,0.269793,-0.464905,-0.371490,0
1121,001121.png,right,ok,tracking,3352,0.566474,3352,3352,25,19.329242,2.85088659652,-166.342377803,0.352816,0.478256,-1.170087,-0.597887,0
1121,001121.png,center,ok,from_left_right,,,25,,,,
1122,001122.png,left,ok,tracking,1237,0.312139,1237,1237,25,163.739676,-3.42854498246,954.143650426,0.200123,0.265145,-0.459168,-0.371490,0
1122,001122.png,right,ok,tracking,3273,0.554913,3273,3273,25,19.233926,2.86614327109,-169.312853348,0.352816,0.479509,-1.170087,-0.597887,0
1122,001122.png,center,ok,from_left_right,,,25,,,,
1123,001123.png,left,ok,tracking,1178,0.300578,1178,1178,25,163.747771,-3.43034783396,955.35812388,0.200123,0.262025,-0.455414,-0.371490,0
1123,001123.png,right,ok,tracking,3332,0.554913,3332,3332,25,19.227739,2.86713869613,-170.070050977,0.352816,0.479850,-1.170087,-0.597887,0
1123,001123.png,center,ok,from_left_right,,,25,,,,
1124,001124.png,left,ok,tracking,1091,0.277457,1091,1091,25,163.626469,-3.40351273898,948.376836596,0.200123,0.256914,-0.448070,-0.371490,0
1124,001124.png,right,ok,tracking,3255,0.560694,3255,3255,25,19.191473,2.87298546811,-170.59631644,0.352347,0.479850,-1.170087,-0.597887,0
1124,001124.png,center,ok,from_left_right,,,25,,,,
1125,001125.png,left,ok,tracking,1023,0.260116,1023,1023,25,163.534328,-3.38338600479,944.053233403,0.200123,0.252806,-0.442110,-0.371490,0
1125,001125.png,right,ok,tracking,3364,0.554913,3364,3364,25,19.071500,2.89247997126,-175.276777281,0.352816,0.479850,-1.170087,-0.597887,0
1125,001125.png,center,ok,from_left_right,,,25,,,,
1126,001126.png,left,ok,tracking,934,0.242775,934,934,25,163.526493,-3.38168460081,943.161709265,0.200123,0.247873,-0.435144,-0.371490,0
1126,001126.png,right,ok,tracking,3327,0.554913,3327,3327,25,18.999586,2.90427908473,-177.336765936,0.352347,0.481108,-1.170087,-0.597887,0
1126,001126.png,center,ok,from_left_right,,,25,,,,
1127,001127.png,left,ok,tracking,829,0.225434,829,829,25,163.406846,-3.35589787793,935.377801488,0.200123,0.242871,-0.428372,-0.371490,0
1127,001127.png,right,ok,tracking,3396,0.554913,3396,3396,25,18.969779,2.9091947764,-178.901259124,0.352347,0.479850,-1.170087,-0.597887,0
1127,001127.png,center,ok,from_left_right,,,25,,,,
1128,001128.png,left,ok,tracking,713,0.196532,713,713,25,163.047460,-3.28056908797,913.926427786,0.200123,0.237005,-0.419632,-0.371490,0
1128,001128.png,right,ok,tracking,3309,0.549133,3309,3309,25,18.604735,2.97062773934,-191.103864218,0.352347,0.482707,-1.170087,-0.596869,0
1128,001128.png,center,ok,from_left_right,,,25,,,,
1129,001129.png,left,ok,tracking,587,0.173410,587,587,25,162.292317,-3.13196403197,874.262004135,0.200123,0.230732,-0.410687,-0.371490,0
1129,001129.png,right,ok,tracking,3342,0.549133,3342,3342,25,18.544744,2.98094665478,-193.199364109,0.352347,0.482707,-1.170087,-0.596869,0
1129,001129.png,center,ok,from_left_right,,,25,,,,
1130,001130.png,left,ok,tracking,502,0.150289,502,502,25,161.991730,-3.07617275648,861.894534762,0.199570,0.226188,-0.406089,-0.371490,0
1130,001130.png,right,ok,tracking,3383,0.543353,3383,3383,25,18.495808,2.98941176805,-195.31244393,0.352347,0.483039,-1.170087,-0.597887,0
1130,001130.png,center,ok,from_left_right,,,25,,,,
1131,001131.png,left,insufficient_row_coverage,tracking,246,0.092486,0,0,0,0.000000,0,0,,,,,1
1131,001131.png,right,ok,tracking,3412,0.543353,3412,3412,25,18.553047,2.97951460408,-193.805856809,0.351964,0.482707,-1.170087,-0.597887,0
1131,001131.png,center,not_published,from_left_right,,,0,,,,
1132,001132.png,left,ok,tracking,1354,0.115607,1354,1354,25,161.313654,-2.95669270355,839.064279052,0.283464,0.338262,-0.557700,-0.466197,0
1132,001132.png,right,ok,tracking,3581,0.549133,3581,3581,25,18.980458,2.90743185024,-176.966225211,0.351964,0.481445,-1.170087,-0.597887,0
1132,001132.png,center,ok,from_left_right,,,25,,,,
1133,001133.png,left,ok,tracking,1384,0.127168,1384,1384,25,161.794392,-3.04051431411,855.397466289,0.282218,0.338262,-0.557700,-0.464905,0
1133,001133.png,right,ok,tracking,3531,0.554913,3531,3531,25,19.099865,2.88784969807,-171.862122325,0.352816,0.481108,-1.170087,-0.597887,0
1133,001133.png,center,ok,from_left_right,,,25,,,,
1134,001134.png,left,ok,tracking,1446,0.121387,1446,1446,25,162.787955,-3.22807552012,892.108178709,0.280415,0.338262,-0.557700,-0.462340,0
1134,001134.png,right,ok,tracking,3385,0.554913,3385,3385,25,18.673321,2.95890881956,-188.213626363,0.353197,0.482707,-1.170087,-0.596869,0
1134,001134.png,center,ok,from_left_right,,,25,,,,
1135,001135.png,left,ok,tracking,1460,0.127168,1460,1460,25,162.815749,-3.2336241946,893.883262491,0.278078,0.336253,-0.556804,-0.458539,0
1135,001135.png,right,ok,tracking,3383,0.543353,3383,3383,25,18.624260,2.96728318387,-191.719305022,0.352347,0.481108,-1.170087,-0.597887,0
1135,001135.png,center,ok,from_left_right,,,25,,,,
1136,001136.png,left,ok,tracking,1438,0.115607,1438,1438,25,164.012230,-3.49022596506,944.828851435,0.276590,0.335457,-0.556804,-0.456660,0
1136,001136.png,right,ok,tracking,3360,0.537572,3360,3360,25,18.419985,3.0026137663,-200.140090155,0.351964,0.482707,-1.170087,-0.597887,0
1136,001136.png,center,ok,from_left_right,,,25,,,,
1137,001137.png,left,ok,tracking,1481,0.138728,1481,1481,25,164.656039,-3.64439579236,974.197546548,0.276863,0.339059,-0.557700,-0.457284,0
1137,001137.png,right,ok,tracking,3313,0.537572,3313,3313,25,18.256155,3.03150048443,-205.555876057,0.351496,0.484307,-1.170087,-0.597887,0
1137,001137.png,center,ok,from_left_right,,,25,,,,
1138,001138.png,left,ok,tracking,1531,0.127168,1531,1531,25,165.683649,-3.91848370658,1028.71189251,0.273240,0.336253,-0.556804,-0.450494,0
1138,001138.png,right,ok,tracking,1935,0.456647,1935,1935,25,16.974151,3.276138255,-273.847585014,0.354795,0.482707,-1.170087,-0.625539,0
1138,001138.png,center,ok,from_left_right,,,25,,,,
1139,001139.png,left,insufficient_row_coverage,tracking,815,0.092486,0,0,0,0.000000,0,0,,,,,1
1139,001139.png,right,rejected_lane_spacing,tracking,2003,0.450867,0,0,0,16.389025,3.40011299623,-304.049675762,,,,,6
1139,001139.png,center,not_published,from_left_right,,,0,,,,
1140,001140.png,left,ok,tracking,897,0.104046,897,897,25,167.456520,-4.49456440111,1141.22499168,0.285396,0.339059,-0.557700,-0.467496,0
1140,001140.png,right,rejected_side_geometry,init,2158,0.306358,0,0,0,10.156343,5.58216758675,-712.389852374,,,,,6
1140,001140.png,center,not_published,from_left_right,,,0,,,,
1141,001141.png,left,insufficient_row_coverage,tracking,848,0.092486,0,0,0,0.000000,0,0,,,,,1
1141,001141.png,right,insufficient_row_coverage,init,427,0.040462,0,0,0,0.000000,0,0,,,,,7
1141,001141.png,center,not_published,from_left_right,,,0,,,,
1142,001142.png,left,rejected_side_geometry,tracking,923,0.104046,0,0,0,167.486870,-4.50582193186,1143.38633161,,,,,6
1142,001142.png,right,rejected_side_geometry,init,2172,0.294798,0,0,0,9.844443,5.76272820295,-746.607954563,,,,,6
1142,001142.png,center,not_published,from_left_right,,,0,,,,
1143,001143.png,left,ok,init,3439,0.161850,3439,3439,25,163.130495,-3.29769664706,868.230705971,0.251181,0.339059,-0.557700,-0.402575,0
1143,001143.png,right,rejected_side_geometry,init,2207,0.306358,0,0,0,9.902481,5.72827733991,-739.203225025,,,,,6
1143,001143.png,center,not_published,from_left_right,,,0,,,,
1144,001144.png,left,insufficient_row_coverage,tracking,203,0.040462,0,0,0,0.000000,0,0,,,,,1
1144,001144.png,right,rejected_side_geometry,init,2254,0.300578,0,0,0,9.781490,5.80055456871,-751.639112926,,,,,6
1144,001144.png,center,not_published,from_left_right,,,0,,,,
1145,001145.png,left,insufficient_row_coverage,tracking,897,0.098266,0,0,0,0.000000,0,0,,,,,2
1145,001145.png,right,rejected_side_geometry,init,2289,0.306358,0,0,0,9.827305,5.77297854345,-752.21742555,,,,,6
1145,001145.png,center,not_published,from_left_right,,,0,,,,
1146,001146.png,left,ok,tracking,926,0.104046,926,926,25,147.065465,-1.54372359017,508.285173698,0.271137,0.313837,-0.523000,-0.439766,0
1146,001146.png,right,rejected_side_geometry,init,2294,0.306358,0,0,0,9.862633,5.75188736308,-755.055273385,,,,,6
1146,001146.png,center,not_published,from_left_right,,,0,,,,
1147,001147.png,left,ok,tracking,948,0.104046,948,948,25,144.359815,-1.39471753065,473.789260868,0.271911,0.310285,-0.515129,-0.441522,0
1147,001147.png,right,rejected_side_geometry,init,2293,0.300578,0,0,0,9.762943,5.81179094094,-766.2391346,,,,,6
1147,001147.png,center,not_published,from_left_right,,,0,,,,
1148,001148.png,left,ok,tracking,969,0.104046,969,969,25,140.217695,-1.20099128338,431.33845481,0.269983,0.307465,-0.510509,-0.438602,0
1148,001148.png,right,rejected_side_geometry,init,3360,0.300578,0,0,0,12.359484,4.56364567411,-483.232365084,,,,,6
1148,001148.png,center,not_published,from_left_right,,,0,,,,
1149,001149.png,left,insufficient_row_coverage,tracking,981,0.098266,0,0,0,0.000000,0,0,,,,,1
1149,001149.png,right,rejected_side_geometry,init,2368,0.300578,0,0,0,9.589747,5.91879611356,-789.478082775,,,,,6
1149,001149.png,center,not_published,from_left_right,,,0,,,,
1150,001150.png,left,ok,tracking,957,0.104046,957,957,25,143.191048,-1.33629227089,454.64525068,0.269474,0.305029,-0.506717,-0.437444,0
1150,001150.png,right,rejected_side_geometry,init,2401,0.300578,0,0,0,9.513382,5.96720219244,-800.482642508,,,,,6
1150,001150.png,center,not_published,from_left_right,,,0,,,,
1151,001151.png,left,ok,tracking,1024,0.104046,1024,1024,25,151.368870,-1.83176102641,551.930513054,0.267077,0.303684,-0.503719,-0.433433,0
1151,001151.png,right,rejected_side_geometry,init,2453,0.300578,0,0,0,9.495219,5.9788290623,-806.876304748,,,,,6
1151,001151.png,center,not_published,from_left_right,,,0,,,,
1152,001152.png,left,ok,tracking,994,0.109827,994,994,25,151.757235,-1.86165426114,554.037760131,0.265594,0.301979,-0.501493,-0.430048,0
1152,001152.png,right,rejected_side_geometry,init,2517,0.289017,0,0,0,9.300619,6.1062226558,-830.993049031,,,,,6
1152,001152.png,center,not_published,from_left_right,,,0,,,,
1153,001153.png,left,ok,tracking,1019,0.109827,1019,1019,25,153.954284,-2.04615857594,587.681653879,0.264616,0.301659,-0.498551,-0.427817,0
1153,001153.png,right,rejected_side_geometry,init,3624,0.294798,0,0,0,12.473795,4.52049163955,-472.928769701,,,,,6
1153,001153.png,center,not_published,from_left_right,,,0,,,,
1154,001154.png,left,ok,tracking,1049,0.115607,1049,1049,25,156.219594,-2.26940511343,631.076782886,0.262067,0.301340,-0.495641,-0.423416,0
1154,001154.png,right,rejected_side_geometry,init,2616,0.277457,0,0,0,8.929919,6.36412267771,-877.127491886,,,,,6
1154,001154.png,center,not_published,from_left_right,,,0,,,,
1155,001155.png,left,ok,tracking,1101,0.109827,1101,1101,25,156.457851,-2.29522374746,634.003801995,0.261355,0.300641,-0.493478,-0.421787,0
1155,001155.png,right,rejected_side_geometry,init,2706,0.277457,0,0,0,8.927366,6.36597211655,-880.544546405,,,,,6
1155,001155.png,center,not_published,from_left_right,,,0,,,,
1156,001156.png,left,ok,tracking,1092,0.109827,1092,1092,25,154.641639,-2.10995117245,594.276238358,0.261974,0.300324,-0.491332,-0.421787,0
1156,001156.png,right,ok,init,3863,0.294798,3863,3863,25,12.652726,4.45448390896,-461.253248382,0.341388,0.503625,-1.070500,-0.597887,0
1156,001156.png,center,ok,from_left_right,,,25,,,,
1157,001157.png,left,ok,tracking,1115,0.109827,1115,1115,25,152.713147,-1.93855579179,556.916589665,0.261737,0.300704,-0.489911,-0.421246,0
1157,001157.png,right,rejected_side_geometry,tracking,2096,0.283237,0,0,0,9.915743,5.72046118874,-732.305389309,,,,,6
1157,001157.png,center,not_published,from_left_right,,,0,,,,
1158,001158.png,left,ok,tracking,1165,0.115607,1165,1165,25,153.401677,-1.99709984986,566.921644693,0.260180,0.300387,-0.487092,-0.419096,0
1158,001158.png,right,rejected_side_geometry,init,2791,0.277457,0,0,0,9.010637,6.30617431103,-869.152314571,,,,,6
1158,001158.png,center,not_published,from_left_right,,,0,,,,
1159,001159.png,left,ok,tracking,1178,0.127168,1178,1178,25,156.254838,-2.2731935942,620.481734403,0.258406,0.300451,-0.484996,-0.416435,0
1159,001159.png,right,rejected_side_geometry,init,2816,0.271676,0,0,0,9.040063,6.2853044132,-862.462839676,,,,,6
1159,001159.png,center,not_published,from_left_right,,,0,,,,
1160,001160.png,left,ok,tracking,1225,0.127168,1225,1225,25,155.612449,-2.20576152764,604.49989354,0.257488,0.300136,-0.482917,-0.414329,0
1160,001160.png,right,rejected_side_geometry,init,2891,0.277457,0,0,0,9.095655,6.24624172813,-857.164095598,,,,,6
1160,001160.png,center,not_published,from_left_right,,,0,,,,
1161,001161.png,left,ok,tracking,1211,0.132948,1211,1211,25,155.684992,-2.21320860298,603.010145135,0.257032,0.299821,-0.480169,-0.413283,0
1161,001161.png,right,rejected_side_geometry,init,2888,0.277457,0,0,0,9.194291,6.1780866348,-843.784321508,,,,,6
1161,001161.png,center,not_published,from_left_right,,,0,,,,
1162,001162.png,left,ok,tracking,1269,0.127168,1269,1269,25,154.835836,-2.12856286257,583.220221182,0.256353,0.298816,-0.478127,-0.411722,0
1162,001162.png,right,rejected_side_geometry,init,3000,0.271676,0,0,0,9.259071,6.1341087027,-833.777407537,,,,,6
1162,001162.png,center,not_published,from_left_right,,,0,,,,
1163,001163.png,left,ok,tracking,1280,0.138728,1280,1280,25,155.562545,-2.20066264819,594.700248848,0.254628,0.298572,-0.476775,-0.409144,0
1163,001163.png,right,rejected_side_geometry,init,3129,0.271676,0,0,0,9.384745,6.05050775821,-818.62627756,,,,,6
1163,001163.png,center,not_published,from_left_right,,,0,,,,
1164,001164.png,left,ok,tracking,1319,0.138728,1319,1319,25,156.829894,-2.33654093604,620.540820851,0.253741,0.297952,-0.476101,-0.407103,0
1164,001164.png,right,rejected_side_geometry,init,3207,0.271676,0,0,0,9.566246,5.93361140093,-795.71095839,,,,,6
1164,001164.png,center,not_published,from_left_right,,,0,,,,
1165,001165.png,left,ok,tracking,1336,0.144509,1336,1336,25,156.135245,-2.26038111907,602.685217879,0.253081,0.297952,-0.475429,-0.405583,0
1165,001165.png,right,rejected_side_geometry,init,3236,0.271676,0,0,0,9.713506,5.84194894114,-778.450282647,,,,,6
1165,001165.png,center,not_published,from_left_right,,,0,,,,
1166,001166.png,left,ok,tracking,1372,0.156069,1372,1372,25,157.374278,-2.39930910475,628.23682782,0.251614,0.297952,-0.474759,-0.403573,0
1166,001166.png,right,rejected_side_geometry,init,3349,0.277457,0,0,0,10.192722,5.56181995131,-725.863552707,,,,,6
1166,001166.png,center,not_published,from_left_right,,,0,,,,
1167,001167.png,left,ok,tracking,1423,0.161850,1423,1423,25,158.528694,-2.54238103105,655.587179578,0.249353,0.296721,-0.473423,-0.401085,0
1167,001167.png,right,rejected_side_geometry,init,3372,0.265896,0,0,0,10.576167,5.35577293416,-683.410470293,,,,,6
1167,001167.png,center,not_published,from_left_right,,,0,,,,
1168,001168.png,left,ok,tracking,1471,0.161850,1471,1471,25,159.236348,-2.63755789281,673.972864058,0.246529,0.296343,-0.472758,-0.398624,0
1168,001168.png,right,rejected_side_geometry,init,3430,0.260116,0,0,0,11.099828,5.09712341275,-629.556539409,,,,,6
1168,001168.png,center,not_published,from_left_right,,,0,,,,
1169,001169.png,left,ok,tracking,1458,0.173410,1458,1458,25,158.398520,-2.52552107264,648.58927269,0.246529,0.296415,-0.472094,-0.398624,0
1169,001169.png,right,insufficient_row_coverage,init,529,0.069364,0,0,0,0.000000,0,0,,,,,7
1169,001169.png,center,not_published,from_left_right,,,0,,,,
1170,001170.png,left,ok,tracking,1460,0.173410,1460,1460,25,158.841302,-2.58367649845,659.613334191,0.244938,0.295428,-0.470772,-0.397648,0
1170,001170.png,right,ok,init,4038,0.277457,4038,4038,25,18.182536,3.04464460853,-193.684640245,0.331151,0.502203,-1.055461,-0.597887,0
1170,001170.png,center,ok,from_left_right,,,25,,,,
1171,001171.png,left,ok,tracking,1454,0.190751,1454,1454,25,156.872967,-2.34140544225,609.512224098,0.243940,0.295200,-0.470114,-0.396675,0
1171,001171.png,right,ok,tracking,2419,0.213873,2419,2419,25,19.185992,2.87387097536,-158.995644,0.356323,0.455561,-0.906523,-0.601993,0
1171,001171.png,center,ok,from_left_right,,,25,,,,
1172,001172.png,left,rejected_side_geometry,tracking,809,0.138728,0,0,0,170.323244,-5.86456551526,1319.63312016,,,,,6
1172,001172.png,right,ok,tracking,2168,0.202312,2168,2168,25,17.580556,3.15611512142,-221.439269526,0.357280,0.447477,-0.878482,-0.604066,0
1172,001172.png,center,not_published,from_left_right,,,0,,,,
1173,001173.png,left,insufficient_row_coverage,init,42,0.034682,0,0,0,0.000000,0,0,,,,,7
1173,001173.png,right,ok,tracking,2228,0.219653,2228,2228,25,18.624219,2.96729013955,-186.548460872,0.354428,0.445177,-0.870182,-0.597887,0
1173,001173.png,center,not_published,from_left_right,,,0,,,,
1174,001174.png,left,insufficient_row_coverage,init,82,0.034682,0,0,0,0.000000,0,0,,,,,8
1174,001174.png,right,ok,tracking,2532,0.242775,2532,2532,25,21.815880,2.49817005943,-89.5132955008,0.353578,0.433111,-0.830809,-0.597887,0
1174,001174.png,center,not_published,from_left_right,,,0,,,,
1175,001175.png,left,insufficient_row_coverage,init,48,0.034682,0,0,0,0.000000,0,0,,,,,9
1175,001175.png,right,ok,tracking,2771,0.265896,2771,2771,25,23.807981,2.26644840547,-41.0624784802,0.356323,0.429905,-0.844201,-0.601993,0
1175,001175.png,center,not_published,from_left_right,,,0,,,,
1176,001176.png,left,insufficient_row_coverage,init,52,0.034682,0,0,0,0.000000,0,0,,,,,10
1176,001176.png,right,ok,tracking,2700,0.254335,2700,2700,25,20.922299,2.61568602727,-115.754036868,0.358077,0.448503,-0.920044,-0.608251,0
1176,001176.png,center,not_published,from_left_right,,,0,,,,
1177,001177.png,left,insufficient_row_coverage,init,67,0.034682,0,0,0,0.000000,0,0,,,,,11
1177,001177.png,right,ok,tracking,2704,0.271676,2704,2704,25,20.486146,2.67659427674,-129.755856015,0.354899,0.439639,-0.889071,-0.598909,0
1177,001177.png,center,not_published,from_left_right,,,0,,,,
1178,001178.png,left,insufficient_row_coverage,init,66,0.034682,0,0,0,0.000000,0,0,,,,,12
1178,001178.png,right,ok,tracking,2840,0.289017,2840,2840,25,20.026746,2.74349201044,-144.301054744,0.354048,0.439284,-0.902100,-0.597887,0
1178,001178.png,center,not_published,from_left_right,,,0,,,,
1179,001179.png,left,insufficient_row_coverage,init,63,0.034682,0,0,0,0.000000,0,0,,,,,13
1179,001179.png,right,ok,tracking,2933,0.306358,2933,2933,25,19.419939,2.83650284774,-161.983418552,0.353197,0.449087,-0.929272,-0.597887,0
1179,001179.png,center,not_published,from_left_right,,,0,,,,
1180,001180.png,left,insufficient_row_coverage,init,69,0.034682,0,0,0,0.000000,0,0,,,,,14
1180,001180.png,right,ok,tracking,3020,0.341040,3020,3020,25,18.782410,2.94043942644,-181.009386413,0.353197,0.460280,-0.988550,-0.597887,0
1180,001180.png,center,not_published,from_left_right,,,0,,,,
1181,001181.png,left,insufficient_row_coverage,init,82,0.040462,0,0,0,0.000000,0,0,,,,,15
1181,001181.png,right,ok,tracking,3382,0.364162,3382,3382,25,17.581603,3.15591496547,-225.387079461,0.353578,0.500805,-1.108319,-0.597887,0
1181,001181.png,center,not_published,from_left_right,,,0,,,,
1182,001182.png,left,insufficient_row_coverage,init,94,0.040462,0,0,0,0.000000,0,0,,,,,16
1182,001182.png,right,ok,tracking,3399,0.387283,3399,3399,25,17.543656,3.16318883371,-222.208482732,0.352816,0.507935,-1.131583,-0.597887,0
1182,001182.png,center,not_published,from_left_right,,,0,,,,
1183,001183.png,left,insufficient_row_coverage,init,107,0.040462,0,0,0,0.000000,0,0,,,,,17
1183,001183.png,right,ok,tracking,3535,0.433526,3535,3535,25,17.448991,3.18146828846,-222.859364605,0.354048,0.510146,-1.170087,-0.597887,0
1183,001183.png,center,not_published,from_left_right,,,0,,,,
1184,001184.png,left,insufficient_row_coverage,init,101,0.040462,0,0,0,0.000000,0,0,,,,,18
1184,001184.png,right,ok,tracking,2829,0.410405,2829,2829,25,14.024057,4.00361898225,-392.908904975,0.354899,0.510146,-1.170087,-0.598909,0
1184,001184.png,center,not_published,from_left_right,,,0,,,,
1185,001185.png,left,insufficient_row_coverage,init,86,0.040462,0,0,0,0.000000,0,0,,,,,19
1185,001185.png,right,ok,tracking,2993,0.410405,2993,2993,25,13.807893,4.06885090061,-406.627738677,0.352347,0.510146,-1.170087,-0.597887,0
1185,001185.png,center,not_published,from_left_right,,,0,,,,
1186,001186.png,left,insufficient_row_coverage,init,87,0.040462,0,0,0,0.000000,0,0,,,,,20
1186,001186.png,right,ok,tracking,2993,0.404624,2993,2993,25,13.713579,4.09794379224,-412.4358891,0.351964,0.510146,-1.170087,-0.597887,0
1186,001186.png,center,not_published,from_left_right,,,0,,,,
1187,001187.png,left,insufficient_row_coverage,init,89,0.034682,0,0,0,0.000000,0,0,,,,,21
1187,001187.png,right,ok,tracking,3103,0.404624,3103,3103,25,13.747036,4.0875784971,-411.008530054,0.351496,0.510146,-1.170087,-0.597887,0
1187,001187.png,center,not_published,from_left_right,,,0,,,,
1188,001188.png,left,insufficient_row_coverage,init,84,0.034682,0,0,0,0.000000,0,0,,,,,22
1188,001188.png,right,ok,tracking,3062,0.398844,3062,3062,25,13.622654,4.12636546531,-419.917371356,0.351496,0.510146,-1.170087,-0.597887,0
1188,001188.png,center,not_published,from_left_right,,,0,,,,
1189,001189.png,left,insufficient_row_coverage,init,90,0.034682,0,0,0,0.000000,0,0,,,,,23
1189,001189.png,right,ok,tracking,3013,0.398844,3013,3013,25,13.543619,4.15137432367,-425.338073887,0.351496,0.510146,-1.170087,-0.597887,0
1189,001189.png,center,not_published,from_left_right,,,0,,,,
1190,001190.png,left,insufficient_row_coverage,init,102,0.040462,0,0,0,0.000000,0,0,,,,,24
1190,001190.png,right,ok,tracking,2994,0.393064,2994,2994,25,13.435631,4.18601161107,-433.382754062,0.351496,0.510146,-1.170087,-0.597887,0
1190,001190.png,center,not_published,from_left_right,,,0,,,,
1191,001191.png,left,insufficient_row_coverage,init,94,0.040462,0,0,0,0.000000,0,0,,,,,25
1191,001191.png,right,ok,tracking,3043,0.398844,3043,3043,25,13.418484,4.19156193143,-435.583042937,0.351111,0.510146,-1.170087,-0.597887,0
1191,001191.png,center,not_published,from_left_right,,,0,,,,
1192,001192.png,left,insufficient_row_coverage,init,92,0.040462,0,0,0,0.000000,0,0,,,,,26
1192,001192.png,right,ok,tracking,3002,0.393064,3002,3002,25,13.319161,4.22398766414,-442.964805439,0.351111,0.510146,-1.170087,-0.597887,0
1192,001192.png,center,not_published,from_left_right,,,0,,,,
1193,001193.png,left,insufficient_row_coverage,init,84,0.034682,0,0,0,0.000000,0,0,,,,,27
1193,001193.png,right,ok,tracking,3004,0.393064,3004,3004,25,13.257628,4.24431522721,-447.730971632,0.350726,0.510146,-1.170087,-0.597887,0
1193,001193.png,center,not_published,from_left_right,,,0,,,,
1194,001194.png,left,insufficient_row_coverage,init,96,0.040462,0,0,0,0.000000,0,0,,,,,28
1194,001194.png,right,ok,tracking,2948,0.387283,2948,2948,25,13.053474,4.31310661246,-461.157128488,0.350259,0.510146,-1.166484,-0.597887,0
1194,001194.png,center,not_published,from_left_right,,,0,,,,
1195,001195.png,left,insufficient_row_coverage,init,85,0.040462,0,0,0,0.000000,0,0,,,,,29
1195,001195.png,right,ok,tracking,2914,0.387283,2914,2914,25,12.981304,4.33793321973,-466.322703294,0.350259,0.510146,-1.166484,-0.597887,0
1195,001195.png,center,not_published,from_left_right,,,0,,,,
1196,001196.png,left,insufficient_row_coverage,init,95,0.040462,0,0,0,0.000000,0,0,,,,,30
1196,001196.png,right,ok,tracking,3073,0.393064,3073,3073,25,13.277131,4.23785238106,-445.826407986,0.350259,0.510146,-1.170087,-0.598909,0
1196,001196.png,center,not_published,from_left_right,,,0,,,,
1197,001197.png,left,insufficient_row_coverage,init,87,0.034682,0,0,0,0.000000,0,0,,,,,31
1197,001197.png,right,ok,tracking,2936,0.393064,2936,2936,25,13.149017,4.28065143134,-454.734047731,0.350726,0.510146,-1.170087,-0.597887,0
1197,001197.png,center,not_published,from_left_right,,,0,,,,
1198,001198.png,left,insufficient_row_coverage,init,86,0.034682,0,0,0,0.000000,0,0,,,,,32
1198,001198.png,right,ok,tracking,2898,0.387283,2898,2898,25,13.088590,4.30112375274,-459.487995002,0.350259,0.510146,-1.166484,-0.597887,0
1198,001198.png,center,not_published,from_left_right,,,0,,,,
1199,001199.png,left,insufficient_row_coverage,init,89,0.034682,0,0,0,0.000000,0,0,,,,,33
1199,001199.png,right,ok,tracking,2948,0.393064,2948,2948,25,13.157694,4.27772680051,-455.214104968,0.350259,0.510146,-1.170087,-0.597887,0
1199,001199.png,center,not_published,from_left_right,,,0,,,,
1200,001200.png,left,insufficient_row_coverage,init,105,0.040462,0,0,0,0.000000,0,0,,,,,34
1200,001200.png,right,ok,tracking,2990,0.393064,2990,2990,25,13.234750,4.25192034818,-450.547107818,0.350259,0.510146,-1.170087,-0.598909,0
1200,001200.png,center,not_published,from_left_right,,,0,,,,
1201,001201.png,left,insufficient_row_coverage,init,101,0.046243,0,0,0,0.000000,0,0,,,,,35
1201,001201.png,right,ok,tracking,3070,0.393064,3070,3070,25,13.329820,4.22048499845,-445.686298637,0.350259,0.510146,-1.170087,-0.598909,0
1201,001201.png,center,not_published,from_left_right,,,0,,,,
1202,001202.png,left,insufficient_row_coverage,init,115,0.040462,0,0,0,0.000000,0,0,,,,,36
1202,001202.png,right,ok,tracking,3012,0.387283,3012,3012,25,13.290416,4.23346058829,-449.636655801,0.349872,0.510146,-1.170087,-0.598909,0
1202,001202.png,center,not_published,from_left_right,,,0,,,,
1203,001203.png,left,insufficient_row_coverage,init,114,0.040462,0,0,0,0.000000,0,0,,,,,37
1203,001203.png,right,ok,tracking,3086,0.393064,3086,3086,25,13.298068,4.23093506056,-450.277900108,0.349407,0.510146,-1.170087,-0.598909,0
1203,001203.png,center,not_published,from_left_right,,,0,,,,
1204,001204.png,left,insufficient_row_coverage,init,121,0.046243,0,0,0,0.000000,0,0,,,,,38
1204,001204.png,right,ok,tracking,3055,0.387283,3055,3055,25,13.197102,4.26449190704,-458.58662583,0.349407,0.510146,-1.170087,-0.598909,0
1204,001204.png,center,not_published,from_left_right,,,0,,,,
1205,001205.png,left,insufficient_row_coverage,init,123,0.040462,0,0,0,0.000000,0,0,,,,,39
1205,001205.png,right,ok,tracking,3104,0.387283,3104,3104,25,13.245589,4.24831418092,-456.593786838,0.349019,0.510146,-1.170087,-0.598909,0
1205,001205.png,center,not_published,from_left_right,,,0,,,,
1206,001206.png,left,insufficient_row_coverage,init,125,0.040462,0,0,0,0.000000,0,0,,,,,40
1206,001206.png,right,ok,tracking,3133,0.387283,3133,3133,25,13.312354,4.22622726274,-453.621432798,0.348555,0.510146,-1.170087,-0.598909,0
1206,001206.png,center,not_published,from_left_right,,,0,,,,
1207,001207.png,left,insufficient_row_coverage,init,119,0.046243,0,0,0,0.000000,0,0,,,,,41
1207,001207.png,right,ok,tracking,3053,0.393064,3053,3053,25,13.309532,4.22715633733,-454.457916365,0.348555,0.510146,-1.170087,-0.598909,0
1207,001207.png,center,not_published,from_left_right,,,0,,,,
1208,001208.png,left,insufficient_row_coverage,init,129,0.040462,0,0,0,0.000000,0,0,,,,,42
1208,001208.png,right,ok,tracking,3102,0.393064,3102,3102,25,13.410184,4.19425364229,-449.221103723,0.348555,0.510146,-1.170087,-0.598909,0
1208,001208.png,center,not_published,from_left_right,,,0,,,,
1209,001209.png,left,insufficient_row_coverage,init,133,0.046243,0,0,0,0.000000,0,0,,,,,43
1209,001209.png,right,ok,tracking,3153,0.393064,3153,3153,25,13.489537,4.16865319036,-445.496384125,0.348165,0.510146,-1.170087,-0.599934,0
1209,001209.png,center,not_published,from_left_right,,,0,,,,
1210,001210.png,left,insufficient_row_coverage,init,118,0.040462,0,0,0,0.000000,0,0,,,,,44
1210,001210.png,right,ok,tracking,3113,0.393064,3113,3113,25,13.414048,4.19300006875,-452.955037427,0.348165,0.510146,-1.170087,-0.599934,0
1210,001210.png,center,not_published,from_left_right,,,0,,,,
1211,001211.png,left,insufficient_row_coverage,init,135,0.046243,0,0,0,0.000000,0,0,,,,,45
1211,001211.png,right,ok,tracking,3147,0.398844,3147,3147,25,13.559068,4.14646322775,-444.159360387,0.347311,0.510146,-1.170087,-0.599934,0
1211,001211.png,center,not_published,from_left_right,,,0,,,,
1212,001212.png,left,insufficient_row_coverage,init,125,0.046243,0,0,0,0.000000,0,0,,,,,46
1212,001212.png,right,ok,tracking,3091,0.398844,3091,3091,25,13.580137,4.13978348219,-443.678547399,0.347311,0.510146,-1.170087,-0.599934,0
1212,001212.png,center,not_published,from_left_right,,,0,,,,
1213,001213.png,left,insufficient_row_coverage,init,119,0.040462,0,0,0,0.000000,0,0,,,,,47
1213,001213.png,right,ok,tracking,3132,0.404624,3132,3132,25,13.614034,4.1290791968,-442.460748411,0.346919,0.509894,-1.170087,-0.599934,0
1213,001213.png,center,not_published,from_left_right,,,0,,,,
1214,001214.png,left,insufficient_row_coverage,init,120,0.046243,0,0,0,0.000000,0,0,,,,,48
1214,001214.png,right,ok,tracking,3073,0.398844,3073,3073,25,13.561184,4.1457915791,-445.452639979,0.346458,0.510146,-1.170087,-0.599934,0
1214,001214.png,center,not_published,from_left_right,,,0,,,,
1215,001215.png,left,insufficient_row_coverage,init,117,0.046243,0,0,0,0.000000,0,0,,,,,49
1215,001215.png,right,ok,tracking,3003,0.398844,3003,3003,25,13.449844,4.18142160355,-451.016351,0.346458,0.510146,-1.170087,-0.598909,0
1215,001215.png,center,not_published,from_left_right,,,0,,,,
1216,001216.png,left,insufficient_row_coverage,init,85,0.040462,0,0,0,0.000000,0,0,,,,,50
1216,001216.png,right,ok,tracking,3161,0.404624,3161,3161,25,13.697946,4.10280413669,-434.949788165,0.347311,0.510146,-1.170087,-0.599934,0
1216,001216.png,center,not_published,from_left_right,,,0,,,,
1217,001217.png,left,insufficient_row_coverage,init,94,0.040462,0,0,0,0.000000,0,0,,,,,51
1217,001217.png,right,ok,tracking,3089,0.398844,3089,3089,25,13.630487,4.1239023161,-438.83896866,0.347311,0.510146,-1.170087,-0.599934,0
1217,001217.png,center,not_published,from_left_right,,,0,,,,
1218,001218.png,left,insufficient_row_coverage,init,70,0.040462,0,0,0,0.000000,0,0,,,,,52
1218,001218.png,right,ok,tracking,3125,0.404624,3125,3125,25,13.742227,4.08906538482,-431.550999643,0.347311,0.509894,-1.170087,-0.599934,0
1218,001218.png,center,not_published,from_left_right,,,0,,,,
1219,001219.png,left,insufficient_row_coverage,init,27,0.034682,0,0,0,0.000000,0,0,,,,,53
1219,001219.png,right,ok,tracking,3203,0.404624,3203,3203,25,13.806344,4.06932565256,-428.470176513,0.347311,0.509894,-1.170087,-0.599934,0
1219,001219.png,center,not_published,from_left_right,,,0,,,,
1220,001220.png,left,insufficient_row_coverage,init,23,0.034682,0,0,0,0.000000,0,0,,,,,54
1220,001220.png,right,ok,tracking,3081,0.398844,3081,3081,25,13.675361,4.1098449674,-435.57360991,0.347311,0.510146,-1.170087,-0.599934,0
1220,001220.png,center,not_published,from_left_right,,,0,,,,
1221,001221.png,left,ok,init,2501,0.682081,2501,2501,25,148.592540,-1.63778342157,528.57246469,0.185746,0.305682,-0.502233,-0.371490,0
1221,001221.png,right,ok,tracking,3121,0.398844,3121,3121,25,13.671502,4.11105015279,-435.044561917,0.347311,0.510146,-1.170087,-0.599934,0
1221,001221.png,center,ok,from_left_right,,,25,,,,
1222,001222.png,left,ok,tracking,2245,0.682081,2245,2245,25,153.296421,-1.98796930684,624.765082952,0.185193,0.306351,-0.503719,-0.371490,0
1222,001222.png,right,ok,tracking,3095,0.404624,3095,3095,25,13.646697,4.11881376405,-435.450148098,0.347311,0.510146,-1.170087,-0.598909,0
1222,001222.png,center,ok,from_left_right,,,25,,,,
1223,001223.png,left,ok,tracking,2201,0.682081,2201,2201,25,154.169036,-2.06574958862,647.62753922,0.185193,0.307362,-0.505964,-0.371490,0
1223,001223.png,right,ok,tracking,3051,0.398844,3051,3051,25,13.606782,4.13136486105,-436.515527705,0.347774,0.510146,-1.170087,-0.598909,0
1223,001223.png,center,ok,from_left_right,,,25,,,,
1224,001224.png,left,ok,tracking,2195,0.693642,2195,2195,25,154.641146,-2.10990418602,663.646477189,0.183534,0.308382,-0.507471,-0.371490,0
1224,001224.png,right,ok,tracking,3020,0.393064,3020,3020,25,13.419166,4.19134100049,-446.830774649,0.348165,0.510146,-1.170087,-0.598909,0
1224,001224.png,center,ok,from_left_right,,,25,,,,
1225,001225.png,left,ok,tracking,2192,0.705202,2192,2192,25,154.942459,-2.13889610299,674.209907225,0.182428,0.309066,-0.509747,-0.371490,0
1225,001225.png,right,ok,tracking,2987,0.398844,2987,2987,25,13.313032,4.22600387423,-451.709892853,0.348555,0.510146,-1.170087,-0.598909,0
1225,001225.png,center,ok,from_left_right,,,25,,,,
1226,001226.png,left,ok,tracking,2204,0.710983,2204,2204,25,155.082515,-2.15259523753,680.691739713,0.181875,0.309754,-0.511274,-0.371490,0
1226,001226.png,right,ok,tracking,3033,0.393064,3033,3033,25,13.250926,4.24654044783,-454.354009605,0.348555,0.510146,-1.170087,-0.598909,0
1226,001226.png,center,ok,from_left_right,,,25,,,,
1227,001227.png,left,ok,tracking,2188,0.716763,2188,2188,25,155.221146,-2.16629764692,687.358958913,0.181322,0.310792,-0.513581,-0.371490,0
1227,001227.png,right,ok,tracking,3022,0.398844,3022,3022,25,13.239299,4.25040615507,-453.741457118,0.349019,0.510146,-1.170087,-0.598909,0
1227,001227.png,center,ok,from_left_right,,,25,,,,
1228,001228.png,left,ok,tracking,2215,0.722543,2215,2215,25,155.269979,-2.17115866741,690.984095023,0.180769,0.311876,-0.515129,-0.371490,0
1228,001228.png,right,ok,tracking,2973,0.387283,2973,2973,25,13.081175,4.30364875663,-463.303101014,0.349407,0.510146,-1.170087,-0.598909,0
1228,001228.png,center,ok,from_left_right,,,25,,,,
1229,001229.png,left,ok,tracking,2202,0.734104,2202,2202,25,155.162266,-2.16046042141,691.60790061,0.179663,0.312543,-0.517468,-0.371490,0
1229,001229.png,right,insufficient_row_coverage,tracking,117,0.040462,0,0,0,0.000000,0,0,,,,,1
1229,001229.png,center,not_published,from_left_right,,,0,,,,
1230,001230.png,left,ok,tracking,2229,0.745665,2229,2229,25,155.134804,-2.15774675581,692.881688191,0.178557,0.313282,-0.518252,-0.371490,0
1230,001230.png,right,ok,tracking,2756,0.381503,2756,2756,25,12.641631,4.4585231187,-493.895750031,0.349407,0.510146,-1.166484,-0.598909,0
1230,001230.png,center,ok,from_left_right,,,25,,,,
1231,001231.png,left,ok,tracking,2245,0.751445,2245,2245,25,155.065119,-2.15088588701,693.356103983,0.178005,0.313960,-0.519826,-0.371490,0
1231,001231.png,right,ok,tracking,2912,0.387283,2912,2912,25,12.630568,4.46255807498,-493.259483349,0.349407,0.510146,-1.170087,-0.598909,0
1231,001231.png,center,ok,from_left_right,,,25,,,,
1232,001232.png,left,ok,tracking,2229,0.757225,2229,2229,25,154.965761,-2.14116541587,692.129867584,0.177452,0.313960,-0.519826,-0.371490,0
1232,001232.png,right,rejected_side_geometry,tracking,2764,0.375723,0,0,0,12.462380,4.52476624075,-505.523230729,,,,,6
1232,001232.png,center,not_published,from_left_right,,,0,,,,
1233,001233.png,left,ok,tracking,2221,0.751445,2221,2221,25,155.021976,-2.1466561805,692.16218172,0.178005,0.313636,-0.519038,-0.371490,0
1233,001233.png,right,rejected_side_geometry,init,3056,0.381503,0,0,0,12.380108,4.555801784,-505.91895618,,,,,6
1233,001233.png,center,not_published,from_left_right,,,0,,,,
1234,001234.png,left,ok,tracking,2196,0.751445,2196,2196,25,154.909179,-2.1356619838,688.802892198,0.178005,0.312577,-0.516686,-0.371490,0
1234,001234.png,right,rejected_side_geometry,init,2085,0.381503,0,0,0,11.837624,4.77107648409,-575.368329593,,,,,6
1234,001234.png,center,not_published,from_left_right,,,0,,,,
1235,001235.png,left,ok,tracking,2193,0.757225,2193,2193,25,154.727904,-2.11818573017,683.720465154,0.177452,0.312226,-0.515907,-0.371490,0
1235,001235.png,right,insufficient_row_coverage,init,190,0.046243,0,0,0,0.000000,0,0,,,,,7
1235,001235.png,center,not_published,from_left_right,,,0,,,,
1236,001236.png,left,ok,tracking,2196,0.757225,2196,2196,25,154.571518,-2.10329604884,679.299081584,0.177452,0.311876,-0.515129,-0.371490,0
1236,001236.png,right,rejected_side_geometry,init,2082,0.381503,0,0,0,11.807196,4.78372848058,-578.529931177,,,,,6
1236,001236.png,center,not_published,from_left_right,,,0,,,,
1237,001237.png,left,ok,tracking,2173,0.745665,2173,2173,25,154.689453,-2.11450885911,680.497008314,0.178005,0.311178,-0.513581,-0.371490,0
1237,001237.png,right,rejected_side_geometry,init,2083,0.387283,0,0,0,11.925168,4.7350309246,-569.919079143,,,,,6
1237,001237.png,center,not_published,from_left_right,,,0,,,,
1238,001238.png,left,ok,tracking,2146,0.745665,2146,2146,25,154.719854,-2.11741509321,678.881551431,0.178557,0.310831,-0.512041,-0.371490,0
1238,001238.png,right,insufficient_row_coverage,init,393,0.063584,0,0,0,0.000000,0,0,,,,,7
1238,001238.png,center,not_published,from_left_right,,,0,,,,
1239,001239.png,left,ok,tracking,2152,0.745665,2152,2152,25,154.432948,-2.09024482507,671.423230012,0.178557,0.310220,-0.511274,-0.371490,0
1239,001239.png,right,rejected_side_geometry,init,2086,0.393064,0,0,0,12.032966,4.69135591587,-565.850016068,,,,,6
1239,001239.png,center,not_published,from_left_right,,,0,,,,
1240,001240.png,left,ok,tracking,2135,0.745665,2135,2135,25,154.229588,-2.07132839962,665.661299982,0.179110,0.310602,-0.509747,-0.371490,0
1240,001240.png,right,insufficient_row_coverage,init,379,0.057803,0,0,0,0.000000,0,0,,,,,7
1240,001240.png,center,not_published,from_left_right,,,0,,,,
1241,001241.png,left,ok,tracking,2113,0.739884,2113,2113,25,154.337315,-2.08131433173,666.194687575,0.179110,0.308767,-0.508228,-0.371490,0
1241,001241.png,right,insufficient_row_coverage,init,398,0.063584,0,0,0,0.000000,0,0,,,,,8
1241,001241.png,center,not_published,from_left_right,,,0,,,,
1242,001242.png,left,ok,tracking,2114,0.734104,2114,2114,25,154.176073,-2.06639671029,661.952010599,0.179110,0.307701,-0.506717,-0.371490,0
1242,001242.png,right,insufficient_row_coverage,init,152,0.046243,0,0,0,0.000000,0,0,,,,,9
1242,001242.png,center,not_published,from_left_right,,,0,,,,
1243,001243.png,left,ok,tracking,2099,0.728324,2099,2099,25,154.213204,-2.06981649761,661.039398962,0.179663,0.307024,-0.505964,-0.371490,0
1243,001243.png,right,insufficient_row_coverage,init,408,0.057803,0,0,0,0.000000,0,0,,,,,10
1243,001243.png,center,not_published,from_left_right,,,0,,,,
1244,001244.png,left,ok,tracking,2074,0.722543,2074,2074,25,154.122480,-2.06147674045,657.498077833,0.180216,0.306351,-0.504466,-0.371490,0
1244,001244.png,right,insufficient_row_coverage,init,182,0.046243,0,0,0,0.000000,0,0,,,,,11
1244,001244.png,center,not_published,from_left_right,,,0,,,,
1245,001245.png,left,ok,tracking,2090,0.734104,2090,2090,25,153.601237,-2.01459617643,644.405847223,0.179663,0.307840,-0.502975,-0.371490,0
1245,001245.png,right,insufficient_row_coverage,init,180,0.046243,0,0,0,0.000000,0,0,,,,,12
1245,001245.png,center,not_published,from_left_right,,,0,,,,
1246,001246.png,left,ok,tracking,2058,0.716763,2058,2058,25,153.645917,-2.01854713201,644.484980423,0.180216,0.303967,-0.500754,-0.371490,0
1246,001246.png,right,insufficient_row_coverage,init,249,0.046243,0,0,0,0.000000,0,0,,,,,13
1246,001246.png,center,not_published,from_left_right,,,0,,,,
1247,001247.png,left,ok,tracking,2033,0.716763,2033,2033,25,153.573342,-2.01213572507,641.604825616,0.180216,0.303366,-0.499283,-0.371490,0
1247,001247.png,right,insufficient_row_coverage,init,542,0.063584,0,0,0,0.000000,0,0,,,,,14
1247,001247.png,center,not_published,from_left_right,,,0,,,,
1248,001248.png,left,ok,tracking,2047,0.716763,2047,2047,25,153.477405,-2.00371051499,635.790783073,0.181322,0.305835,-0.498551,-0.371490,0
1248,001248.png,right,insufficient_row_coverage,init,109,0.034682,0,0,0,0.000000,0,0,,,,,15
1248,001248.png,center,not_published,from_left_right,,,0,,,,
1249,001249.png,left,ok,tracking,2099,0.716763,2099,2099,25,152.940360,-1.95757043055,619.823286913,0.182428,0.311327,-0.503719,-0.371490,0
1249,001249.png,right,insufficient_row_coverage,init,600,0.075145,0,0,0,0.000000,0,0,,,,,16
1249,001249.png,center,not_published,from_left_right,,,0,,,,
1250,001250.png,left,ok,tracking,2095,0.710983,2095,2095,25,152.724745,-1.93951932365,611.934815205,0.182981,0.310299,-0.501493,-0.371490,0
1250,001250.png,right,insufficient_row_coverage,init,655,0.086705,0,0,0,0.000000,0,0,,,,,17
1250,001250.png,center,not_published,from_left_right,,,0,,,,
1251,001251.png,left,ok,tracking,2165,0.705202,2165,2165,25,152.347070,-1.90852728758,600.69367691,0.184087,0.311364,-0.503719,-0.371490,0
1251,001251.png,right,insufficient_row_coverage,init,795,0.098266,0,0,0,0.000000,0,0,,,,,18
1251,001251.png,center,not_published,from_left_right,,,0,,,,
1252,001252.png,left,ok,tracking,2168,0.693642,2168,2168,25,152.133124,-1.89131454336,593.697880378,0.185193,0.310641,-0.502233,-0.371490,0
1252,001252.png,right,insufficient_row_coverage,init,405,0.075145,0,0,0,0.000000,0,0,,,,,19
1252,001252.png,center,not_published,from_left_right,,,0,,,,
1253,001253.png,left,ok,tracking,1984,0.670520,1984,1984,25,152.959738,-1.95920580832,610.458125338,0.185193,0.299427,-0.489911,-0.371490,0
1253,001253.png,right,rejected_side_geometry,init,868,0.161850,0,0,0,10.300301,5.50248030324,-641.63429336,,,,,6
1253,001253.png,center,not_published,from_left_right,,,0,,,,
1254,001254.png,left,ok,tracking,1994,0.664740,1994,1994,25,153.069466,-1.96850698111,611.763514252,0.185746,0.299310,-0.489204,-0.371490,0
1254,001254.png,right,rejected_side_geometry,init,1060,0.104046,0,0,0,5.105116,11.1934917397,-1769.99788754,,,,,6
1254,001254.png,center,not_published,from_left_right,,,0,,,,
1255,001255.png,left,ok,tracking,2117,0.664740,2117,2117,25,152.684020,-1.93613934568,600.368326462,0.186852,0.308897,-0.500018,-0.371490,0
1255,001255.png,right,insufficient_row_coverage,init,849,0.092486,0,0,0,0.000000,0,0,,,,,7
1255,001255.png,center,not_published,from_left_right,,,0,,,,
1256,001256.png,left,ok,tracking,1951,0.647399,1951,1951,25,153.465682,-2.00268482382,615.409825283,0.187405,0.298160,-0.487794,-0.371490,0
1256,001256.png,right,rejected_side_geometry,init,2115,0.404624,0,0,0,12.349407,4.5674878396,-559.03009492,,,,,6
1256,001256.png,center,not_published,from_left_right,,,0,,,,
1257,001257.png,left,ok,tracking,2183,0.658960,2183,2183,25,152.819089,-1.94738518862,599.553472445,0.187958,0.312018,-0.506717,-0.371490,0
1257,001257.png,right,rejected_side_geometry,init,2111,0.404624,0,0,0,12.479142,4.51849216257,-550.81810025,,,,,6
1257,001257.png,center,not_published,from_left_right,,,0,,,,
1258,001258.png,left,ok,tracking,1953,0.624277,1953,1953,25,153.671409,-2.02080689534,616.098155515,0.189617,0.298160,-0.486391,-0.371490,0
1258,001258.png,right,insufficient_row_coverage,init,1013,0.098266,0,0,0,0.000000,0,0,,,,,7
1258,001258.png,center,not_published,from_left_right,,,0,,,,
1259,001259.png,left,ok,tracking,1921,0.624277,1921,1921,25,153.992462,-2.04961938197,622.358687354,0.189617,0.297845,-0.485693,-0.371490,0
1259,001259.png,right,insufficient_row_coverage,init,1001,0.098266,0,0,0,0.000000,0,0,,,,,8
1259,001259.png,center,not_published,from_left_right,,,0,,,,
1260,001260.png,left,ok,tracking,2120,0.641618,2120,2120,25,153.124190,-1.973171892,601.708398028,0.189617,0.308897,-0.500018,-0.371490,0
1260,001260.png,right,insufficient_row_coverage,init,361,0.046243,0,0,0,0.000000,0,0,,,,,9
1260,001260.png,center,not_published,from_left_right,,,0,,,,
1261,001261.png,left,ok,tracking,1889,0.612717,1889,1889,25,153.973371,-2.04788762798,618.525724288,0.190723,0.297219,-0.484301,-0.371490,0
1261,001261.png,right,rejected_side_geometry,init,1192,0.132948,0,0,0,5.718630,9.98585284532,-1511.41155793,,,,,6
1261,001261.png,center,not_published,from_left_right,,,0,,,,
1262,001262.png,left,ok,tracking,2112,0.624277,2112,2112,25,153.187495,-1.97859038535,600.491266674,0.190723,0.308559,-0.500018,-0.371490,0
1262,001262.png,right,ok,init,2119,0.416185,2119,2119,25,12.720591,4.42992633136,-535.043871446,0.345209,0.503768,-1.170087,-0.599934,0
1262,001262.png,center,ok,from_left_right,,,25,,,,
1263,001263.png,left,ok,tracking,1926,0.606936,1926,1926,25,153.630211,-2.01715684017,610.488648181,0.190723,0.296595,-0.483608,-0.371490,0
1263,001263.png,right,ok,tracking,2128,0.416185,2128,2128,25,12.728768,4.42698450061,-534.835826301,0.344813,0.503497,-1.170087,-0.599934,0
1263,001263.png,center,ok,from_left_right,,,25,,,,
1264,001264.png,left,ok,tracking,2177,0.618497,2177,2177,25,153.978467,-2.04834966625,615.130987418,0.191828,0.314081,-0.512041,-0.371490,0
1264,001264.png,right,ok,tracking,2125,0.421965,2125,2125,25,13.043807,4.31641659523,-512.282777503,0.345209,0.501898,-1.170087,-0.599934,0
1264,001264.png,center,ok,from_left_right,,,25,,,,
1265,001265.png,left,ok,tracking,1932,0.595376,1932,1932,25,154.157448,-2.06468472433,620.54530384,0.191828,0.296521,-0.484301,-0.371490,0
1265,001265.png,right,ok,tracking,2129,0.416185,2129,2129,25,13.013245,4.32691212416,-516.59197617,0.344354,0.500579,-1.170087,-0.599934,0
1265,001265.png,center,ok,from_left_right,,,25,,,,
1266,001266.png,left,ok,tracking,2120,0.606936,2120,2120,25,153.921320,-2.04317795657,613.796717401,0.192381,0.311253,-0.505964,-0.371490,0
1266,001266.png,right,ok,tracking,2127,0.421965,2127,2127,25,13.054349,4.31280740738,-511.399240273,0.344813,0.501898,-1.170087,-0.599934,0
1266,001266.png,center,ok,from_left_right,,,25,,,,
1267,001267.png,left,ok,tracking,1987,0.601156,1987,1987,25,153.979880,-2.04847783965,615.015626827,0.192381,0.301279,-0.484996,-0.371490,0
1267,001267.png,right,ok,tracking,2114,0.427746,2114,2114,25,13.151430,4.27983775723,-505.367472306,0.344354,0.500299,-1.170087,-0.599934,0
1267,001267.png,center,ok,from_left_right,,,25,,,,
1268,001268.png,left,ok,tracking,2192,0.606936,2192,2192,25,154.187266,-2.06742658894,619.254459863,0.192381,0.313698,-0.512041,-0.371490,0
1268,001268.png,right,ok,tracking,2132,0.427746,2132,2132,25,13.173856,4.27228961264,-502.857298915,0.344813,0.500299,-1.170087,-0.599934,0
1268,001268.png,center,ok,from_left_right,,,25,,,,
1269,001269.png,left,ok,tracking,2258,0.606936,2258,2258,25,154.414534,-2.08852039764,623.601676021,0.192934,0.316550,-0.517468,-0.371490,0
1269,001269.png,right,ok,tracking,2116,0.427746,2116,2116,25,13.296595,4.23142103798,-494.17981919,0.345209,0.500299,-1.170087,-0.599934,0
1269,001269.png,center,ok,from_left_right,,,25,,,,
1270,001270.png,left,ok,tracking,2178,0.601156,2178,2178,25,155.192318,-2.16343647212,643.892085446,0.192934,0.318364,-0.522203,-0.371490,0
1270,001270.png,right,ok,tracking,2119,0.427746,2119,2119,25,13.316046,4.22501226681,-495.361761588,0.344354,0.498700,-1.170087,-0.599934,0
1270,001270.png,center,ok,from_left_right,,,25,,,,
1271,001271.png,left,ok,tracking,2323,0.606936,2323,2323,25,155.129211,-2.15719475019,643.782266112,0.192381,0.322439,-0.531915,-0.371490,0
1271,001271.png,right,ok,tracking,2100,0.427746,2100,2100,25,13.183625,4.26900939919,-502.893601084,0.344354,0.500299,-1.170087,-0.599934,0
1271,001271.png,center,ok,from_left_right,,,25,,,,
1272,001272.png,left,ok,tracking,2336,0.606936,2336,2336,25,155.493304,-2.19362027776,652.910818104,0.192381,0.323197,-0.533566,-0.371490,0
1272,001272.png,right,ok,tracking,2108,0.427746,2108,2108,25,13.192588,4.26600394854,-501.187710536,0.344813,0.500299,-1.170087,-0.599934,0
1272,001272.png,center,ok,from_left_right,,,25,,,,
1273,001273.png,left,ok,tracking,2284,0.606936,2284,2284,25,155.357885,-2.17995450595,649.936054254,0.192381,0.320947,-0.527829,-0.371490,0
1273,001273.png,right,ok,tracking,2111,0.427746,2111,2111,25,13.194636,4.26531803617,-500.627587007,0.345209,0.500299,-1.170087,-0.599934,0
1273,001273.png,center,ok,from_left_right,,,25,,,,
1274,001274.png,left,ok,tracking,2339,0.601156,2339,2339,25,155.732127,-2.21806977772,659.739983809,0.192934,0.323959,-0.535226,-0.371490,0
1274,001274.png,right,ok,tracking,2121,0.433526,2121,2121,25,13.298232,4.23088067475,-494.209637353,0.344813,0.498984,-1.170087,-0.599934,0
1274,001274.png,center,ok,from_left_right,,,25,,,,
1275,001275.png,left,ok,tracking,2350,0.601156,2350,2350,25,155.987495,-2.24471816021,667.018055245,0.192934,0.324726,-0.536896,-0.371490,0
1275,001275.png,right,ok,tracking,2117,0.433526,2117,2117,25,13.442433,4.1838139436,-486.11401634,0.344354,0.497100,-1.170087,-0.599934,0
1275,001275.png,center,ok,from_left_right,,,25,,,,
1276,001276.png,left,ok,tracking,1909,0.589595,1909,1909,25,156.169583,-2.26404750956,671.402380076,0.192934,0.299680,-0.489911,-0.371490,0
1276,001276.png,right,ok,tracking,2131,0.433526,2131,2131,25,13.347554,4.214669879,-488.638947166,0.345209,0.498984,-1.170087,-0.599934,0
1276,001276.png,center,ok,from_left_right,,,25,,,,
1277,001277.png,left,ok,tracking,2312,0.595376,2312,2312,25,156.599188,-2.31077376218,683.732253761,0.193487,0.326268,-0.539418,-0.371490,0
1277,001277.png,right,ok,tracking,2134,0.433526,2134,2134,25,13.458664,4.17857812689,-481.553526308,0.345209,0.498700,-1.170087,-0.599934,0
1277,001277.png,center,ok,from_left_right,,,25,,,,
1278,001278.png,left,ok,tracking,2337,0.595376,2337,2337,25,156.966839,-2.35206652911,694.859863733,0.193487,0.327052,-0.541962,-0.371490,0
1278,001278.png,right,ok,tracking,2132,0.433526,2132,2132,25,13.471821,4.1743429329,-480.186122123,0.345209,0.498700,-1.170087,-0.599934,0
1278,001278.png,center,ok,from_left_right,,,25,,,,
1279,001279.png,left,ok,tracking,2329,0.601156,2329,2329,25,157.160565,-2.37433018619,699.816077066,0.193487,0.327052,-0.542815,-0.371490,0
1279,001279.png,right,ok,tracking,2143,0.439306,2143,2143,25,13.582423,4.13905987836,-470.788606339,0.345669,0.498700,-1.170087,-0.599934,0
1279,001279.png,center,ok,from_left_right,,,25,,,,
1280,001280.png,left,ok,tracking,2347,0.601156,2347,2347,25,157.162409,-2.37454384296,702.438424147,0.192934,0.328230,-0.544528,-0.371490,0
1280,001280.png,right,ok,tracking,2127,0.433526,2127,2127,25,13.526934,4.15669052505,-475.835918416,0.345209,0.498700,-1.170087,-0.599934,0
1280,001280.png,center,ok,from_left_right,,,25,,,,
1281,001281.png,left,ok,tracking,2328,0.606936,2328,2328,25,157.181609,-2.37677009977,702.57836017,0.192934,0.327844,-0.545389,-0.371490,0
1281,001281.png,right,ok,tracking,2131,0.433526,2131,2131,25,13.458381,4.17866919137,-477.797894666,0.346064,0.500299,-1.170087,-0.599934,0
1281,001281.png,center,ok,from_left_right,,,25,,,,
1282,001282.png,left,ok,tracking,2396,0.601156,2396,2396,25,157.188648,-2.37758717378,704.327656956,0.192934,0.328230,-0.545389,-0.371490,0
1282,001282.png,right,ok,tracking,2128,0.439306,2128,2128,25,13.548933,4.14968385843,-475.06203297,0.345209,0.498700,-1.170087,-0.599934,0
1282,001282.png,center,ok,from_left_right,,,25,,,,
1283,001283.png,left,ok,tracking,2353,0.601156,2353,2353,25,157.447518,-2.40797266156,710.215031485,0.193487,0.328239,-0.546252,-0.371490,0
1283,001283.png,right,ok,tracking,2129,0.439306,2129,2129,25,13.651008,4.11746255694,-465.629675671,0.346064,0.498700,-1.170087,-0.599934,0
1283,001283.png,center,ok,from_left_right,,,25,,,,
1284,001284.png,left,ok,tracking,1982,0.589595,1982,1982,25,156.619467,-2.31301947762,690.48543018,0.192381,0.303423,-0.494918,-0.371490,0
1284,001284.png,right,ok,tracking,2137,0.439306,2137,2137,25,13.529416,4.15589907413,-476.916979845,0.345209,0.497390,-1.170087,-0.599934,0
1284,001284.png,center,ok,from_left_right,,,25,,,,
1285,001285.png,left,rejected_lane_spacing,tracking,2381,0.612717,0,0,0,156.825820,-2.33608169483,700.579369683,,,,,6
1285,001285.png,right,ok,tracking,2127,0.427746,2127,2127,25,13.318312,4.22426690941,-494.782104975,0.344354,0.498700,-1.170087,-0.599934,0
1285,001285.png,center,not_published,from_left_right,,,0,,,,
1286,001286.png,left,insufficient_row_coverage,init,371,0.046243,0,0,0,0.000000,0,0,,,,,7
1286,001286.png,right,ok,tracking,2103,0.427746,2103,2103,25,13.213648,4.25895833776,-496.491224578,0.345209,0.500579,-1.170087,-0.599934,0
1286,001286.png,center,not_published,from_left_right,,,0,,,,
1287,001287.png,left,ok,init,2798,0.612717,2798,2798,25,152.892137,-1.9535102227,597.18602014,0.191828,0.329873,-0.555019,-0.371490,0
1287,001287.png,right,ok,tracking,2114,0.427746,2114,2114,25,13.229119,4.25379638554,-494.805693308,0.345209,0.501898,-1.170087,-0.599934,0
1287,001287.png,center,ok,from_left_right,,,25,,,,
1288,001288.png,left,ok,tracking,2417,0.612717,2417,2417,25,154.779346,-2.12312126545,643.274215688,0.191275,0.320191,-0.527018,-0.371490,0
1288,001288.png,right,ok,tracking,2141,0.427746,2141,2141,25,13.273189,4.23915726457,-496.510334477,0.344354,0.498700,-1.170087,-0.599934,0
1288,001288.png,center,ok,from_left_right,,,25,,,,
1289,001289.png,left,ok,tracking,2035,0.589595,2035,2035,25,155.746443,-2.21954974466,665.66108149,0.192381,0.301737,-0.494197,-0.371490,0
1289,001289.png,right,ok,tracking,2139,0.439306,2139,2139,25,13.538905,4.15287501759,-478.527835578,0.344813,0.497100,-1.170087,-0.599934,0
1289,001289.png,center,ok,from_left_right,,,25,,,,
1290,001290.png,left,rejected_lane_spacing,tracking,2351,0.606936,0,0,0,156.327750,-2.28106471417,685.263411711,,,,,6
1290,001290.png,right,ok,tracking,2129,0.433526,2129,2129,25,13.488217,4.16907658909,-486.711487671,0.343957,0.495501,-1.170087,-0.600962,0
1290,001290.png,center,not_published,from_left_right,,,0,,,,
1291,001291.png,left,ok,init,2879,0.606936,2879,2879,25,152.201337,-1.89677602307,582.176357587,0.191828,0.328286,-0.555019,-0.371490,0
1291,001291.png,right,ok,tracking,2131,0.439306,2131,2131,25,13.554290,4.14798105438,-480.642885477,0.344354,0.495795,-1.170087,-0.599934,0
1291,001291.png,center,ok,from_left_right,,,25,,,,
1292,001292.png,left,ok,tracking,2299,0.601156,2299,2299,25,155.504375,-2.19474378253,653.975963069,0.193487,0.321331,-0.526210,-0.371490,0
1292,001292.png,right,ok,tracking,2146,0.439306,2146,2146,25,13.593282,4.13562627759,-470.908569875,0.345669,0.498700,-1.170087,-0.599934,0
1292,001292.png,center,ok,from_left_right,,,25,,,,
1293,001293.png,left,ok,tracking,2369,0.601156,2369,2369,25,156.507618,-2.30067897803,681.246586165,0.193487,0.326265,-0.536896,-0.371490,0
1293,001293.png,right,ok,tracking,2130,0.439306,2130,2130,25,13.655490,4.11605850287,-467.970995512,0.345209,0.497100,-1.170087,-0.599934,0
1293,001293.png,center,ok,from_left_right,,,25,,,,
1294,001294.png,left,ok,tracking,2322,0.589595,2322,2322,25,157.242592,-2.38386505127,700.686858907,0.194593,0.327046,-0.541112,-0.371490,0
1294,001294.png,right,ok,tracking,2142,0.445087,2142,2142,25,13.744631,4.08832192164,-461.93544965,0.345669,0.497100,-1.170087,-0.599934,0
1294,001294.png,center,ok,from_left_right,,,25,,,,
1295,001295.png,left,ok,tracking,2352,0.595376,2352,2352,25,157.188583,-2.37757970911,700.994630284,0.193487,0.327836,-0.543671,-0.371490,0
1295,001295.png,right,ok,tracking,2130,0.439306,2130,2130,25,13.667967,4.11215506844,-469.408262312,0.345209,0.497100,-1.170087,-0.599934,0
1295,001295.png,center,ok,from_left_right,,,25,,,,
1296,001296.png,left,ok,tracking,2345,0.589595,2345,2345,25,157.337242,-2.39494831642,704.37230151,0.194040,0.327058,-0.543671,-0.371490,0
1296,001296.png,right,ok,tracking,2149,0.445087,2149,2149,25,13.716781,4.09694977094,-466.233638866,0.345209,0.497100,-1.170087,-0.599934,0
1296,001296.png,center,ok,from_left_right,,,25,,,,
1297,001297.png,left,ok,tracking,2295,0.589595,2295,2295,25,157.622915,-2.42893863873,712.397135054,0.194040,0.327058,-0.543671,-0.371490,0
1297,001297.png,right,ok,tracking,2143,0.445087,2143,2143,25,13.787560,4.07508994458,-461.272336912,0.345209,0.495795,-1.170087,-0.599934,0
1297,001297.png,center,ok,from_left_right,,,25,,,,
1298,001298.png,left,ok,tracking,2344,0.589595,2344,2344,25,157.507026,-2.41505113884,709.533119231,0.194040,0.327844,-0.545389,-0.371490,0
1298,001298.png,right,ok,tracking,2145,0.445087,2145,2145,25,13.817527,4.06590108712,-461.830439028,0.344354,0.494201,-1.170087,-0.599934,0
1298,001298.png,center,ok,from_left_right,,,25,,,,
1299,001299.png,left,ok,tracking,2301,0.589595,2301,2301,25,157.676380,-2.43539176851,713.778109705,0.194040,0.327058,-0.543671,-0.371490,0
1299,001299.png,right,rejected_lane_spacing,tracking,2145,0.445087,0,0,0,13.914437,4.03645075919,-456.654310836,,,,,6
1299,001299.png,center,not_published,from_left_right,,,0,,,,
1300,001300.png,left,ok,tracking,1863,0.566474,1863,1863,25,157.340133,-2.39528824808,702.107039522,0.194593,0.299109,-0.489911,-0.371490,0
1300,001300.png,right,ok,init,2148,0.450867,2148,2148,25,13.921133,4.03443073589,-454.566803303,0.344813,0.493902,-1.170087,-0.599934,0
1300,001300.png,center,ok,from_left_right,,,25,,,,
1301,001301.png,left,ok,tracking,1875,0.566474,1875,1875,25,157.154886,-2.37367245992,696.561500159,0.194593,0.298476,-0.489204,-0.371490,0
1301,001301.png,right,ok,tracking,2311,0.462428,2311,2311,25,14.099903,3.98119537067,-441.47020426,0.344354,0.493902,-1.170087,-0.599934,0
1301,001301.png,center,ok,from_left_right,,,25,,,,
1302,001302.png,left,ok,tracking,2315,0.589595,2315,2315,25,157.521170,-2.41673885127,706.807837696,0.194593,0.327443,-0.542815,-0.371490,0
1302,001302.png,right,ok,tracking,2367,0.450867,2367,2367,25,14.238556,3.94080853479,-428.940993079,0.345209,0.495501,-1.170087,-0.599934,0
1302,001302.png,center,ok,from_left_right,,,25,,,,
1303,001303.png,left,ok,tracking,1858,0.560694,1858,1858,25,157.399387,-2.40227329516,701.882989982,0.195146,0.299109,-0.489911,-0.371490,0
1303,001303.png,right,ok,tracking,2129,0.450867,2129,2129,25,13.954822,4.02429643498,-452.130323735,0.344813,0.493902,-1.170087,-0.599934,0
1303,001303.png,center,ok,from_left_right,,,25,,,,
1304,001304.png,left,ok,tracking,1877,0.560694,1877,1877,25,157.206009,-2.37960452824,697.321400855,0.195146,0.298724,-0.489911,-0.371490,0
1304,001304.png,right,ok,tracking,2118,0.450867,2118,2118,25,13.969694,4.01983774318,-453.157206982,0.344354,0.493902,-1.170087,-0.599934,0
1304,001304.png,center,ok,from_left_right,,,25,,,,
1305,001305.png,left,ok,tracking,1878,0.560694,1878,1878,25,157.341220,-2.39541607983,700.125721683,0.195146,0.299041,-0.489911,-0.371490,0
1305,001305.png,right,ok,tracking,2141,0.456647,2141,2141,25,14.038002,3.99947842647,-447.942245477,0.344354,0.493902,-1.170087,-0.599934,0
1305,001305.png,center,ok,from_left_right,,,25,,,,
1306,001306.png,left,ok,tracking,1892,0.560694,1892,1892,25,157.356841,-2.39725433068,700.788209743,0.195146,0.299109,-0.489911,-0.371490,0
1306,001306.png,right,ok,tracking,2138,0.450867,2138,2138,25,14.093967,3.98294187823,-445.101617949,0.344354,0.492303,-1.170087,-0.599934,0
1306,001306.png,center,ok,from_left_right,,,25,,,,
1307,001307.png,left,ok,tracking,1869,0.554913,1869,1869,25,157.549660,-2.42014440909,705.438758305,0.195699,0.299680,-0.490621,-0.371490,0
1307,001307.png,right,ok,tracking,2136,0.456647,2136,2136,25,14.131865,3.97181671054,-442.189523896,0.344354,0.492303,-1.170087,-0.599934,0
1307,001307.png,center,ok,from_left_right,,,25,,,,
1308,001308.png,left,ok,tracking,1891,0.560694,1891,1891,25,157.457497,-2.40915719591,703.876779585,0.195146,0.299746,-0.490621,-0.371490,0
1308,001308.png,right,ok,tracking,2126,0.462428,2126,2126,25,14.133922,3.97121442152,-442.283393711,0.344354,0.492303,-1.170087,-0.599934,0
1308,001308.png,center,ok,from_left_right,,,25,,,,
1309,001309.png,left,ok,tracking,1906,0.560694,1906,1906,25,157.567521,-2.42228360766,707.438265339,0.195146,0.300065,-0.491332,-0.371490,0
1309,001309.png,right,ok,tracking,2133,0.456647,2133,2133,25,14.144908,3.96800117997,-441.546831978,0.344354,0.492303,-1.170087,-0.599934,0
1309,001309.png,center,ok,from_left_right,,,25,,,,
1310,001310.png,left,ok,tracking,1889,0.560694,1889,1889,25,157.872085,-2.45926502874,714.826213349,0.195699,0.300450,-0.491332,-0.371490,0
1310,001310.png,right,ok,tracking,2137,0.462428,2137,2137,25,14.266336,3.9328091046,-432.679499158,0.345209,0.492303,-1.170087,-0.599934,0
1310,001310.png,center,ok,from_left_right,,,25,,,,
1311,001311.png,left,ok,tracking,1906,0.560694,1906,1906,25,157.757000,-2.44517799453,712.314806153,0.195699,0.300707,-0.492046,-0.371490,0
1311,001311.png,right,ok,tracking,2115,0.450867,2115,2115,25,14.074607,3.98864777132,-441.888053806,0.345209,0.493902,-1.170087,-0.599934,0
1311,001311.png,center,ok,from_left_right,,,25,,,,
1312,001312.png,left,ok,tracking,1915,0.566474,1915,1915,25,157.656242,-2.43295774274,709.881230291,0.195146,0.300707,-0.492046,-0.371490,0
1312,001312.png,right,ok,tracking,2127,0.450867,2127,2127,25,13.940654,4.02855260979,-448.315115169,0.345669,0.495501,-1.170087,-0.599934,0
1312,001312.png,center,ok,from_left_right,,,25,,,,
1313,001313.png,left,ok,tracking,1918,0.566474,1918,1918,25,157.791553,-2.44939284762,713.917041072,0.195146,0.301029,-0.492761,-0.371490,0
1313,001313.png,right,ok,tracking,2110,0.450867,2110,2110,25,14.103732,3.98006955029,-439.888081052,0.345209,0.493902,-1.170087,-0.599934,0
1313,001313.png,center,ok,from_left_right,,,25,,,,
1314,001314.png,left,ok,tracking,1913,0.566474,1913,1913,25,157.900955,-2.46282072663,717.715701338,0.195146,0.300707,-0.492761,-0.371490,0
1314,001314.png,right,ok,tracking,2119,0.456647,2119,2119,25,14.115101,3.97673056556,-440.390452088,0.345209,0.493902,-1.170087,-0.599934,0
1314,001314.png,center,ok,from_left_right,,,25,,,,
1315,001315.png,left,ok,tracking,1922,0.560694,1922,1922,25,158.123784,-2.49056509617,723.214985733,0.195699,0.301676,-0.493478,-0.371490,0
1315,001315.png,right,ok,tracking,2915,0.462428,2915,2915,25,15.406157,3.62895397159,-349.835395151,0.345209,0.492303,-1.170087,-0.599934,0
1315,001315.png,center,ok,from_left_right,,,25,,,,
1316,001316.png,left,ok,tracking,1954,0.572254,1954,1954,25,157.932235,-2.46668328167,719.687087136,0.194593,0.301676,-0.494197,-0.371490,0
1316,001316.png,right,ok,tracking,3158,0.450867,3158,3158,25,15.283353,3.65956152478,-349.865469404,0.345209,0.496409,-1.170087,-0.599934,0
1316,001316.png,center,ok,from_left_right,,,25,,,,
1317,001317.png,left,ok,tracking,1946,0.572254,1946,1946,25,157.859759,-2.45774961175,719.482441923,0.194593,0.301352,-0.494197,-0.371490,0
1317,001317.png,right,ok,tracking,2143,0.450867,2143,2143,25,14.007053,4.0086787183,-445.417988993,0.346064,0.494201,-1.170087,-0.599934,0
1317,001317.png,center,ok,from_left_right,,,25,,,,
1318,001318.png,left,ok,tracking,1963,0.572254,1963,1963,25,158.024464,-2.47813276205,724.617359172,0.194593,0.302326,-0.494918,-0.371490,0
1318,001318.png,right,ok,tracking,2131,0.456647,2131,2131,25,14.009548,4.00793554284,-444.965652099,0.345209,0.494201,-1.170087,-0.599934,0
1318,001318.png,center,ok,from_left_right,,,25,,,,
1319,001319.png,left,ok,tracking,1959,0.572254,1959,1959,25,157.934532,-2.4669672945,724.005471417,0.194040,0.302001,-0.495641,-0.371490,0
1319,001319.png,right,ok,tracking,2132,0.450867,2132,2132,25,13.944594,4.02736821665,-449.929016061,0.345209,0.494201,-1.170087,-0.599934,0
1319,001319.png,center,ok,from_left_right,,,25,,,,
1320,001320.png,left,rejected_lane_spacing,tracking,1941,0.566474,0,0,0,158.343412,-2.51844177329,734.399397755,,,,,6
1320,001320.png,right,ok,tracking,2134,0.450867,2134,2134,25,14.136361,3.97050075917,-437.902644678,0.345209,0.493902,-1.170087,-0.599934,0
1320,001320.png,center,not_published,from_left_right,,,0,,,,
1321,001321.png,left,insufficient_row_coverage,init,324,0.052023,0,0,0,0.000000,0,0,,,,,7
1321,001321.png,right,ok,tracking,2129,0.450867,2129,2129,25,14.018781,4.00518745697,-445.14684643,0.345209,0.493902,-1.170087,-0.599934,0
1321,001321.png,center,not_published,from_left_right,,,0,,,,
1322,001322.png,left,insufficient_row_coverage,init,272,0.057803,0,0,0,0.000000,0,0,,,,,8
1322,001322.png,right,ok,tracking,2150,0.456647,2150,2150,25,14.014593,4.00643349595,-443.643183526,0.345669,0.495501,-1.170087,-0.599934,0
1322,001322.png,center,not_published,from_left_right,,,0,,,,
1323,001323.png,left,insufficient_row_coverage,init,276,0.057803,0,0,0,0.000000,0,0,,,,,9
1323,001323.png,right,ok,tracking,2139,0.450867,2139,2139,25,13.968635,4.02015506724,-445.604688976,0.346064,0.495501,-1.170087,-0.599934,0
1323,001323.png,center,not_published,from_left_right,,,0,,,,
1324,001324.png,left,insufficient_row_coverage,init,297,0.052023,0,0,0,0.000000,0,0,,,,,10
1324,001324.png,right,ok,tracking,2142,0.445087,2142,2142,25,13.783037,4.07648031805,-457.934920531,0.345209,0.497100,-1.170087,-0.599934,0
1324,001324.png,center,not_published,from_left_right,,,0,,,,
1325,001325.png,left,insufficient_row_coverage,init,240,0.057803,0,0,0,0.000000,0,0,,,,,11
1325,001325.png,right,ok,tracking,2159,0.450867,2159,2159,25,13.886545,4.04488575556,-447.955163619,0.346064,0.497100,-1.170087,-0.599934,0
1325,001325.png,center,not_published,from_left_right,,,0,,,,
1326,001326.png,left,insufficient_row_coverage,init,246,0.052023,0,0,0,0.000000,0,0,,,,,12
1326,001326.png,right,ok,tracking,2149,0.445087,2149,2149,25,13.731312,4.0924438345,-456.287046251,0.346458,0.498984,-1.170087,-0.599934,0
1326,001326.png,center,not_published,from_left_right,,,0,,,,
1327,001327.png,left,insufficient_row_coverage,init,240,0.052023,0,0,0,0.000000,0,0,,,,,13
1327,001327.png,right,ok,tracking,2153,0.445087,2153,2153,25,13.663893,4.11342877989,-460.972425733,0.346458,0.500299,-1.170087,-0.599934,0
1327,001327.png,center,not_published,from_left_right,,,0,,,,
1328,001328.png,left,insufficient_row_coverage,init,238,0.052023,0,0,0,0.000000,0,0,,,,,14
1328,001328.png,right,ok,tracking,2141,0.439306,2141,2141,25,13.599870,4.13354545924,-466.097773582,0.346064,0.500299,-1.170087,-0.599934,0
1328,001328.png,center,not_published,from_left_right,,,0,,,,
1329,001329.png,left,insufficient_row_coverage,init,247,0.052023,0,0,0,0.000000,0,0,,,,,15
1329,001329.png,right,ok,tracking,2142,0.439306,2142,2142,25,13.695165,4.10366979767,-460.810655617,0.346064,0.498700,-1.170087,-0.599934,0
1329,001329.png,center,not_published,from_left_right,,,0,,,,
1330,001330.png,left,insufficient_row_coverage,init,241,0.052023,0,0,0,0.000000,0,0,,,,,16
1330,001330.png,right,ok,tracking,2154,0.445087,2154,2154,25,13.779812,4.07747210246,-456.621675546,0.346064,0.498700,-1.170087,-0.599934,0
1330,001330.png,center,not_published,from_left_right,,,0,,,,
1331,001331.png,left,insufficient_row_coverage,init,226,0.052023,0,0,0,0.000000,0,0,,,,,17
1331,001331.png,right,ok,tracking,2220,0.439306,2220,2220,25,13.811274,4.06781520042,-452.380133697,0.346064,0.498700,-1.170087,-0.599934,0
1331,001331.png,center,not_published,from_left_right,,,0,,,,
1332,001332.png,left,insufficient_row_coverage,init,234,0.057803,0,0,0,0.000000,0,0,,,,,18
1332,001332.png,right,ok,tracking,2142,0.439306,2142,2142,25,13.682252,4.10769438405,-463.084035171,0.346064,0.498700,-1.170087,-0.599934,0
1332,001332.png,center,not_published,from_left_right,,,0,,,,
1333,001333.png,left,insufficient_row_coverage,init,232,0.057803,0,0,0,0.000000,0,0,,,,,19
1333,001333.png,right,ok,tracking,2142,0.439306,2142,2142,25,13.740695,4.08953932263,-460.670743216,0.345209,0.497390,-1.170087,-0.599934,0
1333,001333.png,center,not_published,from_left_right,,,0,,,,
1334,001334.png,left,insufficient_row_coverage,init,189,0.057803,0,0,0,0.000000,0,0,,,,,20
1334,001334.png,right,ok,tracking,2146,0.445087,2146,2146,25,13.817532,4.06589948408,-454.732749078,0.345669,0.497100,-1.170087,-0.599934,0
1334,001334.png,center,not_published,from_left_right,,,0,,,,
1335,001335.png,left,insufficient_row_coverage,init,187,0.052023,0,0,0,0.000000,0,0,,,,,21
1335,001335.png,right,ok,tracking,2152,0.450867,2152,2152,25,13.978809,4.01710980472,-443.832460469,0.346064,0.497100,-1.170087,-0.599934,0
1335,001335.png,center,not_published,from_left_right,,,0,,,,
1336,001336.png,left,insufficient_row_coverage,init,151,0.052023,0,0,0,0.000000,0,0,,,,,22
1336,001336.png,right,ok,tracking,2156,0.450867,2156,2156,25,14.096188,3.98228822281,-435.924236942,0.346064,0.495501,-1.170087,-0.599934,0
1336,001336.png,center,not_published,from_left_right,,,0,,,,
1337,001337.png,left,insufficient_row_coverage,init,175,0.052023,0,0,0,0.000000,0,0,,,,,23
1337,001337.png,right,ok,tracking,2150,0.445087,2150,2150,25,13.819794,4.06520761642,-449.552235503,0.346458,0.498700,-1.170087,-0.599934,0
1337,001337.png,center,not_published,from_left_right,,,0,,,,
1338,001338.png,left,insufficient_row_coverage,init,150,0.052023,0,0,0,0.000000,0,0,,,,,24
1338,001338.png,right,ok,tracking,2150,0.439306,2150,2150,25,13.494378,4.16710097882,-462.876495031,0.347774,0.503497,-1.170087,-0.598909,0
1338,001338.png,center,not_published,from_left_right,,,0,,,,
1339,001339.png,left,insufficient_row_coverage,init,196,0.052023,0,0,0,0.000000,0,0,,,,,25
1339,001339.png,right,ok,tracking,2154,0.439306,2154,2154,25,13.585778,4.13799851559,-460.384647143,0.347311,0.501898,-1.170087,-0.598909,0
1339,001339.png,center,not_published,from_left_right,,,0,,,,
1340,001340.png,left,insufficient_row_coverage,init,154,0.052023,0,0,0,0.000000,0,0,,,,,26
1340,001340.png,right,ok,tracking,2166,0.439306,2166,2166,25,13.493622,4.16734349819,-465.182377865,0.347311,0.503497,-1.170087,-0.598909,0
1340,001340.png,center,not_published,from_left_right,,,0,,,,
1341,001341.png,left,insufficient_row_coverage,init,131,0.046243,0,0,0,0.000000,0,0,,,,,27
1341,001341.png,right,ok,tracking,2156,0.433526,2156,2156,25,13.378638,4.20451343114,-473.865765258,0.347311,0.503497,-1.170087,-0.598909,0
1341,001341.png,center,not_published,from_left_right,,,0,,,,
1342,001342.png,left,insufficient_row_coverage,init,166,0.052023,0,0,0,0.000000,0,0,,,,,28
1342,001342.png,right,ok,tracking,2146,0.427746,2146,2146,25,13.104051,4.29586794814,-495.459196508,0.346458,0.505096,-1.170087,-0.599934,0
1342,001342.png,center,not_published,from_left_right,,,0,,,,
1343,001343.png,left,insufficient_row_coverage,init,124,0.052023,0,0,0,0.000000,0,0,,,,,29
1343,001343.png,right,ok,tracking,2136,0.427746,2136,2136,25,13.207675,4.26095417468,-491.551474478,0.346064,0.503497,-1.170087,-0.599934,0
1343,001343.png,center,not_published,from_left_right,,,0,,,,
1344,001344.png,left,insufficient_row_coverage,init,130,0.046243,0,0,0,0.000000,0,0,,,,,30
1344,001344.png,right,ok,tracking,2166,0.427746,2166,2166,25,13.398723,4.19797563092,-482.314105293,0.345209,0.500299,-1.170087,-0.599934,0
1344,001344.png,center,not_published,from_left_right,,,0,,,,
1345,001345.png,left,insufficient_row_coverage,init,99,0.046243,0,0,0,0.000000,0,0,,,,,31
1345,001345.png,right,ok,tracking,2153,0.439306,2153,2153,25,13.718706,4.09635232404,-463.476307882,0.345209,0.497100,-1.170087,-0.599934,0
1345,001345.png,center,not_published,from_left_right,,,0,,,,
1346,001346.png,left,insufficient_row_coverage,init,88,0.046243,0,0,0,0.000000,0,0,,,,,32
1346,001346.png,right,ok,tracking,2151,0.439306,2151,2151,25,13.675189,4.10989870499,-465.522891276,0.345209,0.497100,-1.170087,-0.599934,0
1346,001346.png,center,not_published,from_left_right,,,0,,,,
1347,001347.png,left,insufficient_row_coverage,init,88,0.046243,0,0,0,0.000000,0,0,,,,,33
1347,001347.png,right,ok,tracking,2143,0.439306,2143,2143,25,13.695155,4.10367279163,-465.59582645,0.345209,0.497100,-1.170087,-0.599934,0
1347,001347.png,center,not_published,from_left_right,,,0,,,,
1348,001348.png,left,insufficient_row_coverage,init,1,0.005780,0,0,0,0.000000,0,0,,,,,34
1348,001348.png,right,ok,tracking,2139,0.439306,2139,2139,25,13.512083,4.1614334494,-474.443320672,0.345209,0.498984,-1.170087,-0.599934,0
1348,001348.png,center,not_published,from_left_right,,,0,,,,
1349,001349.png,left,insufficient_row_coverage,init,27,0.028902,0,0,0,0.000000,0,0,,,,,35
1349,001349.png,right,ok,tracking,2118,0.439306,2118,2118,25,13.532363,4.15495943318,-472.587150312,0.345669,0.498984,-1.170087,-0.599934,0
1349,001349.png,center,not_published,from_left_right,,,0,,,,
1350,001350.png,left,insufficient_row_coverage,init,3,0.005780,0,0,0,0.000000,0,0,,,,,36
1350,001350.png,right,ok,tracking,2113,0.433526,2113,2113,25,13.464587,4.17667039705,-475.449147896,0.346064,0.500299,-1.170087,-0.599934,0
1350,001350.png,center,not_published,from_left_right,,,0,,,,
1351,001351.png,left,insufficient_row_coverage,init,20,0.028902,0,0,0,0.000000,0,0,,,,,37
1351,001351.png,right,ok,tracking,2120,0.427746,2120,2120,25,13.281324,4.23646540438,-486.300424853,0.346064,0.501898,-1.170087,-0.599934,0
1351,001351.png,center,not_published,from_left_right,,,0,,,,
1352,001352.png,left,insufficient_row_coverage,init,22,0.028902,0,0,0,0.000000,0,0,,,,,38
1352,001352.png,right,ok,tracking,2109,0.427746,2109,2109,25,13.271979,4.23955767442,-488.293534396,0.346064,0.501898,-1.170087,-0.599934,0
1352,001352.png,center,not_published,from_left_right,,,0,,,,
1353,001353.png,left,insufficient_row_coverage,init,10,0.017341,0,0,0,0.000000,0,0,,,,,39
1353,001353.png,right,ok,tracking,2105,0.427746,2105,2105,25,13.262742,4.2426186763,-487.518558193,0.346064,0.501898,-1.170087,-0.599934,0
1353,001353.png,center,not_published,from_left_right,,,0,,,,
1354,001354.png,left,rejected_side_geometry,init,788,0.132948,0,0,0,170.455839,-5.94760006476,1315.38771995,,,,,6
1354,001354.png,right,ok,tracking,2149,0.427746,2149,2149,25,13.218502,4.25733727145,-484.194775513,0.347311,0.505096,-1.170087,-0.598909,0
1354,001354.png,center,not_published,from_left_right,,,0,,,,
1355,001355.png,left,insufficient_row_coverage,init,1,0.005780,0,0,0,0.000000,0,0,,,,,7
1355,001355.png,right,ok,tracking,2157,0.427746,2157,2157,25,13.134326,4.28561162383,-488.239637239,0.347311,0.506696,-1.170087,-0.598909,0
1355,001355.png,center,not_published,from_left_right,,,0,,,,
1356,001356.png,left,insufficient_row_coverage,init,1,0.005780,0,0,0,0.000000,0,0,,,,,8
1356,001356.png,right,ok,tracking,2158,0.427746,2158,2158,25,13.108312,4.29442168742,-489.585147065,0.347774,0.506696,-1.170087,-0.598909,0
1356,001356.png,center,not_published,from_left_right,,,0,,,,
1357,001357.png,left,insufficient_row_coverage,init,3,0.005780,0,0,0,0.000000,0,0,,,,,9
1357,001357.png,right,ok,tracking,2156,0.421965,2156,2156,25,12.990430,4.33477902779,-499.375798318,0.347311,0.506957,-1.170087,-0.598909,0
1357,001357.png,center,not_published,from_left_right,,,0,,,,
1358,001358.png,left,rejected_side_geometry,init,924,0.138728,0,0,0,170.105896,-5.73322497647,1276.27874666,,,,,6
1358,001358.png,right,ok,tracking,2146,0.416185,2146,2146,25,12.708001,4.43446263181,-516.589557981,0.347774,0.510146,-1.170087,-0.598909,0
1358,001358.png,center,not_published,from_left_right,,,0,,,,
1359,001359.png,left,insufficient_row_coverage,init,1,0.005780,0,0,0,0.000000,0,0,,,,,7
1359,001359.png,right,ok,tracking,2141,0.416185,2141,2141,25,12.849847,4.38385941311,-511.305532962,0.347311,0.508295,-1.170087,-0.598909,0
1359,001359.png,center,not_published,from_left_right,,,0,,,,
1360,001360.png,left,rejected_side_geometry,init,954,0.144509,0,0,0,169.659310,-5.48051761574,1225.84084543,,,,,6
1360,001360.png,right,ok,tracking,2158,0.416185,2158,2158,25,12.776224,4.40998631399,-515.051183452,0.347311,0.508551,-1.170087,-0.598909,0
1360,001360.png,center,not_published,from_left_right,,,0,,,,
1361,001361.png,left,rejected_side_geometry,init,1027,0.144509,0,0,0,170.031172,-5.68938054007,1267.61158808,,,,,6
1361,001361.png,right,ok,tracking,2166,0.421965,2166,2166,25,12.794114,4.40361016361,-511.850490129,0.348165,0.509894,-1.170087,-0.598909,0
1361,001361.png,center,not_published,from_left_right,,,0,,,,
1362,001362.png,left,insufficient_row_coverage,init,683,0.098266,0,0,0,0.000000,0,0,,,,,7
1362,001362.png,right,ok,tracking,2157,0.416185,2157,2157,25,12.740431,4.42279556738,-519.965130176,0.347311,0.508295,-1.170087,-0.598909,0
1362,001362.png,center,not_published,from_left_right,,,0,,,,
1363,001363.png,left,rejected_side_geometry,init,1202,0.144509,0,0,0,169.407927,-5.34754463724,1198.81924694,,,,,6
1363,001363.png,right,ok,tracking,2148,0.421965,2148,2148,25,12.753107,4.41825115923,-517.158764592,0.347311,0.509894,-1.170087,-0.598909,0
1363,001363.png,center,not_published,from_left_right,,,0,,,,
1364,001364.png,left,rejected_side_geometry,init,1308,0.144509,0,0,0,168.516828,-4.92255691415,1112.37231602,,,,,6
1364,001364.png,right,ok,tracking,2171,0.416185,2171,2171,25,12.687632,4.44182056123,-520.652100718,0.347774,0.509894,-1.170087,-0.598909,0
1364,001364.png,center,not_published,from_left_right,,,0,,,,
1365,001365.png,left,rejected_side_geometry,init,1271,0.138728,0,0,0,167.900478,-4.66477316722,1061.85754065,,,,,6
1365,001365.png,right,ok,tracking,2161,0.416185,2161,2161,25,12.641256,4.45865996753,-524.142427566,0.347774,0.510146,-1.170087,-0.598909,0
1365,001365.png,center,not_published,from_left_right,,,0,,,,
1366,001366.png,left,rejected_side_geometry,init,1358,0.138728,0,0,0,167.837352,-4.63982504803,1052.42503063,,,,,6
1366,001366.png,right,ok,tracking,2160,0.421965,2160,2160,25,12.715190,4.43187107801,-517.42147697,0.348165,0.510146,-1.170087,-0.598909,0
1366,001366.png,center,not_published,from_left_right,,,0,,,,
1367,001367.png,left,rejected_side_geometry,init,1376,0.144509,0,0,0,168.654345,-4.98384001777,1123.28481886,,,,,6
1367,001367.png,right,ok,tracking,2161,0.416185,2161,2161,25,12.758835,4.41620056677,-515.828026488,0.348165,0.509894,-1.170087,-0.598909,0
1367,001367.png,center,not_published,from_left_right,,,0,,,,
1368,001368.png,left,ok,init,1146,0.121387,1146,1146,25,167.075875,-4.35779671055,995.971839298,0.255763,0.305003,-0.488498,-0.407611,0
1368,001368.png,right,ok,tracking,2167,0.421965,2167,2167,25,12.722887,4.42909986189,-517.09687236,0.348165,0.510146,-1.170087,-0.598909,0
1368,001368.png,center,ok,from_left_right,,,25,,,,
1369,001369.png,left,rejected_side_geometry,tracking,1182,0.132948,0,0,0,168.158603,-4.76951242827,1080.30604662,,,,,6
1369,001369.png,right,ok,tracking,2167,0.421965,2167,2167,25,12.695295,4.43904963128,-518.249141542,0.348555,0.510146,-1.170087,-0.598909,0
1369,001369.png,center,not_published,from_left_right,,,0,,,,
1370,001370.png,left,insufficient_row_coverage,init,1065,0.092486,0,0,0,0.000000,0,0,,,,,7
1370,001370.png,right,ok,tracking,2175,0.421965,2175,2175,25,12.712567,4.43281633011,-517.367665502,0.348555,0.510146,-1.170087,-0.598909,0
1370,001370.png,center,not_published,from_left_right,,,0,,,,
1371,001371.png,left,rejected_side_geometry,init,1403,0.138728,0,0,0,169.155302,-5.22005560993,1172.16885436,,,,,6
1371,001371.png,right,ok,tracking,2174,0.421965,2174,2174,25,12.673104,4.44708271246,-517.954398662,0.348555,0.510146,-1.170087,-0.597887,0
1371,001371.png,center,not_published,from_left_right,,,0,,,,
1372,001372.png,left,rejected_side_geometry,init,1001,0.144509,0,0,0,171.908681,-7.03400638176,1545.40907025,,,,,6
1372,001372.png,right,ok,tracking,2175,0.421965,2175,2175,25,12.692909,4.43991212094,-515.714635273,0.349407,0.510146,-1.170087,-0.597887,0
1372,001372.png,center,not_published,from_left_right,,,0,,,,
1373,001373.png,left,rejected_side_geometry,init,1178,0.121387,0,0,0,169.515996,-5.40393635694,1210.23554562,,,,,6
1373,001373.png,right,ok,tracking,2187,0.421965,2187,2187,25,12.644677,4.45741356936,-519.490000898,0.349019,0.510146,-1.170087,-0.597887,0
1373,001373.png,center,not_published,from_left_right,,,0,,,,
1374,001374.png,left,rejected_side_geometry,init,1038,0.150289,0,0,0,171.856133,-6.98800798842,1537.04729478,,,,,6
1374,001374.png,right,ok,tracking,2157,0.421965,2157,2157,25,12.639738,4.45921312587,-518.196367169,0.349407,0.510146,-1.170087,-0.597887,0
1374,001374.png,center,not_published,from_left_right,,,0,,,,
1375,001375.png,left,rejected_side_geometry,init,1414,0.144509,0,0,0,169.734445,-5.52151109168,1233.56910628,,,,,6
1375,001375.png,right,ok,tracking,2163,0.421965,2163,2163,25,12.620390,4.46627637084,-518.757979215,0.349872,0.510146,-1.170087,-0.597887,0
1375,001375.png,center,not_published,from_left_right,,,0,,,,
1376,001376.png,left,rejected_side_geometry,init,989,0.109827,0,0,0,171.115115,-6.39690703736,1405.4957694,,,,,6
1376,001376.png,right,ok,tracking,2169,0.421965,2169,2169,25,12.601321,4.47325848345,-520.060861604,0.349872,0.510146,-1.170087,-0.597887,0
1376,001376.png,center,not_published,from_left_right,,,0,,,,
1377,001377.png,left,rejected_side_geometry,init,1457,0.138728,0,0,0,168.040469,-4.72102440326,1075.42989951,,,,,6
1377,001377.png,right,ok,tracking,2159,0.421965,2159,2159,25,12.580804,4.48079391604,-521.96703057,0.350259,0.510146,-1.170087,-0.597887,0
1377,001377.png,center,not_published,from_left_right,,,0,,,,
1378,001378.png,left,rejected_side_geometry,init,1381,0.121387,0,0,0,169.292354,-5.28848224623,1191.74001603,,,,,6
1378,001378.png,right,rejected_side_geometry,tracking,2165,0.416185,0,0,0,12.526173,4.5009772939,-526.871974038,,,,,6
1378,001378.png,center,not_published,from_left_right,,,0,,,,
1379,001379.png,left,rejected_side_geometry,init,1663,0.156069,0,0,0,169.440889,-5.36462333734,1205.98622602,,,,,6
1379,001379.png,right,ok,init,2167,0.427746,2167,2167,25,12.647378,4.4564299832,-515.839177438,0.350259,0.510146,-1.170087,-0.597887,0
1379,001379.png,center,not_published,from_left_right,,,0,,,,
1380,001380.png,left,rejected_side_geometry,init,1385,0.127168,0,0,0,170.069941,-5.71204678516,1277.76722457,,,,,6
1380,001380.png,right,ok,tracking,2163,0.421965,2163,2163,25,12.670599,4.44799106604,-515.358144708,0.350259,0.510146,-1.170087,-0.597887,0
1380,001380.png,center,not_published,from_left_right,,,0,,,,
1381,001381.png,left,rejected_side_geometry,init,1381,0.121387,0,0,0,170.143815,-5.75572599109,1286.22122141,,,,,6
1381,001381.png,right,ok,tracking,2167,0.421965,2167,2167,25,12.665861,4.44971042439,-512.739141813,0.351111,0.510146,-1.170087,-0.597887,0
1381,001381.png,center,not_published,from_left_right,,,0,,,,
1382,001382.png,left,rejected_side_geometry,init,1570,0.150289,0,0,0,170.441696,-5.93863446027,1323.52034743,,,,,6
1382,001382.png,right,ok,tracking,2173,0.427746,2173,2173,25,12.705468,4.43537609008,-508.035890319,0.351111,0.510146,-1.170087,-0.597887,0
1382,001382.png,center,not_published,from_left_right,,,0,,,,
1383,001383.png,left,rejected_side_geometry,init,1699,0.161850,0,0,0,170.041901,-5.69563580506,1278.01912377,,,,,6
1383,001383.png,right,ok,tracking,2179,0.427746,2179,2179,25,12.740685,4.42270415966,-506.185718052,0.351111,0.510146,-1.170087,-0.597887,0
1383,001383.png,center,not_published,from_left_right,,,0,,,,
1384,001384.png,left,rejected_side_geometry,init,1406,0.150289,0,0,0,170.101215,-5.73045894719,1284.90492631,,,,,6
1384,001384.png,right,ok,tracking,2158,0.427746,2158,2158,25,12.792299,4.40425657248,-498.746076261,0.351496,0.510146,-1.170087,-0.596869,0
1384,001384.png,center,not_published,from_left_right,,,0,,,,
1385,001385.png,left,rejected_lane_spacing,init,2376,0.768786,0,0,0,156.195770,-2.26685018624,718.751998057,,,,,6
1385,001385.png,right,ok,tracking,2155,0.427746,2155,2155,25,12.850640,4.38357946336,-493.949603707,0.351964,0.510146,-1.170087,-0.596869,0
1385,001385.png,center,not_published,from_left_right,,,0,,,,
1386,001386.png,left,rejected_side_geometry,init,1701,0.161850,0,0,0,170.326574,-5.86662275369,1315.66892707,,,,,6
1386,001386.png,right,ok,tracking,2166,0.433526,2166,2166,25,12.854136,4.38234646525,-494.905991453,0.351496,0.510146,-1.170087,-0.596869,0
1386,001386.png,center,not_published,from_left_right,,,0,,,,
1387,001387.png,left,rejected_side_geometry,init,1767,0.161850,0,0,0,170.125677,-5.74494137532,1292.46969949,,,,,6
1387,001387.png,right,ok,tracking,2173,0.433526,2173,2173,25,12.853505,4.38256905758,-492.351765727,0.352347,0.510146,-1.170087,-0.596869,0
1387,001387.png,center,not_published,from_left_right,,,0,,,,
1388,001388.png,left,rejected_side_geometry,init,1867,0.161850,0,0,0,169.946306,-5.64036764694,1270.25961169,,,,,6
1388,001388.png,right,ok,tracking,2159,0.433526,2159,2159,25,12.984421,4.33685567123,-483.014163094,0.352816,0.510146,-1.170087,-0.596869,0
1388,001388.png,center,not_published,from_left_right,,,0,,,,
1389,001389.png,left,rejected_side_geometry,init,1578,0.156069,0,0,0,170.271866,-5.8329940421,1308.69434532,,,,,6
1389,001389.png,right,ok,tracking,2167,0.433526,2167,2167,25,13.004944,4.32977113918,-478.488278074,0.353197,0.510146,-1.170087,-0.596869,0
1389,001389.png,center,not_published,from_left_right,,,0,,,,
1390,001390.png,left,rejected_side_geometry,init,1656,0.161850,0,0,0,170.699803,-6.10650423503,1364.99491409,,,,,6
1390,001390.png,right,ok,tracking,2157,0.433526,2157,2157,25,13.076544,4.30522710208,-472.354819327,0.353578,0.510146,-1.170087,-0.596869,0
1390,001390.png,center,not_published,from_left_right,,,0,,,,
1391,001391.png,left,rejected_side_geometry,init,1941,0.167630,0,0,0,170.364554,-5.8901918853,1321.93652874,,,,,6
1391,001391.png,right,ok,tracking,2170,0.433526,2170,2170,25,13.085655,4.30212306511,-472.541222102,0.353197,0.510146,-1.170087,-0.596869,0
1391,001391.png,center,not_published,from_left_right,,,0,,,,
1392,001392.png,left,rejected_side_geometry,init,1771,0.161850,0,0,0,170.607857,-6.04565516145,1350.10862868,,,,,6
1392,001392.png,right,ok,tracking,2152,0.427746,2152,2152,25,13.080401,4.3039124219,-470.560014801,0.353578,0.510146,-1.170087,-0.596869,0
1392,001392.png,center,not_published,from_left_right,,,0,,,,
1393,001393.png,left,rejected_side_geometry,init,1687,0.161850,0,0,0,171.377535,-6.59470250005,1464.08275746,,,,,6
1393,001393.png,right,ok,tracking,2164,0.433526,2164,2164,25,13.192028,4.26619169805,-465.404406714,0.353578,0.510146,-1.170087,-0.596869,0
1393,001393.png,center,not_published,from_left_right,,,0,,,,
1394,001394.png,left,rejected_side_geometry,init,1916,0.167630,0,0,0,170.595966,-6.03787237849,1350.45950228,,,,,6
1394,001394.png,right,ok,tracking,2172,0.439306,2172,2172,25,13.236552,4.25132066267,-461.989442547,0.353578,0.510146,-1.170087,-0.596869,0
1394,001394.png,center,not_published,from_left_right,,,0,,,,
1395,001395.png,left,rejected_side_geometry,init,1812,0.161850,0,0,0,170.879210,-6.22873522674,1388.03725626,,,,,6
1395,001395.png,right,ok,tracking,2172,0.439306,2172,2172,25,13.308080,4.22763464883,-456.925363679,0.353578,0.510146,-1.170087,-0.596869,0
1395,001395.png,center,not_published,from_left_right,,,0,,,,
1396,001396.png,left,rejected_side_geometry,init,1952,0.167630,0,0,0,170.581796,-6.02862261395,1351.51476032,,,,,6
1396,001396.png,right,ok,tracking,2190,0.439306,2190,2190,25,13.290548,4.23341699145,-459.419004646,0.353197,0.510146,-1.170087,-0.596869,0
1396,001396.png,center,not_published,from_left_right,,,0,,,,
1397,001397.png,left,rejected_side_geometry,init,2068,0.167630,0,0,0,169.456397,-5.37269565341,1215.99799478,,,,,6
1397,001397.png,right,ok,tracking,2193,0.445087,2193,2193,25,13.383767,4.20284234758,-453.491463142,0.353197,0.510146,-1.170087,-0.596869,0
1397,001397.png,center,not_published,from_left_right,,,0,,,,
1398,001398.png,left,rejected_side_geometry,init,2068,0.161850,0,0,0,169.633989,-5.46683455534,1230.78110969,,,,,6
1398,001398.png,right,ok,tracking,2177,0.439306,2177,2177,25,13.458630,4.17858901243,-446.392123411,0.353578,0.510146,-1.170087,-0.596869,0
1398,001398.png,center,not_published,from_left_right,,,0,,,,
1399,001399.png,left,rejected_side_geometry,init,2073,0.161850,0,0,0,169.688451,-5.4963464375,1237.90197017,,,,,6
1399,001399.png,right,ok,tracking,2163,0.439306,2163,2163,25,13.444651,4.18309748144,-446.742772658,0.354048,0.510146,-1.170087,-0.596869,0
1399,001399.png,center,not_published,from_left_right,,,0,,,,
1400,001400.png,left,rejected_side_geometry,init,2062,0.161850,0,0,0,169.667860,-5.48515257349,1234.64475027,,,,,6
1400,001400.png,right,ok,tracking,2169,0.445087,2169,2169,25,13.542717,4.15166132369,-441.452051538,0.353578,0.510146,-1.170087,-0.596869,0
1400,001400.png,center,not_published,from_left_right,,,0,,,,
1401,001401.png,left,rejected_side_geometry,init,2024,0.167630,0,0,0,170.114251,-5.73816818915,1288.22405993,,,,,6
1401,001401.png,right,ok,tracking,2173,0.445087,2173,2173,25,13.506724,4.16314750426,-443.649889873,0.353578,0.510146,-1.170087,-0.596869,0
1401,001401.png,center,not_published,from_left_right,,,0,,,,
1402,001402.png,left,rejected_side_geometry,init,2033,0.161850,0,0,0,170.145116,-5.75650108161,1291.22967362,,,,,6
1402,001402.png,right,ok,tracking,2166,0.445087,2166,2166,25,13.544915,4.15096205113,-440.854120964,0.354048,0.510146,-1.170087,-0.596869,0
1402,001402.png,center,not_published,from_left_right,,,0,,,,
1403,001403.png,left,rejected_side_geometry,init,2033,0.161850,0,0,0,170.052074,-5.70157890548,1280.07802392,,,,,6
1403,001403.png,right,ok,tracking,2182,0.445087,2182,2182,25,13.620250,4.12712196994,-437.04743914,0.353578,0.510146,-1.170087,-0.596869,0
1403,001403.png,center,not_published,from_left_right,,,0,,,,
1404,001404.png,left,rejected_side_geometry,init,1991,0.161850,0,0,0,169.952389,-5.64385326042,1268.3829849,,,,,6
1404,001404.png,right,ok,tracking,2179,0.450867,2179,2179,25,13.698003,4.10278642612,-432.590843452,0.353578,0.510146,-1.170087,-0.596869,0
1404,001404.png,center,not_published,from_left_right,,,0,,,,
1405,001405.png,left,rejected_side_geometry,init,1969,0.156069,0,0,0,170.088634,-5.72303834777,1283.02981799,,,,,6
1405,001405.png,right,ok,tracking,2173,0.450867,2173,2173,25,13.732390,4.09210998025,-429.315329776,0.354048,0.510146,-1.170087,-0.596869,0
1405,001405.png,center,not_published,from_left_right,,,0,,,,
1406,001406.png,left,rejected_side_geometry,init,1963,0.161850,0,0,0,170.195879,-5.78690084322,1298.14226836,,,,,6
1406,001406.png,right,ok,tracking,2172,0.450867,2172,2172,25,13.672408,4.11076704461,-433.63768834,0.353578,0.510146,-1.170087,-0.596869,0
1406,001406.png,center,not_published,from_left_right,,,0,,,,
1407,001407.png,left,rejected_side_geometry,init,1914,0.156069,0,0,0,170.101243,-5.73047593742,1287.73312841,,,,,6
1407,001407.png,right,ok,tracking,2182,0.450867,2182,2182,25,13.697149,4.10305221613,-432.55083802,0.353578,0.510146,-1.170087,-0.596869,0
1407,001407.png,center,not_published,from_left_right,,,0,,,,
1408,001408.png,left,rejected_side_geometry,init,1856,0.156069,0,0,0,170.071867,-5.71317740352,1285.26512251,,,,,6
1408,001408.png,right,ok,tracking,2163,0.450867,2163,2163,25,13.741418,4.08931566419,-429.125379104,0.354048,0.510146,-1.170087,-0.596869,0
1408,001408.png,center,not_published,from_left_right,,,0,,,,
1409,001409.png,left,rejected_side_geometry,init,1841,0.150289,0,0,0,169.711305,-5.5088231871,1243.79177651,,,,,6
1409,001409.png,right,ok,tracking,2200,0.456647,2200,2200,25,13.895486,4.04217801015,-421.153867857,0.353578,0.510146,-1.170087,-0.596869,0
1409,001409.png,center,not_published,from_left_right,,,0,,,,
1410,001410.png,left,rejected_side_geometry,init,1884,0.156069,0,0,0,169.760598,-5.5359199962,1248.13928256,,,,,6
1410,001410.png,right,ok,tracking,2190,0.456647,2190,2190,25,13.940945,4.02846499297,-418.589875725,0.353578,0.509894,-1.170087,-0.596869,0
1410,001410.png,center,not_published,from_left_right,,,0,,,,
1411,001411.png,left,rejected_side_geometry,init,1871,0.156069,0,0,0,169.973624,-5.65605468904,1275.39288137,,,,,6
1411,001411.png,right,ok,tracking,2179,0.456647,2179,2179,25,13.944816,4.02730127247,-419.059917704,0.353578,0.509894,-1.170087,-0.596869,0
1411,001411.png,center,not_published,from_left_right,,,0,,,,
1412,001412.png,left,rejected_side_geometry,init,1918,0.167630,0,0,0,169.981924,-5.66083790032,1276.91867759,,,,,6
1412,001412.png,right,ok,tracking,2187,0.462428,2187,2187,25,14.008139,4.00835528479,-415.853123108,0.353578,0.509894,-1.170087,-0.596869,0
1412,001412.png,center,not_published,from_left_right,,,0,,,,
1413,001413.png,left,rejected_side_geometry,init,1899,0.161850,0,0,0,170.212817,-5.79711397051,1302.93767469,,,,,6
1413,001413.png,right,ok,tracking,2178,0.462428,2178,2178,25,14.078813,3.98740692889,-411.551855149,0.353578,0.508295,-1.170087,-0.596869,0
1413,001413.png,center,not_published,from_left_right,,,0,,,,
1414,001414.png,left,rejected_side_geometry,init,1749,0.127168,0,0,0,169.015154,-5.15182850227,1174.06241736,,,,,6
1414,001414.png,right,ok,tracking,2166,0.462428,2166,2166,25,14.159086,3.96386162958,-406.709405479,0.353578,0.508295,-1.170087,-0.596869,0
1414,001414.png,center,not_published,from_left_right,,,0,,,,
1415,001415.png,left,rejected_side_geometry,init,1797,0.132948,0,0,0,169.700838,-5.50310215583,1246.03644556,,,,,6
1415,001415.png,right,ok,tracking,2188,0.468208,2188,2188,25,14.224172,3.94496250357,-403.686599883,0.353578,0.506696,-1.170087,-0.596869,0
1415,001415.png,center,not_published,from_left_right,,,0,,,,
1416,001416.png,left,rejected_side_geometry,init,1970,0.132948,0,0,0,170.011627,-5.67801941508,1278.80761261,,,,,6
1416,001416.png,right,ok,tracking,2205,0.468208,2205,2205,25,14.266877,3.9326535947,-403.529752389,0.353197,0.505362,-1.170087,-0.596869,0
1416,001416.png,center,not_published,from_left_right,,,0,,,,
1417,001417.png,left,rejected_side_geometry,init,1918,0.138728,0,0,0,170.072210,-5.71337881442,1286.13207278,,,,,6
1417,001417.png,right,ok,tracking,2188,0.468208,2188,2188,25,14.301424,3.92274905992,-401.297602795,0.353578,0.505362,-1.170087,-0.596869,0
1417,001417.png,center,not_published,from_left_right,,,0,,,,
1418,001418.png,left,rejected_side_geometry,init,1879,0.138728,0,0,0,170.939520,-6.27090247836,1395.24312328,,,,,6
1418,001418.png,right,ok,tracking,2185,0.468208,2185,2185,25,14.285792,3.92722498154,-400.471384772,0.353578,0.506696,-1.170087,-0.596869,0
1418,001418.png,center,not_published,from_left_right,,,0,,,,
1419,001419.png,left,rejected_side_geometry,init,1856,0.132948,0,0,0,171.173909,-6.44020779773,1429.71874807,,,,,6
1419,001419.png,right,ok,tracking,2176,0.468208,2176,2176,25,14.360650,3.9058773948,-397.365497791,0.354048,0.505096,-1.170087,-0.597887,0
1419,001419.png,center,not_published,from_left_right,,,0,,,,
1420,001420.png,left,rejected_side_geometry,init,1785,0.132948,0,0,0,171.359166,-6.58046919286,1456.88913975,,,,,6
1420,001420.png,right,ok,tracking,2204,0.473988,2204,2204,25,14.379309,3.90059011398,-394.721742368,0.354048,0.506696,-1.170087,-0.596869,0
1420,001420.png,center,not_published,from_left_right,,,0,,,,
1421,001421.png,left,rejected_side_geometry,init,1622,0.115607,0,0,0,172.431436,-7.52614789113,1645.38925622,,,,,6
1421,001421.png,right,ok,tracking,2183,0.473988,2183,2183,25,14.553979,3.8517396079,-387.114062311,0.354048,0.503497,-1.170087,-0.598909,0
1421,001421.png,center,not_published,from_left_right,,,0,,,,
1422,001422.png,left,rejected_side_geometry,init,1636,0.115607,0,0,0,171.999084,-7.11454437614,1562.18699284,,,,,6
1422,001422.png,right,ok,tracking,2202,0.479769,2202,2202,25,14.562758,3.84931450248,-384.981289179,0.354048,0.505096,-1.170087,-0.596869,0
1422,001422.png,center,not_published,from_left_right,,,0,,,,
1423,001423.png,left,rejected_side_geometry,init,1677,0.115607,0,0,0,171.885923,-7.01401201009,1543.00577474,,,,,6
1423,001423.png,right,ok,tracking,2188,0.479769,2188,2188,25,14.552052,3.8522723347,-385.553617873,0.354520,0.505096,-1.170087,-0.598909,0
1423,001423.png,center,not_published,from_left_right,,,0,,,,
1424,001424.png,left,rejected_side_geometry,init,1737,0.115607,0,0,0,170.943650,-6.27381077863,1394.74752045,,,,,6
1424,001424.png,right,ok,tracking,2196,0.479769,2196,2196,25,14.622098,3.83299812277,-381.120115471,0.354048,0.503768,-1.170087,-0.596869,0
1424,001424.png,center,not_published,from_left_right,,,0,,,,
1425,001425.png,left,rejected_side_geometry,init,1655,0.109827,0,0,0,171.114701,-6.39660364891,1421.67708529,,,,,6
1425,001425.png,right,ok,tracking,2201,0.479769,2201,2201,25,14.690555,3.81433498827,-377.982646095,0.354428,0.503497,-1.170087,-0.597887,0
1425,001425.png,center,not_published,from_left_right,,,0,,,,
1426,001426.png,left,rejected_side_geometry,init,1621,0.109827,0,0,0,171.386264,-6.60148776201,1456.79177971,,,,,6
1426,001426.png,right,ok,tracking,2179,0.485549,2179,2179,25,14.788562,3.78790984959,-372.830479256,0.354428,0.502173,-1.170087,-0.597887,0
1426,001426.png,center,not_published,from_left_right,,,0,,,,
1427,001427.png,left,rejected_side_geometry,init,1727,0.121387,0,0,0,171.269724,-6.51201316791,1440.79523935,,,,,6
1427,001427.png,right,ok,tracking,2189,0.485549,2189,2189,25,14.797504,3.78551590572,-370.601495312,0.354520,0.503497,-1.170087,-0.597887,0
1427,001427.png,center,not_published,from_left_right,,,0,,,,
1428,001428.png,left,rejected_side_geometry,init,1739,0.150289,0,0,0,170.938415,-6.27012468824,1398.04315553,,,,,6
1428,001428.png,right,ok,tracking,2223,0.479769,2223,2223,25,14.727075,3.80444811906,-374.598910359,0.354428,0.503497,-1.170087,-0.596869,0
1428,001428.png,center,not_published,from_left_right,,,0,,,,
1429,001429.png,left,rejected_side_geometry,init,1743,0.150289,0,0,0,170.894905,-6.23965563111,1392.19815939,,,,,6
1429,001429.png,right,ok,tracking,2250,0.485549,2250,2250,25,14.841748,3.77371240173,-367.535000996,0.354899,0.503497,-1.170087,-0.597887,0
1429,001429.png,center,not_published,from_left_right,,,0,,,,
1430,001430.png,left,rejected_side_geometry,init,1710,0.150289,0,0,0,170.696427,-6.10424901383,1363.72208913,,,,,6
1430,001430.png,right,ok,tracking,2272,0.485549,2272,2272,25,14.903577,3.75733233443,-363.921488086,0.355373,0.503497,-1.170087,-0.599934,0
1430,001430.png,center,not_published,from_left_right,,,0,,,,
1431,001431.png,left,rejected_side_geometry,init,1731,0.144509,0,0,0,170.793345,-6.16964606228,1381.06608963,,,,,6
1431,001431.png,right,ok,tracking,2203,0.479769,2203,2203,25,14.890927,3.76067275186,-366.78653401,0.355469,0.501898,-1.170087,-0.600962,0
1431,001431.png,center,not_published,from_left_right,,,0,,,,
1432,001432.png,left,rejected_side_geometry,init,1684,0.144509,0,0,0,170.918065,-6.25583825177,1396.27223878,,,,,6
1432,001432.png,right,ok,tracking,2281,0.491329,2281,2281,25,15.048103,3.71955695076,-358.039508799,0.354428,0.501898,-1.170087,-0.597887,0
1432,001432.png,center,not_published,from_left_right,,,0,,,,
1433,001433.png,left,rejected_side_geometry,init,1699,0.150289,0,0,0,170.783142,-6.16269720821,1379.42600014,,,,,6
1433,001433.png,right,ok,tracking,2187,0.479769,2187,2187,25,14.979963,3.73727815109,-362.21224332,0.355469,0.501898,-1.170087,-0.600962,0
1433,001433.png,center,not_published,from_left_right,,,0,,,,
1434,001434.png,left,rejected_side_geometry,init,1692,0.150289,0,0,0,170.998144,-6.31242822833,1412.78787209,,,,,6
1434,001434.png,right,ok,tracking,2189,0.485549,2189,2189,25,14.987158,3.73539955385,-361.866231766,0.355469,0.501898,-1.170087,-0.601993,0
1434,001434.png,center,not_published,from_left_right,,,0,,,,
1435,001435.png,left,rejected_side_geometry,init,1622,0.132948,0,0,0,171.898932,-7.0254275272,1550.85087802,,,,,6
1435,001435.png,right,ok,tracking,2186,0.491329,2186,2186,25,15.067617,3.71451058835,-357.058509445,0.354994,0.501898,-1.170087,-0.598909,0
1435,001435.png,center,not_published,from_left_right,,,0,,,,
1436,001436.png,left,rejected_side_geometry,init,1527,0.127168,0,0,0,170.888160,-6.23495796088,1396.5365421,,,,,6
1436,001436.png,right,ok,tracking,2179,0.485549,2179,2179,25,15.126781,3.69928910008,-354.881140221,0.354994,0.500299,-1.170087,-0.600962,0
1436,001436.png,center,not_published,from_left_right,,,0,,,,
1437,001437.png,left,rejected_side_geometry,init,1556,0.109827,0,0,0,172.445888,-7.54071509149,1652.45771057,,,,,6
1437,001437.png,right,ok,tracking,2173,0.485549,2173,2173,25,15.175262,3.68690216721,-351.670394781,0.355565,0.500299,-1.170087,-0.601993,0
1437,001437.png,center,not_published,from_left_right,,,0,,,,
1438,001438.png,left,rejected_side_geometry,init,1698,0.156069,0,0,0,170.761907,-6.14828382145,1379.5887683,,,,,6
1438,001438.png,right,ok,tracking,2189,0.491329,2189,2189,25,15.192441,3.68253161618,-350.952062937,0.355469,0.500299,-1.170087,-0.600962,0
1438,001438.png,center,not_published,from_left_right,,,0,,,,
1439,001439.png,left,rejected_side_geometry,init,1546,0.127168,0,0,0,171.080205,-6.37146404382,1424.87511994,,,,,6
1439,001439.png,right,ok,tracking,2176,0.485549,2176,2176,25,15.135863,3.69696267737,-353.48778037,0.355469,0.500579,-1.170087,-0.601993,0
1439,001439.png,center,not_published,from_left_right,,,0,,,,
1440,001440.png,left,rejected_side_geometry,init,1702,0.150289,0,0,0,170.835307,-6.19838526369,1386.5399869,,,,,6
1440,001440.png,right,ok,tracking,2206,0.491329,2206,2206,25,15.180686,3.68552119808,-349.412411067,0.355373,0.500579,-1.170087,-0.598909,0
1440,001440.png,center,not_published,from_left_right,,,0,,,,
1441,001441.png,left,rejected_side_geometry,init,1489,0.121387,0,0,0,171.210418,-6.46738533984,1442.86822478,,,,,6
1441,001441.png,right,ok,tracking,2157,0.491329,2157,2157,25,15.258005,3.66593913829,-347.534998292,0.355945,0.500299,-1.170087,-0.601993,0
1441,001441.png,center,not_published,from_left_right,,,0,,,,
1442,001442.png,left,rejected_side_geometry,init,1657,0.150289,0,0,0,171.303276,-6.53752894121,1453.74073311,,,,,6
1442,001442.png,right,ok,tracking,2156,0.491329,2156,2156,25,15.322885,3.64965628321,-343.178772946,0.355945,0.500299,-1.170087,-0.600962,0
1442,001442.png,center,not_published,from_left_right,,,0,,,,
1443,001443.png,left,rejected_side_geometry,init,1631,0.144509,0,0,0,171.334845,-6.56171577669,1458.27193636,,,,,6
1443,001443.png,right,ok,tracking,2132,0.491329,2132,2132,25,15.374353,3.6368348273,-340.627044278,0.356423,0.498700,-1.170087,-0.603028,0
1443,001443.png,center,not_published,from_left_right,,,0,,,,
1444,001444.png,left,rejected_side_geometry,init,1666,0.150289,0,0,0,171.337987,-6.56413281894,1459.90363763,,,,,6
1444,001444.png,right,ok,tracking,2164,0.491329,2164,2164,25,15.264865,3.66421100352,-345.394516115,0.355373,0.500299,-1.170087,-0.599934,0
1444,001444.png,center,not_published,from_left_right,,,0,,,,
1445,001445.png,left,rejected_side_geometry,init,1629,0.144509,0,0,0,171.699414,-6.85426018238,1517.57033182,,,,,6
1445,001445.png,right,ok,tracking,2144,0.485549,2144,2144,25,15.295588,3.65649070479,-343.347045119,0.356423,0.500299,-1.170087,-0.601993,0
1445,001445.png,center,not_published,from_left_right,,,0,,,,
1446,001446.png,left,rejected_side_geometry,init,1612,0.138728,0,0,0,171.484867,-6.67908800496,1482.1433106,,,,,6
1446,001446.png,right,ok,tracking,2174,0.491329,2174,2174,25,15.281824,3.65994558395,-343.408887224,0.355373,0.500579,-1.170087,-0.599934,0
1446,001446.png,center,not_published,from_left_right,,,0,,,,
1447,001447.png,left,rejected_side_geometry,init,1551,0.144509,0,0,0,171.829995,-6.96534696638,1534.46691666,,,,,6
1447,001447.png,right,ok,tracking,2149,0.491329,2149,2149,25,15.308032,3.65337209757,-339.473018285,0.356225,0.501898,-1.170087,-0.598909,0
1447,001447.png,center,not_published,from_left_right,,,0,,,,
1448,001448.png,left,rejected_lane_spacing,init,2349,0.618497,0,0,0,161.255436,-2.94682355714,859.220501239,,,,,6
1448,001448.png,right,ok,tracking,2139,0.491329,2139,2139,25,15.375708,3.63649851218,-339.539357828,0.357004,0.500299,-1.170087,-0.605107,0
1448,001448.png,center,not_published,from_left_right,,,0,,,,
1449,001449.png,left,rejected_lane_spacing,init,2328,0.612717,0,0,0,161.312111,-2.95643029568,861.156800173,,,,,6
1449,001449.png,right,ok,tracking,2140,0.491329,2140,2140,25,15.382302,3.63486229269,-338.731883945,0.357383,0.500299,-1.170087,-0.605107,0
1449,001449.png,center,not_published,from_left_right,,,0,,,,
1450,001450.png,left,rejected_side_geometry,init,1496,0.127168,0,0,0,172.482961,-7.57833812619,1664.86330648,,,,,6
1450,001450.png,right,ok,tracking,2134,0.485549,2134,2134,25,15.303217,3.65457824258,-341.776371627,0.357383,0.500579,-1.170087,-0.606151,0
1450,001450.png,center,not_published,from_left_right,,,0,,,,
1451,001451.png,left,rejected_side_geometry,init,1488,0.127168,0,0,0,172.651568,-7.75420964088,1701.05225044,,,,,6
1451,001451.png,right,ok,tracking,2117,0.485549,2117,2117,25,15.429084,3.62329229351,-336.988436699,0.357487,0.498984,-1.170087,-0.607199,0
1451,001451.png,center,not_published,from_left_right,,,0,,,,
1452,001452.png,left,rejected_lane_spacing,init,2314,0.612717,0,0,0,161.402345,-2.97184226789,866.354210657,,,,,6
1452,001452.png,right,ok,tracking,2136,0.491329,2136,2136,25,15.442566,3.61997055309,-337.060739494,0.356423,0.498700,-1.170087,-0.604066,0
1452,001452.png,center,not_published,from_left_right,,,0,,,,
1453,001453.png,left,rejected_lane_spacing,init,2314,0.606936,0,0,0,161.522042,-2.99251032545,871.888653293,,,,,6
1453,001453.png,right,ok,tracking,2151,0.497110,2151,2151,25,15.573832,3.58792327362,-333.316675282,0.355089,0.497100,-1.170087,-0.601993,0
1453,001453.png,center,not_published,from_left_right,,,0,,,,
1454,001454.png,left,rejected_lane_spacing,init,2293,0.612717,0,0,0,161.477933,-2.98486402351,869.895494375,,,,,6
1454,001454.png,right,ok,tracking,2135,0.491329,2135,2135,25,15.522183,3.6004697579,-334.860953868,0.354994,0.497100,-1.170087,-0.600962,0
1454,001454.png,center,not_published,from_left_right,,,0,,,,
1455,001455.png,left,rejected_lane_spacing,init,2308,0.606936,0,0,0,161.491072,-2.98713797673,869.759075371,,,,,6
1455,001455.png,right,ok,tracking,2101,0.485549,2101,2101,25,15.505454,3.60455097645,-333.772834924,0.357487,0.498700,-1.170087,-0.607199,0
1455,001455.png,center,not_published,from_left_right,,,0,,,,
1456,001456.png,left,rejected_lane_spacing,init,2312,0.606936,0,0,0,161.509335,-2.99030395165,871.360513395,,,,,6
1456,001456.png,right,ok,tracking,2144,0.491329,2144,2144,25,15.490408,3.60822898776,-335.754675898,0.354048,0.497100,-1.170087,-0.597887,0
1456,001456.png,center,not_published,from_left_right,,,0,,,,
1457,001457.png,left,rejected_lane_spacing,init,2319,0.606936,0,0,0,161.535816,-2.99490534568,871.67922953,,,,,6
1457,001457.png,right,ok,tracking,2125,0.491329,2125,2125,25,15.588674,3.58433289016,-330.138087963,0.355945,0.497100,-1.170087,-0.603028,0
1457,001457.png,center,not_published,from_left_right,,,0,,,,
1458,001458.png,left,rejected_lane_spacing,init,2323,0.606936,0,0,0,161.612622,-3.00832343951,875.124339041,,,,,6
1458,001458.png,right,ok,tracking,2140,0.497110,2140,2140,25,15.655255,3.56830822713,-327.985724844,0.354994,0.497100,-1.170087,-0.600962,0
1458,001458.png,center,not_published,from_left_right,,,0,,,,
1459,001459.png,left,rejected_lane_spacing,init,2336,0.601156,0,0,0,161.668774,-3.01820198464,876.763152011,,,,,6
1459,001459.png,right,ok,tracking,2153,0.497110,2153,2153,25,15.707397,3.55585107389,-325.956521423,0.354520,0.495501,-1.170087,-0.599934,0
1459,001459.png,center,not_published,from_left_right,,,0,,,,
1460,001460.png,left,rejected_lane_spacing,init,2305,0.606936,0,0,0,161.562999,-2.99964188385,872.884721595,,,,,6
1460,001460.png,right,ok,tracking,2161,0.497110,2161,2161,25,15.616206,3.57769039756,-329.283905893,0.354048,0.497100,-1.170087,-0.598909,0
1460,001460.png,center,not_published,from_left_right,,,0,,,,
1461,001461.png,left,rejected_lane_spacing,init,2341,0.612717,0,0,0,161.513372,-2.99100461348,872.326453483,,,,,6
1461,001461.png,right,ok,tracking,2133,0.491329,2133,2133,25,15.643011,3.57124510977,-328.479471269,0.355089,0.497100,-1.170087,-0.600962,0
1461,001461.png,center,not_published,from_left_right,,,0,,,,
1462,001462.png,left,rejected_lane_spacing,init,2301,0.606936,0,0,0,161.616219,-3.00895447188,874.779674071,,,,,6
1462,001462.png,right,ok,tracking,2157,0.497110,2157,2157,25,15.694549,3.55891294665,-324.305714013,0.354520,0.497100,-1.170087,-0.599934,0
1462,001462.png,center,not_published,from_left_right,,,0,,,,
1463,001463.png,left,rejected_lane_spacing,init,2302,0.601156,0,0,0,161.653491,-3.01550750374,875.868881825,,,,,6
1463,001463.png,right,ok,tracking,2148,0.497110,2148,2148,25,15.715123,3.55401197981,-323.26951937,0.354994,0.497100,-1.170087,-0.600962,0
1463,001463.png,center,not_published,from_left_right,,,0,,,,
1464,001464.png,left,rejected_lane_spacing,init,2309,0.606936,0,0,0,161.650540,-3.0149877856,875.760617552,,,,,6
1464,001464.png,right,ok,tracking,2179,0.502890,2179,2179,25,15.727371,3.55110051642,-323.189430959,0.353578,0.497100,-1.170087,-0.597887,0
1464,001464.png,center,not_published,from_left_right,,,0,,,,
1465,001465.png,left,rejected_lane_spacing,init,2337,0.606936,0,0,0,161.588420,-3.00408360103,874.136633571,,,,,6
1465,001465.png,right,ok,tracking,2138,0.491329,2138,2138,25,15.726219,3.55137401903,-322.834521088,0.355469,0.497100,-1.170087,-0.601993,0
1465,001465.png,center,not_published,from_left_right,,,0,,,,
1466,001466.png,left,rejected_lane_spacing,init,2346,0.606936,0,0,0,161.539451,-2.99553790721,872.731147905,,,,,6
1466,001466.png,right,ok,tracking,2145,0.497110,2145,2145,25,15.680602,3.56224241935,-324.698658819,0.355089,0.497100,-1.170087,-0.601993,0
1466,001466.png,center,not_published,from_left_right,,,0,,,,
1467,001467.png,left,rejected_lane_spacing,init,2361,0.612717,0,0,0,161.446483,-2.97943358871,868.343509048,,,,,6
1467,001467.png,right,ok,tracking,2167,0.497110,2167,2167,25,15.662495,3.56657366414,-325.050572879,0.353578,0.497100,-1.170087,-0.597887,0
1467,001467.png,center,not_published,from_left_right,,,0,,,,
1468,001468.png,left,rejected_lane_spacing,init,2274,0.606936,0,0,0,161.555582,-2.9983481404,874.751866773,,,,,6
1468,001468.png,right,ok,tracking,2167,0.497110,2167,2167,25,15.711089,3.55497211099,-324.595883691,0.353197,0.495795,-1.170087,-0.597887,0
1468,001468.png,center,not_published,from_left_right,,,0,,,,
1469,001469.png,left,rejected_lane_spacing,init,2361,0.612717,0,0,0,161.537352,-2.99517266378,871.372367447,,,,,6
1469,001469.png,right,ok,tracking,2152,0.497110,2152,2152,25,15.924108,3.50492925779,-313.097810192,0.355089,0.495501,-1.170087,-0.600962,0
1469,001469.png,center,not_published,from_left_right,,,0,,,,
1470,001470.png,left,rejected_lane_spacing,init,2379,0.612717,0,0,0,161.513740,-2.99106842279,870.721081678,,,,,6
1470,001470.png,right,ok,tracking,2168,0.497110,2168,2168,25,15.839471,3.52465546005,-316.926672716,0.354048,0.495501,-1.170087,-0.598909,0
1470,001470.png,center,not_published,from_left_right,,,0,,,,
1471,001471.png,left,rejected_lane_spacing,init,2310,0.612717,0,0,0,161.461724,-2.98206305334,871.769567239,,,,,6
1471,001471.png,right,ok,tracking,2170,0.497110,2170,2170,25,15.718840,3.55312809907,-323.490126209,0.353197,0.495795,-1.170087,-0.597887,0
1471,001471.png,center,not_published,from_left_right,,,0,,,,
1472,001472.png,left,rejected_lane_spacing,init,2322,0.612717,0,0,0,161.419199,-2.97473690855,869.000506617,,,,,6
1472,001472.png,right,ok,tracking,2147,0.491329,2147,2147,25,15.719311,3.55301586862,-320.748522514,0.355089,0.497390,-1.170087,-0.601993,0
1472,001472.png,center,not_published,from_left_right,,,0,,,,
1473,001473.png,left,rejected_lane_spacing,init,2328,0.612717,0,0,0,161.421488,-2.97513047036,869.494192029,,,,,6
1473,001473.png,right,ok,tracking,2172,0.497110,2172,2172,25,15.731704,3.5500714167,-322.034069202,0.353197,0.495795,-1.170087,-0.597887,0
1473,001473.png,center,not_published,from_left_right,,,0,,,,
1474,001474.png,left,rejected_lane_spacing,init,2297,0.612717,0,0,0,161.473050,-2.98401979464,870.871904068,,,,,6
1474,001474.png,right,ok,tracking,2172,0.497110,2172,2172,25,15.763493,3.54253896013,-319.732127836,0.353578,0.497100,-1.170087,-0.597887,0
1474,001474.png,center,not_published,from_left_right,,,0,,,,
1475,001475.png,left,rejected_lane_spacing,init,2372,0.618497,0,0,0,161.327324,-2.95901870312,864.924669836,,,,,6
1475,001475.png,right,ok,tracking,2168,0.491329,2168,2168,25,15.746731,3.54650706307,-319.590132982,0.354048,0.497100,-1.170087,-0.598909,0
1475,001475.png,center,not_published,from_left_right,,,0,,,,
1476,001476.png,left,rejected_lane_spacing,init,2319,0.612717,0,0,0,161.325828,-2.9587639098,866.221775778,,,,,6
1476,001476.png,right,ok,tracking,2160,0.491329,2160,2160,25,15.646456,3.57041817148,-324.504759385,0.353197,0.498700,-1.170087,-0.597887,0
1476,001476.png,center,not_published,from_left_right,,,0,,,,
1477,001477.png,left,rejected_lane_spacing,init,2313,0.618497,0,0,0,161.338734,-2.96096252989,865.029112445,,,,,6
1477,001477.png,right,ok,tracking,2167,0.491329,2167,2167,25,15.651369,3.56923966467,-322.507165025,0.353578,0.498700,-1.170087,-0.597887,0
1477,001477.png,center,not_published,from_left_right,,,0,,,,
1478,001478.png,left,ok,init,2469,0.624277,2469,2469,25,160.730333,-2.86040543964,839.576107447,0.192381,0.332977,-0.551481,-0.371490,0
1478,001478.png,right,rejected_lane_spacing,tracking,2183,0.491329,0,0,0,15.674561,3.56368627279,-322.262439493,,,,,6
1478,001478.png,center,not_published,from_left_right,,,0,,,,
1479,001479.png,left,ok,tracking,2458,0.624277,2458,2458,25,160.731052,-2.8605206945,839.802442202,0.192381,0.332977,-0.551481,-0.371490,0
1479,001479.png,right,ok,init,2180,0.491329,2180,2180,25,15.570298,3.58877908737,-326.205119359,0.353578,0.498700,-1.170087,-0.597887,0
1479,001479.png,center,ok,from_left_right,,,25,,,,
1480,001480.png,left,rejected_lane_spacing,tracking,2439,0.624277,0,0,0,160.768106,-2.86647014132,841.443764428,,,,,6
1480,001480.png,right,ok,tracking,2163,0.491329,2163,2163,25,15.542353,3.59556043516,-326.704143181,0.354048,0.500299,-1.170087,-0.598909,0
1480,001480.png,center,not_published,from_left_right,,,0,,,,
1481,001481.png,left,rejected_lane_spacing,init,2427,0.618497,0,0,0,160.911046,-2.88962919994,847.107214195,,,,,6
1481,001481.png,right,ok,tracking,2155,0.485549,2155,2155,25,15.573880,3.5879116787,-326.090136397,0.353578,0.498984,-1.170087,-0.597887,0
1481,001481.png,center,not_published,from_left_right,,,0,,,,
1482,001482.png,left,rejected_lane_spacing,init,2370,0.618497,0,0,0,161.092436,-2.91950324436,855.223110574,,,,,6
1482,001482.png,right,ok,tracking,2176,0.485549,2176,2176,25,15.408121,3.62846826435,-333.152722391,0.353197,0.500579,-1.170087,-0.597887,0
1482,001482.png,center,not_published,from_left_right,,,0,,,,
1483,001483.png,left,rejected_lane_spacing,init,2379,0.618497,0,0,0,161.168139,-2.93213508516,857.606855414,,,,,6
1483,001483.png,right,ok,tracking,2178,0.485549,2178,2178,25,15.469602,3.61332672286,-330.526245655,0.353197,0.500299,-1.170087,-0.597887,0
1483,001483.png,center,not_published,from_left_right,,,0,,,,
1484,001484.png,left,rejected_lane_spacing,init,2333,0.612717,0,0,0,161.374427,-2.967058413,866.237266399,,,,,6
1484,001484.png,right,ok,tracking,2172,0.485549,2172,2172,25,15.406351,3.62890577925,-332.238933339,0.353197,0.500579,-1.170087,-0.596869,0
1484,001484.png,center,not_published,from_left_right,,,0,,,,
1485,001485.png,left,rejected_lane_spacing,init,2320,0.612717,0,0,0,161.430451,-2.97667227418,868.708988701,,,,,6
1485,001485.png,right,ok,tracking,2178,0.485549,2178,2178,25,15.469918,3.61324908385,-329.463109736,0.353197,0.500579,-1.170087,-0.596869,0
1485,001485.png,center,not_published,from_left_right,,,0,,,,
1486,001486.png,left,ok,init,2484,0.624277,2484,2484,25,160.492187,-2.82268957544,830.52159243,0.192381,0.331787,-0.549728,-0.371490,0
1486,001486.png,right,ok,tracking,2170,0.479769,2170,2170,25,15.418068,3.6260104951,-332.340924775,0.353197,0.500579,-1.170087,-0.597887,0
1486,001486.png,center,ok,from_left_right,,,25,,,,
1487,001487.png,left,rejected_lane_spacing,tracking,2424,0.624277,0,0,0,160.734002,-2.8609935476,841.020794276,,,,,6
1487,001487.png,right,ok,tracking,2166,0.473988,2166,2166,25,15.369302,3.63808959186,-333.573101922,0.353197,0.501898,-1.170087,-0.597887,0
1487,001487.png,center,not_published,from_left_right,,,0,,,,
1488,001488.png,left,ok,init,2569,0.624277,2569,2569,25,159.887628,-2.73080118132,809.136069246,0.191828,0.331385,-0.548855,-0.371490,0
1488,001488.png,right,ok,tracking,2167,0.479769,2167,2167,25,15.336702,3.64620615091,-336.573370757,0.352816,0.500579,-1.170087,-0.597887,0
1488,001488.png,center,ok,from_left_right,,,25,,,,
1489,001489.png,left,ok,tracking,2472,0.624277,2472,2472,25,160.556340,-2.83276224854,835.006790151,0.191828,0.331385,-0.548855,-0.371490,0
1489,001489.png,right,ok,tracking,2175,0.479769,2175,2175,25,15.379906,3.63545648304,-334.311268209,0.353197,0.500579,-1.170087,-0.597887,0
1489,001489.png,center,ok,from_left_right,,,25,,,,
1490,001490.png,left,rejected_lane_spacing,tracking,2425,0.624277,0,0,0,160.714754,-2.85791077394,842.485031148,,,,,6
1490,001490.png,right,ok,tracking,2182,0.479769,2182,2182,25,15.399320,3.63064550764,-334.642936766,0.352347,0.500299,-1.170087,-0.597887,0
1490,001490.png,center,not_published,from_left_right,,,0,,,,
1491,001491.png,left,ok,init,2573,0.630058,2573,2573,25,159.642966,-2.69510338028,800.572204692,0.191828,0.330585,-0.547985,-0.371490,0
1491,001491.png,right,ok,tracking,2192,0.479769,2192,2192,25,15.366454,3.63879725624,-335.376861565,0.352347,0.500579,-1.170087,-0.597887,0
1491,001491.png,center,ok,from_left_right,,,25,,,,
1492,001492.png,left,rejected_lane_spacing,tracking,2453,0.630058,0,0,0,160.542908,-2.83064800187,837.691431905,,,,,6
1492,001492.png,right,ok,tracking,2184,0.479769,2184,2184,25,15.273467,3.66204634385,-340.479128655,0.352347,0.500579,-1.170087,-0.597887,0
1492,001492.png,center,not_published,from_left_right,,,0,,,,
1493,001493.png,left,ok,init,2536,0.630058,2536,2536,25,159.634291,-2.69385263882,802.968331721,0.191275,0.329803,-0.547985,-0.371490,0
1493,001493.png,right,ok,tracking,2171,0.473988,2171,2171,25,15.226224,3.67396450635,-343.544379725,0.351964,0.501898,-1.170087,-0.597887,0
1493,001493.png,center,ok,from_left_right,,,25,,,,
1494,001494.png,left,rejected_lane_spacing,tracking,2469,0.630058,0,0,0,160.268040,-2.78799053052,825.943684666,,,,,6
1494,001494.png,right,ok,tracking,2204,0.473988,2204,2204,25,15.251672,3.66753573211,-340.076847524,0.352347,0.501898,-1.170087,-0.597887,0
1494,001494.png,center,not_published,from_left_right,,,0,,,,
1495,001495.png,left,ok,init,2451,0.630058,2451,2451,25,160.268007,-2.78798544925,825.216087601,0.191275,0.330187,-0.547117,-0.371490,0
1495,001495.png,right,ok,tracking,2199,0.473988,2199,2199,25,15.240733,3.67029662587,-339.491848615,0.352347,0.502173,-1.170087,-0.597887,0
1495,001495.png,center,ok,from_left_right,,,25,,,,
1496,001496.png,left,rejected_lane_spacing,tracking,2425,0.635838,0,0,0,160.353712,-2.80116319235,830.78656999,,,,,6
1496,001496.png,right,ok,tracking,2176,0.468208,2176,2176,25,15.156429,3.69170488665,-344.894645323,0.352347,0.502173,-1.170087,-0.597887,0
1496,001496.png,center,not_published,from_left_right,,,0,,,,
1497,001497.png,left,ok,init,4309,0.635838,4309,4309,25,147.000378,-1.53988720041,496.18383353,0.191275,0.329406,-0.546252,-0.371490,0
1497,001497.png,right,ok,tracking,2193,0.473988,2193,2193,25,15.150613,3.69319024237,-344.762441819,0.352347,0.502173,-1.170087,-0.597887,0
1497,001497.png,center,ok,from_left_right,,,25,,,,
1498,001498.png,left,rejected_side_geometry,tracking,819,0.127168,0,0,0,168.462711,-4.89883556397,1152.71182726,,,,,6
1498,001498.png,right,ok,tracking,2192,0.473988,2192,2192,25,15.048424,3.71947381054,-349.882258707,0.352347,0.503497,-1.170087,-0.597887,0
1498,001498.png,center,not_published,from_left_right,,,0,,,,
1499,001499.png,left,ok,init,2581,0.641618,2581,2581,25,159.438556,-2.66590259482,794.732415597,0.190723,0.329010,-0.546252,-0.371490,0
1499,001499.png,right,ok,tracking,2196,0.468208,2196,2196,25,15.064636,3.71528079982,-346.778409315,0.352816,0.503768,-1.170087,-0.597887,0
1499,001499.png,center,ok,from_left_right,,,25,,,,
1500,001500.png,left,ok,tracking,2479,0.635838,2479,2479,25,159.891004,-2.7312995589,813.671623047,0.190723,0.328615,-0.546252,-0.371490,0
1500,001500.png,right,ok,tracking,2190,0.468208,2190,2190,25,14.940839,3.74752455489,-353.973044162,0.352347,0.505096,-1.170087,-0.597887,0
1500,001500.png,center,ok,from_left_right,,,25,,,,
1501,001501.png,left,ok,tracking,2447,0.635838,2447,2447,25,160.151867,-2.77030253508,823.863009669,0.190723,0.327836,-0.545389,-0.371490,0
1501,001501.png,right,ok,tracking,2169,0.462428,2169,2169,25,14.973446,3.73898139679,-353.356258318,0.351964,0.503768,-1.170087,-0.597887,0
1501,001501.png,center,ok,from_left_right,,,25,,,,
1502,001502.png,left,rejected_lane_spacing,tracking,2490,0.635838,0,0,0,160.175186,-2.77383696044,824.682315242,,,,,6
1502,001502.png,right,ok,tracking,2177,0.468208,2177,2177,25,14.907438,3.75631370338,-355.720193128,0.351964,0.505096,-1.170087,-0.597887,0
1502,001502.png,center,not_published,from_left_right,,,0,,,,
1503,001503.png,left,ok,init,2661,0.641618,2661,2661,25,158.705522,-2.56559793235,773.302191594,0.190170,0.327058,-0.544528,-0.371490,0
1503,001503.png,right,ok,tracking,2174,0.462428,2174,2174,25,14.875244,3.76482186652,-359.139393824,0.352433,0.505096,-1.170087,-0.599934,0
1503,001503.png,center,ok,from_left_right,,,25,,,,
1504,001504.png,left,ok,tracking,2522,0.641618,2522,2522,25,159.562735,-2.68357537892,803.842739171,0.190170,0.327443,-0.544528,-0.371490,0
1504,001504.png,right,ok,tracking,2184,0.462428,2184,2184,25,14.738808,3.80128162159,-363.960520038,0.352347,0.506696,-1.170087,-0.597887,0
1504,001504.png,center,ok,from_left_right,,,25,,,,
1505,001505.png,left,rejected_lane_spacing,tracking,2512,0.641618,2512,0,0,159.774957,-2.71425888683,812.513590407,0.190170,0.327052,-0.543671,-0.371490,6
1505,001505.png,right,rejected_lane_spacing,tracking,2191,0.456647,2191,0,0,14.771408,3.79251008496,-364.307757983,0.351496,0.505096,-1.170087,-0.597887,6
1505,001505.png,center,not_published,from_left_right,,,0,,,,
1506,001506.png,left,ok,init,4307,0.653179,4307,4307,25,145.690028,-1.46539726884,480.420636831,0.189064,0.326275,-0.542815,-0.371490,0
1506,001506.png,right,ok,init,2194,0.456647,2194,2194,25,14.703745,3.8107584324,-368.792344875,0.351111,0.505096,-1.170087,-0.597887,0
1506,001506.png,center,ok,from_left_right,,,25,,,,
1507,001507.png,left,ok,tracking,504,0.109827,504,504,25,166.692840,-4.227937663,1014.02145429,0.265455,0.297503,-0.478127,-0.431171,0
1507,001507.png,right,ok,tracking,2194,0.456647,2194,2194,25,14.648905,3.82566950321,-369.963172274,0.351496,0.506696,-1.170087,-0.597887,0
1507,001507.png,center,ok,from_left_right,,,25,,,,
1508,001508.png,left,rejected_side_geometry,tracking,1322,0.167630,0,0,0,169.690215,-5.49730761941,1261.46524427,,,,,6
1508,001508.png,right,ok,tracking,2162,0.456647,2162,2162,25,14.645692,3.82654648694,-373.13062381,0.351111,0.505096,-1.170087,-0.597887,0
1508,001508.png,center,not_published,from_left_right,,,0,,,,
1509,001509.png,left,ok,init,4254,0.658960,4254,4254,25,145.029899,-1.4297353415,472.333273346,0.188511,0.325497,-0.541112,-0.371490,0
1509,001509.png,right,ok,tracking,2192,0.450867,2192,2192,25,14.506935,3.86478331033,-378.723308422,0.351111,0.506696,-1.170087,-0.597887,0
1509,001509.png,center,ok,from_left_right,,,25,,,,
1510,001510.png,left,rejected_side_geometry,tracking,767,0.127168,0,0,0,168.823132,-5.06109216709,1182.84427583,,,,,6
1510,001510.png,right,ok,tracking,2185,0.450867,2185,2185,25,14.393460,3.89658940849,-384.372792352,0.351111,0.506957,-1.170087,-0.597887,0
1510,001510.png,center,not_published,from_left_right,,,0,,,,
1511,001511.png,left,ok,init,2691,0.670520,2691,2691,25,157.059257,-2.36264313457,724.806586896,0.187958,0.325111,-0.540264,-0.371490,0
1511,001511.png,right,ok,tracking,2194,0.450867,2194,2194,25,14.338462,3.91218188937,-386.94546938,0.351111,0.508295,-1.170087,-0.597887,0
1511,001511.png,center,ok,from_left_right,,,25,,,,
1512,001512.png,left,ok,tracking,2520,0.658960,2520,2520,25,158.670569,-2.56097960394,775.096267213,0.188511,0.325111,-0.539418,-0.371490,0
1512,001512.png,right,ok,tracking,2198,0.450867,2198,2198,25,14.431387,3.88590424581,-381.144554568,0.351111,0.506957,-1.170087,-0.597887,0
1512,001512.png,center,ok,from_left_right,,,25,,,,
1513,001513.png,left,ok,tracking,2497,0.658960,2497,2497,25,158.895666,-2.59097704563,785.292236335,0.187958,0.324340,-0.538575,-0.371490,0
1513,001513.png,right,ok,tracking,2167,0.445087,2167,2167,25,14.322828,3.91663593695,-390.114058084,0.351111,0.506696,-1.170087,-0.597887,0
1513,001513.png,center,ok,from_left_right,,,25,,,,
1514,001514.png,left,rejected_lane_spacing,tracking,2429,0.658960,0,0,0,159.203894,-2.63305767865,795.480347113,,,,,6
1514,001514.png,right,ok,tracking,2176,0.445087,2176,2176,25,14.134417,3.97106964093,-398.323596412,0.351111,0.509894,-1.170087,-0.597887,0
1514,001514.png,center,not_published,from_left_right,,,0,,,,
1515,001515.png,left,ok,init,4159,0.670520,4159,4159,25,144.552947,-1.40469222723,466.412620741,0.187958,0.323959,-0.537734,-0.371490,0
1515,001515.png,right,ok,tracking,2196,0.439306,2196,2196,25,14.041734,3.99837153214,-403.413790108,0.351111,0.510146,-1.170087,-0.597887,0
1515,001515.png,center,ok,from_left_right,,,25,,,,
1516,001516.png,left,insufficient_row_coverage,tracking,296,0.046243,0,0,0,0.000000,0,0,,,,,1
1516,001516.png,right,ok,tracking,2168,0.433526,2168,2168,25,13.913508,4.03673115854,-412.437129862,0.351111,0.510146,-1.170087,-0.597887,0
1516,001516.png,center,not_published,from_left_right,,,0,,,,
1517,001517.png,left,insufficient_row_coverage,tracking,287,0.046243,0,0,0,0.000000,0,0,,,,,2
1517,001517.png,right,ok,tracking,2169,0.439306,2169,2169,25,13.923365,4.03375772153,-413.514420976,0.350726,0.509894,-1.170087,-0.597887,0
1517,001517.png,center,not_published,from_left_right,,,0,,,,
1518,001518.png,left,ok,tracking,880,0.127168,880,880,25,166.915940,-4.30266596095,1022.33892691,0.266333,0.314463,-0.509747,-0.431734,0
1518,001518.png,right,ok,tracking,2162,0.433526,2162,2162,25,13.826966,4.06301481453,-420.440016083,0.350259,0.509894,-1.170087,-0.597887,0
1518,001518.png,center,ok,from_left_right,,,25,,,,
1519,001519.png,left,rejected_side_geometry,tracking,1283,0.167630,0,0,0,169.600542,-5.4488617413,1242.12456784,,,,,6
1519,001519.png,right,ok,tracking,2170,0.427746,2170,2170,25,13.641736,4.12036996716,-430.384309771,0.350259,0.510146,-1.170087,-0.597887,0
1519,001519.png,center,not_published,from_left_right,,,0,,,,
1520,001520.png,left,ok,init,4083,0.682081,4083,4083,25,143.464253,-1.34966057822,454.218520193,0.186852,0.321676,-0.534395,-0.371490,0
1520,001520.png,right,ok,tracking,2148,0.421965,2148,2148,25,13.552425,4.14857381535,-437.764502005,0.350259,0.510146,-1.170087,-0.597887,0
1520,001520.png,center,ok,from_left_right,,,25,,,,
1521,001521.png,left,ok,tracking,883,0.127168,883,883,25,166.529495,-4.1747661766,994.265184533,0.266086,0.314111,-0.508986,-0.431171,0
1521,001521.png,right,ok,tracking,2146,0.421965,2146,2146,25,13.379530,4.20422281582,-448.216209779,0.350259,0.510146,-1.170087,-0.597887,0
1521,001521.png,center,ok,from_left_right,,,25,,,,
1522,001522.png,left,rejected_side_geometry,tracking,1309,0.173410,0,0,0,168.956584,-5.12382188038,1174.2669821,,,,,6
1522,001522.png,right,ok,tracking,2144,0.416185,2144,2144,25,13.235112,4.25180007111,-457.54885488,0.350259,0.510146,-1.170087,-0.597887,0
1522,001522.png,center,not_published,from_left_right,,,0,,,,
1523,001523.png,left,ok,init,2734,0.676301,2734,2734,25,155.414644,-2.18566515371,683.280914279,0.186299,0.320537,-0.532740,-0.371490,0
1523,001523.png,right,ok,tracking,2138,0.416185,2138,2138,25,13.145214,4.28193452628,-465.321704387,0.350259,0.510146,-1.170087,-0.597887,0
1523,001523.png,center,ok,from_left_right,,,25,,,,
1524,001524.png,left,ok,tracking,2503,0.676301,2503,2503,25,157.331040,-2.39421944387,738.790760836,0.186299,0.319805,-0.531915,-0.371490,0
1524,001524.png,right,ok,tracking,2129,0.416185,2129,2129,25,13.080314,4.30394221134,-470.061113111,0.350259,0.510146,-1.170087,-0.597887,0
1524,001524.png,center,ok,from_left_right,,,25,,,,
1525,001525.png,left,rejected_lane_spacing,tracking,2462,0.676301,0,0,0,157.830109,-2.45411085954,757.406603654,,,,,6
1525,001525.png,right,ok,tracking,2150,0.416185,2150,2150,25,12.955766,4.34678367149,-481.411754567,0.349407,0.510146,-1.170087,-0.597887,0
1525,001525.png,center,not_published,from_left_right,,,0,,,,
1526,001526.png,left,ok,init,2705,0.682081,2705,2705,25,154.625016,-2.1083703977,664.928537593,0.185746,0.318695,-0.530274,-0.371490,0
1526,001526.png,right,ok,tracking,2124,0.410405,2124,2124,25,12.882367,4.37241250185,-485.844272576,0.349407,0.510146,-1.170087,-0.597887,0
1526,001526.png,center,ok,from_left_right,,,25,,,,
1527,001527.png,left,rejected_lane_spacing,tracking,2545,0.682081,2545,0,0,156.662317,-2.31777674137,722.262251876,0.185193,0.318308,-0.529457,-0.371490,6
1527,001527.png,right,rejected_lane_spacing,tracking,2139,0.416185,2139,0,0,12.798734,4.40196656799,-494.83208643,0.348555,0.510146,-1.170087,-0.597887,6
1527,001527.png,center,not_published,from_left_right,,,0,,,,
1528,001528.png,left,ok,init,2789,0.693642,2789,2789,25,153.576433,-2.01240813438,642.282428049,0.184640,0.317208,-0.527829,-0.371490,0
1528,001528.png,right,insufficient_row_coverage,init,165,0.028902,0,0,0,0.000000,0,0,,,,,7
1528,001528.png,center,not_published,from_left_right,,,0,,,,
1529,001529.png,left,rejected_lane_spacing,tracking,2519,0.687861,2519,0,0,156.094294,-2.25602168536,707.809412599,0.184640,0.316843,-0.527018,-0.371490,6
1529,001529.png,right,rejected_lane_spacing,init,2135,0.404624,2135,0,0,12.582065,4.48033021237,-513.33179713,0.348555,0.510146,-1.170087,-0.598909,6
1529,001529.png,center,not_published,from_left_right,,,0,,,,
1530,001530.png,left,ok,init,3947,0.699422,3947,3947,25,140.296809,-1.20436935282,420.18482204,0.184087,0.316820,-0.526210,-0.371490,0
1530,001530.png,right,rejected_side_geometry,init,2120,0.404624,0,0,0,12.512225,4.50615837748,-518.845260602,,,,,6
1530,001530.png,center,not_published,from_left_right,,,0,,,,
1531,001531.png,left,ok,tracking,835,0.115607,835,835,25,166.564696,-4.18611754376,992.745129736,0.265348,0.309877,-0.502975,-0.429488,0
1531,001531.png,right,rejected_side_geometry,init,2108,0.398844,0,0,0,12.402740,4.54722399651,-527.455601022,,,,,6
1531,001531.png,center,not_published,from_left_right,,,0,,,,
1532,001532.png,left,insufficient_row_coverage,tracking,360,0.040462,0,0,0,0.000000,0,0,,,,,1
1532,001532.png,right,insufficient_row_coverage,init,168,0.028902,0,0,0,0.000000,0,0,,,,,7
1532,001532.png,center,not_published,from_left_right,,,0,,,,
1533,001533.png,left,rejected_side_geometry,tracking,1180,0.156069,0,0,0,169.185917,-5.23519248066,1194.63042101,,,,,6
1533,001533.png,right,insufficient_row_coverage,init,124,0.028902,0,0,0,0.000000,0,0,,,,,8
1533,001533.png,center,not_published,from_left_right,,,0,,,,
1534,001534.png,left,ok,init,2810,0.705202,2810,2810,25,151.500791,-1.84183151684,599.185370845,0.182981,0.314288,-0.523000,-0.371490,0
1534,001534.png,right,rejected_side_geometry,init,2110,0.398844,0,0,0,12.310680,4.58231016693,-541.454008857,,,,,6
1534,001534.png,center,not_published,from_left_right,,,0,,,,
1535,001535.png,left,ok,tracking,2552,0.710983,2552,2552,25,154.354552,-2.08291935168,665.800437765,0.182428,0.313573,-0.521409,-0.371490,0
1535,001535.png,right,insufficient_row_coverage,init,117,0.023121,0,0,0,0.000000,0,0,,,,,7
1535,001535.png,center,not_published,from_left_right,,,0,,,,
1536,001536.png,left,ok,tracking,2400,0.710983,2400,2400,25,155.558882,-2.20028917378,698.045966753,0.181875,0.312862,-0.520616,-0.371490,0
1536,001536.png,right,insufficient_row_coverage,init,287,0.040462,0,0,0,0.000000,0,0,,,,,8
1536,001536.png,center,not_published,from_left_right,,,0,,,,
1537,001537.png,left,ok,tracking,2321,0.705202,2321,2321,25,156.098252,-2.25644245476,713.009090278,0.181875,0.312508,-0.519038,-0.371490,0
1537,001537.png,right,rejected_side_geometry,init,2114,0.398844,0,0,0,12.137404,4.64977115059,-557.772382189,,,,,6
1537,001537.png,center,not_published,from_left_right,,,0,,,,
1538,001538.png,left,ok,tracking,2279,0.699422,2279,2279,25,156.296666,-2.27770351857,719.260053806,0.181875,0.311453,-0.518252,-0.371490,0
1538,001538.png,right,insufficient_row_coverage,init,172,0.028902,0,0,0,0.000000,0,0,,,,,7
1538,001538.png,center,not_published,from_left_right,,,0,,,,
1539,001539.png,left,ok,tracking,2228,0.699422,2228,2228,25,156.328873,-2.28118629373,719.643333993,0.181875,0.311453,-0.517468,-0.371490,0
1539,001539.png,right,insufficient_row_coverage,init,246,0.034682,0,0,0,0.000000,0,0,,,,,8
1539,001539.png,center,not_published,from_left_right,,,0,,,,
1540,001540.png,left,ok,tracking,2224,0.705202,2224,2224,25,156.101673,-2.25680621233,713.907747287,0.181322,0.310792,-0.515907,-0.371490,0
1540,001540.png,right,insufficient_row_coverage,init,162,0.034682,0,0,0,0.000000,0,0,,,,,9
1540,001540.png,center,not_published,from_left_right,,,0,,,,
1541,001541.png,left,ok,tracking,2218,0.705202,2218,2218,25,155.963160,-2.24215579717,710.137356004,0.181322,0.310406,-0.515129,-0.371490,0
1541,001541.png,right,rejected_side_geometry,init,2115,0.393064,0,0,0,12.006606,4.70196429348,-572.166149175,,,,,6
1541,001541.png,center,not_published,from_left_right,,,0,,,,
1542,001542.png,left,ok,tracking,2189,0.699422,2189,2189,25,155.868054,-2.23218810331,707.261289109,0.181322,0.309367,-0.512810,-0.371490,0
1542,001542.png,right,rejected_side_geometry,init,2110,0.387283,0,0,0,11.999904,4.70466879189,-575.184523606,,,,,6
1542,001542.png,center,not_published,from_left_right,,,0,,,,
1543,001543.png,left,ok,tracking,2177,0.705202,2177,2177,25,155.792919,-2.22436560026,703.979486112,0.181322,0.308723,-0.512041,-0.371490,0
1543,001543.png,right,rejected_side_geometry,init,2108,0.393064,0,0,0,12.067502,4.67752610373,-570.969581212,,,,,6
1543,001543.png,center,not_published,from_left_right,,,0,,,,
1544,001544.png,left,ok,tracking,2182,0.705202,2182,2182,25,155.542578,-2.19862799256,697.109168324,0.180769,0.308337,-0.511274,-0.371490,0
1544,001544.png,right,rejected_side_geometry,init,2104,0.393064,0,0,0,12.032640,4.69148674503,-575.350255896,,,,,6
1544,001544.png,center,not_published,from_left_right,,,0,,,,
1545,001545.png,left,ok,tracking,2204,0.716763,2204,2204,25,155.169614,-2.16118746396,687.581521595,0.180216,0.308767,-0.510509,-0.371490,0
1545,001545.png,right,rejected_side_geometry,init,2115,0.387283,0,0,0,11.986261,4.71018351465,-581.702930071,,,,,6
1545,001545.png,center,not_published,from_left_right,,,0,,,,
1546,001546.png,left,ok,tracking,2173,0.716763,2173,2173,25,155.105367,-2.15484411924,684.79445198,0.179663,0.306927,-0.508228,-0.371490,0
1546,001546.png,right,insufficient_row_coverage,init,297,0.040462,0,0,0,0.000000,0,0,,,,,7
1546,001546.png,center,not_published,from_left_right,,,0,,,,
1547,001547.png,left,ok,tracking,2147,0.710983,2147,2147,25,155.048861,-2.14929036429,681.8939249,0.180216,0.306301,-0.506717,-0.371490,0
1547,001547.png,right,rejected_side_geometry,init,2126,0.387283,0,0,0,12.051231,4.68403196214,-577.645333817,,,,,6
1547,001547.png,center,not_published,from_left_right,,,0,,,,
1548,001548.png,left,ok,tracking,2110,0.699422,2110,2110,25,154.916559,-2.13637851235,677.180642956,0.181322,0.305630,-0.505964,-0.371490,0
1548,001548.png,right,rejected_side_geometry,init,2118,0.398844,0,0,0,12.100886,4.66423123378,-576.0427557,,,,,6
1548,001548.png,center,not_published,from_left_right,,,0,,,,
1549,001549.png,left,ok,tracking,2104,0.699422,2104,2104,25,154.884208,-2.13324062062,675.32997639,0.181322,0.304908,-0.505214,-0.371490,0
1549,001549.png,right,rejected_side_geometry,init,2122,0.398844,0,0,0,12.153277,4.64351260564,-571.886581972,,,,,6
1549,001549.png,center,not_published,from_left_right,,,0,,,,
1550,001550.png,left,ok,tracking,2087,0.699422,2087,2087,25,154.732912,-2.11866540825,670.338760168,0.181322,0.303911,-0.502975,-0.371490,0
1550,001550.png,right,rejected_side_geometry,init,2132,0.398844,0,0,0,12.101038,4.66417084703,-577.934300714,,,,,6
1550,001550.png,center,not_published,from_left_right,,,0,,,,
1551,001551.png,left,ok,tracking,2045,0.693642,2045,2045,25,154.644643,-2.1102369966,666.218034035,0.181875,0.303308,-0.500754,-0.371490,0
1551,001551.png,right,rejected_side_geometry,init,2118,0.398844,0,0,0,12.146267,4.64627455134,-574.214983709,,,,,6
1551,001551.png,center,not_published,from_left_right,,,0,,,,
1552,001552.png,left,ok,tracking,2042,0.687861,2042,2042,25,154.575001,-2.10362579904,662.34046621,0.182428,0.303366,-0.500018,-0.371490,0
1552,001552.png,right,rejected_side_geometry,init,2126,0.398844,0,0,0,12.207629,4.62220343106,-569.889252903,,,,,6
1552,001552.png,center,not_published,from_left_right,,,0,,,,
1553,001553.png,left,ok,tracking,2032,0.682081,2032,2032,25,154.530870,-2.0994539265,659.574131811,0.182981,0.301940,-0.498551,-0.371490,0
1553,001553.png,right,insufficient_row_coverage,init,149,0.034682,0,0,0,0.000000,0,0,,,,,7
1553,001553.png,center,not_published,from_left_right,,,0,,,,
1554,001554.png,left,ok,tracking,2009,0.676301,2009,2009,25,154.561982,-2.10239364194,657.85451015,0.183534,0.301290,-0.496365,-0.371490,0
1554,001554.png,right,rejected_side_geometry,init,2132,0.410405,0,0,0,12.473281,4.52068391656,-554.09893234,,,,,6
1554,001554.png,center,not_published,from_left_right,,,0,,,,
1555,001555.png,left,ok,tracking,1982,0.676301,1982,1982,25,154.498770,-2.09642775731,653.579438687,0.184087,0.301476,-0.494918,-0.371490,0
1555,001555.png,right,insufficient_row_coverage,init,373,0.034682,0,0,0,0.000000,0,0,,,,,7
1555,001555.png,center,not_published,from_left_right,,,0,,,,
1556,001556.png,left,ok,tracking,2026,0.687861,2026,2026,25,154.025594,-2.05263050264,639.391530297,0.184640,0.306549,-0.494197,-0.371490,0
1556,001556.png,right,rejected_side_geometry,init,2137,0.404624,0,0,0,12.422460,4.53977468469,-557.02378334,,,,,6
1556,001556.png,center,not_published,from_left_right,,,0,,,,
1557,001557.png,left,ok,tracking,1982,0.664740,1982,1982,25,154.250104,-2.07322417341,642.987690464,0.185193,0.299680,-0.492761,-0.371490,0
1557,001557.png,right,insufficient_row_coverage,init,192,0.034682,0,0,0,0.000000,0,0,,,,,7
1557,001557.png,center,not_published,from_left_right,,,0,,,,
1558,001558.png,left,ok,tracking,2012,0.670520,2012,2012,25,153.726328,-2.02568913892,627.798811901,0.186299,0.303862,-0.489911,-0.371490,0
1558,001558.png,right,insufficient_row_coverage,init,165,0.034682,0,0,0,0.000000,0,0,,,,,8
1558,001558.png,center,not_published,from_left_right,,,0,,,,
1559,001559.png,left,ok,tracking,1923,0.641618,1923,1923,25,154.547735,-2.10104664625,642.098550678,0.187958,0.298860,-0.488498,-0.371490,0
1559,001559.png,right,insufficient_row_coverage,init,266,0.034682,0,0,0,0.000000,0,0,,,,,9
1559,001559.png,center,not_published,from_left_right,,,0,,,,
1560,001560.png,left,ok,tracking,1906,0.630058,1906,1906,25,154.646728,-2.11043547999,642.544794186,0.188511,0.298160,-0.487794,-0.371490,0
1560,001560.png,right,insufficient_row_coverage,init,166,0.028902,0,0,0,0.000000,0,0,,,,,10
1560,001560.png,center,not_published,from_left_right,,,0,,,,
1561,001561.png,left,ok,tracking,1864,0.624277,1864,1864,25,154.776728,-2.12286965824,642.183193266,0.189617,0.297845,-0.485693,-0.371490,0
1561,001561.png,right,ok,init,2141,0.416185,2141,2141,25,12.625985,4.46423177815,-541.680938307,0.345209,0.505096,-1.170087,-0.599934,0
1561,001561.png,center,ok,from_left_right,,,25,,,,
1562,001562.png,left,ok,tracking,1836,0.606936,1836,1836,25,155.187680,-2.16297675523,647.059086685,0.191275,0.297290,-0.483608,-0.371490,0
1562,001562.png,right,ok,tracking,2133,0.416185,2133,2133,25,12.722967,4.42907110258,-533.603331396,0.345209,0.505096,-1.170087,-0.599934,0
1562,001562.png,center,ok,from_left_right,,,25,,,,
1563,001563.png,left,ok,tracking,1808,0.589595,1808,1808,25,155.434932,-2.18771243672,648.636039724,0.192934,0.296668,-0.482227,-0.371490,0
1563,001563.png,right,ok,tracking,2161,0.421965,2161,2161,25,12.947299,4.34972548033,-518.528211117,0.345209,0.503497,-1.170087,-0.599934,0
1563,001563.png,center,ok,from_left_right,,,25,,,,
1564,001564.png,left,ok,tracking,1784,0.578035,1784,1784,25,155.476802,-2.19194750272,646.495376971,0.194040,0.295740,-0.480169,-0.371490,0
1564,001564.png,right,ok,tracking,2152,0.427746,2152,2152,25,13.097319,4.29815503652,-510.413698534,0.344813,0.500579,-1.170087,-0.599934,0
1564,001564.png,center,ok,from_left_right,,,25,,,,
1565,001565.png,left,ok,tracking,1768,0.572254,1768,1768,25,155.355351,-2.17970015457,640.932990122,0.194593,0.294820,-0.478127,-0.371490,0
1565,001565.png,right,ok,tracking,2134,0.427746,2134,2134,25,13.134913,4.28541309699,-510.519639888,0.344354,0.500299,-1.170087,-0.599934,0
1565,001565.png,center,ok,from_left_right,,,25,,,,
1566,001566.png,left,ok,tracking,1775,0.566474,1775,1775,25,155.305324,-2.17468814663,636.991856301,0.195146,0.294437,-0.477450,-0.371490,0
1566,001566.png,right,ok,tracking,2148,0.433526,2148,2148,25,13.282759,4.23599079605,-501.120409922,0.344354,0.498700,-1.170087,-0.599934,0
1566,001566.png,center,ok,from_left_right,,,25,,,,
1567,001567.png,left,ok,tracking,1840,0.583815,1840,1840,25,154.244163,-2.07267489842,613.544779884,0.194040,0.294142,-0.476775,-0.371490,0
1567,001567.png,right,ok,tracking,2140,0.433526,2140,2140,25,13.325352,4.22195260534,-505.19068517,0.343100,0.494201,-1.170087,-0.600962,0
1567,001567.png,center,ok,from_left_right,,,25,,,,
1568,001568.png,left,ok,tracking,1802,0.572254,1802,1802,25,154.469279,-2.09365389026,615.978496992,0.195146,0.291934,-0.475429,-0.371490,0
1568,001568.png,right,ok,tracking,2148,0.439306,2148,2148,25,13.458256,4.17870960931,-498.640979221,0.342244,0.492606,-1.170087,-0.600962,0
1568,001568.png,center,ok,from_left_right,,,25,,,,
1569,001569.png,left,ok,tracking,2239,0.583815,2239,2239,25,154.846227,-2.12956631466,622.790233265,0.195699,0.319481,-0.522203,-0.371490,0
1569,001569.png,right,ok,tracking,2141,0.445087,2141,2141,25,13.663440,4.11357047306,-484.722359699,0.342700,0.491012,-1.170087,-0.600962,0
1569,001569.png,center,ok,from_left_right,,,25,,,,
1570,001570.png,left,ok,tracking,2185,0.572254,2185,2185,25,154.942273,-2.13887802898,624.387543328,0.196252,0.318730,-0.522203,-0.371490,0
1570,001570.png,right,ok,tracking,2142,0.450867,2142,2142,25,13.860820,4.05269481174,-475.561472501,0.342244,0.489104,-1.170087,-0.600962,0
1570,001570.png,center,ok,from_left_right,,,25,,,,
1571,001571.png,left,ok,tracking,2251,0.572254,2251,2251,25,155.433667,-2.18758466079,633.954692274,0.196805,0.319114,-0.522203,-0.371490,0
1571,001571.png,right,ok,tracking,2140,0.450867,2140,2140,25,13.857709,4.05364104692,-471.888483181,0.342700,0.489417,-1.170087,-0.600962,0
1571,001571.png,center,ok,from_left_right,,,25,,,,
1572,001572.png,left,ok,tracking,2199,0.566474,2199,2199,25,155.425653,-2.18677567608,633.208301842,0.197358,0.319849,-0.523000,-0.371490,0
1572,001572.png,right,ok,tracking,2141,0.450867,2141,2141,25,13.825028,4.06360699859,-473.939586511,0.342700,0.489417,-1.170087,-0.600962,0
1572,001572.png,center,ok,from_left_right,,,25,,,,
1573,001573.png,left,ok,tracking,2141,0.560694,2141,2141,25,155.583312,-2.20278217799,637.499133145,0.197358,0.318364,-0.521409,-0.371490,0
1573,001573.png,right,ok,tracking,2130,0.450867,2130,2130,25,13.973400,4.01872816112,-468.142303346,0.342244,0.487505,-1.170087,-0.600962,0
1573,001573.png,center,ok,from_left_right,,,25,,,,
1574,001574.png,left,ok,tracking,2199,0.554913,2199,2199,25,156.236629,-2.27123490979,649.816805542,0.198464,0.319481,-0.522203,-0.371490,0
1574,001574.png,right,ok,tracking,2151,0.462428,2151,2151,25,14.189328,3.95505903061,-451.716166798,0.343100,0.487505,-1.170087,-0.600962,0
1574,001574.png,center,ok,from_left_right,,,25,,,,
1575,001575.png,left,ok,tracking,2155,0.549133,2155,2155,25,156.515049,-2.30149548969,654.39778615,0.199570,0.319849,-0.523000,-0.371490,0
1575,001575.png,right,ok,tracking,2149,0.468208,2149,2149,25,14.429536,3.88642436458,-437.846275902,0.343100,0.484634,-1.170087,-0.600962,0
1575,001575.png,center,ok,from_left_right,,,25,,,,
1576,001576.png,left,ok,tracking,2191,0.543353,2191,2191,25,156.564240,-2.30691229302,655.229968383,0.199570,0.320231,-0.522203,-0.371490,0
1576,001576.png,right,ok,tracking,2160,0.468208,2160,2160,25,14.382613,3.89965545555,-440.609915096,0.342700,0.485906,-1.170087,-0.600962,0
1576,001576.png,center,ok,from_left_right,,,25,,,,
1577,001577.png,left,ok,tracking,2149,0.537572,2149,2149,25,156.824443,-2.33592650216,660.041698384,0.200676,0.320231,-0.522203,-0.371490,0
1577,001577.png,right,ok,tracking,2135,0.468208,2135,2135,25,14.531610,3.85793133423,-431.317410011,0.343100,0.484307,-1.170087,-0.600962,0
1577,001577.png,center,ok,from_left_right,,,25,,,,
1578,001578.png,left,ok,tracking,2095,0.526012,2095,2095,25,157.068195,-2.36367037844,663.87674957,0.201782,0.319114,-0.521409,-0.371490,0
1578,001578.png,right,ok,tracking,2158,0.479769,2158,2158,25,14.742375,3.80032023272,-420.034042437,0.343100,0.482707,-1.170087,-0.600962,0
1578,001578.png,center,ok,from_left_right,,,25,,,,
1579,001579.png,left,ok,tracking,1684,0.502890,1684,1684,25,157.206575,-2.37967037322,664.0216757,0.202335,0.292482,-0.472094,-0.371490,0
1579,001579.png,right,ok,tracking,2155,0.485549,2155,2155,25,14.853341,3.77063088714,-412.152190672,0.343100,0.482707,-1.170087,-0.600962,0
1579,001579.png,center,ok,from_left_right,,,25,,,,
1580,001580.png,left,ok,tracking,1694,0.502890,1694,1694,25,157.045710,-2.36108773885,659.218353214,0.202335,0.292184,-0.472094,-0.371490,0
1580,001580.png,right,ok,tracking,2157,0.485549,2157,2157,25,14.935987,3.74879904169,-409.438892735,0.343100,0.481108,-1.170087,-0.600962,0
1580,001580.png,center,ok,from_left_right,,,25,,,,
1581,001581.png,left,ok,tracking,1690,0.497110,1690,1690,25,157.076137,-2.36458365376,659.011891031,0.202888,0.292101,-0.471432,-0.371490,0
1581,001581.png,right,ok,tracking,2162,0.491329,2162,2162,25,14.974018,3.73883188178,-407.1178515,0.343100,0.481108,-1.170087,-0.600962,0
1581,001581.png,center,ok,from_left_right,,,25,,,,
1582,001582.png,left,ok,tracking,1696,0.497110,1696,1696,25,157.098446,-2.36715246212,658.756025452,0.202888,0.292101,-0.471432,-0.371490,0
1582,001582.png,right,ok,tracking,2167,0.491329,2167,2167,25,15.104291,3.70506145566,-401.431525947,0.342700,0.479509,-1.170087,-0.600962,0
1582,001582.png,center,ok,from_left_right,,,25,,,,
1583,001583.png,left,ok,tracking,2029,0.508671,2029,2029,25,157.568567,-2.42240896967,673.472962222,0.202888,0.318038,-0.517468,-0.371490,0
1583,001583.png,right,ok,tracking,2176,0.491329,2176,2176,25,15.186266,3.68410136196,-399.818183605,0.342244,0.477910,-1.170087,-0.600962,0
1583,001583.png,center,ok,from_left_right,,,25,,,,
1584,001584.png,left,ok,tracking,1681,0.479769,1681,1681,25,157.621724,-2.42879530008,672.472331801,0.203993,0.292018,-0.471432,-0.371490,0
1584,001584.png,right,ok,tracking,2172,0.497110,2172,2172,25,15.339820,3.64542825819,-390.313232773,0.342244,0.476311,-1.170087,-0.600962,0
1584,001584.png,center,ok,from_left_right,,,25,,,,
1585,001585.png,left,ok,tracking,1683,0.485549,1683,1683,25,157.768122,-2.44653330554,675.19082045,0.203993,0.292184,-0.472094,-0.371490,0
1585,001585.png,right,ok,tracking,2163,0.502890,2163,2163,25,15.591162,3.58373159169,-378.545407752,0.342244,0.474711,-1.170087,-0.600962,0
1585,001585.png,center,ok,from_left_right,,,25,,,,
1586,001586.png,left,ok,tracking,1688,0.479769,1688,1688,25,157.768565,-2.44658734553,675.332548286,0.204546,0.292101,-0.472094,-0.371490,0
1586,001586.png,right,ok,tracking,2156,0.502890,2156,2156,25,15.655270,3.56830442094,-375.495935705,0.342244,0.473112,-1.170087,-0.600962,0
1586,001586.png,center,ok,from_left_right,,,25,,,,
1587,001587.png,left,ok,tracking,1689,0.473988,1689,1689,25,158.034826,-2.47942484481,681.218259778,0.205099,0.292700,-0.472094,-0.371490,0
1587,001587.png,right,ok,tracking,2169,0.502890,2169,2169,25,15.685475,3.56107862288,-370.350032945,0.343100,0.474711,-1.170087,-0.600962,0
1587,001587.png,center,ok,from_left_right,,,25,,,,
1588,001588.png,left,ok,tracking,1714,0.479769,1714,1714,25,157.756735,-2.4451457276,674.485245802,0.204546,0.292400,-0.472758,-0.371490,0
1588,001588.png,right,ok,tracking,2169,0.508671,2169,2169,25,15.855910,3.52080784591,-365.240525836,0.342244,0.471878,-1.170087,-0.600962,0
1588,001588.png,center,ok,from_left_right,,,25,,,,
1589,001589.png,left,ok,tracking,1715,0.473988,1715,1715,25,158.090899,-2.48643684991,683.136103528,0.205099,0.292781,-0.472758,-0.371490,0
1589,001589.png,right,ok,tracking,2170,0.514451,2170,2170,25,16.102219,3.46407777799,-352.80703277,0.342244,0.469914,-1.170087,-0.600962,0
1589,001589.png,center,ok,from_left_right,,,25,,,,
1590,001590.png,left,ok,tracking,1710,0.473988,1710,1710,25,158.238545,-2.50506449082,686.260971187,0.205652,0.293997,-0.473423,-0.371490,0
1590,001590.png,right,ok,tracking,2161,0.526012,2161,2161,25,16.351552,3.40834626031,-341.852918498,0.342244,0.467094,-1.170087,-0.600962,0
1590,001590.png,center,ok,from_left_right,,,25,,,,
1591,001591.png,left,ok,tracking,1707,0.468208,1707,1707,25,158.438967,-2.530738927,693.036768922,0.205652,0.293000,-0.473423,-0.371490,0
1591,001591.png,right,ok,tracking,2167,0.526012,2167,2167,25,16.397226,3.39831595308,-340.731962872,0.341843,0.466715,-1.170087,-0.600962,0
1591,001591.png,center,ok,from_left_right,,,25,,,,
1592,001592.png,left,ok,tracking,1708,0.468208,1708,1708,25,158.439683,-2.53083146754,693.84929686,0.205652,0.293302,-0.474090,-0.371490,0
1592,001592.png,right,ok,tracking,2171,0.520231,2171,2171,25,16.297600,3.42026506683,-343.676519568,0.342244,0.468315,-1.170087,-0.600962,0
1592,001592.png,center,ok,from_left_right,,,25,,,,
1593,001593.png,left,ok,tracking,1715,0.468208,1715,1715,25,158.673754,-2.56139990559,701.079876056,0.205652,0.293382,-0.474090,-0.371490,0
1593,001593.png,right,ok,tracking,2182,0.531792,2182,2182,25,16.467274,3.38303796305,-337.635958926,0.341388,0.466715,-1.170087,-0.600962,0
1593,001593.png,center,ok,from_left_right,,,25,,,,
1594,001594.png,left,ok,tracking,1708,0.462428,1708,1708,25,158.973315,-2.60146692494,710.517269543,0.206205,0.293604,-0.474759,-0.371490,0
1594,001594.png,right,ok,tracking,2170,0.537572,2170,2170,25,16.585400,3.35755814,-332.040139166,0.341843,0.465116,-1.170087,-0.600962,0
1594,001594.png,center,ok,from_left_right,,,25,,,,
1595,001595.png,left,ok,tracking,1715,0.462428,1715,1715,25,159.045881,-2.61133726547,712.935239479,0.206205,0.294210,-0.475429,-0.371490,0
1595,001595.png,right,ok,tracking,2177,0.537572,2177,2177,25,16.520271,3.3715626779,-333.570063709,0.342244,0.466715,-1.170087,-0.600962,0
1595,001595.png,center,ok,from_left_right,,,25,,,,
1596,001596.png,left,ok,tracking,1782,0.479769,1782,1782,25,158.448063,-2.53191491388,694.721558271,0.205652,0.300199,-0.478806,-0.371490,0
1596,001596.png,right,ok,tracking,2175,0.537572,2175,2175,25,16.482622,3.37970735191,-334.95683338,0.342244,0.466715,-1.170087,-0.600962,0
1596,001596.png,center,ok,from_left_right,,,25,,,,
1597,001597.png,left,ok,tracking,1745,0.462428,1745,1745,25,159.110241,-2.62014622912,714.958024971,0.206205,0.294820,-0.476775,-0.371490,0
1597,001597.png,right,ok,tracking,2182,0.537572,2182,2182,25,16.571708,3.36049329057,-330.218124605,0.342244,0.466715,-1.170087,-0.600962,0
1597,001597.png,center,ok,from_left_right,,,25,,,,
1598,001598.png,left,ok,tracking,1741,0.462428,1741,1741,25,159.244582,-2.63870172438,720.2084541,0.206205,0.294820,-0.477450,-0.371490,0
1598,001598.png,right,ok,tracking,2174,0.531792,2174,2174,25,16.509480,3.3738933114,-332.190741109,0.342700,0.467094,-1.170087,-0.600962,0
1598,001598.png,center,ok,from_left_right,,,25,,,,
1599,001599.png,left,ok,tracking,2153,0.485549,2153,2153,25,159.415150,-2.66259439153,726.052905861,0.206205,0.322468,-0.525404,-0.371490,0
1599,001599.png,right,ok,tracking,2168,0.531792,2168,2168,25,16.604595,3.35345104944,-327.20497771,0.343100,0.466715,-1.170087,-0.600962,0
1599,001599.png,center,ok,from_left_right,,,25,,,,
1600,001600.png,left,ok,tracking,2164,0.485549,2164,2164,25,159.744481,-2.70981480286,736.515917694,0.206205,0.323594,-0.527829,-0.371490,0
1600,001600.png,right,ok,tracking,2179,0.543353,2179,2179,25,16.688393,3.33562854308,-323.187923376,0.343100,0.466715,-1.170087,-0.600962,0
1600,001600.png,center,ok,from_left_right,,,25,,,,
1601,001601.png,left,ok,tracking,2199,0.485549,2199,2199,25,159.561875,-2.68345222127,733.097979369,0.205652,0.322461,-0.527018,-0.371490,0
1601,001601.png,right,ok,tracking,2184,0.543353,2184,2184,25,16.688626,3.33557923371,-326.070180942,0.342244,0.465116,-1.170087,-0.600962,0
1601,001601.png,center,ok,from_left_right,,,25,,,,
1602,001602.png,left,ok,tracking,1741,0.468208,1741,1741,25,159.740818,-2.70928149825,739.320361618,0.205652,0.295740,-0.479487,-0.371490,0
1602,001602.png,right,ok,tracking,2180,0.537572,2180,2180,25,16.685908,3.33615461083,-324.554426829,0.342700,0.465500,-1.170087,-0.600962,0
1602,001602.png,center,ok,from_left_right,,,25,,,,
1603,001603.png,left,ok,tracking,2165,0.491329,2165,2165,25,159.890553,-2.73123301031,745.264558546,0.205652,0.323590,-0.529457,-0.371490,0
1603,001603.png,right,ok,tracking,2184,0.537572,2184,2184,25,16.704878,3.33214291189,-323.132676284,0.343100,0.466715,-1.170087,-0.600962,0
1603,001603.png,center,ok,from_left_right,,,25,,,,
1604,001604.png,left,ok,tracking,2152,0.491329,2152,2152,25,159.959657,-2.74146975353,750.587853795,0.205099,0.323212,-0.529457,-0.371490,0
1604,001604.png,right,ok,tracking,2185,0.537572,2185,2185,25,16.638294,3.34626281942,-327.086441703,0.342700,0.465500,-1.170087,-0.600962,0
1604,001604.png,center,ok,from_left_right,,,25,,,,
1605,001605.png,left,ok,tracking,1738,0.468208,1738,1738,25,160.093494,-2.76148978652,754.62946137,0.205099,0.296431,-0.480854,-0.371490,0
1605,001605.png,right,ok,tracking,2184,0.543353,2184,2184,25,16.715286,3.32994550147,-322.20072717,0.343100,0.466715,-1.170087,-0.600962,0
1605,001605.png,center,ok,from_left_right,,,25,,,,
1606,001606.png,left,ok,tracking,1745,0.468208,1745,1745,25,160.145452,-2.76933159605,757.28566184,0.205099,0.296668,-0.480854,-0.371490,0
1606,001606.png,right,ok,tracking,2177,0.543353,2177,2177,25,16.815309,3.30896425052,-318.896898762,0.343100,0.465116,-1.170087,-0.600962,0
1606,001606.png,center,ok,from_left_right,,,25,,,,
1607,001607.png,left,ok,tracking,1764,0.468208,1764,1764,25,160.083620,-2.76000394179,756.412055827,0.205099,0.296668,-0.481540,-0.371490,0
1607,001607.png,right,ok,tracking,2195,0.543353,2195,2195,25,16.889529,3.29355138707,-316.398160714,0.342700,0.463905,-1.170087,-0.600962,0
1607,001607.png,center,ok,from_left_right,,,25,,,,
1608,001608.png,left,ok,tracking,1759,0.473988,1759,1759,25,160.077817,-2.75913139048,757.689560797,0.204546,0.296668,-0.482227,-0.371490,0
1608,001608.png,right,ok,tracking,2174,0.549133,2174,2174,25,16.944567,3.28220667922,-314.266322607,0.342244,0.463517,-1.170087,-0.600962,0
1608,001608.png,center,ok,from_left_right,,,25,,,,
1609,001609.png,left,ok,tracking,1782,0.479769,1782,1782,25,159.987659,-2.74563721869,757.111379631,0.203993,0.296595,-0.482227,-0.371490,0
1609,001609.png,right,ok,tracking,2199,0.549133,2199,2199,25,17.025685,3.26561607576,-312.098385253,0.342244,0.461918,-1.170087,-0.600962,0
1609,001609.png,center,ok,from_left_right,,,25,,,,
1610,001610.png,left,ok,tracking,2221,0.497110,2221,2221,25,160.223025,-2.78111307403,764.358290189,0.204546,0.324344,-0.534395,-0.371490,0
1610,001610.png,right,ok,tracking,2206,0.549133,2206,2206,25,17.116615,3.24719993733,-306.747408317,0.342700,0.462311,-1.170087,-0.600962,0
1610,001610.png,center,ok,from_left_right,,,25,,,,
1611,001611.png,left,ok,tracking,1768,0.473988,1768,1768,25,160.432184,-2.81332589935,771.342439925,0.204546,0.297290,-0.482917,-0.371490,0
1611,001611.png,right,ok,tracking,2194,0.554913,2194,2194,25,17.257317,3.21907460812,-300.534046588,0.342700,0.461918,-1.170087,-0.600962,0
1611,001611.png,center,ok,from_left_right,,,25,,,,
1612,001612.png,left,ok,tracking,2204,0.497110,2204,2204,25,160.633854,-2.84501833436,777.453083295,0.205099,0.325110,-0.536060,-0.371490,0
1612,001612.png,right,ok,tracking,2182,0.572254,2182,2182,25,17.447201,3.18181574707,-290.171469747,0.343100,0.458719,-1.170087,-0.600962,0
1612,001612.png,center,ok,from_left_right,,,25,,,,
1613,001613.png,left,ok,tracking,1754,0.468208,1754,1754,25,160.981297,-2.9011340958,788.268310358,0.205652,0.298299,-0.483608,-0.371490,0
1613,001613.png,right,ok,tracking,2206,0.566474,2206,2206,25,17.415667,3.1879488456,-289.572671207,0.343957,0.461918,-1.170087,-0.599934,0
1613,001613.png,center,ok,from_left_right,,,25,,,,
1614,001614.png,left,ok,tracking,1758,0.468208,1758,1758,25,160.882780,-2.88502315332,785.899721944,0.205652,0.298230,-0.484301,-0.371490,0
1614,001614.png,right,ok,tracking,2199,0.566474,2199,2199,25,17.498996,3.1717886535,-287.497995754,0.343100,0.460318,-1.170087,-0.600962,0
1614,001614.png,center,ok,from_left_right,,,25,,,,
1615,001615.png,left,ok,tracking,1746,0.468208,1746,1746,25,160.755097,-2.86437892812,782.961286567,0.205099,0.297916,-0.484301,-0.371490,0
1615,001615.png,right,ok,tracking,2194,0.566474,2194,2194,25,17.460230,3.1792880228,-290.323742428,0.343100,0.459122,-1.170087,-0.600962,0
1615,001615.png,center,ok,from_left_right,,,25,,,,
1616,001616.png,left,ok,tracking,1755,0.468208,1755,1755,25,160.873297,-2.88348077484,787.028153648,0.205099,0.297985,-0.484301,-0.371490,0
1616,001616.png,right,ok,tracking,2200,0.566474,2200,2200,25,17.430133,3.18513259308,-290.8509904,0.343100,0.460318,-1.170087,-0.600962,0
1616,001616.png,center,ok,from_left_right,,,25,,,,
1617,001617.png,left,ok,tracking,1757,0.473988,1757,1757,25,160.670912,-2.85091106407,782.000209612,0.204546,0.297602,-0.483608,-0.371490,0
1617,001617.png,right,ok,tracking,2189,0.566474,2189,2189,25,17.437571,3.18368648743,-292.947970991,0.342700,0.458719,-1.170087,-0.600962,0
1617,001617.png,center,ok,from_left_right,,,25,,,,
1618,001618.png,left,ok,tracking,1722,0.468208,1722,1722,25,160.858468,-2.88107181652,788.014647558,0.205099,0.297916,-0.484301,-0.371490,0
1618,001618.png,right,ok,tracking,2187,0.566474,2187,2187,25,17.427073,3.18572805212,-291.556030635,0.343100,0.460318,-1.170087,-0.600962,0
1618,001618.png,center,ok,from_left_right,,,25,,,,
1619,001619.png,left,ok,tracking,1731,0.468208,1731,1731,25,160.962926,-2.89811762168,791.264446413,0.205099,0.298055,-0.484301,-0.371490,0
1619,001619.png,right,ok,tracking,2194,0.560694,2194,2194,25,17.449830,3.18130532256,-289.646698487,0.343558,0.460318,-1.170087,-0.600962,0
1619,001619.png,center,ok,from_left_right,,,25,,,,
1620,001620.png,left,ok,tracking,1740,0.473988,1740,1740,25,160.912415,-2.88985274168,790.544839246,0.204546,0.297985,-0.484301,-0.371490,0
1620,001620.png,right,ok,tracking,2194,0.566474,2194,2194,25,17.497222,3.17213117331,-288.716621704,0.343100,0.459122,-1.170087,-0.600962,0
1620,001620.png,center,ok,from_left_right,,,25,,,,
1621,001621.png,left,ok,tracking,1735,0.468208,1735,1735,25,160.936511,-2.89379025685,790.886119108,0.205099,0.298124,-0.484301,-0.371490,0
1621,001621.png,right,ok,tracking,2204,0.566474,2204,2204,25,17.478754,3.17570053036,-288.05717797,0.343957,0.460318,-1.170087,-0.600962,0
1621,001621.png,center,ok,from_left_right,,,25,,,,
1622,001622.png,left,ok,tracking,1735,0.468208,1735,1735,25,161.086775,-2.91856253599,795.989100674,0.205099,0.298124,-0.484301,-0.371490,0
1622,001622.png,right,ok,tracking,2215,0.566474,2215,2215,25,17.559197,3.16020611582,-285.544083067,0.343100,0.459122,-1.170087,-0.600962,0
1622,001622.png,center,ok,from_left_right,,,25,,,,
1623,001623.png,left,ok,tracking,1712,0.468208,1712,1712,25,161.081483,-2.91768376043,795.092163208,0.205099,0.298124,-0.483608,-0.371490,0
1623,001623.png,right,ok,tracking,2186,0.572254,2186,2186,25,17.517281,3.16826245357,-286.334705699,0.343957,0.460318,-1.170087,-0.599934,0
1623,001623.png,center,ok,from_left_right,,,25,,,,
1624,001624.png,left,ok,tracking,1699,0.468208,1699,1699,25,161.027862,-2.90880520333,793.021303365,0.205099,0.298124,-0.483608,-0.371490,0
1624,001624.png,right,ok,tracking,2191,0.572254,2191,2191,25,17.521232,3.16750157636,-285.772332964,0.343957,0.460318,-1.170087,-0.599934,0
1624,001624.png,center,ok,from_left_right,,,25,,,,
1625,001625.png,left,ok,tracking,1714,0.473988,1714,1714,25,160.843014,-2.87856525674,787.790608091,0.204546,0.298124,-0.483608,-0.371490,0
1625,001625.png,right,ok,tracking,2194,0.566474,2194,2194,25,17.537103,3.16444799591,-287.225109234,0.343100,0.458719,-1.170087,-0.600962,0
1625,001625.png,center,ok,from_left_right,,,25,,,,
1626,001626.png,left,ok,tracking,1695,0.462428,1695,1695,25,161.159296,-2.93065452914,797.178407584,0.205652,0.298436,-0.482917,-0.371490,0
1626,001626.png,right,ok,tracking,2193,0.572254,2193,2193,25,17.665161,3.14000470369,-281.246740274,0.343558,0.458719,-1.170087,-0.600962,0
1626,001626.png,center,ok,from_left_right,,,25,,,,
1627,001627.png,left,ok,tracking,1695,0.462428,1695,1695,25,161.306227,-2.95543039544,801.192860012,0.206205,0.298816,-0.482917,-0.371490,0
1627,001627.png,right,ok,tracking,2197,0.572254,2197,2197,25,17.753825,3.12328099442,-278.371681547,0.343100,0.457120,-1.170087,-0.600962,0
1627,001627.png,center,ok,from_left_right,,,25,,,,
1628,001628.png,left,ok,tracking,1680,0.462428,1680,1680,25,161.499478,-2.98859441853,806.94940555,0.206205,0.299129,-0.482917,-0.371490,0
1628,001628.png,right,ok,tracking,2188,0.578035,2188,2188,25,17.826990,3.1096019137,-274.733642154,0.343957,0.457527,-1.170087,-0.599934,0
1628,001628.png,center,ok,from_left_right,,,25,,,,
1629,001629.png,left,ok,tracking,1680,0.462428,1680,1680,25,161.573863,-3.00153866982,809.080156698,0.206758,0.299821,-0.482917,-0.371490,0
1629,001629.png,right,ok,tracking,2200,0.583815,2200,2200,25,17.948932,3.0870431,-270.632445445,0.343957,0.455933,-1.170087,-0.599934,0
1629,001629.png,center,ok,from_left_right,,,25,,,,
1630,001630.png,left,ok,tracking,1671,0.462428,1671,1671,25,161.656793,-3.01608929496,812.092594875,0.206758,0.299821,-0.482917,-0.371490,0
1630,001630.png,right,ok,tracking,2201,0.583815,2201,2201,25,18.059207,3.0668964107,-267.153442013,0.343100,0.455521,-1.170087,-0.600962,0
1630,001630.png,center,ok,from_left_right,,,25,,,,
1631,001631.png,left,ok,tracking,1658,0.462428,1658,1658,25,161.672890,-3.01892838669,812.155140381,0.206758,0.299821,-0.482227,-0.371490,0
1631,001631.png,right,ok,tracking,2187,0.583815,2187,2187,25,18.000702,3.07755518987,-268.341704341,0.343957,0.455933,-1.170087,-0.599934,0
1631,001631.png,center,ok,from_left_right,,,25,,,,
1632,001632.png,left,ok,tracking,1662,0.462428,1662,1662,25,161.700036,-3.02372708343,812.62314974,0.206758,0.299821,-0.482227,-0.371490,0
1632,001632.png,right,ok,tracking,2194,0.583815,2194,2194,25,18.085605,3.06210892039,-265.513229844,0.343957,0.455521,-1.170087,-0.599934,0
1632,001632.png,center,ok,from_left_right,,,25,,,,
1633,001633.png,left,ok,tracking,1650,0.462428,1650,1650,25,161.653043,-3.01542859116,810.8112853,0.206758,0.299821,-0.481540,-0.371490,0
1633,001633.png,right,ok,tracking,2194,0.583815,2194,2194,25,18.119304,3.05601670796,-264.828029607,0.343558,0.455521,-1.170087,-0.600962,0
1633,001633.png,center,ok,from_left_right,,,25,,,,
1634,001634.png,left,ok,tracking,1640,0.456647,1640,1640,25,161.791985,-3.04008393887,815.065045306,0.207311,0.300136,-0.481540,-0.371490,0
1634,001634.png,right,ok,tracking,2202,0.583815,2202,2202,25,18.268614,3.02928595808,-259.60375227,0.343100,0.453922,-1.170087,-0.600962,0
1634,001634.png,center,ok,from_left_right,,,25,,,,
1635,001635.png,left,ok,tracking,1615,0.456647,1615,1615,25,161.817990,-3.04473887331,815.838037295,0.207311,0.300451,-0.481540,-0.371490,0
1635,001635.png,right,ok,tracking,2187,0.589595,2187,2187,25,18.343880,3.0159706335,-256.684034186,0.343100,0.453922,-1.170087,-0.600962,0
1635,001635.png,center,ok,from_left_right,,,25,,,,
1636,001636.png,left,ok,tracking,1628,0.456647,1628,1628,25,161.784590,-3.0387625677,814.209839115,0.207311,0.300451,-0.481540,-0.371490,0
1636,001636.png,right,ok,tracking,2201,0.589595,2201,2201,25,18.364454,3.0123493352,-255.334162431,0.343558,0.452744,-1.170087,-0.600962,0
1636,001636.png,center,ok,from_left_right,,,25,,,,
1637,001637.png,left,ok,tracking,1646,0.473988,1646,1646,25,161.514684,-2.9912323809,806.441027539,0.206205,0.301145,-0.481540,-0.371490,0
1637,001637.png,right,ok,tracking,2211,0.589595,2211,2211,25,18.244069,3.03365127747,-260.425420441,0.343100,0.453922,-1.170087,-0.600962,0
1637,001637.png,center,ok,from_left_right,,,25,,,,
1638,001638.png,left,ok,tracking,1640,0.473988,1640,1640,25,161.527928,-2.99353328145,808.373995899,0.206205,0.301780,-0.482227,-0.371490,0
1638,001638.png,right,ok,tracking,2211,0.589595,2211,2211,25,18.209006,3.03990674004,-262.069061308,0.343100,0.453922,-1.170087,-0.600962,0
1638,001638.png,center,ok,from_left_right,,,25,,,,
1639,001639.png,left,ok,tracking,1632,0.468208,1632,1632,25,161.680252,-3.02022834489,812.656239824,0.206758,0.302098,-0.482227,-0.371490,0
1639,001639.png,right,ok,tracking,2214,0.583815,2214,2214,25,18.244080,3.03364930652,-258.909436322,0.343558,0.453922,-1.170087,-0.600962,0
1639,001639.png,center,ok,from_left_right,,,25,,,,
1640,001640.png,left,ok,tracking,1656,0.479769,1656,1656,25,161.561709,-2.99941676172,808.613129697,0.206205,0.303759,-0.483608,-0.371490,0
1640,001640.png,right,ok,tracking,2233,0.589595,2233,2233,25,18.278488,3.02753312232,-258.415596039,0.343100,0.453922,-1.170087,-0.600962,0
1640,001640.png,center,ok,from_left_right,,,25,,,,
1641,001641.png,left,ok,tracking,1667,0.479769,1667,1667,25,161.476634,-2.98463942575,806.621859806,0.206205,0.304082,-0.484301,-0.371490,0
1641,001641.png,right,ok,tracking,2228,0.589595,2228,2228,25,18.236217,3.03505003533,-260.771058879,0.343100,0.453922,-1.170087,-0.600962,0
1641,001641.png,center,ok,from_left_right,,,25,,,,
1642,001642.png,left,ok,tracking,1672,0.479769,1672,1672,25,161.608058,-3.00752309869,809.958542973,0.206758,0.305432,-0.485693,-0.371490,0
1642,001642.png,right,ok,tracking,2215,0.583815,2215,2215,25,18.278513,3.02752872986,-257.562666664,0.343558,0.454338,-1.170087,-0.600962,0
1642,001642.png,center,ok,from_left_right,,,25,,,,
1643,001643.png,left,ok,tracking,1678,0.479769,1678,1678,25,161.609566,-3.00778747463,809.080694054,0.206758,0.306086,-0.487092,-0.371490,0
1643,001643.png,right,ok,tracking,2207,0.595376,2207,2207,25,18.344271,3.01590178515,-254.556440374,0.343957,0.453922,-1.170087,-0.599934,0
1643,001643.png,center,ok,from_left_right,,,25,,,,
1644,001644.png,left,ok,tracking,1675,0.473988,1675,1675,25,161.819415,-3.04499449954,815.254546431,0.207311,0.306742,-0.488498,-0.371490,0
1644,001644.png,right,ok,tracking,2220,0.595376,2220,2220,25,18.450744,2.99724544604,-250.383292762,0.343957,0.452744,-1.170087,-0.599934,0
1644,001644.png,center,ok,from_left_right,,,25,,,,
1645,001645.png,left,ok,tracking,1681,0.473988,1681,1681,25,161.735328,-3.02998641066,812.111949278,0.207311,0.307072,-0.489204,-0.371490,0
1645,001645.png,right,ok,tracking,2222,0.595376,2222,2222,25,18.371777,3.01106212879,-252.468566734,0.343957,0.453922,-1.170087,-0.599934,0
1645,001645.png,center,ok,from_left_right,,,25,,,,
1646,001646.png,left,ok,tracking,1713,0.479769,1713,1713,25,161.593680,-3.00500421354,808.950595965,0.206758,0.307734,-0.490621,-0.371490,0
1646,001646.png,right,ok,tracking,2232,0.595376,2232,2232,25,18.226254,3.03682668634,-259.535371023,0.343558,0.453922,-1.170087,-0.599934,0
1646,001646.png,center,ok,from_left_right,,,25,,,,
1647,001647.png,left,ok,tracking,1686,0.473988,1686,1686,25,161.615120,-3.00876158324,807.966369821,0.207311,0.308066,-0.491332,-0.371490,0
1647,001647.png,right,ok,tracking,2209,0.589595,2209,2209,25,18.119890,3.05591105249,-260.772641219,0.344354,0.455521,-1.170087,-0.599934,0
1647,001647.png,center,ok,from_left_right,,,25,,,,
1648,001648.png,left,ok,tracking,1709,0.473988,1709,1709,25,161.639856,-3.01310717851,809.799974629,0.207311,0.309068,-0.493478,-0.371490,0
1648,001648.png,right,ok,tracking,2219,0.589595,2219,2219,25,18.179185,3.0452454496,-260.599437291,0.343957,0.455521,-1.170087,-0.599934,0
1648,001648.png,center,ok,from_left_right,,,25,,,,
1649,001649.png,left,ok,tracking,1739,0.479769,1739,1739,25,161.601944,-3.00645154732,810.340644058,0.206758,0.310078,-0.495641,-0.371490,0
1649,001649.png,right,ok,tracking,2229,0.589595,2229,2229,25,18.228256,3.03646954218,-261.558923196,0.343100,0.453922,-1.170087,-0.600962,0
1649,001649.png,center,ok,from_left_right,,,25,,,,
1650,001650.png,left,ok,tracking,1710,0.473988,1710,1710,25,161.813828,-3.04399306613,815.389568065,0.207311,0.310416,-0.496365,-0.371490,0
1650,001650.png,right,ok,tracking,2224,0.589595,2224,2224,25,18.268674,3.02927532279,-257.101137523,0.343957,0.454338,-1.170087,-0.599934,0
1650,001650.png,center,ok,from_left_right,,,25,,,,
1651,001651.png,left,ok,tracking,1736,0.479769,1736,1736,25,161.590355,-3.00442216473,809.720664758,0.206758,0.311096,-0.498551,-0.371490,0
1651,001651.png,right,ok,tracking,2218,0.583815,2218,2218,25,18.180577,3.04499584388,-262.227816477,0.343558,0.454338,-1.170087,-0.600962,0
1651,001651.png,center,ok,from_left_right,,,25,,,,
1652,001652.png,left,ok,tracking,1741,0.479769,1741,1741,25,161.722328,-3.02767800968,814.448977946,0.206758,0.311779,-0.499283,-0.371490,0
1652,001652.png,right,ok,tracking,2207,0.583815,2207,2207,25,18.246664,3.0331892103,-259.623252492,0.343558,0.453922,-1.170087,-0.600962,0
1652,001652.png,center,ok,from_left_right,,,25,,,,
1653,001653.png,left,ok,tracking,1747,0.473988,1747,1747,25,161.862760,-3.05278321442,819.46215287,0.207311,0.312466,-0.500754,-0.371490,0
1653,001653.png,right,ok,tracking,2216,0.589595,2216,2216,25,18.379651,3.00967938605,-254.85011849,0.343100,0.453922,-1.170087,-0.600962,0
1653,001653.png,center,ok,from_left_right,,,25,,,,
1654,001654.png,left,ok,tracking,1743,0.468208,1743,1743,25,162.070324,-3.09058561871,827.089988103,0.207864,0.312811,-0.502233,-0.371490,0
1654,001654.png,right,ok,tracking,2209,0.595376,2209,2209,25,18.500802,2.98854601196,-250.561174546,0.343100,0.452322,-1.170087,-0.600962,0
1654,001654.png,center,ok,from_left_right,,,25,,,,
1655,001655.png,left,ok,tracking,1747,0.468208,1747,1747,25,162.113197,-3.09849956832,827.282601402,0.207864,0.313851,-0.503719,-0.371490,0
1655,001655.png,right,ok,tracking,2204,0.595376,2204,2204,25,18.538859,2.98196229371,-246.864887371,0.343957,0.452744,-1.170087,-0.599934,0
1655,001655.png,center,ok,from_left_right,,,25,,,,
1656,001656.png,left,ok,tracking,1747,0.468208,1747,1747,25,162.116197,-3.09905470909,828.945815622,0.207864,0.314548,-0.505214,-0.371490,0
1656,001656.png,right,ok,tracking,2184,0.595376,2184,2184,25,18.467362,2.99435245354,-249.984486557,0.343957,0.452744,-1.170087,-0.599934,0
1656,001656.png,center,ok,from_left_right,,,25,,,,
1657,001657.png,left,ok,tracking,1734,0.468208,1734,1734,25,162.232064,-3.12063420506,831.99309177,0.207864,0.314899,-0.505964,-0.371490,0
1657,001657.png,right,ok,tracking,2173,0.595376,2173,2173,25,18.534426,2.98272785895,-244.974598752,0.344354,0.453922,-1.170087,-0.599934,0
1657,001657.png,center,ok,from_left_right,,,25,,,,
1658,001658.png,left,ok,tracking,1747,0.462428,1747,1747,25,162.392380,-3.15094539228,837.593321002,0.208417,0.315603,-0.507471,-0.371490,0
1658,001658.png,right,ok,tracking,2194,0.595376,2194,2194,25,18.520446,2.98514441408,-244.861574499,0.344354,0.453922,-1.170087,-0.599934,0
1658,001658.png,center,ok,from_left_right,,,25,,,,
1659,001659.png,left,ok,tracking,1745,0.462428,1745,1745,25,162.490009,-3.16966747914,841.537979632,0.208417,0.315956,-0.508228,-0.371490,0
1659,001659.png,right,ok,tracking,2195,0.601156,2195,2195,25,18.607973,2.97007261724,-242.452635748,0.344354,0.452322,-1.170087,-0.599934,0
1659,001659.png,center,ok,from_left_right,,,25,,,,
1660,001660.png,left,ok,tracking,1769,0.462428,1769,1769,25,162.484783,-3.16866013045,840.955657302,0.208417,0.317021,-0.510509,-0.371490,0
1660,001660.png,right,ok,tracking,2174,0.601156,2174,2174,25,18.514490,2.98617498941,-244.398550473,0.344354,0.453922,-1.170087,-0.599934,0
1660,001660.png,center,ok,from_left_right,,,25,,,,
1661,001661.png,left,ok,tracking,1808,0.468208,1808,1808,25,162.350560,-3.14298698518,837.90137755,0.207864,0.317378,-0.511274,-0.371490,0
1661,001661.png,right,ok,tracking,2190,0.589595,2190,2190,25,18.185016,3.0442001281,-256.47750492,0.344354,0.455933,-1.170087,-0.599934,0
1661,001661.png,center,ok,from_left_right,,,25,,,,
1662,001662.png,left,ok,tracking,1820,0.473988,1820,1820,25,162.421321,-3.15647433806,843.278678799,0.207311,0.318817,-0.514354,-0.371490,0
1662,001662.png,right,ok,tracking,2181,0.589595,2181,2181,25,18.234773,3.03530751907,-256.796871165,0.343957,0.455521,-1.170087,-0.599934,0
1662,001662.png,center,ok,from_left_right,,,25,,,,
1663,001663.png,left,ok,tracking,1840,0.473988,1840,1840,25,162.457992,-3.16350534513,846.439095744,0.207311,0.319542,-0.515907,-0.371490,0
1663,001663.png,right,ok,tracking,2188,0.583815,2188,2188,25,18.162106,3.04831063453,-259.274935093,0.343957,0.455521,-1.170087,-0.599934,0
1663,001663.png,center,ok,from_left_right,,,25,,,,
1664,001664.png,left,ok,tracking,1893,0.491329,1893,1893,25,162.364263,-3.14559065166,848.772595521,0.205652,0.320637,-0.518252,-0.371490,0
1664,001664.png,right,ok,tracking,2208,0.583815,2208,2208,25,18.116640,3.05649753237,-263.611345282,0.343100,0.454338,-1.170087,-0.600962,0
1664,001664.png,center,ok,from_left_right,,,25,,,,
1665,001665.png,left,ok,tracking,1891,0.491329,1891,1891,25,162.444918,-3.16099547433,853.207816509,0.205652,0.321372,-0.519826,-0.371490,0
1665,001665.png,right,ok,tracking,2204,0.589595,2204,2204,25,18.106609,3.05830921549,-263.449966622,0.343558,0.455521,-1.170087,-0.599934,0
1665,001665.png,center,ok,from_left_right,,,25,,,,
1666,001666.png,left,ok,tracking,2128,0.497110,2128,2128,25,161.534224,-2.9946283572,816.196770914,0.205099,0.323228,-0.523799,-0.371490,0
1666,001666.png,right,ok,tracking,2208,0.583815,2208,2208,25,18.151780,3.05016646069,-262.789019482,0.343100,0.454338,-1.170087,-0.600962,0
1666,001666.png,center,ok,from_left_right,,,25,,,,
1667,001667.png,left,rejected_lane_spacing,tracking,1946,0.491329,0,0,0,162.708104,-3.21223047468,868.653687664,,,,,6
1667,001667.png,right,ok,tracking,2214,0.589595,2214,2214,25,18.224397,3.03715799264,-257.723921468,0.343957,0.454338,-1.170087,-0.599934,0
1667,001667.png,center,not_published,from_left_right,,,0,,,,
1668,001668.png,left,ok,init,3516,0.491329,3516,3516,25,152.446700,-1.9166268215,550.722766142,0.205652,0.325109,-0.527829,-0.371490,0
1668,001668.png,right,ok,tracking,2205,0.595376,2205,2205,25,18.184839,3.04423199195,-257.891304074,0.344354,0.455521,-1.170087,-0.599934,0
1668,001668.png,center,ok,from_left_right,,,25,,,,
1669,001669.png,left,rejected_lane_spacing,tracking,1470,0.387283,0,0,0,163.502194,-3.37641820747,914.345754713,,,,,6
1669,001669.png,right,ok,tracking,2214,0.595376,2214,2214,25,18.319296,3.02030831474,-255.382334529,0.343957,0.453922,-1.170087,-0.599934,0
1669,001669.png,center,not_published,from_left_right,,,0,,,,
1670,001670.png,left,ok,init,3738,0.502890,3738,3738,25,151.979181,-1.87907896215,544.574642641,0.204546,0.327018,-0.531915,-0.371490,0
1670,001670.png,right,ok,tracking,2211,0.589595,2211,2211,25,18.106619,3.05830729441,-259.872325225,0.344813,0.457120,-1.170087,-0.599934,0
1670,001670.png,center,ok,from_left_right,,,25,,,,
1671,001671.png,left,rejected_side_geometry,tracking,975,0.104046,0,0,0,167.933209,-4.67781005688,1075.32561021,,,,,6
1671,001671.png,right,ok,tracking,2236,0.589595,2236,2236,25,18.120297,3.05583758774,-256.642691854,0.345209,0.457527,-1.170087,-0.599934,0
1671,001671.png,center,not_published,from_left_right,,,0,,,,
1672,001672.png,left,ok,init,3859,0.502890,3859,3859,25,152.045706,-1.88435126679,546.641958751,0.204546,0.328953,-0.536060,-0.371490,0
1672,001672.png,right,ok,tracking,2211,0.589595,2211,2211,25,18.117105,3.05641371162,-256.942364308,0.345669,0.457527,-1.170087,-0.599934,0
1672,001672.png,center,ok,from_left_right,,,25,,,,
1673,001673.png,left,rejected_side_geometry,tracking,996,0.109827,0,0,0,167.871101,-4.65313147279,1072.12696744,,,,,6
1673,001673.png,right,ok,tracking,2230,0.589595,2230,2230,25,17.973797,3.0824795608,-260.683725069,0.346064,0.460318,-1.170087,-0.599934,0
1673,001673.png,center,not_published,from_left_right,,,0,,,,
1674,001674.png,left,rejected_side_geometry,init,1107,0.132948,0,0,0,172.950890,-8.08703528746,1754.17495934,,,,,6
1674,001674.png,right,ok,tracking,2228,0.589595,2228,2228,25,17.928075,3.0908805195,-262.97633793,0.346064,0.460318,-1.170087,-0.599934,0
1674,001674.png,center,not_published,from_left_right,,,0,,,,
1675,001675.png,left,ok,init,2602,0.514451,2602,2602,25,160.335737,-2.79839030029,778.686799474,0.203441,0.329368,-0.540264,-0.371490,0
1675,001675.png,right,ok,tracking,2230,0.583815,2230,2230,25,17.757985,3.12250025675,-267.693312377,0.346458,0.462311,-1.170087,-0.598909,0
1675,001675.png,center,ok,from_left_right,,,25,,,,
1676,001676.png,left,ok,tracking,2487,0.520231,2487,2487,25,160.860174,-2.8813488109,801.158637025,0.202888,0.330157,-0.541962,-0.371490,0
1676,001676.png,right,ok,tracking,2216,0.572254,2216,2216,25,17.425568,3.18602082376,-277.606852545,0.347311,0.466715,-1.170087,-0.598909,0
1676,001676.png,center,ok,from_left_right,,,25,,,,
1677,001677.png,left,ok,tracking,2461,0.520231,2461,2461,25,161.245520,-2.94514840199,817.357624201,0.202888,0.330950,-0.543671,-0.371490,0
1677,001677.png,right,ok,tracking,2210,0.578035,2210,2210,25,17.500850,3.17143077875,-274.833500105,0.347774,0.466715,-1.170087,-0.598909,0
1677,001677.png,center,ok,from_left_right,,,25,,,,
1678,001678.png,left,ok,tracking,2398,0.508671,2398,2398,25,161.950323,-3.06862814082,844.129850741,0.203993,0.330950,-0.543671,-0.371490,0
1678,001678.png,right,ok,tracking,2230,0.589595,2230,2230,25,17.738556,3.12614954857,-266.087194417,0.347774,0.463905,-1.170087,-0.598909,0
1678,001678.png,center,ok,from_left_right,,,25,,,,
1679,001679.png,left,ok,tracking,2332,0.508671,2332,2332,25,162.247232,-3.12347939061,856.531351901,0.203993,0.330950,-0.544528,-0.371490,0
1679,001679.png,right,ok,tracking,2229,0.589595,2229,2229,25,17.682115,3.13679445529,-266.899128852,0.348165,0.465500,-1.170087,-0.597887,0
1679,001679.png,center,ok,from_left_right,,,25,,,,
1680,001680.png,left,ok,tracking,2437,0.520231,2437,2437,25,161.860597,-3.05239377606,844.629378873,0.202888,0.331768,-0.547117,-0.371490,0
1680,001680.png,right,ok,tracking,2226,0.578035,2226,2226,25,17.429388,3.18527762776,-278.070140004,0.348165,0.467094,-1.170087,-0.598909,0
1680,001680.png,center,ok,from_left_right,,,25,,,,
1681,001681.png,left,ok,tracking,2346,0.514451,2346,2346,25,162.159723,-3.1071293871,855.406204669,0.203441,0.330967,-0.545389,-0.371490,0
1681,001681.png,right,ok,tracking,2226,0.583815,2226,2226,25,17.419880,3.18712814951,-275.29004591,0.349019,0.468689,-1.170087,-0.597887,0
1681,001681.png,center,ok,from_left_right,,,25,,,,
1682,001682.png,left,ok,tracking,2349,0.514451,2349,2349,25,162.218722,-3.11813550199,857.881636607,0.203441,0.331768,-0.547117,-0.371490,0
1682,001682.png,right,ok,tracking,2217,0.583815,2217,2217,25,17.433683,3.18444229365,-275.523229526,0.349019,0.468689,-1.170087,-0.597887,0
1682,001682.png,center,ok,from_left_right,,,25,,,,
1683,001683.png,left,ok,tracking,2382,0.520231,2382,2382,25,162.078983,-3.09218104549,853.030898055,0.202888,0.331768,-0.547117,-0.371490,0
1683,001683.png,right,ok,tracking,2203,0.583815,2203,2203,25,17.399249,3.19115042188,-279.816803967,0.348555,0.468315,-1.170087,-0.597887,0
1683,001683.png,center,ok,from_left_right,,,25,,,,
1684,001684.png,left,ok,tracking,2429,0.526012,2429,2429,25,161.928670,-3.06469602092,848.189833214,0.202335,0.330984,-0.547117,-0.371490,0
1684,001684.png,right,ok,tracking,2210,0.583815,2210,2210,25,17.433109,3.18455377278,-278.996345827,0.348555,0.468315,-1.170087,-0.597887,0
1684,001684.png,center,ok,from_left_right,,,25,,,,
1685,001685.png,left,ok,tracking,2428,0.520231,2428,2428,25,161.983062,-3.07459053491,850.606238796,0.202888,0.330984,-0.547117,-0.371490,0
1685,001685.png,right,ok,tracking,2212,0.583815,2212,2212,25,17.490754,3.17338041394,-277.353718406,0.348555,0.467094,-1.170087,-0.597887,0
1685,001685.png,center,ok,from_left_right,,,25,,,,
1686,001686.png,left,ok,tracking,2355,0.514451,2355,2355,25,162.453765,-3.16269357079,867.140064372,0.203441,0.330585,-0.546252,-0.371490,0
1686,001686.png,right,ok,tracking,2216,0.589595,2216,2216,25,17.716471,3.13030686209,-268.614172401,0.348555,0.465500,-1.170087,-0.597887,0
1686,001686.png,center,ok,from_left_right,,,25,,,,
1687,001687.png,left,ok,tracking,2345,0.508671,2345,2345,25,162.520614,-3.17557814482,869.27839813,0.203993,0.330585,-0.546252,-0.371490,0
1687,001687.png,right,ok,tracking,2219,0.589595,2219,2219,25,17.780771,3.11823036463,-266.016336727,0.348555,0.465500,-1.170087,-0.597887,0
1687,001687.png,center,ok,from_left_right,,,25,,,,
1688,001688.png,left,ok,tracking,2399,0.508671,2399,2399,25,162.534540,-3.17827427457,870.559989341,0.203993,0.330984,-0.547117,-0.371490,0
1688,001688.png,right,ok,tracking,2229,0.601156,2229,2229,25,18.027303,3.07270065465,-257.722914615,0.348555,0.463517,-1.170087,-0.597887,0
1688,001688.png,center,ok,from_left_right,,,25,,,,
1689,001689.png,left,rejected_lane_spacing,tracking,2373,0.508671,0,0,0,162.703815,-3.21138351343,877.476495067,,,,,6
1689,001689.png,right,ok,tracking,2224,0.601156,2224,2224,25,18.209130,3.03988458661,-250.23698573,0.348555,0.461918,-1.170087,-0.597887,0
1689,001689.png,center,not_published,from_left_right,,,0,,,,
1690,001690.png,left,ok,init,4053,0.497110,4053,4053,25,153.138015,-1.97435322228,568.86855246,0.205099,0.330984,-0.547117,-0.371490,0
1690,001690.png,right,ok,tracking,2235,0.606936,2235,2235,25,18.355837,3.013864995,-242.538873419,0.349407,0.462311,-1.170087,-0.597887,0
1690,001690.png,center,ok,from_left_right,,,25,,,,
1691,001691.png,left,ok,tracking,1091,0.109827,1091,1091,25,167.431618,-4.48536801606,1046.64265514,0.267123,0.316310,-0.508986,-0.427817,0
1691,001691.png,right,ok,tracking,2251,0.612717,2251,2251,25,18.378183,3.00993697991,-240.35086895,0.349872,0.463517,-1.170087,-0.597887,0
1691,001691.png,center,ok,from_left_right,,,25,,,,
1692,001692.png,left,rejected_side_geometry,tracking,1345,0.132948,0,0,0,170.790644,-6.16780474381,1367.85919077,,,,,6
1692,001692.png,right,ok,tracking,2263,0.612717,2263,2263,25,18.467414,2.99434343519,-232.941850702,0.351111,0.465116,-1.170087,-0.596869,0
1692,001692.png,center,not_published,from_left_right,,,0,,,,
1693,001693.png,left,ok,init,4189,0.508671,4189,4189,25,153.213289,-1.98080498488,572.863000759,0.203993,0.334196,-0.553245,-0.371490,0
1693,001693.png,right,ok,tracking,2265,0.618497,2265,2265,25,18.598447,2.97170634316,-226.810306856,0.351111,0.465116,-1.170087,-0.596869,0
1693,001693.png,center,ok,from_left_right,,,25,,,,
1694,001694.png,left,ok,tracking,1141,0.109827,1141,1141,25,166.992144,-4.32876802124,1020.00430389,0.267864,0.317378,-0.511274,-0.429488,0
1694,001694.png,right,ok,tracking,2247,0.630058,2247,2247,25,18.842003,2.93043705556,-219.721921912,0.351111,0.461918,-1.170087,-0.596869,0
1694,001694.png,center,ok,from_left_right,,,25,,,,
1695,001695.png,left,rejected_side_geometry,tracking,1317,0.132948,0,0,0,170.875998,-6.22650538705,1381.86508606,,,,,6
1695,001695.png,right,ok,tracking,2267,0.630058,2267,2267,25,18.917657,2.91782655219,-212.4102963,0.352347,0.463517,-1.170087,-0.596869,0
1695,001695.png,center,not_published,from_left_right,,,0,,,,
1696,001696.png,left,ok,init,4185,0.508671,4185,4185,25,153.670834,-2.02075592324,588.143191795,0.203993,0.336634,-0.556804,-0.371490,0
1696,001696.png,right,ok,tracking,2279,0.630058,2279,2279,25,18.905870,2.91978480309,-212.943469608,0.352347,0.463517,-1.170087,-0.596869,0
1696,001696.png,center,ok,from_left_right,,,25,,,,
1697,001697.png,left,rejected_side_geometry,tracking,1052,0.104046,0,0,0,167.659674,-4.5709552213,1072.87693597,,,,,6
1697,001697.png,right,ok,tracking,2263,0.635838,2263,2263,25,19.053242,2.89546757767,-206.603296769,0.352816,0.462311,-1.170087,-0.596869,0
1697,001697.png,center,not_published,from_left_right,,,0,,,,
1698,001698.png,left,ok,init,4303,0.508671,4303,4303,25,153.391036,-1.99617374531,579.938023901,0.203993,0.337049,-0.556804,-0.371490,0
1698,001698.png,right,ok,tracking,2269,0.624277,2269,2269,25,19.042278,2.89726418953,-204.209303171,0.353578,0.465116,-1.170087,-0.596869,0
1698,001698.png,center,ok,from_left_right,,,25,,,,
1699,001699.png,left,ok,tracking,1114,0.109827,1114,1114,25,167.233550,-4.41347704216,1040.27965337,0.268860,0.318817,-0.514354,-0.431734,0
1699,001699.png,right,ok,tracking,2246,0.624277,2246,2246,25,19.016178,2.90154919388,-205.175746296,0.353578,0.463905,-1.170087,-0.596869,0
1699,001699.png,center,ok,from_left_right,,,25,,,,
1700,001700.png,left,rejected_side_geometry,tracking,1389,0.138728,0,0,0,170.819789,-6.18772681571,1379.41260494,,,,,6
1700,001700.png,right,ok,tracking,2291,0.618497,2291,2291,25,18.869210,2.9258908408,-207.036293051,0.354428,0.468315,-1.170087,-0.596869,0
1700,001700.png,center,not_published,from_left_right,,,0,,,,
1701,001701.png,left,ok,init,4211,0.520231,4211,4211,25,153.310024,-1.98914552578,583.30995322,0.202888,0.339059,-0.557700,-0.371490,0
1701,001701.png,right,ok,tracking,2259,0.606936,2259,2259,25,18.708385,2.9529496258,-210.962617882,0.354428,0.468689,-1.170087,-0.596869,0
1701,001701.png,center,ok,from_left_right,,,25,,,,
1702,001702.png,left,ok,tracking,1070,0.109827,1070,1070,25,167.428024,-4.48404355974,1057.6615437,0.270119,0.320637,-0.518252,-0.434573,0
1702,001702.png,right,ok,tracking,2244,0.601156,2244,2244,25,18.543689,2.98112861923,-215.346866592,0.354899,0.470283,-1.170087,-0.596869,0
1702,001702.png,center,ok,from_left_right,,,25,,,,
1703,001703.png,left,rejected_side_geometry,tracking,1452,0.144509,0,0,0,170.864827,-6.21876053544,1389.1303345,,,,,6
1703,001703.png,right,ok,tracking,2244,0.601156,2244,2244,25,18.466390,2.99452150429,-217.333547615,0.355277,0.471513,-1.170087,-0.596869,0
1703,001703.png,center,not_published,from_left_right,,,0,,,,
1704,001704.png,left,ok,init,4634,0.526012,4634,4634,25,152.385574,-1.91165110319,563.981360882,0.202335,0.339059,-0.557700,-0.371490,0
1704,001704.png,right,ok,tracking,2251,0.606936,2251,2251,25,18.573362,2.97601618978,-216.477371989,0.354428,0.468689,-1.170087,-0.596869,0
1704,001704.png,center,ok,from_left_right,,,25,,,,
1705,001705.png,left,ok,tracking,1211,0.115607,1211,1211,25,166.922559,-4.30492153603,1023.43986853,0.267979,0.318817,-0.514354,-0.431171,0
1705,001705.png,right,ok,tracking,2252,0.606936,2252,2252,25,18.552621,2.97958812347,-218.107972544,0.354428,0.468689,-1.170087,-0.596869,0
1705,001705.png,center,ok,from_left_right,,,25,,,,
1706,001706.png,left,rejected_side_geometry,tracking,1581,0.150289,0,0,0,170.489107,-5.9687930789,1343.40947935,,,,,6
1706,001706.png,right,ok,tracking,2245,0.606936,2245,2245,25,18.571032,2.97641694004,-218.38259254,0.354048,0.468315,-1.170087,-0.596869,0
1706,001706.png,center,not_published,from_left_right,,,0,,,,
1707,001707.png,left,ok,init,4795,0.531792,4795,4795,25,152.722498,-1.93933255619,570.435963921,0.201782,0.338640,-0.557700,-0.371490,0
1707,001707.png,right,ok,tracking,2270,0.618497,2270,2270,25,18.635280,2.96539844428,-219.867845608,0.353197,0.466715,-1.170087,-0.596869,0
1707,001707.png,center,ok,from_left_right,,,25,,,,
1708,001708.png,left,ok,tracking,1274,0.121387,1274,1274,25,165.708622,-3.92562434944,950.35720414,0.266853,0.319179,-0.515129,-0.430048,0
1708,001708.png,right,ok,tracking,2265,0.618497,2265,2265,25,18.663009,2.96066544728,-220.496161937,0.352816,0.465116,-1.170087,-0.596869,0
1708,001708.png,center,ok,from_left_right,,,25,,,,
1709,001709.png,left,rejected_side_geometry,tracking,1440,0.150289,0,0,0,170.642136,-6.06820260941,1365.27420068,,,,,6
1709,001709.png,right,ok,tracking,2271,0.630058,2271,2271,25,18.819190,2.9342588877,-216.684254654,0.352347,0.463517,-1.170087,-0.596869,0
1709,001709.png,center,not_published,from_left_right,,,0,,,,
1710,001710.png,left,ok,init,4790,0.514451,4790,4790,25,152.826871,-1.94803622737,568.989045492,0.203441,0.336253,-0.556804,-0.371490,0
1710,001710.png,right,ok,tracking,2266,0.630058,2266,2266,25,18.792219,2.93878887504,-219.521262185,0.351964,0.462311,-1.170087,-0.596869,0
1710,001710.png,center,ok,from_left_right,,,25,,,,
1711,001711.png,left,rejected_side_geometry,tracking,1183,0.115607,0,0,0,167.477520,-4.50234787587,1061.34503871,,,,,6
1711,001711.png,right,ok,tracking,2254,0.635838,2254,2254,25,18.840174,2.93074320516,-218.361415835,0.351496,0.461918,-1.170087,-0.596869,0
1711,001711.png,center,not_published,from_left_right,,,0,,,,
1712,001712.png,left,ok,init,4480,0.514451,4480,4480,25,154.018124,-2.05195094901,592.823480452,0.203441,0.335457,-0.556804,-0.371490,0
1712,001712.png,right,ok,tracking,2264,0.635838,2264,2264,25,18.894602,2.92165911736,-216.535283952,0.351964,0.460716,-1.170087,-0.596869,0
1712,001712.png,center,ok,from_left_right,,,25,,,,
1713,001713.png,left,rejected_side_geometry,tracking,1156,0.109827,0,0,0,167.712220,-4.59111844465,1081.79578521,,,,,6
1713,001713.png,right,ok,tracking,2255,0.641618,2255,2255,25,18.985779,2.90655415597,-214.136090707,0.351964,0.460318,-1.170087,-0.596869,0
1713,001713.png,center,not_published,from_left_right,,,0,,,,
1714,001714.png,left,ok,init,4556,0.514451,4556,4556,25,153.718264,-2.0249710607,586.712585549,0.203441,0.335457,-0.556804,-0.371490,0
1714,001714.png,right,ok,tracking,2275,0.641618,2275,2275,25,19.175528,2.8755629242,-208.277585325,0.351496,0.458719,-1.170087,-0.596869,0
1714,001714.png,center,ok,from_left_right,,,25,,,,
1715,001715.png,left,rejected_side_geometry,tracking,1124,0.104046,0,0,0,168.066296,-4.73154426165,1109.02855837,,,,,6
1715,001715.png,right,ok,tracking,2250,0.647399,2250,2250,25,19.286187,2.85776012613,-205.913171039,0.351496,0.457120,-1.170087,-0.596869,0
1715,001715.png,center,not_published,from_left_right,,,0,,,,
1716,001716.png,left,ok,init,4480,0.514451,4480,4480,25,153.928107,-2.04379109711,591.152163587,0.203441,0.335045,-0.556804,-0.371490,0
1716,001716.png,right,ok,tracking,2250,0.647399,2250,2250,25,19.295200,2.85631890005,-204.226555913,0.351964,0.457120,-1.170087,-0.596869,0
1716,001716.png,center,ok,from_left_right,,,25,,,,
1717,001717.png,left,rejected_side_geometry,tracking,1170,0.115607,0,0,0,168.009748,-4.70856908084,1105.88712023,,,,,6
1717,001717.png,right,ok,tracking,2246,0.647399,2246,2246,25,19.251344,2.86334449477,-206.009751095,0.351964,0.457527,-1.170087,-0.596869,0
1717,001717.png,center,not_published,from_left_right,,,0,,,,
1718,001718.png,left,ok,init,4634,0.514451,4634,4634,25,153.282642,-1.98677895988,578.076719227,0.203441,0.335457,-0.556804,-0.371490,0
1718,001718.png,right,ok,tracking,2240,0.647399,2240,2240,25,19.311849,2.85365979178,-203.148682266,0.352347,0.457527,-1.170087,-0.596869,0
1718,001718.png,center,ok,from_left_right,,,25,,,,
1719,001719.png,left,ok,tracking,1182,0.115607,1182,1182,25,166.836109,-4.27564037619,1015.48641334,0.267483,0.318817,-0.514354,-0.430048,0
1719,001719.png,right,ok,tracking,2252,0.653179,2252,2252,25,19.490608,2.82538469221,-195.800809038,0.352816,0.457120,-1.170087,-0.596869,0
1719,001719.png,center,ok,from_left_right,,,25,,,,
1720,001720.png,left,rejected_side_geometry,tracking,1456,0.132948,0,0,0,170.478496,-5.96201741503,1339.2293614,,,,,6
1720,001720.png,right,ok,tracking,2265,0.653179,2265,2265,25,19.578312,2.8116936257,-193.159886316,0.352816,0.457120,-1.170087,-0.596869,0
1720,001720.png,center,not_published,from_left_right,,,0,,,,
1721,001721.png,left,ok,init,4544,0.508671,4544,4544,25,153.328732,-1.9907650683,578.00325426,0.203993,0.336634,-0.555910,-0.371490,0
1721,001721.png,right,ok,tracking,2253,0.653179,2253,2253,25,19.609018,2.80692817597,-191.616790598,0.353197,0.457120,-1.170087,-0.596869,0
1721,001721.png,center,ok,from_left_right,,,25,,,,
1722,001722.png,left,ok,tracking,1221,0.115607,1221,1221,25,166.465842,-4.1543872973,991.129442563,0.267483,0.318456,-0.513581,-0.430048,0
1722,001722.png,right,ok,tracking,2252,0.647399,2252,2252,25,19.583289,2.81092026433,-190.973256933,0.353578,0.457527,-1.170087,-0.596869,0
1722,001722.png,center,ok,from_left_right,,,25,,,,
1723,001723.png,left,rejected_side_geometry,tracking,1478,0.144509,0,0,0,170.762576,-6.14873694692,1378.79552654,,,,,6
1723,001723.png,right,ok,tracking,2253,0.653179,2253,2253,25,19.665554,2.79819128246,-190.234881657,0.353197,0.455933,-1.170087,-0.596869,0
1723,001723.png,center,not_published,from_left_right,,,0,,,,
1724,001724.png,left,ok,init,4516,0.514451,4516,4516,25,153.650733,-2.01897374514,584.866072869,0.203441,0.336634,-0.556804,-0.371490,0
1724,001724.png,right,ok,tracking,2242,0.653179,2242,2242,25,19.710074,2.79134509687,-187.762479532,0.353197,0.457120,-1.170087,-0.596869,0
1724,001724.png,center,ok,from_left_right,,,25,,,,
1725,001725.png,left,rejected_side_geometry,tracking,1127,0.109827,0,0,0,167.841352,-4.64139864253,1087.70514583,,,,,6
1725,001725.png,right,ok,tracking,2251,0.658960,2251,2251,25,19.894501,2.76329813758,-182.252565704,0.353197,0.455521,-1.170087,-0.596869,0
1725,001725.png,center,not_published,from_left_right,,,0,,,,
1726,001726.png,left,ok,init,4609,0.508671,4609,4609,25,153.410214,-1.99784333503,580.008825472,0.203993,0.337049,-0.556804,-0.371490,0
1726,001726.png,right,ok,tracking,2268,0.664740,2268,2268,25,19.997640,2.74782959853,-180.489039016,0.352816,0.453922,-1.170087,-0.596869,0
1726,001726.png,center,ok,from_left_right,,,25,,,,
1727,001727.png,left,ok,tracking,1187,0.109827,1187,1187,25,166.233394,-4.08153847858,976.978724063,0.268860,0.318817,-0.514354,-0.431734,0
1727,001727.png,right,ok,tracking,2259,0.664740,2259,2259,25,20.103590,2.73209796607,-176.046746731,0.353197,0.453922,-1.170087,-0.596869,0
1727,001727.png,center,ok,from_left_right,,,25,,,,
1728,001728.png,left,rejected_side_geometry,tracking,1458,0.132948,0,0,0,169.982475,-5.66115562672,1279.78012866,,,,,6
1728,001728.png,right,ok,tracking,2269,0.664740,2269,2269,25,20.150729,2.72514964347,-175.249459182,0.353197,0.452744,-1.170087,-0.596869,0
1728,001728.png,center,not_published,from_left_right,,,0,,,,
1729,001729.png,left,ok,init,4508,0.497110,4508,4508,25,153.549470,-2.01003395119,580.46825567,0.205099,0.337049,-0.556804,-0.371490,0
1729,001729.png,right,ok,tracking,2250,0.658960,2250,2250,25,20.166305,2.72286062392,-172.179678801,0.354048,0.453922,-1.170087,-0.596869,0
1729,001729.png,center,ok,from_left_right,,,25,,,,
1730,001730.png,left,ok,tracking,1129,0.109827,1129,1129,25,166.859629,-4.28356922043,1013.85899784,0.268361,0.318096,-0.512810,-0.430609,0
1730,001730.png,right,ok,tracking,2249,0.658960,2249,2249,25,20.060377,2.73849510407,-173.776346244,0.354428,0.455521,-1.170087,-0.596869,0
1730,001730.png,center,ok,from_left_right,,,25,,,,
1731,001731.png,left,rejected_side_geometry,tracking,1390,0.115607,0,0,0,170.016103,-5.68061719085,1281.16144974,,,,,6
1731,001731.png,right,ok,tracking,2241,0.658960,2241,2241,25,20.148507,2.72547660687,-171.734294603,0.354048,0.454338,-1.170087,-0.596869,0
1731,001731.png,center,not_published,from_left_right,,,0,,,,
1732,001732.png,left,ok,init,4468,0.497110,4468,4468,25,153.537148,-2.0089505159,581.026162462,0.205099,0.338262,-0.557700,-0.371490,0
1732,001732.png,right,ok,tracking,2260,0.653179,2260,2260,25,20.075730,2.73621922454,-171.794118496,0.354428,0.455521,-1.170087,-0.596869,0
1732,001732.png,center,ok,from_left_right,,,25,,,,
1733,001733.png,left,ok,tracking,1124,0.104046,1124,1124,25,166.663997,-4.21845575913,1001.51881189,0.269743,0.318456,-0.513581,-0.432299,0
1733,001733.png,right,ok,tracking,2245,0.658960,2245,2245,25,20.105267,2.73185025962,-171.731461628,0.354428,0.455521,-1.170087,-0.596869,0
1733,001733.png,center,ok,from_left_right,,,25,,,,
1734,001734.png,left,rejected_side_geometry,tracking,1386,0.132948,0,0,0,170.579829,-6.02734048206,1348.45969199,,,,,6
1734,001734.png,right,ok,tracking,2263,0.658960,2263,2263,25,20.062465,2.73818538906,-172.835829678,0.354428,0.455521,-1.170087,-0.596869,0
1734,001734.png,center,not_published,from_left_right,,,0,,,,
1735,001735.png,left,ok,init,4585,0.497110,4585,4585,25,153.324321,-1.9903830222,575.889165652,0.205099,0.339059,-0.557700,-0.371490,0
1735,001735.png,right,ok,tracking,2251,0.653179,2251,2251,25,20.067199,2.73748342008,-171.700559221,0.354428,0.455521,-1.170087,-0.596869,0
1735,001735.png,center,ok,from_left_right,,,25,,,,
1736,001736.png,left,ok,tracking,1289,0.121387,1289,1289,25,165.657313,-3.91098002916,942.133742182,0.265625,0.317737,-0.512041,-0.427262,0
1736,001736.png,right,ok,tracking,2241,0.653179,2241,2241,25,19.944656,2.75575678995,-176.944291096,0.354428,0.455933,-1.170087,-0.596869,0
1736,001736.png,center,ok,from_left_right,,,25,,,,
1737,001737.png,left,rejected_side_geometry,tracking,1296,0.132948,0,0,0,170.631892,-6.06144748454,1353.77803424,,,,,6
1737,001737.png,right,ok,tracking,2237,0.647399,2237,2237,25,19.997713,2.74781863081,-170.869068702,0.355277,0.457527,-1.170087,-0.596869,0
1737,001737.png,center,not_published,from_left_right,,,0,,,,
1738,001738.png,left,ok,init,4443,0.491329,4443,4443,25,153.609972,-2.01536761035,579.944502222,0.205652,0.339059,-0.557700,-0.371490,0
1738,001738.png,right,ok,tracking,2239,0.647399,2239,2239,25,19.974709,2.751255461,-171.371044577,0.355750,0.458719,-1.170087,-0.596869,0
1738,001738.png,center,ok,from_left_right,,,25,,,,
1739,001739.png,left,rejected_side_geometry,tracking,1082,0.109827,0,0,0,167.852902,-4.64594712104,1082.14354822,,,,,6
1739,001739.png,right,ok,tracking,2230,0.641618,2230,2230,25,19.911039,2.76080738522,-172.314470175,0.356127,0.460318,-1.170087,-0.596869,0
1739,001739.png,center,not_published,from_left_right,,,0,,,,
1740,001740.png,left,ok,init,4305,0.485549,4305,4305,25,153.687671,-2.02225060174,580.406328537,0.206205,0.339059,-0.557700,-0.371490,0
1740,001740.png,right,ok,tracking,2216,0.641618,2216,2216,25,19.946663,2.75545582428,-170.095234761,0.356502,0.460318,-1.170087,-0.596869,0
1740,001740.png,center,ok,from_left_right,,,25,,,,
1741,001741.png,left,rejected_side_geometry,tracking,1062,0.104046,0,0,0,168.151913,-4.76674090068,1104.52369764,,,,,6
1741,001741.png,right,ok,tracking,2233,0.635838,2233,2233,25,19.789063,2.77927137811,-175.566364735,0.356127,0.460716,-1.170087,-0.596869,0
1741,001741.png,center,not_published,from_left_right,,,0,,,,
1742,001742.png,left,ok,init,4278,0.485549,4278,4278,25,153.602933,-2.01474589945,577.838052225,0.206205,0.339059,-0.557700,-0.371490,0
1742,001742.png,right,ok,tracking,2211,0.624277,2211,2211,25,19.626909,2.8041580405,-178.846931128,0.356502,0.463517,-1.170087,-0.596869,0
1742,001742.png,center,ok,from_left_right,,,25,,,,
1743,001743.png,left,ok,tracking,1092,0.109827,1092,1092,25,167.296602,-4.43612306023,1039.55032254,0.267370,0.317021,-0.510509,-0.428372,0
1743,001743.png,right,ok,tracking,2224,0.630058,2224,2224,25,19.590602,2.80978452629,-181.946756423,0.355750,0.462311,-1.170087,-0.596869,0
1743,001743.png,center,ok,from_left_right,,,25,,,,
1744,001744.png,left,rejected_side_geometry,tracking,1355,0.132948,0,0,0,171.014288,-6.32395745749,1403.27012203,,,,,6
1744,001744.png,right,ok,tracking,2217,0.635838,2217,2217,25,19.692457,2.79405063396,-180.096819537,0.355277,0.460716,-1.170087,-0.596869,0
1744,001744.png,center,not_published,from_left_right,,,0,,,,
1745,001745.png,left,ok,init,4275,0.491329,4275,4275,25,153.737242,-2.02666163097,582.375333168,0.205652,0.339059,-0.557700,-0.371490,0
1745,001745.png,right,ok,tracking,2218,0.641618,2218,2218,25,19.782119,2.78032900972,-176.887856879,0.355750,0.460318,-1.170087,-0.596869,0
1745,001745.png,center,ok,from_left_right,,,25,,,,
1746,001746.png,left,rejected_side_geometry,tracking,1000,0.109827,0,0,0,169.109799,-5.19771371681,1193.4509381,,,,,6
1746,001746.png,right,ok,tracking,2234,0.641618,2234,2234,25,19.759281,2.7838126833,-180.229573336,0.354899,0.458719,-1.170087,-0.596869,0
1746,001746.png,center,not_published,from_left_right,,,0,,,,
1747,001747.png,left,ok,init,4493,0.497110,4493,4493,25,153.759766,-2.02867106703,584.442198802,0.205099,0.339059,-0.557700,-0.371490,0
1747,001747.png,right,ok,tracking,2244,0.653179,2244,2244,25,19.924645,2.7587613595,-177.417476242,0.354428,0.455933,-1.170087,-0.596869,0
1747,001747.png,center,ok,from_left_right,,,25,,,,
1748,001748.png,left,ok,tracking,1156,0.109827,1156,1156,25,166.281878,-4.09653349122,978.258521098,0.268361,0.318456,-0.513581,-0.430609,0
1748,001748.png,right,ok,tracking,2253,0.653179,2253,2253,25,19.933559,2.75742229409,-177.180803093,0.354428,0.455933,-1.170087,-0.596869,0
1748,001748.png,center,ok,from_left_right,,,25,,,,
1749,001749.png,left,rejected_side_geometry,tracking,1254,0.132948,0,0,0,171.262818,-6.50678600998,1448.30575753,,,,,6
1749,001749.png,right,ok,tracking,2243,0.658960,2243,2243,25,19.994697,2.74826884324,-177.157141254,0.353578,0.455521,-1.170087,-0.596869,0
1749,001749.png,center,not_published,from_left_right,,,0,,,,
1750,001750.png,left,ok,init,3965,0.497110,3965,3965,25,156.075984,-2.25407705138,639.406434267,0.205099,0.338262,-0.557700,-0.371490,0
1750,001750.png,right,ok,tracking,2235,0.658960,2235,2235,25,20.029549,2.7430748626,-177.128234753,0.353578,0.453922,-1.170087,-0.596869,0
1750,001750.png,center,ok,from_left_right,,,25,,,,
1751,001751.png,left,rejected_lane_spacing,tracking,1525,0.375723,0,0,0,165.087513,-3.7549826774,1008.99061443,,,,,6
1751,001751.png,right,ok,tracking,2241,0.658960,2241,2241,25,20.068181,2.7373377914,-175.980842042,0.353578,0.453922,-1.170087,-0.596869,0
1751,001751.png,center,not_published,from_left_right,,,0,,,,
1752,001752.png,left,ok,init,3995,0.491329,3995,3995,25,156.203979,-2.26773004379,641.093795825,0.205652,0.337845,-0.556804,-0.371490,0
1752,001752.png,right,ok,tracking,2244,0.664740,2244,2244,25,20.083859,2.73501567518,-176.2806504,0.353197,0.453922,-1.170087,-0.596869,0
1752,001752.png,center,ok,from_left_right,,,25,,,,
1753,001753.png,left,rejected_lane_spacing,tracking,1512,0.375723,0,0,0,165.115090,-3.7622636992,1009.99673682,,,,,6
1753,001753.png,right,ok,tracking,2249,0.664740,2249,2249,25,20.106928,2.731604979,-175.919815477,0.353197,0.452744,-1.170087,-0.596869,0
1753,001753.png,center,not_published,from_left_right,,,0,,,,
1754,001754.png,left,ok,init,4375,0.491329,4375,4375,25,154.229191,-2.07129178863,593.69752773,0.205652,0.337428,-0.556804,-0.371490,0
1754,001754.png,right,ok,tracking,2254,0.664740,2254,2254,25,20.117512,2.73004268574,-175.662524515,0.353197,0.453922,-1.170087,-0.596869,0
1754,001754.png,center,ok,from_left_right,,,25,,,,
1755,001755.png,left,ok,tracking,1094,0.115607,1094,1094,25,165.993948,-4.00897687915,961.550884583,0.267235,0.317357,-0.512810,-0.429488,0
1755,001755.png,right,ok,tracking,2256,0.664740,2256,2256,25,20.150729,2.72514973236,-174.341824628,0.353197,0.453922,-1.170087,-0.596869,0
1755,001755.png,center,ok,from_left_right,,,25,,,,
1756,001756.png,left,rejected_side_geometry,tracking,1347,0.138728,0,0,0,170.084236,-5.7204482948,1290.06987644,,,,,6
1756,001756.png,right,ok,tracking,2255,0.664740,2255,2255,25,20.133471,2.72768997572,-175.138219283,0.353197,0.453922,-1.170087,-0.596869,0
1756,001756.png,center,not_published,from_left_right,,,0,,,,
1757,001757.png,left,ok,init,4437,0.485549,4437,4437,25,154.062340,-2.05597833518,589.692791724,0.206205,0.337428,-0.556804,-0.371490,0
1757,001757.png,right,ok,tracking,2252,0.664740,2252,2252,25,20.156495,2.7243020034,-174.180646427,0.353197,0.452744,-1.170087,-0.596869,0
1757,001757.png,center,ok,from_left_right,,,25,,,,
1758,001758.png,left,ok,tracking,1135,0.115607,1135,1135,25,166.092929,-4.03867521914,966.65848764,0.266988,0.318456,-0.513581,-0.428929,0
1758,001758.png,right,ok,tracking,2255,0.664740,2255,2255,25,20.167811,2.72263947141,-173.833384114,0.353197,0.452744,-1.170087,-0.596869,0
1758,001758.png,center,ok,from_left_right,,,25,,,,
1759,001759.png,left,rejected_side_geometry,tracking,1408,0.138728,0,0,0,169.998445,-5.67038190713,1279.78959989,,,,,6
1759,001759.png,right,ok,tracking,2257,0.664740,2257,2257,25,20.166110,2.72288931139,-174.03200843,0.353197,0.452744,-1.170087,-0.596869,0
1759,001759.png,center,not_published,from_left_right,,,0,,,,
1760,001760.png,left,ok,init,4529,0.485549,4529,4529,25,153.726357,-2.02569172456,582.445640196,0.206205,0.337428,-0.556804,-0.371490,0
1760,001760.png,right,ok,tracking,2263,0.664740,2263,2263,25,20.175649,2.72148915176,-173.726579242,0.353197,0.452744,-1.170087,-0.596869,0
1760,001760.png,center,ok,from_left_right,,,25,,,,
1761,001761.png,left,ok,tracking,1164,0.115607,1164,1164,25,166.349017,-4.11747046931,981.386917084,0.266742,0.317737,-0.512041,-0.428372,0
1761,001761.png,right,ok,tracking,2254,0.664740,2254,2254,25,20.162546,2.72341275764,-174.282743891,0.353197,0.452744,-1.170087,-0.596869,0
1761,001761.png,center,ok,from_left_right,,,25,,,,
1762,001762.png,left,rejected_side_geometry,tracking,1451,0.138728,0,0,0,170.010023,-5.67708897094,1280.12619894,,,,,6
1762,001762.png,right,ok,tracking,2260,0.664740,2260,2260,25,20.166309,2.7228601277,-174.285221232,0.353197,0.452744,-1.170087,-0.596869,0
1762,001762.png,center,not_published,from_left_right,,,0,,,,
1763,001763.png,left,ok,init,4475,0.485549,4475,4475,25,153.933173,-2.0442489223,586.897707088,0.206205,0.337428,-0.556804,-0.371490,0
1763,001763.png,right,ok,tracking,2252,0.664740,2252,2252,25,20.173359,2.72182509041,-174.022760284,0.353197,0.452744,-1.170087,-0.596869,0
1763,001763.png,center,ok,from_left_right,,,25,,,,
1764,001764.png,left,ok,tracking,1111,0.115607,1111,1111,25,165.911930,-3.98467831049,955.637038723,0.266742,0.316999,-0.512041,-0.428372,0
1764,001764.png,right,ok,tracking,2253,0.664740,2253,2253,25,20.177921,2.72115576267,-173.865629365,0.353197,0.452322,-1.170087,-0.596869,0
1764,001764.png,center,ok,from_left_right,,,25,,,,
1765,001765.png,left,rejected_side_geometry,tracking,1395,0.138728,0,0,0,169.811370,-5.56410136945,1257.77693681,,,,,6
1765,001765.png,right,ok,tracking,2255,0.664740,2255,2255,25,20.183603,2.72032248732,-173.678812266,0.353197,0.452322,-1.170087,-0.596869,0
1765,001765.png,center,not_published,from_left_right,,,0,,,,
1766,001766.png,left,ok,init,4443,0.485549,4443,4443,25,154.177545,-2.06653206142,592.24468558,0.206205,0.337428,-0.556804,-0.371490,0
1766,001766.png,right,ok,tracking,2263,0.664740,2263,2263,25,20.175833,2.72146203233,-174.011638538,0.353197,0.452744,-1.170087,-0.596869,0
1766,001766.png,center,ok,from_left_right,,,25,,,,
1767,001767.png,left,ok,tracking,1180,0.115607,1180,1180,25,166.856422,-4.28248643391,1015.0609099,0.266988,0.318456,-0.513581,-0.428929,0
1767,001767.png,right,ok,tracking,2254,0.664740,2254,2254,25,20.177710,2.72118673005,-173.940913868,0.353197,0.452744,-1.170087,-0.596869,0
1767,001767.png,center,ok,from_left_right,,,25,,,,
1768,001768.png,left,rejected_side_geometry,tracking,1470,0.138728,0,0,0,170.371737,-5.89467011747,1324.26088794,,,,,6
1768,001768.png,right,ok,tracking,2266,0.664740,2266,2266,25,20.175372,2.72152972658,-174.050651211,0.353197,0.452744,-1.170087,-0.596869,0
1768,001768.png,center,not_published,from_left_right,,,0,,,,
1769,001769.png,left,ok,init,4463,0.485549,4463,4463,25,154.140481,-2.063127161,591.441704291,0.206205,0.337428,-0.556804,-0.371490,0
1769,001769.png,right,ok,tracking,2266,0.664740,2266,2266,25,20.167025,2.72275498269,-174.311664858,0.353197,0.452744,-1.170087,-0.596869,0
1769,001769.png,center,ok,from_left_right,,,25,,,,
1770,001770.png,left,ok,tracking,1154,0.115607,1154,1154,25,166.444713,-4.14766422859,988.455142233,0.266988,0.318456,-0.513581,-0.428929,0
1770,001770.png,right,ok,tracking,2256,0.664740,2256,2256,25,20.180328,2.720802687,-173.838201089,0.353197,0.452322,-1.170087,-0.596869,0
1770,001770.png,center,ok,from_left_right,,,25,,,,
1771,001771.png,left,rejected_side_geometry,tracking,1391,0.138728,0,0,0,170.058226,-5.70517927861,1286.37935879,,,,,6
1771,001771.png,right,ok,tracking,2263,0.664740,2263,2263,25,20.177302,2.72124659764,-174.050116227,0.353197,0.452744,-1.170087,-0.596869,0
1771,001771.png,center,not_published,from_left_right,,,0,,,,
1772,001772.png,left,ok,init,4482,0.485549,4482,4482,25,153.940506,-2.0449119197,587.074557615,0.206205,0.337049,-0.556804,-0.371490,0
1772,001772.png,right,ok,tracking,2256,0.664740,2256,2256,25,20.172960,2.72188370096,-174.127296882,0.353197,0.452322,-1.170087,-0.596869,0
1772,001772.png,center,ok,from_left_right,,,25,,,,
1773,001773.png,left,ok,tracking,1083,0.115607,1083,1083,25,166.556386,-4.18343231935,995.151136566,0.266742,0.318096,-0.512810,-0.428372,0
1773,001773.png,right,ok,tracking,2256,0.664740,2256,2256,25,20.173236,2.72184323434,-174.154690544,0.353197,0.452322,-1.170087,-0.596869,0
1773,001773.png,center,ok,from_left_right,,,25,,,,
1774,001774.png,left,rejected_side_geometry,tracking,1358,0.138728,0,0,0,170.309595,-5.85614568244,1316.62858871,,,,,6
1774,001774.png,right,ok,tracking,2257,0.664740,2257,2257,25,20.177464,2.72122277248,-174.02721499,0.353197,0.452322,-1.170087,-0.596869,0
1774,001774.png,center,not_published,from_left_right,,,0,,,,
1775,001775.png,left,ok,init,4363,0.485549,4363,4363,25,153.960175,-2.04669198765,587.610841376,0.206205,0.337049,-0.556804,-0.371490,0
1775,001775.png,right,ok,tracking,2268,0.664740,2268,2268,25,20.176493,2.72136521045,-174.122124408,0.353197,0.452322,-1.170087,-0.596869,0
1775,001775.png,center,ok,from_left_right,,,25,,,,
1776,001776.png,left,ok,tracking,1195,0.115607,1195,1195,25,166.446905,-4.1483608857,988.091531739,0.266988,0.318096,-0.512810,-0.428929,0
1776,001776.png,right,ok,tracking,2261,0.664740,2261,2261,25,20.183040,2.72040505157,-173.846475203,0.353197,0.452322,-1.170087,-0.596869,0
1776,001776.png,center,ok,from_left_right,,,25,,,,
1777,001777.png,left,rejected_side_geometry,tracking,1434,0.138728,0,0,0,170.116803,-5.73967959141,1293.23704295,,,,,6
1777,001777.png,right,ok,tracking,2263,0.664740,2263,2263,25,20.170039,2.72231240271,-174.301583022,0.353197,0.452744,-1.170087,-0.596869,0
1777,001777.png,center,not_published,from_left_right,,,0,,,,
1778,001778.png,left,ok,init,4476,0.485549,4476,4476,25,154.084185,-2.05797284064,590.356128482,0.206205,0.337049,-0.556804,-0.371490,0
1778,001778.png,right,ok,tracking,2264,0.664740,2264,2264,25,20.170531,2.72224019328,-174.169131049,0.353197,0.452744,-1.170087,-0.596869,0
1778,001778.png,center,ok,from_left_right,,,25,,,,
1779,001779.png,left,ok,tracking,1127,0.115607,1127,1127,25,166.404946,-4.13506639136,985.874278076,0.266988,0.318456,-0.513581,-0.428929,0
1779,001779.png,right,ok,tracking,2257,0.664740,2257,2257,25,20.174814,2.72161159462,-174.076319242,0.353197,0.452322,-1.170087,-0.596869,0
1779,001779.png,center,ok,from_left_right,,,25,,,,
1780,001780.png,left,rejected_side_geometry,tracking,1464,0.138728,0,0,0,170.189336,-5.78296536028,1301.77920332,,,,,6
1780,001780.png,right,ok,tracking,2257,0.664740,2257,2257,25,20.179136,2.720977506,-173.921858414,0.353197,0.452744,-1.170087,-0.596869,0
1780,001780.png,center,not_published,from_left_right,,,0,,,,
1781,001781.png,left,ok,init,4458,0.485549,4458,4458,25,154.101244,-2.0595325621,590.841832664,0.206205,0.337428,-0.556804,-0.371490,0
1781,001781.png,right,ok,tracking,2253,0.664740,2253,2253,25,20.179527,2.72092014145,-173.88938692,0.353197,0.452322,-1.170087,-0.596869,0
1781,001781.png,center,ok,from_left_right,,,25,,,,
1782,001782.png,left,ok,tracking,1153,0.115607,1153,1153,25,166.289486,-4.0988958606,978.707568016,0.266988,0.318456,-0.513581,-0.428929,0
1782,001782.png,right,ok,tracking,2257,0.664740,2257,2257,25,20.171406,2.72211182494,-174.216284457,0.353197,0.452322,-1.170087,-0.596869,0
1782,001782.png,center,ok,from_left_right,,,25,,,,
1783,001783.png,left,rejected_side_geometry,tracking,1409,0.138728,0,0,0,169.988987,-5.66491418232,1278.44543299,,,,,6
1783,001783.png,right,ok,tracking,2253,0.664740,2253,2253,25,20.172176,2.72199871763,-174.206229174,0.353197,0.452322,-1.170087,-0.596869,0
1783,001783.png,center,not_published,from_left_right,,,0,,,,
1784,001784.png,left,ok,init,4497,0.485549,4497,4497,25,153.872397,-2.03876725027,585.86636692,0.206205,0.337049,-0.556804,-0.371490,0
1784,001784.png,right,ok,tracking,2253,0.664740,2253,2253,25,20.176764,2.72132554626,-174.094905342,0.353197,0.452744,-1.170087,-0.596869,0
1784,001784.png,center,ok,from_left_right,,,25,,,,
1785,001785.png,left,ok,tracking,1164,0.115607,1164,1164,25,166.368116,-4.12346311251,983.199438591,0.266988,0.318096,-0.512810,-0.428929,0
1785,001785.png,right,ok,tracking,2260,0.664740,2260,2260,25,20.177492,2.72121872881,-174.086460217,0.353197,0.452322,-1.170087,-0.596869,0
1785,001785.png,center,ok,from_left_right,,,25,,,,
1786,001786.png,left,rejected_side_geometry,tracking,1387,0.138728,0,0,0,170.079477,-5.71764891908,1288.47644993,,,,,6
1786,001786.png,right,ok,tracking,2262,0.664740,2262,2262,25,20.173877,2.72174912903,-174.187589125,0.353197,0.452322,-1.170087,-0.596869,0
1786,001786.png,center,not_published,from_left_right,,,0,,,,
1787,001787.png,left,ok,init,4435,0.485549,4435,4435,25,154.127533,-2.06193983894,591.173081027,0.206205,0.337049,-0.556804,-0.371490,0
1787,001787.png,right,ok,tracking,2251,0.664740,2251,2251,25,20.174347,2.72168011775,-174.183116388,0.353197,0.452744,-1.170087,-0.596869,0
1787,001787.png,center,ok,from_left_right,,,25,,,,
1788,001788.png,left,ok,tracking,1160,0.115607,1160,1160,25,166.564934,-4.1861944636,996.029854944,0.266988,0.318456,-0.513581,-0.428929,0
1788,001788.png,right,ok,tracking,2262,0.664740,2262,2262,25,20.175173,2.72155892135,-174.076906504,0.353197,0.452744,-1.170087,-0.596869,0
1788,001788.png,center,ok,from_left_right,,,25,,,,
1789,001789.png,left,rejected_side_geometry,tracking,1421,0.138728,0,0,0,170.269976,-5.83183847647,1311.72122517,,,,,6
1789,001789.png,right,ok,tracking,2257,0.664740,2257,2257,25,20.179412,2.72093707423,-173.919606892,0.353197,0.452322,-1.170087,-0.596869,0
1789,001789.png,center,not_published,from_left_right,,,0,,,,
1790,001790.png,left,ok,init,4520,0.485549,4520,4520,25,153.960291,-2.04670245996,587.664451538,0.206205,0.337428,-0.556804,-0.371490,0
1790,001790.png,right,ok,tracking,2252,0.664740,2252,2252,25,20.162098,2.72347863812,-174.55162485,0.353197,0.452744,-1.170087,-0.596869,0
1790,001790.png,center,ok,from_left_right,,,25,,,,
1791,001791.png,left,ok,tracking,1100,0.115607,1100,1100,25,166.016440,-4.0156891948,961.778336854,0.266988,0.318096,-0.512810,-0.428929,0
1791,001791.png,right,ok,tracking,2261,0.664740,2261,2261,25,20.160872,2.72365872959,-174.701815506,0.353197,0.452744,-1.170087,-0.596869,0
1791,001791.png,center,ok,from_left_right,,,25,,,,
1792,001792.png,left,rejected_side_geometry,tracking,1394,0.138728,0,0,0,169.814517,-5.56585719153,1258.3146313,,,,,6
1792,001792.png,right,ok,tracking,2269,0.664740,2269,2269,25,20.175029,2.72158009562,-174.086010991,0.353197,0.452744,-1.170087,-0.596869,0
1792,001792.png,center,not_published,from_left_right,,,0,,,,
1793,001793.png,left,ok,init,4543,0.485549,4543,4543,25,153.902366,-2.04146731221,586.407358064,0.206205,0.337049,-0.556804,-0.371490,0
1793,001793.png,right,ok,tracking,2257,0.664740,2257,2257,25,20.176692,2.72133603471,-174.037045943,0.353197,0.452322,-1.170087,-0.596869,0
1793,001793.png,center,ok,from_left_right,,,25,,,,
1794,001794.png,left,ok,tracking,1175,0.115607,1175,1175,25,166.400362,-4.13361898062,985.304935631,0.266988,0.318096,-0.512810,-0.428929,0
1794,001794.png,right,ok,tracking,2261,0.664740,2261,2261,25,20.178558,2.72106228619,-173.977702537,0.353197,0.452744,-1.170087,-0.596869,0
1794,001794.png,center,ok,from_left_right,,,25,,,,
1795,001795.png,left,rejected_side_geometry,tracking,1419,0.138728,0,0,0,169.996973,-5.66953026992,1278.95449847,,,,,6
1795,001795.png,right,ok,tracking,2255,0.664740,2255,2255,25,20.180273,2.72081085971,-173.944087779,0.353197,0.452322,-1.170087,-0.596869,0
1795,001795.png,center,not_published,from_left_right,,,0,,,,
1796,001796.png,left,ok,init,4413,0.485549,4413,4413,25,154.142072,-2.06327313802,591.601707327,0.206205,0.337049,-0.556804,-0.371490,0
1796,001796.png,right,ok,tracking,2263,0.664740,2263,2263,25,20.174551,2.72165017674,-174.150475417,0.353197,0.452322,-1.170087,-0.596869,0
1796,001796.png,center,ok,from_left_right,,,25,,,,
1797,001797.png,left,ok,tracking,1164,0.115607,1164,1164,25,166.544027,-4.17944532013,994.565287552,0.266988,0.318456,-0.513581,-0.428929,0
1797,001797.png,right,ok,tracking,2253,0.664740,2253,2253,25,20.178093,2.72113060592,-173.986119457,0.353197,0.452322,-1.170087,-0.596869,0
1797,001797.png,center,ok,from_left_right,,,25,,,,
1798,001798.png,left,rejected_side_geometry,tracking,1335,0.138728,0,0,0,170.436105,-5.93509718369,1332.50964692,,,,,6
1798,001798.png,right,ok,tracking,2253,0.664740,2253,2253,25,20.170111,2.72230178347,-174.27952502,0.353197,0.452744,-1.170087,-0.596869,0
1798,001798.png,center,not_published,from_left_right,,,0,,,,
1799,001799.png,left,ok,init,4430,0.485549,4430,4430,25,154.228116,-2.07119252431,593.410805512,0.206205,0.337049,-0.556804,-0.371490,0
1799,001799.png,right,ok,tracking,2261,0.664740,2261,2261,25,20.185859,2.71999181256,-173.726780859,0.353197,0.452322,-1.170087,-0.596869,0
1799,001799.png,center,ok,from_left_right,,,25,,,,
1800,001800.png,left,ok,tracking,1108,0.115607,1108,1108,25,166.356801,-4.11991071764,983.097176468,0.266988,0.318817,-0.514354,-0.428929,0
1800,001800.png,right,ok,tracking,2245,0.664740,2245,2245,25,20.166124,2.7228872886,-174.386625382,0.353197,0.452322,-1.170087,-0.596869,0
1800,001800.png,center,ok,from_left_right,,,25,,,,
1801,001801.png,left,rejected_side_geometry,tracking,1431,0.138728,0,0,0,170.220320,-5.80164945895,1306.00533333,,,,,6
1801,001801.png,right,ok,tracking,2264,0.664740,2264,2264,25,20.159235,2.72389926278,-174.728695255,0.353197,0.452744,-1.170087,-0.596869,0
1801,001801.png,center,not_published,from_left_right,,,0,,,,
1802,001802.png,left,ok,init,4450,0.485549,4450,4450,25,153.798514,-2.03213530858,584.269874291,0.206205,0.337049,-0.556804,-0.371490,0
1802,001802.png,right,ok,tracking,2258,0.664740,2258,2258,25,20.185628,2.72002563962,-173.675350625,0.353197,0.452744,-1.170087,-0.596869,0
1802,001802.png,center,ok,from_left_right,,,25,,,,
1803,001803.png,left,ok,tracking,1133,0.115607,1133,1133,25,165.522420,-3.872964299,933.214356324,0.266742,0.316642,-0.511274,-0.428372,0
1803,001803.png,right,ok,tracking,2261,0.664740,2261,2261,25,20.170736,2.72221005412,-174.339755553,0.353197,0.452322,-1.170087,-0.596869,0
1803,001803.png,center,ok,from_left_right,,,25,,,,
1804,001804.png,left,rejected_side_geometry,tracking,1425,0.138728,0,0,0,169.729298,-5.51868390477,1248.91424366,,,,,6
1804,001804.png,right,ok,tracking,2261,0.664740,2261,2261,25,20.176249,2.72140106144,-174.033401234,0.353197,0.452744,-1.170087,-0.596869,0
1804,001804.png,center,not_published,from_left_right,,,0,,,,
1805,001805.png,left,ok,init,4461,0.485549,4461,4461,25,153.871666,-2.03870147307,585.752122466,0.206205,0.337049,-0.556804,-0.371490,0
1805,001805.png,right,ok,tracking,2261,0.664740,2261,2261,25,20.180560,2.72076867453,-173.9435555,0.353197,0.452322,-1.170087,-0.596869,0
1805,001805.png,center,ok,from_left_right,,,25,,,,
1806,001806.png,left,ok,tracking,1172,0.115607,1172,1172,25,166.115477,-4.04549833451,967.637548575,0.266742,0.318096,-0.512810,-0.428372,0
1806,001806.png,right,ok,tracking,2261,0.664740,2261,2261,25,20.165940,2.72291425078,-174.548862254,0.353197,0.452322,-1.170087,-0.596869,0
1806,001806.png,center,ok,from_left_right,,,25,,,,
1807,001807.png,left,rejected_side_geometry,tracking,1405,0.138728,0,0,0,169.761884,-5.5366303935,1252.27469753,,,,,6
1807,001807.png,right,ok,tracking,2253,0.664740,2253,2253,25,20.182252,2.72052055978,-173.845390854,0.353197,0.452322,-1.170087,-0.596869,0
1807,001807.png,center,not_published,from_left_right,,,0,,,,
1808,001808.png,left,ok,init,4446,0.485549,4446,4446,25,154.042739,-2.05419147173,589.481372348,0.206205,0.337428,-0.556804,-0.371490,0
1808,001808.png,right,ok,tracking,2260,0.670520,2260,2260,25,20.173428,2.72181503559,-174.25740805,0.353197,0.452322,-1.170087,-0.596869,0
1808,001808.png,center,ok,from_left_right,,,25,,,,
