frame_index,file,side,status,roi_mode,pixels,vehicle_points_after_crop,fitted_lane_points,angle_deg,line_a,line_b,lost_count
0,000000.png,left,ok,init,45024,16128,18,134.150300,-0.97077118399,1095.1176066,0
0,000000.png,right,ok,init,10177,10177,18,13.656069,4.115877214,-1429.20861999,0
0,000000.png,center,ok,from_left_right,,,18,,,,
1,000001.png,left,ok,tracking,7311,477,18,135.219702,-1.00769862181,1123.4935611,0
1,000001.png,right,ok,tracking,8065,8065,18,14.047122,3.99677461157,-1354.60095083,0
1,000001.png,center,ok,from_left_right,,,18,,,,
2,000002.png,left,ok,tracking,7358,333,18,136.002703,-1.03562809828,1144.51287555,0
2,000002.png,right,ok,tracking,8922,8922,18,14.171474,3.96025156094,-1335.84516773,0
2,000002.png,center,ok,from_left_right,,,18,,,,
3,000003.png,left,ok,tracking,7430,316,18,136.796289,-1.06475363621,1166.79252242,0
3,000003.png,right,ok,tracking,9578,9578,18,14.271136,3.93143000708,-1317.06436553,0
3,000003.png,center,ok,from_left_right,,,18,,,,
4,000004.png,left,ok,tracking,7676,394,18,137.674717,-1.09801187896,1192.81003861,0
4,000004.png,right,ok,tracking,9618,9618,18,14.247794,3.93814506466,-1326.28918724,0
4,000004.png,center,ok,from_left_right,,,18,,,,
5,000007.png,left,ok,tracking,6318,484,18,138.895618,-1.14614457345,1230.81630296,0
5,000007.png,right,ok,tracking,4593,4593,18,14.311878,3.91976094321,-1337.64863645,0
5,000007.png,center,ok,from_left_right,,,18,,,,
6,000008.png,left,ok,tracking,6231,782,18,139.897845,-1.18744751782,1262.49631954,0
6,000008.png,right,ok,tracking,9933,9933,18,14.485518,3.87074893216,-1304.55399497,0
6,000008.png,center,ok,from_left_right,,,18,,,,
7,000009.png,left,ok,tracking,6204,622,18,140.933373,-1.23196518116,1297.2811077,0
7,000009.png,right,ok,tracking,9553,9553,18,14.738969,3.80123827061,-1260.92706144,0
7,000009.png,center,ok,from_left_right,,,18,,,,
8,000010.png,left,ok,tracking,6531,573,18,141.881986,-1.2745218356,1330.60514248,0
8,000010.png,right,ok,tracking,10344,10325,18,14.876421,3.76451029798,-1231.42862944,0
8,000010.png,center,ok,from_left_right,,,18,,,,
9,000012.png,left,ok,tracking,6630,904,18,142.817903,-1.31830650412,1364.48776908,0
9,000012.png,right,ok,tracking,10291,10291,18,14.884326,3.76241802003,-1221.08370203,0
9,000012.png,center,ok,from_left_right,,,18,,,,
10,000013.png,left,ok,tracking,7142,537,18,143.557114,-1.35424360677,1391.81632369,0
10,000013.png,right,ok,tracking,9488,9462,18,14.950437,3.74500599609,-1223.05804156,0
10,000013.png,center,ok,from_left_right,,,18,,,,
11,000014.png,left,ok,tracking,7170,586,18,143.888192,-1.37074879619,1401.8432863,0
11,000014.png,right,ok,tracking,10398,10375,18,14.988839,3.73496081998,-1207.18279601,0
11,000014.png,center,ok,from_left_right,,,18,,,,
12,000015.png,left,ok,tracking,6587,948,18,144.569150,-1.40553338072,1427.85764736,0
12,000015.png,right,ok,tracking,10199,10166,18,15.130381,3.69836651873,-1181.61080421,0
12,000015.png,center,ok,from_left_right,,,18,,,,
13,000016.png,left,ok,tracking,6890,418,18,145.435034,-1.45148049692,1463.90194475,0
13,000016.png,right,ok,tracking,9888,9804,18,15.040067,3.72163874582,-1203.77330196,0
13,000016.png,center,ok,from_left_right,,,18,,,,
14,000017.png,left,ok,tracking,6559,830,18,146.878034,-1.53271214723,1530.70927625,0
14,000017.png,right,ok,tracking,8365,8365,18,14.836668,3.77506396151,-1229.60381126,0
14,000017.png,center,ok,from_left_right,,,18,,,,
15,000018.png,left,ok,tracking,7013,672,18,148.248847,-1.61590931865,1599.5690978,0
15,000018.png,right,ok,tracking,7838,7838,18,14.552002,3.85228614538,-1277.23160975,0
15,000018.png,center,ok,from_left_right,,,18,,,,
16,000020.png,left,ok,tracking,8308,24,18,148.538533,-1.63431780225,1620.45822555,0
16,000020.png,right,ok,tracking,6733,6733,18,14.286919,3.92690192131,-1352.79165684,0
16,000020.png,center,ok,from_left_right,,,18,,,,
17,000021.png,left,ok,tracking,8290,155,18,148.732156,-1.64679234989,1637.55487054,0
17,000021.png,right,ok,tracking,7017,7017,18,13.826295,4.06321974949,-1465.33850623,0
17,000021.png,center,ok,from_left_right,,,18,,,,
18,000022.png,left,ok,tracking,9355,134,18,149.332224,-1.68635173016,1674.5566568,0
18,000022.png,right,ok,tracking,8336,8336,18,13.379950,4.20408600358,-1569.03418689,0
18,000022.png,center,ok,from_left_right,,,18,,,,
19,000023.png,left,ok,tracking,9664,313,18,149.736649,-1.71381053716,1702.67541523,0
19,000023.png,right,ok,tracking,8385,8385,18,13.318996,4.22404168818,-1594.02395924,0
19,000023.png,center,ok,from_left_right,,,18,,,,
20,000024.png,left,ok,tracking,9816,494,18,149.944168,-1.72815955444,1719.72835646,0
20,000024.png,right,ok,tracking,7546,7546,18,13.255801,4.24492170604,-1622.35062315,0
20,000024.png,center,ok,from_left_right,,,18,,,,
21,000026.png,left,ok,tracking,10618,517,18,150.296813,-1.75296006223,1745.41970559,0
21,000026.png,right,ok,tracking,9218,9218,18,13.039696,4.3178253191,-1667.0402585,0
21,000026.png,center,ok,from_left_right,,,18,,,,
22,000028.png,left,ok,tracking,6105,222,18,149.198446,-1.67741217322,1698.49894954,0
22,000028.png,right,rejected_horizontal,tracking,704,0,0,8.548139,6.65291483072,-3137.04890072,1
22,000028.png,center,not_published,from_left_right,,,0,,,,
23,000029.png,left,ok,tracking,1574,238,18,147.696647,-1.58163867262,1640.07347724,0
23,000029.png,right,rejected_horizontal,tracking,658,0,0,8.112104,7.01574126226,-3362.5553614,2
23,000029.png,center,not_published,from_left_right,,,0,,,,
24,000030.png,left,ok,tracking,1249,251,18,146.157252,-1.49137391656,1584.93580902,0
24,000030.png,right,rejected_horizontal,tracking,618,0,0,7.851702,7.25150663857,-3508.32529478,3
24,000030.png,center,not_published,from_left_right,,,0,,,,
25,000031.png,left,ok,tracking,2452,152,18,144.946884,-1.42533385476,1546.23337621,0
25,000031.png,right,rejected_horizontal,tracking,740,0,0,9.000584,6.3133352667,-2908.0675707,4
25,000031.png,center,not_published,from_left_right,,,0,,,,
26,000032.png,left,ok,tracking,4167,80,18,143.979161,-1.37532972435,1518.66004808,0
26,000032.png,right,rejected_horizontal,tracking,783,0,0,10.886939,5.19930890382,-2210.9926171,5
26,000032.png,center,not_published,from_left_right,,,0,,,,
27,000033.png,left,ok,tracking,7565,103,18,143.478205,-1.35034787302,1507.7340266,0
27,000033.png,right,rejected_horizontal,tracking,919,0,0,10.123427,5.6007030684,-2465.62767595,6
27,000033.png,center,not_published,from_left_right,,,0,,,,
28,000034.png,left,ok,tracking,3346,251,18,141.909117,-1.27576528131,1462.40607244,0
28,000034.png,right,rejected_horizontal,init,8580,0,0,9.923619,5.71582895997,-2496.42458816,7
28,000034.png,center,not_published,from_left_right,,,0,,,,
29,000035.png,left,ok,tracking,1851,338,18,140.015620,-1.19241360759,1411.77757796,0
29,000035.png,right,rejected_horizontal,init,8368,0,0,9.551191,5.94314045203,-2652.56684828,8
29,000035.png,center,not_published,from_left_right,,,0,,,,
30,000036.png,left,ok,tracking,776,137,18,88.978665,0.0178275407504,677.457060526,0
30,000036.png,right,rejected_horizontal,init,8297,0,0,9.157171,6.20356472837,-2787.6870468,9
30,000036.png,center,not_published,from_left_right,,,0,,,,
31,000037.png,left,ok,tracking,9746,143,18,111.080903,-0.385485002747,946.480316713,0
31,000037.png,right,rejected_horizontal,init,7840,0,0,8.748792,6.49801558028,-2951.64754896,10
31,000037.png,center,not_published,from_left_right,,,0,,,,
32,000038.png,left,ok,tracking,589,572,18,129.162423,-0.814488603044,1223.10010491,0
32,000038.png,right,ok,init,38283,14122,18,133.430077,-0.946647867381,1937.04909795,0
32,000038.png,center,ok,from_left_right,,,18,,,,
33,000039.png,left,rejected_excessive_jump,tracking,499,0,0,167.812309,-4.62999863289,3792.71439053,1
33,000039.png,right,ok,tracking,3667,3667,18,122.113662,-0.627631138493,1711.06722483,0
33,000039.png,center,not_published,from_left_right,,,0,,,,
34,000041.png,left,rejected_excessive_jump,tracking,605,0,0,167.132600,-4.37767381836,3690.91156638,2
34,000041.png,right,ok,tracking,713,587,18,112.691575,-0.418136302961,1584.24126308,0
34,000041.png,center,not_published,from_left_right,,,0,,,,
35,000042.png,left,rejected_excessive_jump,tracking,691,0,0,166.328124,-4.11093329772,3545.87764248,3
35,000042.png,right,ok,tracking,665,496,18,100.559694,-0.186416905527,1438.23571221,0
35,000042.png,center,not_published,from_left_right,,,0,,,,
36,000043.png,left,rejected_excessive_jump,tracking,900,0,0,164.495012,-3.60466497267,3246.17517624,4
36,000043.png,right,ok,tracking,645,612,18,90.735839,-0.0128435260961,1328.17050575,0
36,000043.png,center,not_published,from_left_right,,,0,,,,
37,000044.png,left,rejected_excessive_jump,tracking,1002,0,0,163.416478,-3.35796031115,3080.09861261,5
37,000044.png,right,ok,tracking,622,572,18,78.921232,0.19580739898,1195.68621592,0
37,000044.png,center,not_published,from_left_right,,,0,,,,
38,000045.png,left,ok,tracking,1283,1283,18,160.273696,-2.78885669561,2683.31620069,0
38,000045.png,right,ok,tracking,712,610,18,73.638631,0.293583515199,1134.46452961,0
38,000045.png,center,ok,from_left_right,,,18,,,,
39,000048.png,left,ok,tracking,7953,7560,18,157.758423,-2.4453512564,2422.81601229,0
39,000048.png,right,ok,tracking,828,828,18,69.618618,0.371526821046,1083.03267082,0
39,000048.png,center,ok,from_left_right,,,18,,,,
40,000049.png,left,ok,tracking,14469,9268,18,158.537841,-2.54357307411,2495.79228336,0
40,000049.png,right,ok,tracking,887,887,18,64.889226,0.468663551848,1019.5062412,0
40,000049.png,center,ok,from_left_right,,,18,,,,
41,000050.png,left,ok,tracking,20936,8945,18,158.452426,-2.53247938012,2494.2474246,0
41,000050.png,right,ok,tracking,883,883,18,60.989435,0.55455012493,963.281692224,0
41,000050.png,center,ok,from_left_right,,,18,,,,
42,000051.png,left,ok,tracking,21371,8864,18,158.199371,-2.50009871088,2473.16173442,0
42,000051.png,right,ok,tracking,910,910,18,56.528300,0.661175490581,893.199797266,0
42,000051.png,center,ok,from_left_right,,,18,,,,
43,000052.png,left,ok,tracking,18573,7825,18,157.846144,-2.4560775903,2447.71843177,0
43,000052.png,right,ok,tracking,878,878,18,52.107360,0.778272487464,817.043956673,0
43,000052.png,center,ok,from_left_right,,,18,,,,
44,000054.png,left,ok,tracking,5915,5445,18,155.488390,-2.19312197508,2264.64739869,0
44,000054.png,right,ok,tracking,873,873,18,48.102224,0.897178626452,738.828980969,0
44,000054.png,center,ok,from_left_right,,,18,,,,
45,000055.png,left,ok,tracking,15593,7680,18,155.017733,-2.14624089495,2235.83992846,0
45,000055.png,right,ok,tracking,909,909,18,45.511910,0.982288731838,683.073972387,0
45,000055.png,center,ok,from_left_right,,,18,,,,
46,000056.png,left,ok,tracking,24450,9558,18,154.551554,-2.10140757797,2201.92337054,0
46,000056.png,right,ok,tracking,958,958,18,43.392677,1.05774111844,633.525596169,0
46,000056.png,center,ok,from_left_right,,,18,,,,
47,000057.png,left,ok,tracking,29570,10049,18,153.881278,-2.03956682649,2145.22671696,0
47,000057.png,right,ok,tracking,978,978,18,40.109591,1.1871348085,549.669964118,0
47,000057.png,center,ok,from_left_right,,,18,,,,
48,000058.png,left,ok,tracking,29957,10590,18,153.777006,-2.03021118823,2143.87724386,0
48,000058.png,right,ok,tracking,992,992,18,37.575690,1.29966680708,475.756613301,0
48,000058.png,center,ok,from_left_right,,,18,,,,
49,000059.png,left,ok,tracking,30020,10703,18,154.051115,-2.05495472922,2164.65091151,0
49,000059.png,right,ok,tracking,1031,1031,18,36.199949,1.36632929813,432.419023378,0
49,000059.png,center,ok,from_left_right,,,18,,,,
50,000060.png,left,ok,tracking,28730,10831,18,154.374858,-2.08481274038,2188.2549568,0
50,000060.png,right,ok,tracking,1093,1093,18,33.650481,1.50224778569,342.90436838,0
50,000060.png,center,ok,from_left_right,,,18,,,,
51,000061.png,left,ok,tracking,27914,10903,18,154.814542,-2.12650893617,2222.40080375,0
51,000061.png,right,ok,tracking,1103,1103,18,32.211993,1.58723617244,286.73108989,0
51,000061.png,center,ok,from_left_right,,,18,,,,
52,000062.png,left,ok,tracking,27947,10789,18,155.302747,-2.17443057664,2264.68007017,0
52,000062.png,right,ok,tracking,1185,1185,18,30.194597,1.71854479395,199.166317013,0
52,000062.png,center,ok,from_left_right,,,18,,,,
53,000063.png,left,ok,tracking,25665,11145,18,155.368477,-2.18101830637,2260.04828693,0
53,000063.png,right,ok,tracking,1143,1143,18,27.859772,1.8918822172,85.5036000889,0
53,000063.png,center,ok,from_left_right,,,18,,,,
54,000064.png,left,ok,tracking,29811,11190,18,155.573425,-2.20177269525,2286.98079289,0
54,000064.png,right,ok,tracking,1259,1259,18,25.968104,2.05320402275,-20.8800793628,0
54,000064.png,center,ok,from_left_right,,,18,,,,
55,000065.png,left,ok,tracking,29419,11458,18,155.646807,-2.20928342806,2291.81572451,0
55,000065.png,right,ok,tracking,1283,1283,18,24.770909,2.16708726602,-96.0989679437,0
55,000065.png,center,ok,from_left_right,,,18,,,,
56,000066.png,left,ok,tracking,7735,4048,18,156.228880,-2.27040221898,2308.28623633,0
56,000066.png,right,ok,tracking,1449,1449,18,23.385449,2.31247475572,-192.171296516,0
56,000066.png,center,ok,from_left_right,,,18,,,,
57,000067.png,left,ok,tracking,22026,10524,18,156.225130,-2.26999949406,2302.5324797,0
57,000067.png,right,ok,tracking,1562,1562,18,22.219267,2.44807170529,-283.169510179,0
57,000067.png,center,ok,from_left_right,,,18,,,,
58,000068.png,left,ok,tracking,26403,11310,18,156.485233,-2.2982225103,2332.01466853,0
58,000068.png,right,ok,tracking,1837,1837,18,21.165566,2.58275677704,-375.813882699,0
58,000068.png,center,ok,from_left_right,,,18,,,,
59,000070.png,left,ok,tracking,26491,11252,18,156.565353,-2.30703511834,2336.69294267,0
59,000070.png,right,ok,tracking,1915,1915,18,19.927978,2.75826052397,-493.323408765,0
59,000070.png,center,ok,from_left_right,,,18,,,,
60,000071.png,left,ok,tracking,24520,10204,18,156.771102,-2.3299286953,2352.37057928,0
60,000071.png,right,ok,tracking,2237,2237,18,18.877400,2.92452477279,-606.89571482,0
60,000071.png,center,ok,from_left_right,,,18,,,,
61,000072.png,left,ok,tracking,11252,11252,18,157.142341,-2.3722205728,2372.8848783,0
61,000072.png,right,ok,tracking,2897,2897,18,17.899946,3.0960695678,-726.037735177,0
61,000072.png,center,ok,from_left_right,,,18,,,,
62,000073.png,left,ok,tracking,17789,13905,18,157.387021,-2.40081263706,2391.1590887,0
62,000073.png,right,ok,tracking,4142,4142,18,16.945588,3.28199692931,-860.69950819,0
62,000073.png,center,ok,from_left_right,,,18,,,,
63,000074.png,left,ok,tracking,24194,12905,18,157.366463,-2.39838779917,2381.91934989,0
63,000074.png,right,ok,tracking,5167,5167,18,16.082294,3.46860389798,-995.510742485,0
63,000074.png,center,ok,from_left_right,,,18,,,,
64,000076.png,left,ok,tracking,6068,5286,18,158.124602,-2.49066792951,2425.53890545,0
64,000076.png,right,ok,tracking,6245,6098,18,15.104308,3.70505710515,-1161.00890837,0
64,000076.png,center,ok,from_left_right,,,18,,,,
65,000078.png,left,ok,tracking,7277,6997,18,159.080254,-2.61603557803,2501.26674472,0
65,000078.png,right,ok,tracking,1332,1316,18,16.212044,3.43932377431,-988.073551543,0
65,000078.png,center,ok,from_left_right,,,18,,,,
66,000080.png,left,ok,tracking,4265,4125,18,159.889912,-2.73113832301,2563.11884315,0
66,000080.png,right,ok,tracking,1253,1063,18,16.808386,3.31040869085,-907.811493759,0
66,000080.png,center,ok,from_left_right,,,18,,,,
67,000081.png,left,ok,tracking,4711,4665,18,160.616840,-2.84232011761,2623.9150686,0
67,000081.png,right,ok,tracking,6900,6072,18,16.667211,3.34011708919,-940.245226569,0
67,000081.png,center,ok,from_left_right,,,18,,,,
68,000082.png,left,ok,tracking,12107,9866,18,160.963110,-2.89814788793,2655.73755396,0
68,000082.png,right,ok,tracking,3336,2526,18,17.205606,3.22935936759,-872.956182232,0
68,000082.png,center,ok,from_left_right,,,18,,,,
69,000083.png,left,ok,tracking,12760,9918,18,161.286211,-2.95203322045,2683.48093786,0
69,000083.png,right,ok,tracking,8158,6569,18,16.797336,3.31271639728,-946.558186548,0
69,000083.png,center,ok,from_left_right,,,18,,,,
70,000084.png,left,ok,tracking,21879,15845,18,161.234757,-2.94333216853,2682.55349594,0
70,000084.png,right,ok,tracking,5381,3889,18,17.017171,3.26735011451,-929.458076278,0
70,000084.png,center,ok,from_left_right,,,18,,,,
71,000085.png,left,ok,tracking,16208,14780,18,161.733479,-3.02965790107,2745.12340103,0
71,000085.png,right,ok,tracking,6579,4777,18,17.060710,3.25849978303,-939.064987174,0
71,000085.png,center,ok,from_left_right,,,18,,,,
72,000086.png,left,ok,tracking,18563,15004,18,161.887753,-3.05729063307,2768.36925573,0
72,000086.png,right,ok,tracking,11867,9230,18,16.897059,3.29199509335,-973.854630434,0
72,000086.png,center,ok,from_left_right,,,18,,,,
73,000087.png,left,ok,tracking,19910,13975,18,161.863662,-3.05294575066,2768.70401668,0
73,000087.png,right,ok,tracking,12031,10087,18,16.671439,3.33922025202,-996.884239387,0
73,000087.png,center,ok,from_left_right,,,18,,,,
74,000088.png,left,ok,tracking,21501,15498,18,161.805492,-3.04250016529,2761.92866705,0
74,000088.png,right,ok,tracking,9106,7768,18,16.755415,3.3214987933,-965.834875612,0
74,000088.png,center,ok,from_left_right,,,18,,,,
75,000091.png,left,ok,tracking,16788,10743,18,161.825991,-3.04617379937,2770.52390995,0
75,000091.png,right,ok,tracking,201,143,18,26.324443,2.02117496906,-180.636641399,0
75,000091.png,center,ok,from_left_right,,,18,,,,
76,000092.png,left,ok,tracking,8210,8210,18,161.784529,-3.03875155109,2767.51410469,0
76,000092.png,right,quadratic_fit_failed,tracking,100,29,0,73.719281,0.292055203282,864.74692279,1
76,000092.png,center,not_published,from_left_right,,,0,,,,
77,000093.png,left,ok,tracking,14876,10063,18,161.987214,-3.07534824262,2795.71506605,0
77,000093.png,right,ok,tracking,256,256,18,29.478217,1.7690629742,-25.0313211305,0
77,000093.png,center,ok,from_left_right,,,18,,,,
78,000094.png,left,ok,tracking,16216,9960,18,162.021019,-3.08152963165,2803.9472465,0
78,000094.png,right,ok,tracking,314,83,18,18.031712,3.07189724535,-800.063990414,0
78,000094.png,center,ok,from_left_right,,,18,,,,
79,000099.png,left,rejected_excessive_jump,tracking,231,0,0,20.806273,2.63165055289,-647.56222621,1
79,000099.png,right,ok,tracking,11049,7152,18,18.670570,2.95937732433,-771.496120654,0
79,000099.png,center,not_published,from_left_right,,,0,,,,
80,000100.png,left,ok,tracking,428,341,18,143.886990,-1.37068839975,1779.28602457,0
80,000100.png,right,ok,tracking,11199,5617,18,18.653545,2.96227926133,-788.852175677,0
80,000100.png,center,ok,from_left_right,,,18,,,,
81,000102.png,left,ok,tracking,505,505,18,139.251299,-1.16061034352,1647.13197047,0
81,000102.png,right,rejected_horizontal,tracking,364,0,0,8.972668,6.33330376166,-2815.60394796,1
81,000102.png,center,not_published,from_left_right,,,0,,,,
82,000104.png,left,ok,tracking,624,624,18,135.228054,-1.00799245154,1552.37076386,0
82,000104.png,right,rejected_horizontal,tracking,395,0,0,8.548536,6.65260091847,-3039.45599721,2
82,000104.png,center,not_published,from_left_right,,,0,,,,
83,000105.png,left,ok,tracking,705,705,18,128.428826,-0.793409727224,1417.20766688,0
83,000105.png,right,rejected_horizontal,tracking,410,0,0,8.457905,6.72495045671,-3098.27517418,3
83,000105.png,center,not_published,from_left_right,,,0,,,,
84,000109.png,left,rejected_excessive_jump,tracking,283,0,0,12.949083,4.34910526235,-1762.50925485,1
84,000109.png,right,rejected_horizontal,tracking,857,0,0,11.294741,5.00690285286,-2134.76177661,4
84,000109.png,center,not_published,from_left_right,,,0,,,,
85,000110.png,left,rejected_excessive_jump,tracking,310,0,0,12.793109,4.40396794893,-1788.478903,2
85,000110.png,right,rejected_horizontal,tracking,891,0,0,11.564902,4.88681612843,-2052.34125583,5
85,000110.png,center,not_published,from_left_right,,,0,,,,
86,000112.png,left,ok,tracking,316,316,18,15.237209,3.67118701568,-1314.53396065,0
86,000112.png,right,ok,tracking,1017,1017,18,12.456747,4.5268781355,-1803.69402183,0
86,000112.png,center,ok,from_left_right,,,18,,,,
87,000113.png,left,rejected_horizontal,tracking,547,0,0,10.078031,5.62646274974,-2525.83651076,1
87,000113.png,right,ok,tracking,4513,4513,18,12.409642,4.54461413958,-1825.22272926,0
87,000113.png,center,not_published,from_left_right,,,0,,,,
88,000114.png,left,rejected_horizontal,tracking,548,0,0,10.846010,5.21940885552,-2275.39737667,2
88,000114.png,right,ok,tracking,10329,10329,18,12.557679,4.4893163017,-1800.26564387,0
88,000114.png,center,not_published,from_left_right,,,0,,,,
89,000115.png,left,rejected_horizontal,tracking,493,0,0,10.697949,5.29338899256,-2322.98361021,3
89,000115.png,right,ok,tracking,8099,8099,18,12.749314,4.41960981529,-1764.33303082,0
89,000115.png,center,not_published,from_left_right,,,0,,,,
90,000116.png,left,rejected_horizontal,tracking,453,0,0,9.189537,6.18133814886,-2870.50521638,4
90,000116.png,right,ok,tracking,10595,10595,18,13.049745,4.31438291311,-1684.9097037,0
90,000116.png,center,not_published,from_left_right,,,0,,,,
91,000117.png,left,rejected_horizontal,tracking,386,0,0,8.686005,6.5457222299,-3078.1693579,5
91,000117.png,right,ok,tracking,10504,10500,18,13.371783,4.20674939143,-1598.76022069,0
91,000117.png,center,not_published,from_left_right,,,0,,,,
92,000120.png,left,rejected_horizontal,tracking,384,0,0,8.481507,6.70596182787,-3191.98609862,6
92,000120.png,right,ok,tracking,8151,8131,18,13.997147,4.01163191771,-1467.99645265,0
92,000120.png,center,not_published,from_left_right,,,0,,,,
93,000121.png,left,ok,init,35886,13385,18,141.500351,-1.25718811056,1273.87632004,0
93,000121.png,right,ok,tracking,9867,9667,18,14.513014,3.86309307033,-1354.51397305,0
93,000121.png,center,ok,from_left_right,,,18,,,,
94,000122.png,left,ok,tracking,6600,162,18,142.497555,-1.30311023341,1309.19589052,0
94,000122.png,right,ok,tracking,5288,5182,18,14.289845,3.92606332928,-1383.09419534,0
94,000122.png,center,ok,from_left_right,,,18,,,,
95,000123.png,left,ok,tracking,7715,209,18,143.081612,-1.33098511315,1333.32785732,0
95,000123.png,right,ok,tracking,450,450,18,13.593876,4.13543839471,-1514.87235856,0
95,000123.png,center,ok,from_left_right,,,18,,,,
96,000124.png,left,ok,tracking,6950,752,18,142.331144,-1.2953033575,1311.64888469,0
96,000124.png,right,rejected_horizontal,tracking,445,0,0,7.886494,7.21911101201,-3409.74400201,1
96,000124.png,center,not_published,from_left_right,,,0,,,,
97,000125.png,left,ok,tracking,6106,1003,18,140.896794,-1.23035905757,1268.45004904,0
97,000125.png,right,rejected_horizontal,tracking,425,0,0,11.235288,5.03409464249,-2064.47845624,2
97,000125.png,center,not_published,from_left_right,,,0,,,,
98,000127.png,left,ok,tracking,1680,1319,18,138.242066,-1.12009308171,1195.64690435,0
98,000127.png,right,ok,tracking,895,895,18,14.005813,4.00904816272,-1434.89359457,0
98,000127.png,center,ok,from_left_right,,,18,,,,
99,000128.png,left,ok,tracking,1907,1603,18,139.726822,-1.18027918204,1234.42055858,0
99,000128.png,right,ok,tracking,764,764,18,14.336216,3.91282114392,-1372.85402189,0
99,000128.png,center,ok,from_left_right,,,18,,,,
100,000129.png,left,ok,tracking,1835,1440,18,140.614744,-1.21805886064,1261.78299638,0
100,000129.png,right,ok,tracking,886,886,18,14.529399,3.85854445893,-1337.81000592,0
100,000129.png,center,ok,from_left_right,,,18,,,,
101,000130.png,left,ok,tracking,1427,1109,18,140.262683,-1.20291082893,1251.05797104,0
101,000130.png,right,ok,tracking,919,919,18,14.354449,3.90763750716,-1372.46920382,0
101,000130.png,center,ok,from_left_right,,,18,,,,
102,000131.png,left,ok,tracking,1529,1207,18,141.080161,-1.2384358989,1274.93188481,0
102,000131.png,right,ok,tracking,1001,1001,18,14.420245,3.88903739245,-1361.37558572,0
102,000131.png,center,ok,from_left_right,,,18,,,,
103,000132.png,left,ok,tracking,2122,1736,18,141.369525,-1.25131275281,1283.69509844,0
103,000132.png,right,ok,tracking,2069,2069,18,14.704644,3.81051504763,-1305.62535115,0
103,000132.png,center,ok,from_left_right,,,18,,,,
104,000133.png,left,ok,tracking,2215,1996,18,142.526153,-1.30445782318,1322.18757117,0
104,000133.png,right,ok,tracking,2849,2849,18,14.894971,3.75960428215,-1270.53126845,0
104,000133.png,center,ok,from_left_right,,,18,,,,
105,000134.png,left,ok,tracking,2451,2189,18,143.454305,-1.34917076975,1355.25383159,0
105,000134.png,right,ok,tracking,3417,3417,18,15.169766,3.68830257719,-1220.55164821,0
105,000134.png,center,ok,from_left_right,,,18,,,,
106,000135.png,left,ok,tracking,2814,2459,18,143.994896,-1.37612410229,1374.53361626,0
106,000135.png,right,ok,tracking,4047,4047,18,15.549826,3.59374475644,-1154.44636714,0
106,000135.png,center,ok,from_left_right,,,18,,,,
107,000137.png,left,ok,tracking,3907,3290,18,144.600983,-1.40718782638,1397.8691201,0
107,000137.png,right,ok,tracking,7010,7010,18,16.066264,3.47225324502,-1065.57456112,0
107,000137.png,center,ok,from_left_right,,,18,,,,
108,000138.png,left,ok,tracking,4527,3388,18,145.185557,-1.43803777349,1420.6577979,0
108,000138.png,right,ok,tracking,9490,8715,18,16.696767,3.33385714815,-960.140180247,0
108,000138.png,center,ok,from_left_right,,,18,,,,
109,000139.png,left,ok,tracking,4896,3364,18,145.602685,-1.46060996703,1437.18444232,0
109,000139.png,right,ok,tracking,8483,6990,18,16.612820,3.35169401164,-961.59370657,0
109,000139.png,center,ok,from_left_right,,,18,,,,
110,000140.png,left,ok,tracking,5463,2264,18,146.255860,-1.4969371649,1464.66654331,0
110,000140.png,right,ok,tracking,10345,9045,18,16.599133,3.35461869336,-957.691890259,0
110,000140.png,center,ok,from_left_right,,,18,,,,
111,000141.png,left,ok,tracking,6088,2008,18,146.906154,-1.53435714269,1493.2854876,0
111,000141.png,right,ok,tracking,4003,3883,18,15.772428,3.54042707827,-1073.3705824,0
111,000141.png,center,ok,from_left_right,,,18,,,,
112,000144.png,left,ok,tracking,7510,1729,18,145.919312,-1.47806671933,1455.24686986,0
112,000144.png,right,ok,tracking,4466,4466,18,14.939374,3.74790927081,-1211.52014054,0
112,000144.png,center,ok,from_left_right,,,18,,,,
113,000145.png,left,ok,tracking,7612,1793,18,145.112321,-1.43412347611,1425.38548116,0
113,000145.png,right,ok,tracking,4683,4683,18,14.269672,3.93185068618,-1331.39039235,0
113,000145.png,center,ok,from_left_right,,,18,,,,
114,000146.png,left,ok,tracking,7271,1956,18,143.606294,-1.35667898173,1372.17058536,0
114,000146.png,right,ok,tracking,2055,2055,18,13.118851,4.29084827898,-1563.79717563,0
114,000146.png,center,ok,from_left_right,,,18,,,,
115,000147.png,left,ok,tracking,7177,2067,18,142.017924,-1.28076729315,1318.83075106,0
115,000147.png,right,ok,tracking,6210,6210,18,12.812890,4.39693751232,-1638.4912113,0
115,000147.png,center,ok,from_left_right,,,18,,,,
116,000148.png,left,ok,tracking,8754,2124,18,140.804520,-1.22631863478,1281.43633372,0
116,000148.png,right,ok,tracking,7655,7655,18,12.600773,4.47345922443,-1695.78334562,0
116,000148.png,center,ok,from_left_right,,,18,,,,
117,000151.png,left,ok,tracking,11318,1990,18,140.262759,-1.20291409715,1267.56616747,0
117,000151.png,right,ok,tracking,7327,7327,18,12.211217,4.62080351558,-1798.78480755,0
117,000151.png,center,ok,from_left_right,,,18,,,,
118,000152.png,left,ok,tracking,12487,2095,18,139.825617,-1.18441394664,1257.29961249,0
118,000152.png,right,ok,tracking,5745,5745,18,12.433044,4.53578638355,-1753.37990585,0
118,000152.png,center,ok,from_left_right,,,18,,,,
119,000153.png,left,ok,tracking,13144,2095,18,139.660161,-1.17749876246,1254.95943521,0
119,000153.png,right,ok,tracking,6504,6504,18,12.463409,4.52438052765,-1754.33794073,0
119,000153.png,center,ok,from_left_right,,,18,,,,
120,000154.png,left,ok,tracking,13663,2037,18,139.528796,-1.1720418262,1254.1785882,0
120,000154.png,right,ok,tracking,5477,5477,18,12.575920,4.48259123284,-1735.79516172,0
120,000154.png,center,ok,from_left_right,,,18,,,,
121,000155.png,left,ok,tracking,14178,1895,18,139.752555,-1.18135451215,1264.67842228,0
121,000155.png,right,ok,tracking,7208,7208,18,12.537825,4.4966580615,-1754.17807231,0
121,000155.png,center,ok,from_left_right,,,18,,,,
122,000156.png,left,ok,tracking,14630,1829,18,140.299697,-1.2044928732,1285.5480534,0
122,000156.png,right,ok,tracking,6933,6933,18,12.591063,4.47702309776,-1749.92993934,0
122,000156.png,center,ok,from_left_right,,,18,,,,
123,000157.png,left,ok,tracking,14774,1980,18,141.042938,-1.23679116025,1312.97547164,0
123,000157.png,right,ok,tracking,8331,8331,18,12.298021,4.58717553374,-1824.31109866,0
123,000157.png,center,ok,from_left_right,,,18,,,,
124,000159.png,left,ok,tracking,14784,2077,18,141.762889,-1.26908103763,1340.52125854,0
124,000159.png,right,ok,tracking,8691,8691,18,12.264706,4.60002604885,-1839.38702759,0
124,000159.png,center,ok,from_left_right,,,18,,,,
125,000160.png,left,ok,tracking,14970,2280,18,142.333636,-1.2954198084,1363.80990104,0
125,000160.png,right,ok,tracking,8958,8958,18,12.085176,4.67047858366,-1890.36774142,0
125,000160.png,center,ok,from_left_right,,,18,,,,
126,000161.png,left,ok,tracking,15020,2394,18,142.740945,-1.3146355071,1381.73126408,0
126,000161.png,right,rejected_horizontal,tracking,9057,0,0,11.946671,4.72625658222,-1928.94017155,1
126,000161.png,center,not_published,from_left_right,,,0,,,,
127,000162.png,left,ok,tracking,14465,2315,18,142.842333,-1.31947457525,1389.05964255,0
127,000162.png,right,ok,tracking,8914,8914,18,12.070774,4.67621979818,-1897.71763324,0
127,000162.png,center,ok,from_left_right,,,18,,,,
128,000165.png,left,ok,tracking,13992,2111,18,142.495921,-1.30303328884,1380.53172879,0
128,000165.png,right,rejected_horizontal,tracking,8053,0,0,11.864543,4.75993685616,-1950.1501044,1
128,000165.png,center,not_published,from_left_right,,,0,,,,
129,000166.png,left,ok,tracking,14012,2269,18,141.974472,-1.27876682588,1366.74215259,0
129,000166.png,right,rejected_horizontal,tracking,6705,0,0,11.695277,4.83082264343,-1996.7199985,2
129,000166.png,center,not_published,from_left_right,,,0,,,,
130,000167.png,left,ok,tracking,15177,2204,18,141.994606,-1.27969329107,1371.44208148,0
130,000167.png,right,rejected_horizontal,tracking,7433,0,0,11.767745,4.80022843913,-1977.82374796,3
130,000167.png,center,not_published,from_left_right,,,0,,,,
131,000168.png,left,ok,tracking,15942,2234,18,142.066752,-1.28301990212,1377.59659996,0
131,000168.png,right,rejected_horizontal,tracking,7314,0,0,11.804283,4.78494327739,-1965.11304865,4
131,000168.png,center,not_published,from_left_right,,,0,,,,
132,000169.png,left,ok,tracking,15587,2425,18,141.836142,-1.27242409516,1373.47298511,0
132,000169.png,right,rejected_horizontal,tracking,5262,0,0,11.621909,4.86218015784,-2014.51530478,5
132,000169.png,center,not_published,from_left_right,,,0,,,,
133,000170.png,left,ok,tracking,16099,2448,18,141.666901,-1.26471683359,1371.39377574,0
133,000170.png,right,rejected_horizontal,tracking,6135,0,0,11.687260,4.83423038736,-1997.06973458,6
133,000170.png,center,not_published,from_left_right,,,0,,,,
134,000172.png,left,ok,tracking,15679,2586,18,141.466544,-1.25566662643,1369.58517057,0
134,000172.png,right,ok,init,19775,13979,18,17.743140,3.12528776329,-623.125576335,0
134,000172.png,center,ok,from_left_right,,,18,,,,
135,000173.png,left,ok,tracking,15359,2765,18,141.239767,-1.2455183983,1366.16210385,0
135,000173.png,right,ok,tracking,3311,3311,18,17.907924,3.09459616327,-606.976864135,0
135,000173.png,center,ok,from_left_right,,,18,,,,
136,000175.png,left,ok,tracking,15005,2602,18,140.837581,-1.22776443836,1356.23713889,0
136,000175.png,right,ok,tracking,3640,3640,18,17.871111,3.10140529504,-614.913460826,0
136,000175.png,center,ok,from_left_right,,,18,,,,
137,000176.png,left,ok,tracking,12326,2904,18,140.042693,-1.19355862334,1334.76934243,0
137,000176.png,right,ok,tracking,3500,3500,18,17.865610,3.10242513058,-618.276309547,0
137,000176.png,center,ok,from_left_right,,,18,,,,
138,000178.png,left,ok,tracking,14624,2668,18,139.782765,-1.18261841646,1330.17423513,0
138,000178.png,right,ok,tracking,3716,3716,18,17.472065,3.17699503443,-670.910346992,0
138,000178.png,center,ok,from_left_right,,,18,,,,
139,000180.png,left,ok,tracking,14549,2846,18,139.581480,-1.17422683292,1329.33821049,0
139,000180.png,right,ok,tracking,3664,3664,18,17.402513,3.19051341448,-682.482016808,0
139,000180.png,center,ok,from_left_right,,,18,,,,
140,000181.png,left,ok,tracking,17265,2965,18,139.818906,-1.18413255027,1342.44020864,0
140,000181.png,right,ok,tracking,3257,3257,18,16.980408,3.27485730643,-740.059249349,0
140,000181.png,center,ok,from_left_right,,,18,,,,
141,000182.png,left,ok,tracking,18490,2853,18,140.145042,-1.19789896115,1356.51670153,0
141,000182.png,right,ok,tracking,3711,3711,18,16.640563,3.34577969651,-790.896206509,0
141,000182.png,center,ok,from_left_right,,,18,,,,
142,000183.png,left,ok,tracking,18583,2828,18,140.396842,-1.20865669506,1367.48431573,0
142,000183.png,right,ok,tracking,3415,3415,18,16.958285,3.27939029217,-748.921496608,0
142,000183.png,center,ok,from_left_right,,,18,,,,
143,000185.png,left,ok,tracking,18490,2089,18,141.197685,-1.24364624485,1394.39031888,0
143,000185.png,right,ok,tracking,3738,3738,18,16.802616,3.31161343209,-773.706729185,0
143,000185.png,center,ok,from_left_right,,,18,,,,
144,000186.png,left,ok,tracking,18231,2079,18,141.836746,-1.27245171492,1416.83989855,0
144,000186.png,right,ok,tracking,3009,3009,18,17.292987,3.21201503127,-709.644339148,0
144,000186.png,center,ok,from_left_right,,,18,,,,
145,000187.png,left,ok,tracking,17308,1634,18,142.749526,-1.31504419517,1449.970249,0
145,000187.png,right,ok,tracking,3590,3590,18,17.348987,3.2009884695,-705.210386561,0
145,000187.png,center,ok,from_left_right,,,18,,,,
146,000188.png,left,ok,tracking,16132,1329,18,144.123032,-1.38261560306,1505.78136729,0
146,000188.png,right,ok,tracking,3416,3416,18,17.539793,3.16393096886,-683.354335474,0
146,000188.png,center,ok,from_left_right,,,18,,,,
147,000189.png,left,ok,tracking,14900,1555,18,145.839520,-1.47364075479,1582.30894407,0
147,000189.png,right,ok,tracking,3514,3514,18,17.759126,3.12228628865,-658.689312498,0
147,000189.png,center,ok,from_left_right,,,18,,,,
148,000190.png,left,ok,tracking,13694,4032,18,147.344433,-1.56032042445,1650.52050143,0
148,000190.png,right,ok,tracking,3725,3725,18,17.953086,3.08627990848,-636.604478291,0
148,000190.png,center,ok,from_left_right,,,18,,,,
149,000191.png,left,ok,tracking,13528,6951,18,149.222328,-1.67900287718,1742.89228581,0
149,000191.png,right,ok,tracking,2756,2756,18,18.567979,2.97694238151,-566.924657525,0
149,000191.png,center,ok,from_left_right,,,18,,,,
150,000192.png,left,ok,tracking,12842,8905,18,150.970132,-1.80183197694,1833.52146451,0
150,000192.png,right,ok,tracking,2577,2558,18,19.139829,2.88134835587,-506.65922795,0
150,000192.png,center,ok,from_left_right,,,18,,,,
151,000195.png,left,ok,tracking,7493,6827,18,152.378306,-1.91106087044,1909.46280806,0
151,000195.png,right,ok,tracking,4141,4141,18,19.125196,2.88372578254,-512.987424917,0
151,000195.png,center,ok,from_left_right,,,18,,,,
152,000196.png,left,ok,tracking,8726,6737,18,153.502916,-2.00594540681,1981.52819217,0
152,000196.png,right,ok,tracking,3349,3091,18,19.708493,2.79158779717,-454.934788716,0
152,000196.png,center,ok,from_left_right,,,18,,,,
153,000197.png,left,ok,tracking,9252,6892,18,154.606973,-2.10665675613,2056.84185221,0
153,000197.png,right,ok,tracking,4579,4415,18,19.754678,2.78451582536,-454.404706749,0
153,000197.png,center,ok,from_left_right,,,18,,,,
154,000198.png,left,ok,tracking,9665,6913,18,155.661611,-2.21080388191,2134.17081201,0
154,000198.png,right,ok,tracking,5592,5537,18,19.322493,2.85196203699,-506.516010505,0
154,000198.png,center,ok,from_left_right,,,18,,,,
155,000199.png,left,ok,tracking,11313,6187,18,156.474485,-2.29704466662,2201.75338267,0
155,000199.png,right,ok,tracking,5623,5448,18,19.230407,2.86670939755,-522.597359935,0
155,000199.png,center,ok,from_left_right,,,18,,,,
156,000200.png,left,ok,tracking,11344,7266,18,157.336333,-2.39484146383,2274.87107647,0
156,000200.png,right,ok,tracking,5565,5279,18,19.214884,2.86920865308,-530.05838286,0
156,000200.png,center,ok,from_left_right,,,18,,,,
157,000201.png,left,ok,tracking,12423,6838,18,158.006859,-2.47594016692,2339.83873113,0
157,000201.png,right,ok,tracking,5974,5782,18,18.940042,2.91411383989,-566.456669313,0
157,000201.png,center,ok,from_left_right,,,18,,,,
158,000202.png,left,ok,tracking,10982,9146,18,159.114082,-2.62067370904,2441.70990584,0
158,000202.png,right,ok,tracking,4972,4253,18,19.363720,2.84540338222,-524.606587117,0
158,000202.png,center,ok,from_left_right,,,18,,,,
159,000203.png,left,ok,tracking,2668,2668,18,161.819883,-3.04507833135,2698.15181223,0
159,000203.png,right,rejected_horizontal,tracking,825,0,0,11.594103,4.87416690578,-1800.80863448,1
159,000203.png,center,not_published,from_left_right,,,0,,,,
160,000204.png,left,ok,tracking,3480,3480,18,162.883018,-3.24712594877,2821.90422511,0
160,000204.png,right,ok,tracking,950,950,18,12.825861,4.39233912544,-1507.45906855,0
160,000204.png,center,ok,from_left_right,,,18,,,,
161,000205.png,left,too_few_or_degenerate_pixels,tracking,0,0,0,0.000000,0,0,1
161,000205.png,right,rejected_horizontal,tracking,1404,0,0,10.988834,5.14991220657,-1999.26806545,1
161,000205.png,center,not_published,from_left_right,,,0,,,,
162,000206.png,left,too_few_or_degenerate_pixels,tracking,41,0,0,0.000000,0,0,2
162,000206.png,right,rejected_horizontal,tracking,1705,0,0,11.427127,4.94735691052,-1880.55056256,2
162,000206.png,center,not_published,from_left_right,,,0,,,,
163,000208.png,left,ok,tracking,658,658,18,161.480976,-2.98539046728,2659.60527996,0
163,000208.png,right,ok,tracking,2090,2090,18,12.848317,4.38439948222,-1528.6168954,0
163,000208.png,center,ok,from_left_right,,,18,,,,
164,000209.png,left,ok,tracking,1137,1137,18,160.929102,-2.89257839872,2600.33105515,0
164,000209.png,right,ok,tracking,1902,1902,18,12.372225,4.558797075,-1646.06445579,0
164,000209.png,center,ok,from_left_right,,,18,,,,
165,000210.png,left,ok,tracking,1214,1214,18,159.769387,-2.7134457392,2487.39317955,0
165,000210.png,right,ok,tracking,2672,2672,18,12.027941,4.69337461458,-1741.04677505,0
165,000210.png,center,ok,from_left_right,,,18,,,,
166,000211.png,left,ok,tracking,1386,1386,18,158.283945,-2.51084088238,2357.61079987,0
166,000211.png,right,ok,tracking,3375,3375,18,12.119652,4.65678965128,-1720.54460604,0
166,000211.png,center,ok,from_left_right,,,18,,,,
167,000212.png,left,ok,tracking,2111,2111,18,156.323430,-2.28059708098,2206.36507563,0
167,000212.png,right,ok,tracking,1456,1456,18,12.588143,4.47809566214,-1594.77841605,0
167,000212.png,center,ok,from_left_right,,,18,,,,
168,000214.png,left,ok,tracking,6492,6380,18,154.127346,-2.06192266239,2052.80738861,0
168,000214.png,right,rejected_horizontal,tracking,1957,0,0,9.851775,5.75835370904,-2514.65092996,1
168,000214.png,center,not_published,from_left_right,,,0,,,,
169,000215.png,left,ok,tracking,1893,1893,18,154.512143,-2.09768756409,2076.34076097,0
169,000215.png,right,rejected_horizontal,tracking,2466,0,0,10.275565,5.51601534817,-2345.6975588,2
169,000215.png,center,not_published,from_left_right,,,0,,,,
170,000216.png,left,ok,tracking,2047,2047,18,152.583394,-1.92782785197,1983.99515402,0
170,000216.png,right,rejected_horizontal,tracking,2537,0,0,10.355465,5.47252511501,-2312.76890193,3
170,000216.png,center,not_published,from_left_right,,,0,,,,
171,000217.png,left,ok,tracking,788,788,18,148.378379,-1.62410324507,1799.26114914,0
171,000217.png,right,rejected_horizontal,tracking,2754,0,0,10.507645,5.39150216467,-2253.74220407,4
171,000217.png,center,not_published,from_left_right,,,0,,,,
172,000218.png,left,ok,tracking,636,636,18,142.806602,-1.31776661698,1609.36808211,0
172,000218.png,right,rejected_horizontal,tracking,2312,0,0,10.399053,5.44907899166,-2271.19575931,5
172,000218.png,center,not_published,from_left_right,,,0,,,,
173,000219.png,left,ok,tracking,756,756,18,137.121095,-1.07692301868,1461.25118471,0
173,000219.png,right,rejected_horizontal,tracking,2178,0,0,10.488582,5.40152408293,-2221.3886964,6
173,000219.png,center,not_published,from_left_right,,,0,,,,
174,000220.png,left,ok,tracking,710,710,18,133.932360,-0.963409925662,1394.15980659,0
174,000220.png,right,ok,init,16686,16686,18,13.162212,4.27620538028,-1487.77545884,0
174,000220.png,center,ok,from_left_right,,,18,,,,
175,000221.png,left,ok,tracking,837,837,18,159.083921,-2.61653755939,2436.55792465,0
175,000221.png,right,ok,tracking,2679,2679,18,12.856570,4.38148827782,-1539.18899027,0
175,000221.png,center,ok,from_left_right,,,18,,,,
176,000222.png,left,ok,tracking,1004,1004,18,156.986445,-2.35430368122,2272.39916934,0
176,000222.png,right,ok,tracking,650,650,18,13.496297,4.16648597119,-1412.29959481,0
176,000222.png,center,ok,from_left_right,,,18,,,,
177,000223.png,left,ok,tracking,1385,1385,18,158.545544,-2.54457760373,2396.13552456,0
177,000223.png,right,ok,tracking,864,864,18,13.715680,4.09729136931,-1367.27437262,0
177,000223.png,center,ok,from_left_right,,,18,,,,
178,000224.png,left,ok,tracking,1878,1878,18,158.362667,-2.52091142456,2379.1776288,0
178,000224.png,right,ok,tracking,899,899,18,13.913771,4.03665186524,-1328.05887472,0
178,000224.png,center,ok,from_left_right,,,18,,,,
179,000226.png,left,ok,tracking,3563,3563,18,158.325735,-2.51617814435,2375.77842808,0
179,000226.png,right,ok,tracking,2327,2327,18,13.926970,4.03267136805,-1325.41247953,0
179,000226.png,center,ok,from_left_right,,,18,,,,
180,000228.png,left,ok,tracking,8790,5209,18,158.572348,-2.54807861656,2401.32209402,0
180,000228.png,right,ok,tracking,1794,1794,18,13.844964,4.05752204618,-1342.45649555,0
180,000228.png,center,ok,from_left_right,,,18,,,,
181,000229.png,left,ok,tracking,6033,5064,18,157.828421,-2.45390397146,2329.90928313,0
181,000229.png,right,ok,tracking,3841,3841,18,13.930332,4.03165877761,-1324.54602579,0
181,000229.png,center,ok,from_left_right,,,18,,,,
182,000230.png,left,ok,tracking,7610,3755,18,158.284656,-2.5109314789,2372.34421886,0
182,000230.png,right,ok,tracking,3639,3639,18,14.032676,4.00105889816,-1304.89365276,0
182,000230.png,center,ok,from_left_right,,,18,,,,
183,000231.png,left,ok,tracking,6374,3769,18,157.543851,-2.41944932532,2312.31689669,0
183,000231.png,right,ok,tracking,1475,1475,18,14.822802,3.77875833795,-1168.65346617,0
183,000231.png,center,ok,from_left_right,,,18,,,,
184,000234.png,left,ok,tracking,8651,1500,18,158.533101,-2.54295520748,2419.14572736,0
184,000234.png,right,ok,tracking,2498,2498,18,14.486069,3.87059522576,-1225.86966575,0
184,000234.png,center,ok,from_left_right,,,18,,,,
185,000235.png,left,ok,tracking,10608,2836,18,158.332204,-2.51700612891,2412.19703167,0
185,000235.png,right,ok,tracking,1948,1948,18,14.396484,3.89573528491,-1238.86250997,0
185,000235.png,center,ok,from_left_right,,,18,,,,
186,000236.png,left,ok,tracking,13396,3330,18,158.232654,-2.50431669269,2400.38792812,0
186,000236.png,right,ok,tracking,1980,1980,18,14.198629,3.95235933297,-1274.77537648,0
186,000236.png,center,ok,from_left_right,,,18,,,,
187,000237.png,left,ok,tracking,1000,1000,18,154.545159,-2.10080326268,2143.3936571,0
187,000237.png,right,ok,tracking,2852,2852,18,14.142011,3.96884815534,-1282.42515256,0
187,000237.png,center,ok,from_left_right,,,18,,,,
188,000238.png,left,ok,tracking,1682,1682,18,142.574167,-1.30672422931,1609.11464402,0
188,000238.png,right,ok,tracking,4033,4033,18,13.986201,4.01489981464,-1312.96565176,0
188,000238.png,center,ok,from_left_right,,,18,,,,
189,000239.png,left,ok,tracking,19211,9282,18,144.516408,-1.40279785274,1668.65803764,0
189,000239.png,right,ok,tracking,4026,4026,18,13.967309,4.02055205697,-1316.26717272,0
189,000239.png,center,ok,from_left_right,,,18,,,,
190,000240.png,left,ok,tracking,8665,5404,18,146.737663,-1.52453745785,1731.34443422,0
190,000240.png,right,ok,tracking,2433,2433,18,14.502553,3.86600251387,-1215.96657867,0
190,000240.png,center,ok,from_left_right,,,18,,,,
191,000241.png,left,ok,tracking,11793,8082,18,148.856908,-1.65490357997,1821.09428201,0
191,000241.png,right,ok,tracking,1628,1628,18,15.017007,3.72762452961,-1127.08053298,0
191,000241.png,center,ok,from_left_right,,,18,,,,
192,000242.png,left,ok,tracking,9976,7683,18,150.714790,-1.78305736436,1903.76310561,0
192,000242.png,right,ok,tracking,3265,3246,18,15.089163,3.70895394771,-1123.82464647,0
192,000242.png,center,ok,from_left_right,,,18,,,,
193,000244.png,left,ok,tracking,7382,6848,18,153.217824,-1.9811946825,2038.00923118,0
193,000244.png,right,ok,tracking,4148,4110,18,15.153830,3.69236852387,-1121.94879532,0
193,000244.png,center,ok,from_left_right,,,18,,,,
194,000245.png,left,ok,tracking,12710,8802,18,154.564495,-2.10263137174,2124.9082442,0
194,000245.png,right,ok,tracking,5016,4937,18,15.216219,3.67649777362,-1118.55648322,0
194,000245.png,center,ok,from_left_right,,,18,,,,
195,000246.png,left,ok,tracking,12122,8473,18,156.173325,-2.2644476493,2244.16186849,0
195,000246.png,right,ok,tracking,5644,5612,18,15.347742,3.64345371036,-1102.49816141,0
195,000246.png,center,ok,from_left_right,,,18,,,,
196,000249.png,left,ok,tracking,15862,7053,18,157.408742,-2.40337925492,2363.99030682,0
196,000249.png,right,ok,tracking,6686,6686,18,14.678391,3.81763869287,-1246.68391765,0
196,000249.png,center,ok,from_left_right,,,18,,,,
197,000250.png,left,ok,tracking,18292,8455,18,158.107586,-2.48853015748,2435.00641473,0
197,000250.png,right,ok,tracking,6697,6697,18,14.607820,3.83691228114,-1276.19341288,0
197,000250.png,center,ok,from_left_right,,,18,,,,
198,000252.png,left,ok,tracking,18170,10896,18,158.644543,-2.55755020191,2479.34060004,0
198,000252.png,right,ok,tracking,9030,9030,18,14.614727,3.83501772752,-1264.50844926,0
198,000252.png,center,ok,from_left_right,,,18,,,,
199,000253.png,left,ok,tracking,21636,11062,18,158.929946,-2.59559899535,2514.94050504,0
199,000253.png,right,ok,tracking,8806,8806,18,14.598532,3.83946238639,-1280.54007719,0
199,000253.png,center,ok,from_left_right,,,18,,,,
200,000255.png,left,ok,tracking,15483,9657,18,159.347405,-2.65305965868,2544.01922404,0
200,000255.png,right,ok,tracking,6698,6698,18,15.006335,3.73040091686,-1189.22677858,0
200,000255.png,center,ok,from_left_right,,,18,,,,
201,000256.png,left,ok,tracking,20135,11037,18,159.576216,-2.68550635206,2572.74499335,0
201,000256.png,right,ok,tracking,6020,6020,18,14.971105,3.73959343464,-1202.79085584,0
201,000256.png,center,ok,from_left_right,,,18,,,,
202,000258.png,left,ok,tracking,20405,10703,18,159.786040,-2.71587827081,2598.89654263,0
202,000258.png,right,too_few_or_degenerate_pixels,tracking,54,0,0,0.000000,0,0,1
202,000258.png,center,not_published,from_left_right,,,0,,,,
203,000260.png,left,ok,tracking,8007,5212,18,160.047418,-2.75456835829,2599.53922302,0
203,000260.png,right,too_few_or_degenerate_pixels,tracking,0,0,0,0.000000,0,0,2
203,000260.png,center,not_published,from_left_right,,,0,,,,
204,000261.png,left,ok,tracking,15289,10120,18,160.367185,-2.80324468528,2630.64150288,0
204,000261.png,right,too_few_or_degenerate_pixels,tracking,0,0,0,0.000000,0,0,3
204,000261.png,center,not_published,from_left_right,,,0,,,,
205,000262.png,left,ok,tracking,14997,10061,18,160.600600,-2.83974884465,2648.09569554,0
205,000262.png,right,too_few_or_degenerate_pixels,tracking,0,0,0,0.000000,0,0,4
205,000262.png,center,not_published,from_left_right,,,0,,,,
206,000263.png,left,ok,tracking,17150,11126,18,160.844321,-2.87877710461,2675.87248484,0
206,000263.png,right,too_few_or_degenerate_pixels,tracking,0,0,0,0.000000,0,0,5
206,000263.png,center,not_published,from_left_right,,,0,,,,
207,000264.png,left,ok,tracking,17085,11161,18,160.981407,-2.90115225506,2688.08919857,0
207,000264.png,right,too_few_or_degenerate_pixels,tracking,0,0,0,0.000000,0,0,6
207,000264.png,center,not_published,from_left_right,,,0,,,,
208,000265.png,left,ok,tracking,17232,11025,18,161.051272,-2.91267550505,2693.57001717,0
208,000265.png,right,rejected_horizontal,init,3529,0,0,2.712483,21.1072185569,-11761.8483336,7
208,000265.png,center,not_published,from_left_right,,,0,,,,
209,000266.png,left,ok,tracking,17244,11071,18,161.326504,-2.9588790307,2730.50144925,0
209,000266.png,right,rejected_horizontal,init,4127,0,0,2.932680,19.519936018,-10904.0813968,8
209,000266.png,center,not_published,from_left_right,,,0,,,,
210,000267.png,left,ok,tracking,15422,10236,18,161.266041,-2.94861694273,2710.80724616,0
210,000267.png,right,rejected_horizontal,init,4519,0,0,3.159658,18.115153497,-9906.26587049,9
210,000267.png,center,not_published,from_left_right,,,0,,,,
211,000268.png,left,ok,tracking,11226,8475,18,161.628992,-3.01119723059,2742.20810878,0
211,000268.png,right,rejected_horizontal,init,4088,0,0,3.178169,18.0094289494,-9934.60483932,10
211,000268.png,center,not_published,from_left_right,,,0,,,,
212,000269.png,left,ok,tracking,6613,5484,18,161.972085,-3.07258900392,2765.6520925,0
212,000269.png,right,rejected_horizontal,init,4417,0,0,3.379901,16.9322441543,-9275.21764652,11
212,000269.png,center,not_published,from_left_right,,,0,,,,
213,000270.png,left,ok,tracking,11841,9780,18,162.547149,-3.18071920982,2842.3866359,0
213,000270.png,right,rejected_horizontal,init,5022,0,0,3.766603,15.1896052656,-8365.15176261,12
213,000270.png,center,not_published,from_left_right,,,0,,,,
214,000271.png,left,ok,tracking,14794,11056,18,162.687176,-3.20810119168,2866.81682286,0
214,000271.png,right,rejected_horizontal,init,6673,0,0,9.981441,5.68204389021,-2063.76064888,13
214,000271.png,center,not_published,from_left_right,,,0,,,,
215,000272.png,left,ok,tracking,9349,7987,18,163.022505,-3.27545356068,2896.94596128,0
215,000272.png,right,rejected_horizontal,init,7879,0,0,10.455480,5.41901309488,-1939.07764794,14
215,000272.png,center,not_published,from_left_right,,,0,,,,
216,000273.png,left,ok,tracking,13566,11048,18,163.280232,-3.32900012432,2938.0145827,0
216,000273.png,right,rejected_horizontal,init,5051,0,0,5.079371,11.2505270583,-5787.55255781,15
216,000273.png,center,not_published,from_left_right,,,0,,,,
217,000274.png,left,ok,tracking,13686,11134,18,163.431172,-3.36111128253,2959.24974406,0
217,000274.png,right,rejected_horizontal,init,5511,0,0,5.381594,10.6152923221,-5350.78334097,16
217,000274.png,center,not_published,from_left_right,,,0,,,,
218,000275.png,left,ok,tracking,14373,11707,18,163.638645,-3.40618897104,2996.49446149,0
218,000275.png,right,ok,init,10180,4326,18,14.137452,3.97018147939,-1023.76129481,0
218,000275.png,center,ok,from_left_right,,,18,,,,
219,000276.png,left,ok,tracking,13931,11560,18,163.719282,-3.42401027774,3004.02551041,0
219,000276.png,right,rejected_horizontal,tracking,582,0,0,8.268954,6.88085000005,-2911.32875244,1
219,000276.png,center,not_published,from_left_right,,,0,,,,
220,000277.png,left,ok,tracking,14629,11665,18,163.646253,-3.40786313267,3001.9577583,0
220,000277.png,right,rejected_horizontal,tracking,579,0,0,7.904557,7.20240414166,-3108.15943646,2
220,000277.png,center,not_published,from_left_right,,,0,,,,
221,000279.png,left,ok,tracking,14722,11609,18,163.653157,-3.4093836333,3010.42153114,0
221,000279.png,right,rejected_horizontal,tracking,576,0,0,8.049640,7.07091354123,-3019.39748928,3
221,000279.png,center,not_published,from_left_right,,,0,,,,
222,000280.png,left,ok,tracking,14034,10845,18,163.743695,-3.4294397729,3026.5172344,0
222,000280.png,right,rejected_horizontal,tracking,576,0,0,10.025422,5.65660441695,-2110.63810427,4
222,000280.png,center,not_published,from_left_right,,,0,,,,
223,000281.png,left,ok,tracking,14007,10878,18,163.754468,-3.43184080921,3027.69673727,0
223,000281.png,right,rejected_horizontal,tracking,682,0,0,11.969887,4.71681865472,-1505.5024636,5
223,000281.png,center,not_published,from_left_right,,,0,,,,
224,000282.png,left,ok,tracking,12622,10163,18,163.682012,-3.41575205224,3004.08781602,0
224,000282.png,right,rejected_horizontal,tracking,541,0,0,8.689516,6.54303594633,-2685.9682684,6
224,000282.png,center,not_published,from_left_right,,,0,,,,
225,000283.png,left,ok,tracking,5702,4782,18,163.953861,-3.4768449269,3027.37184413,0
225,000283.png,right,ok,init,17851,11631,18,28.382228,1.85083327738,166.28667625,0
225,000283.png,center,ok,from_left_right,,,18,,,,
226,000284.png,left,ok,tracking,10195,8970,18,164.088671,-3.5078945558,3041.5160412,0
226,000284.png,right,ok,tracking,7039,3478,18,27.169018,1.94838033714,90.6277226545,0
226,000284.png,center,ok,from_left_right,,,18,,,,
227,000285.png,left,ok,tracking,10990,9913,18,164.268631,-3.55015104515,3065.44847809,0
227,000285.png,right,ok,tracking,7144,2769,18,26.047034,2.04603923221,10.4545291718,0
227,000285.png,center,ok,from_left_right,,,18,,,,
228,000287.png,left,ok,tracking,11826,10580,18,164.437438,-3.59065397558,3093.82196998,0
228,000287.png,right,ok,tracking,8180,3180,18,25.314682,2.11411405199,-46.4624578349,0
228,000287.png,center,ok,from_left_right,,,18,,,,
229,000289.png,left,ok,tracking,11893,10576,18,164.603566,-3.63135983761,3128.82350983,0
229,000289.png,right,ok,tracking,7747,1910,18,21.877217,2.49043923511,-377.691386618,0
229,000289.png,center,ok,from_left_right,,,18,,,,
230,000290.png,left,ok,tracking,10271,9482,18,164.921882,-3.71180054208,3181.14563979,0
230,000290.png,right,ok,tracking,9112,2857,18,21.016598,2.60283505316,-483.438588236,0
230,000290.png,center,ok,from_left_right,,,18,,,,
231,000291.png,left,ok,tracking,9751,8474,18,164.760542,-3.67061870194,3162.49092469,0
231,000291.png,right,ok,tracking,11473,4896,18,20.266629,2.70819781786,-578.792991534,0
231,000291.png,center,ok,from_left_right,,,18,,,,
232,000292.png,left,ok,tracking,4501,4007,18,164.901486,-3.70654688675,3166.93218825,0
232,000292.png,right,ok,tracking,10236,4152,18,20.261885,2.70888801079,-593.397881034,0
232,000292.png,center,ok,from_left_right,,,18,,,,
233,000293.png,left,ok,tracking,2345,2170,18,165.020402,-3.73737364428,3170.83621256,0
233,000293.png,right,ok,tracking,6868,2067,18,20.320770,2.70034254752,-605.649811341,0
233,000293.png,center,ok,from_left_right,,,18,,,,
234,000295.png,left,ok,tracking,463,463,18,164.011215,-3.48999242064,2981.99162383,0
234,000295.png,right,ok,tracking,127,127,18,16.919847,3.28729321164,-939.042783799,0
234,000295.png,center,ok,from_left_right,,,18,,,,
235,000296.png,left,ok,tracking,877,877,18,163.087032,-3.28871124418,2824.31251935,0
235,000296.png,right,too_few_or_degenerate_pixels,tracking,0,0,0,0.000000,0,0,1
235,000296.png,center,not_published,from_left_right,,,0,,,,
236,000299.png,left,rejected_horizontal,tracking,566,0,0,168.800609,-5.0506508851,3918.06762222,1
236,000299.png,right,rejected_horizontal,tracking,487,0,0,9.975987,5.68521386466,-2395.77449111,2
236,000299.png,center,not_published,from_left_right,,,0,,,,
237,000303.png,left,rejected_horizontal,tracking,239,0,0,171.144353,-6.41836854546,4705.86772328,2
237,000303.png,right,rejected_horizontal,tracking,423,0,0,8.707577,6.52925465058,-2897.98326211,3
237,000303.png,center,not_published,from_left_right,,,0,,,,
238,000304.png,left,ok,tracking,352,352,18,166.860399,-4.28382920799,3434.99677498,0
238,000304.png,right,rejected_horizontal,tracking,495,0,0,9.306576,6.10224420904,-2667.35533466,4
238,000304.png,center,not_published,from_left_right,,,0,,,,
239,000305.png,left,rejected_horizontal,tracking,296,0,0,171.383337,-6.59921089853,4835.19621827,1
239,000305.png,right,rejected_horizontal,tracking,465,0,0,8.938169,6.35815209924,-2833.3082875,5
239,000305.png,center,not_published,from_left_right,,,0,,,,
240,000306.png,left,ok,tracking,316,316,18,53.447257,0.741386622758,402.568645061,0
240,000306.png,right,rejected_horizontal,tracking,321,0,0,6.953203,8.19970750731,-3982.06213268,6
240,000306.png,center,not_published,from_left_right,,,0,,,,
241,000307.png,left,ok,tracking,359,359,18,77.815541,0.215923753666,718.912492669,0
241,000307.png,right,rejected_horizontal,init,2517,0,0,2.766945,20.6911325247,-11656.0770205,7
241,000307.png,center,not_published,from_left_right,,,0,,,,
242,000308.png,left,too_few_or_degenerate_pixels,tracking,0,0,0,0.000000,0,0,1
242,000308.png,right,too_few_or_degenerate_pixels,init,0,0,0,0.000000,0,0,8
242,000308.png,center,not_published,from_left_right,,,0,,,,
243,000309.png,left,too_few_or_degenerate_pixels,tracking,0,0,0,0.000000,0,0,2
243,000309.png,right,too_few_or_degenerate_pixels,init,0,0,0,0.000000,0,0,9
243,000309.png,center,not_published,from_left_right,,,0,,,,
244,000311.png,left,too_few_or_degenerate_pixels,tracking,0,0,0,0.000000,0,0,3
244,000311.png,right,too_few_or_degenerate_pixels,init,0,0,0,0.000000,0,0,10
244,000311.png,center,not_published,from_left_right,,,0,,,,
245,000312.png,left,ok,tracking,214,214,18,89.957025,0.000750059315915,830.562350594,0
245,000312.png,right,too_few_or_degenerate_pixels,init,0,0,0,0.000000,0,0,11
245,000312.png,center,not_published,from_left_right,,,0,,,,
246,000313.png,left,too_few_or_degenerate_pixels,tracking,26,0,0,0.000000,0,0,1
246,000313.png,right,too_few_or_degenerate_pixels,init,0,0,0,0.000000,0,0,12
246,000313.png,center,not_published,from_left_right,,,0,,,,
247,000314.png,left,too_few_or_degenerate_pixels,tracking,0,0,0,0.000000,0,0,2
247,000314.png,right,ok,init,5236,41,18,58.301158,0.617584673425,1352.41313042,0
247,000314.png,center,not_published,from_left_right,,,0,,,,
248,000315.png,left,too_few_or_degenerate_pixels,tracking,0,0,0,0.000000,0,0,3
248,000315.png,right,too_few_vehicle_points_after_crop,tracking,716,0,0,42.202257,1.10275906039,1055.18914311,1
248,000315.png,center,not_published,from_left_right,,,0,,,,
249,000317.png,left,too_few_or_degenerate_pixels,tracking,0,0,0,0.000000,0,0,4
249,000317.png,right,too_few_vehicle_points_after_crop,tracking,526,0,0,69.347329,0.376924811501,1500.12407053,2
249,000317.png,center,not_published,from_left_right,,,0,,,,
250,000318.png,left,rejected_excessive_jump,tracking,321,0,0,167.306204,-4.43959144394,3828.85720222,5
250,000318.png,right,too_few_or_degenerate_pixels,tracking,0,0,0,0.000000,0,0,3
250,000318.png,center,not_published,from_left_right,,,0,,,,
251,000319.png,left,rejected_horizontal,tracking,325,0,0,170.818058,-6.18654034629,5011.47334958,6
251,000319.png,right,too_few_or_degenerate_pixels,tracking,0,0,0,0.000000,0,0,4
251,000319.png,center,not_published,from_left_right,,,0,,,,
252,000320.png,left,rejected_horizontal,init,6522,0,0,175.820127,-13.6832133316,10172.8756956,7
252,000320.png,right,rejected_horizontal,tracking,320,0,0,9.931847,5.71099729625,-1890.40857068,5
252,000320.png,center,not_published,from_left_right,,,0,,,,
253,000321.png,left,rejected_horizontal,init,6845,0,0,173.394701,-8.63575257913,6736.56589273,8
253,000321.png,right,rejected_horizontal,tracking,283,0,0,9.435299,6.01750028731,-2113.54587361,6
253,000321.png,center,not_published,from_left_right,,,0,,,,
254,000323.png,left,rejected_horizontal,init,6896,0,0,169.094842,-5.19040987597,4288.32355527,9
254,000323.png,right,rejected_horizontal,init,6514,0,0,5.751142,9.92902431468,-4907.82193238,7
254,000323.png,center,not_published,from_left_right,,,0,,,,
255,000324.png,left,ok,init,6169,6169,18,167.885928,-4.65900019516,3901.76620763,0
255,000324.png,right,rejected_horizontal,init,6011,0,0,6.325216,9.02148270904,-4370.68560673,8
255,000324.png,center,not_published,from_left_right,,,0,,,,
256,000326.png,left,rejected_horizontal,tracking,1553,0,0,168.225230,-4.79728218034,3975.36279134,1
256,000326.png,right,rejected_horizontal,init,6704,0,0,8.274624,6.87606878692,-3049.30762711,9
256,000326.png,center,not_published,from_left_right,,,0,,,,
257,000327.png,left,rejected_horizontal,tracking,1967,0,0,168.359924,-4.85437952052,4015.94484859,2
257,000327.png,right,rejected_horizontal,init,8550,0,0,10.655554,5.31494655381,-2113.82020657,10
257,000327.png,center,not_published,from_left_right,,,0,,,,
258,000331.png,left,rejected_horizontal,tracking,4311,0,0,168.062547,-4.73001414488,3941.7490916,3
258,000331.png,right,ok,init,15823,14093,18,27.716782,1.90336452774,16.0782758555,0
258,000331.png,center,not_published,from_left_right,,,0,,,,
259,000333.png,left,rejected_horizontal,tracking,2742,0,0,168.090148,-4.741299561,3948.18639159,4
259,000333.png,right,ok,tracking,13115,4404,18,25.971258,2.05291697388,-108.665728642,0
259,000333.png,center,not_published,from_left_right,,,0,,,,
260,000334.png,left,rejected_horizontal,tracking,2010,0,0,168.209166,-4.7905585267,3983.56608488,5
260,000334.png,right,ok,tracking,14625,3577,18,25.447405,2.10150600003,-157.20501367,0
260,000334.png,center,not_published,from_left_right,,,0,,,,
261,000335.png,left,rejected_horizontal,tracking,2273,0,0,168.180613,-4.77865193298,3975.09756794,6
261,000335.png,right,ok,tracking,15972,4501,18,24.767723,2.16740408971,-218.484810865,0
261,000335.png,center,not_published,from_left_right,,,0,,,,
262,000336.png,left,ok,init,11470,11470,18,166.534587,-4.17640455868,3481.32063895,0
262,000336.png,right,ok,tracking,12866,2615,18,25.162368,2.12873622317,-200.794344748,0
262,000336.png,center,ok,from_left_right,,,18,,,,
263,000338.png,left,ok,tracking,5814,5814,18,166.787300,-4.25927480972,3519.24820566,0
263,000338.png,right,ok,tracking,22594,10814,18,24.361362,2.20844529019,-263.994256795,0
263,000338.png,center,ok,from_left_right,,,18,,,,
264,000339.png,left,ok,tracking,10928,10928,18,166.587187,-4.19340077568,3487.43958886,0
264,000339.png,right,ok,tracking,20061,11145,18,23.866209,2.26022613753,-296.208841049,0
264,000339.png,center,ok,from_left_right,,,18,,,,
265,000340.png,left,ok,tracking,8275,8275,18,166.555211,-4.18305316754,3494.49386316,0
265,000340.png,right,ok,tracking,16921,9983,18,23.474468,2.30264799112,-316.747176137,0
265,000340.png,center,ok,from_left_right,,,18,,,,
266,000341.png,left,ok,tracking,6697,6691,18,166.453628,-4.15049851292,3487.0595641,0
266,000341.png,right,ok,tracking,9977,6452,18,22.938891,2.36285588088,-342.019513877,0
266,000341.png,center,ok,from_left_right,,,18,,,,
267,000343.png,left,ok,tracking,466,466,18,142.486427,-1.30258634552,1673.46663035,0
267,000343.png,right,ok,tracking,7492,5669,18,22.103252,2.46230209569,-398.207236042,0
267,000343.png,center,ok,from_left_right,,,18,,,,
268,000344.png,left,ok,tracking,1868,1868,18,159.431669,-2.66492841569,2549.46087216,0
268,000344.png,right,ok,tracking,2102,2102,18,19.985948,2.74957543446,-576.187541326,0
268,000344.png,center,ok,from_left_right,,,18,,,,
269,000345.png,left,ok,tracking,2472,2472,18,161.402156,-2.97180979631,2749.8540984,0
269,000345.png,right,ok,tracking,9805,7143,18,20.087450,2.73448418749,-556.050753569,0
269,000345.png,center,ok,from_left_right,,,18,,,,
270,000346.png,left,ok,tracking,4142,4142,18,162.780952,-3.226680214,2925.99601489,0
270,000346.png,right,ok,tracking,13235,9964,18,19.719661,2.78987474476,-592.16253359,0
270,000346.png,center,ok,from_left_right,,,18,,,,
271,000347.png,left,ok,tracking,4594,4594,18,163.641663,-3.40685284785,3039.70046059,0
271,000347.png,right,ok,tracking,8676,7068,18,19.227438,2.86718702919,-632.578033985,0
271,000347.png,center,ok,from_left_right,,,18,,,,
272,000348.png,left,ok,tracking,11915,10305,18,164.076906,-3.50516437864,3111.66168161,0
272,000348.png,right,ok,tracking,13002,10261,18,19.024395,2.90019886381,-653.836292881,0
272,000348.png,center,ok,from_left_right,,,18,,,,
273,000349.png,left,ok,tracking,14741,11226,18,164.179167,-3.52902673292,3137.2213593,0
273,000349.png,right,ok,tracking,12970,10526,18,18.676088,2.95843776149,-692.852987037,0
273,000349.png,center,ok,from_left_right,,,18,,,,
274,000350.png,left,ok,tracking,13488,10979,18,164.355874,-3.57097735794,3158.47560969,0
274,000350.png,right,ok,tracking,12426,10227,18,18.464674,2.99481995873,-712.517593317,0
274,000350.png,center,ok,from_left_right,,,18,,,,
275,000351.png,left,ok,tracking,10357,7607,18,164.020546,-3.49214031098,3116.80473852,0
275,000351.png,right,ok,tracking,11242,9471,18,18.104151,3.05875341608,-754.3862141,0
275,000351.png,center,ok,from_left_right,,,18,,,,
276,000352.png,left,ok,tracking,5424,4323,18,163.317312,-3.33683627908,3018.04039208,0
276,000352.png,right,ok,tracking,5885,5408,18,17.332906,3.20414785295,-849.798346403,0
276,000352.png,center,ok,from_left_right,,,18,,,,
277,000353.png,left,ok,tracking,9716,6674,18,163.044955,-3.28005491819,2985.06956224,0
277,000353.png,right,ok,tracking,6229,5543,18,16.998435,3.27117223235,-891.597327673,0
277,000353.png,center,ok,from_left_right,,,18,,,,
278,000354.png,left,ok,tracking,10975,7220,18,162.654546,-3.20168215965,2934.04536244,0
278,000354.png,right,ok,tracking,6090,5543,18,17.060378,3.25856711276,-884.069453397,0
278,000354.png,center,ok,from_left_right,,,18,,,,
279,000355.png,left,ok,tracking,4021,3637,18,161.625531,-3.01058918219,2804.59131582,0
279,000355.png,right,ok,tracking,2213,2213,18,17.096061,3.25134621736,-879.076674698,0
279,000355.png,center,ok,from_left_right,,,18,,,,
280,000356.png,left,ok,tracking,5772,4568,18,160.756939,-2.86467478672,2703.50100377,0
280,000356.png,right,ok,tracking,1586,1586,18,17.302338,3.2101690421,-849.216713718,0
280,000356.png,center,ok,from_left_right,,,18,,,,
281,000358.png,left,ok,tracking,9355,6211,18,159.936776,-2.73807286752,2608.59100439,0
281,000358.png,right,ok,tracking,1993,1993,18,17.231718,3.22415855191,-858.971084748,0
281,000358.png,center,ok,from_left_right,,,18,,,,
282,000359.png,left,ok,tracking,11038,5785,18,159.214251,-2.63449224882,2529.24124851,0
282,000359.png,right,ok,tracking,1567,1567,18,17.141124,3.24226858405,-870.931296588,0
282,000359.png,center,ok,from_left_right,,,18,,,,
283,000360.png,left,ok,tracking,12847,3435,18,158.911848,-2.59315708926,2490.89031734,0
283,000360.png,right,ok,tracking,1879,1879,18,17.152350,3.24001432486,-869.573548254,0
283,000360.png,center,ok,from_left_right,,,18,,,,
284,000361.png,left,ok,tracking,10149,1848,18,158.753825,-2.57200409196,2465.98091724,0
284,000361.png,right,ok,tracking,2670,2670,18,17.087580,3.25305969325,-878.68016099,0
284,000361.png,center,ok,from_left_right,,,18,,,,
285,000362.png,left,ok,tracking,3059,1873,18,159.869189,-2.72808188701,2577.63902009,0
285,000362.png,right,ok,tracking,3185,3185,18,17.068425,3.25693621397,-881.560501872,0
285,000362.png,center,ok,from_left_right,,,18,,,,
286,000363.png,left,ok,tracking,2162,2162,18,159.542451,-2.68067453859,2545.11630197,0
286,000363.png,right,ok,tracking,5483,4284,18,17.191785,3.23211846334,-864.492246729,0
286,000363.png,center,ok,from_left_right,,,18,,,,
287,000364.png,left,ok,tracking,2691,2691,18,159.408352,-2.66163483637,2531.18087659,0
287,000364.png,right,ok,tracking,1160,1160,18,17.457389,3.17983879959,-831.53375107,0
287,000364.png,center,ok,from_left_right,,,18,,,,
288,000367.png,left,ok,tracking,686,686,18,166.307008,-4.10434649629,3426.79498753,0
288,000367.png,right,rejected_horizontal,tracking,366,0,0,9.961622,5.69357989739,-2423.25380639,1
288,000367.png,center,not_published,from_left_right,,,0,,,,
289,000368.png,left,ok,tracking,5440,4384,18,165.065157,-3.74909967319,3207.34976602,0
289,000368.png,right,rejected_horizontal,tracking,383,0,0,8.254859,6.89276393582,-3158.68304264,2
289,000368.png,center,not_published,from_left_right,,,0,,,,
290,000370.png,left,ok,tracking,543,543,18,165.139296,-3.76867616694,3219.42436455,0
290,000370.png,right,ok,tracking,795,795,18,12.496858,4.51187925512,-1675.56190808,0
290,000370.png,center,ok,from_left_right,,,18,,,,
291,000371.png,left,ok,tracking,655,655,18,164.623733,-3.63635981536,3136.21965853,0
291,000371.png,right,rejected_horizontal,tracking,972,0,0,10.219886,5.54671961212,-2335.13742293,1
291,000371.png,center,not_published,from_left_right,,,0,,,,
292,000372.png,left,ok,tracking,641,641,18,164.549363,-3.61798472368,3124.91504718,0
292,000372.png,right,rejected_horizontal,tracking,960,0,0,10.404345,5.4462451228,-2269.21260048,2
292,000372.png,center,not_published,from_left_right,,,0,,,,
293,000373.png,left,ok,tracking,646,646,18,164.269913,-3.55045530669,3082.20301916,0
293,000373.png,right,rejected_horizontal,tracking,1007,0,0,11.154538,5.07148548286,-2036.48173346,3
293,000373.png,center,not_published,from_left_right,,,0,,,,
294,000374.png,left,ok,tracking,797,797,18,164.152879,-3.52286403703,3065.6435611,0
294,000374.png,right,rejected_horizontal,tracking,1188,0,0,11.081356,5.10583662084,-2062.19288432,4
294,000374.png,center,not_published,from_left_right,,,0,,,,
295,000375.png,left,ok,tracking,796,796,18,163.903048,-3.46527305529,3028.83122241,0
295,000375.png,right,rejected_horizontal,tracking,1511,0,0,11.487477,4.9206619812,-1949.00908643,5
295,000375.png,center,not_published,from_left_right,,,0,,,,
296,000376.png,left,ok,tracking,930,930,18,163.910220,-3.46690208155,3030.81264837,0
296,000376.png,right,rejected_horizontal,tracking,1659,0,0,11.700981,4.82840117212,-1891.34540155,6
296,000376.png,center,not_published,from_left_right,,,0,,,,
297,000378.png,left,ok,tracking,1194,1194,18,163.618625,-3.40179077689,2987.5241081,0
297,000378.png,right,rejected_horizontal,init,11971,0,0,5.163885,11.0654214595,-6116.46888634,7
297,000378.png,center,not_published,from_left_right,,,0,,,,
298,000379.png,left,ok,tracking,1382,1382,18,163.487419,-3.37322335465,2968.412274,0
298,000379.png,right,rejected_horizontal,init,12979,0,0,5.674220,10.0645267719,-5523.00179374,8
298,000379.png,center,not_published,from_left_right,,,0,,,,
299,000380.png,left,ok,tracking,1798,1798,18,163.274846,-3.3278647599,2937.37099038,0
299,000380.png,right,ok,init,47777,16058,18,44.556620,1.01559790684,746.236661197,0
299,000380.png,center,ok,from_left_right,,,18,,,,
300,000381.png,left,ok,tracking,2230,2230,18,163.001715,-3.27120277079,2897.24499367,0
300,000381.png,right,ok,tracking,1326,1326,18,38.085301,1.27602132645,561.084970615,0
300,000381.png,center,ok,from_left_right,,,18,,,,
301,000382.png,left,ok,tracking,2662,2662,18,162.746599,-3.21985150752,2861.42653752,0
301,000382.png,right,ok,tracking,2536,2536,18,41.742782,1.12068948211,668.345918899,0
301,000382.png,center,ok,from_left_right,,,18,,,,
302,000383.png,left,ok,tracking,2905,2905,18,162.421270,-3.15646449233,2816.59427074,0
302,000383.png,right,ok,tracking,1648,1648,18,36.808840,1.33629769615,514.740008381,0
302,000383.png,center,ok,from_left_right,,,18,,,,
303,000384.png,left,ok,tracking,3281,3281,18,161.952682,-3.06905706225,2753.50279442,0
303,000384.png,right,ok,tracking,1881,1881,18,33.975634,1.48392182785,409.794660399,0
303,000384.png,center,ok,from_left_right,,,18,,,,
304,000385.png,left,ok,tracking,3589,3589,18,160.675689,-2.8516722763,2591.92922812,0
304,000385.png,right,ok,tracking,10295,1894,18,36.115940,1.37054121272,498.555155714,0
304,000385.png,center,ok,from_left_right,,,18,,,,
305,000387.png,left,ok,tracking,1760,1760,18,158.339666,-2.517961728,2373.23300667,0
305,000387.png,right,ok,tracking,1881,1881,18,31.893575,1.60696882491,328.877706218,0
305,000387.png,center,ok,from_left_right,,,18,,,,
306,000389.png,left,ok,tracking,697,697,18,156.099724,-2.25659888867,2213.57091382,0
306,000389.png,right,ok,tracking,1684,1684,18,27.529064,1.91860529867,112.091401798,0
306,000389.png,center,ok,from_left_right,,,18,,,,
307,000391.png,left,ok,tracking,553,553,18,148.559999,-1.63569401207,1825.35369715,0
307,000391.png,right,ok,tracking,1161,1161,18,24.020048,2.24392338934,-105.062952252,0
307,000391.png,center,ok,from_left_right,,,18,,,,
308,000392.png,left,ok,tracking,4419,747,18,149.841719,-1.72105328521,1879.43315572,0
308,000392.png,right,ok,tracking,806,806,18,12.409866,4.54452933692,-1673.49915446,0
308,000392.png,center,ok,from_left_right,,,18,,,,
309,000393.png,left,ok,tracking,1827,645,18,148.449630,-1.62863615735,1820.13070186,0
309,000393.png,right,rejected_horizontal,tracking,1928,0,0,11.445003,4.9394208156,-1942.56470896,1
309,000393.png,center,not_published,from_left_right,,,0,,,,
310,000395.png,left,ok,tracking,550,550,18,140.607565,-1.21774768776,1564.9507355,0
310,000395.png,right,rejected_horizontal,tracking,1978,0,0,11.253223,5.02586215982,-2011.99804963,2
310,000395.png,center,not_published,from_left_right,,,0,,,,
311,000396.png,left,ok,tracking,14038,628,18,143.730486,-1.36285426877,1685.31891221,0
311,000396.png,right,rejected_horizontal,tracking,2162,0,0,11.357026,4.97871726453,-1990.99175315,3
311,000396.png,center,not_published,from_left_right,,,0,,,,
312,000398.png,left,ok,tracking,28312,6544,18,144.747715,-1.41484755947,1735.7112928,0
312,000398.png,right,rejected_horizontal,tracking,2685,0,0,11.591377,4.87534511028,-1938.95330201,4
312,000398.png,center,not_published,from_left_right,,,0,,,,
313,000399.png,left,ok,tracking,19965,6661,18,145.255444,-1.44178651005,1735.26310563,0
313,000399.png,right,rejected_horizontal,tracking,3409,0,0,11.866734,4.75903263981,-1871.59413265,5
313,000399.png,center,not_published,from_left_right,,,0,,,,
314,000401.png,left,ok,tracking,6067,3076,18,146.947146,-1.53675951214,1786.10378191,0
314,000401.png,right,ok,tracking,3390,3390,18,12.407478,4.54543209794,-1737.50773315,0
314,000401.png,center,ok,from_left_right,,,18,,,,
315,000402.png,left,ok,tracking,7855,3399,18,147.998450,-1.60023818852,1815.31450801,0
315,000402.png,right,rejected_horizontal,tracking,5149,0,0,11.885004,4.7515029879,-1895.60168723,1
315,000402.png,center,not_published,from_left_right,,,0,,,,
316,000403.png,left,ok,tracking,14937,5572,18,148.715204,-1.64569465377,1836.33447064,0
316,000403.png,right,ok,tracking,4000,4000,18,12.236721,4.61087439377,-1801.17413245,0
316,000403.png,center,ok,from_left_right,,,18,,,,
317,000404.png,left,ok,tracking,13302,5647,18,149.655044,-1.70821656164,1867.96932933,0
317,000404.png,right,ok,tracking,5528,5528,18,12.042310,4.68760644916,-1868.6551388,0
317,000404.png,center,ok,from_left_right,,,18,,,,
318,000406.png,left,ok,tracking,9119,5008,18,150.803445,-1.78954200764,1912.23765186,0
318,000406.png,right,rejected_horizontal,tracking,5237,0,0,11.924592,4.73526612912,-1917.6741116,1
318,000406.png,center,not_published,from_left_right,,,0,,,,
319,000407.png,left,ok,tracking,7691,5317,18,151.915853,-1.87408138313,1959.243997,0
319,000407.png,right,ok,tracking,844,844,18,12.139523,4.64893478429,-1870.86819565,0
319,000407.png,center,ok,from_left_right,,,18,,,,
320,000408.png,left,ok,tracking,12152,7055,18,152.801251,-1.94589404162,2001.2350709,0
320,000408.png,right,ok,tracking,6385,6385,18,12.051237,4.68402963722,-1904.85223923,0
320,000408.png,center,ok,from_left_right,,,18,,,,
321,000409.png,left,ok,tracking,13963,7798,18,153.528412,-2.0081828745,2036.55947004,0
321,000409.png,right,ok,tracking,6658,6658,18,12.138793,4.64922297076,-1892.01977515,0
321,000409.png,center,ok,from_left_right,,,18,,,,
322,000410.png,left,ok,tracking,14239,8100,18,154.216376,-2.07010912882,2071.86419634,0
322,000410.png,right,ok,tracking,8241,8241,18,12.242871,4.60848618857,-1869.5271408,0
322,000410.png,center,ok,from_left_right,,,18,,,,
323,000411.png,left,ok,tracking,14785,8647,18,154.890232,-2.13382430079,2110.4491088,0
323,000411.png,right,ok,tracking,7920,7920,18,12.401528,4.54768255487,-1834.88757064,0
323,000411.png,center,ok,from_left_right,,,18,,,,
324,000412.png,left,ok,tracking,15878,9075,18,155.431349,-2.18735058014,2143.31863,0
324,000412.png,right,ok,tracking,7981,7981,18,12.541423,4.49532583844,-1806.23565429,0
324,000412.png,center,ok,from_left_right,,,18,,,,
325,000413.png,left,ok,tracking,2911,2765,18,156.637831,-2.31505622432,2213.29848935,0
325,000413.png,right,ok,tracking,1417,1417,18,12.689513,4.44114003824,-1793.92745138,0
325,000413.png,center,ok,from_left_right,,,18,,,,
326,000414.png,left,ok,tracking,4578,3799,18,157.394073,-2.40164543438,2259.54456223,0
326,000414.png,right,ok,tracking,3515,3514,18,12.888380,4.37030212074,-1760.12272209,0
326,000414.png,center,ok,from_left_right,,,18,,,,
327,000415.png,left,ok,tracking,1617,1582,18,158.608790,-2.55285205057,2348.84840371,0
327,000415.png,right,ok,tracking,7442,7342,18,13.038420,4.31826281789,-1733.21047032,0
327,000415.png,center,ok,from_left_right,,,18,,,,
328,000416.png,left,ok,tracking,6763,5157,18,158.936579,-2.59649489938,2366.47973496,0
328,000416.png,right,ok,tracking,7466,7265,18,13.312601,4.22614598312,-1678.6656653,0
328,000416.png,center,ok,from_left_right,,,18,,,,
329,000419.png,left,ok,tracking,9805,8230,18,159.767407,-2.71315670154,2448.31762417,0
329,000419.png,right,ok,tracking,499,499,18,13.483060,4.17073172624,-1667.39915321,0
329,000419.png,center,ok,from_left_right,,,18,,,,
330,000420.png,left,ok,tracking,10733,8765,18,160.238027,-2.78340176693,2493.66989564,0
330,000420.png,right,ok,tracking,3002,3002,18,13.751027,4.08634530343,-1622.52690375,0
330,000420.png,center,ok,from_left_right,,,18,,,,
331,000421.png,left,ok,tracking,10397,8504,18,160.501250,-2.82410872731,2512.45602348,0
331,000421.png,right,ok,tracking,10153,9142,18,14.312410,3.91960896341,-1488.96710879,0
331,000421.png,center,ok,from_left_right,,,18,,,,
332,000422.png,left,ok,tracking,12757,9212,18,160.714907,-2.8579351691,2550.28537139,0
332,000422.png,right,ok,tracking,9810,8831,18,14.735489,3.80217680363,-1409.66674976,0
332,000422.png,center,ok,from_left_right,,,18,,,,
333,000423.png,left,ok,tracking,13260,10331,18,161.017640,-2.90711811215,2585.95430986,0
333,000423.png,right,ok,tracking,12057,10045,18,15.071663,3.71346604538,-1339.37379129,0
333,000423.png,center,ok,from_left_right,,,18,,,,
334,000424.png,left,ok,tracking,13783,10751,18,161.124046,-2.92476585738,2599.35827388,0
334,000424.png,right,ok,tracking,12667,10443,18,15.336048,3.64636913231,-1290.1733396,0
334,000424.png,center,ok,from_left_right,,,18,,,,
335,000425.png,left,ok,tracking,13823,10918,18,161.213139,-2.93969029581,2609.4722367,0
335,000425.png,right,ok,tracking,13177,10534,18,15.542236,3.59558890179,-1252.3427232,0
335,000425.png,center,ok,from_left_right,,,18,,,,
336,000426.png,left,ok,tracking,14318,10861,18,161.127430,-2.9253301482,2602.69844628,0
336,000426.png,right,ok,tracking,12844,10131,18,15.628216,3.57479978322,-1243.03753078,0
336,000426.png,center,ok,from_left_right,,,18,,,,
337,000429.png,left,ok,tracking,13510,11138,18,161.637886,-3.01276066531,2661.42554622,0
337,000429.png,right,ok,tracking,14669,11285,18,16.057237,3.47431153036,-1158.33446597,0
337,000429.png,center,ok,from_left_right,,,18,,,,
338,000430.png,left,ok,tracking,11709,8453,18,161.996285,-3.07700466487,2724.43189014,0
338,000430.png,right,ok,tracking,8194,5492,18,16.284125,3.42325398276,-1101.47111835,0
338,000430.png,center,ok,from_left_right,,,18,,,,
339,000432.png,left,ok,tracking,7476,4292,18,161.739536,-3.03073431368,2703.00042253,0
339,000432.png,right,ok,tracking,3182,1850,18,15.772179,3.54048601956,-1175.92023479,0
339,000432.png,center,ok,from_left_right,,,18,,,,
340,000434.png,left,ok,tracking,1273,784,18,160.819593,-2.87477374386,2601.29921232,0
340,000434.png,right,ok,tracking,525,525,18,44.583449,1.0146471238,357.314641317,0
340,000434.png,center,ok,from_left_right,,,18,,,,
341,000436.png,left,ok,tracking,1210,1210,18,163.477834,-3.37115362245,2903.74624081,0
341,000436.png,right,ok,tracking,743,743,18,36.665037,1.34331285398,162.116683914,0
341,000436.png,center,ok,from_left_right,,,18,,,,
342,000437.png,left,ok,tracking,1256,1256,18,165.354276,-3.82653765759,3183.36576481,0
342,000437.png,right,ok,tracking,732,732,18,75.456028,0.259436530992,828.392059225,0
342,000437.png,center,ok,from_left_right,,,18,,,,
343,000438.png,left,rejected_horizontal,tracking,625,0,0,168.950629,-5.12099089369,3964.74824238,1
343,000438.png,right,ok,tracking,367,367,18,160.963093,-2.89814509201,2746.51874805,0
343,000438.png,center,not_published,from_left_right,,,0,,,,
344,000439.png,left,rejected_horizontal,tracking,289,0,0,170.106588,-5.73363424876,4340.88451724,2
344,000439.png,right,ok,tracking,320,320,18,165.444538,-3.85132972105,3329.2098713,0
344,000439.png,center,not_published,from_left_right,,,0,,,,
345,000440.png,left,ok,tracking,240,240,18,155.162512,-2.16048475946,2161.90620027,0
345,000440.png,right,ok,tracking,5384,5384,18,161.910777,-3.06145366462,2823.55783561,0
345,000440.png,center,ok,from_left_right,,,18,,,,
346,000441.png,left,ok,tracking,13787,5452,18,159.206479,-2.63341553099,2481.9806163,0
346,000441.png,right,ok,tracking,13162,9645,18,161.364968,-2.96544076075,2750.33133416,0
346,000441.png,center,ok,from_left_right,,,18,,,,
347,000442.png,left,ok,tracking,14516,6087,18,159.639057,-2.69453957489,2541.51243964,0
347,000442.png,right,ok,tracking,15325,10301,18,161.046636,-2.91190826312,2717.51000183,0
347,000442.png,center,ok,from_left_right,,,18,,,,
348,000444.png,left,ok,tracking,14220,5824,18,159.820567,-2.72093399611,2575.06952247,0
348,000444.png,right,ok,tracking,15552,9852,18,161.005547,-2.90512451996,2725.66806939,0
348,000444.png,center,ok,from_left_right,,,18,,,,
349,000445.png,left,ok,tracking,18694,9300,18,160.084938,-2.76020221535,2612.11506736,0
349,000445.png,right,ok,tracking,19415,11702,18,160.830909,-2.87660445774,2706.4947308,0
349,000445.png,center,ok,from_left_right,,,18,,,,
350,000446.png,left,ok,tracking,16516,8009,18,160.176634,-2.77405677715,2635.36317055,0
350,000446.png,right,ok,tracking,17345,10322,18,160.767939,-2.86644321735,2710.87709232,0
350,000446.png,center,ok,from_left_right,,,18,,,,
351,000447.png,left,ok,tracking,11874,5048,18,160.104087,-2.76308525713,2643.70284629,0
351,000447.png,right,ok,tracking,12504,6806,18,160.607845,-2.84089543034,2708.5620071,0
351,000447.png,center,ok,from_left_right,,,18,,,,
352,000450.png,left,ok,tracking,19657,10277,18,160.180572,-2.77465444012,2659.90551302,0
352,000450.png,right,ok,tracking,19260,10748,18,160.427965,-2.8126696851,2690.56151083,0
352,000450.png,center,ok,from_left_right,,,18,,,,
353,000451.png,left,ok,tracking,22022,11328,18,160.099465,-2.76238894008,2651.99255906,0
353,000451.png,right,ok,tracking,21314,11221,18,160.232541,-2.78256438649,2667.60738078,0
353,000451.png,center,ok,from_left_right,,,18,,,,
354,000452.png,left,ok,tracking,22266,11346,18,160.031473,-2.75218033057,2644.09334867,0
354,000452.png,right,ok,tracking,22103,11300,18,160.109705,-2.76393216489,2653.19410179,0
354,000452.png,center,ok,from_left_right,,,18,,,,
355,000453.png,left,ok,tracking,421,296,18,161.057867,-2.91376746602,2745.55157425,0
355,000453.png,right,ok,tracking,512,297,18,161.134417,-2.9264961694,2755.36945648,0
355,000453.png,center,ok,from_left_right,,,18,,,,
356,000454.png,left,ok,tracking,2083,423,18,161.536576,-2.99503757673,2792.20468042,0
356,000454.png,right,ok,tracking,2235,448,18,161.594208,-3.00509662985,2800.25311282,0
356,000454.png,center,ok,from_left_right,,,18,,,,
357,000455.png,left,ok,tracking,6027,2003,18,161.511041,-2.99060008523,2773.09826448,0
357,000455.png,right,ok,tracking,6104,2011,18,161.554807,-2.99821299926,2779.4154629,0
357,000455.png,center,ok,from_left_right,,,18,,,,
358,000457.png,left,ok,tracking,12026,8396,18,161.585056,-3.0034951472,2770.86700301,0
358,000457.png,right,ok,tracking,11885,8218,18,161.613081,-3.00840400298,2774.90385283,0
358,000457.png,center,ok,from_left_right,,,18,,,,
359,000458.png,left,ok,tracking,18815,12090,18,161.883492,-3.05652141651,2821.92236515,0
359,000458.png,right,ok,tracking,18932,12204,18,161.909896,-3.06129428988,2825.83214484,0
359,000458.png,center,ok,from_left_right,,,18,,,,
360,000459.png,left,ok,tracking,4686,2309,18,161.504381,-2.98944453802,2785.75644892,0
360,000459.png,right,ok,tracking,4680,2332,18,161.542059,-2.99599197498,2791.00506997,0
360,000459.png,center,ok,from_left_right,,,18,,,,
361,000460.png,left,ok,tracking,2988,710,18,162.001957,-3.07804117511,2835.81510294,0
361,000460.png,right,ok,tracking,3014,709,18,162.027950,-3.08279973254,2839.81994261,0
361,000460.png,center,ok,from_left_right,,,18,,,,
362,000461.png,left,ok,tracking,9122,2537,18,161.522236,-2.99254409499,2767.82066732,0
362,000461.png,right,ok,tracking,9115,2528,18,161.546184,-2.9967103685,2771.47357582,0
362,000461.png,center,ok,from_left_right,,,18,,,,
363,000462.png,left,ok,tracking,4204,4145,18,161.022264,-2.90788100158,2711.98747005,0
363,000462.png,right,ok,tracking,4199,4140,18,161.047583,-2.91206486259,2715.56703575,0
363,000462.png,center,ok,from_left_right,,,18,,,,
364,000463.png,left,ok,tracking,2809,2695,18,160.817717,-2.8744704293,2691.00928261,0
364,000463.png,right,ok,tracking,2799,2685,18,160.838912,-2.87790059697,2694.16913802,0
364,000463.png,center,ok,from_left_right,,,18,,,,
365,000464.png,left,ok,tracking,3102,3092,18,160.655631,-2.84847856526,2675.25793647,0
365,000464.png,right,ok,tracking,3113,3103,18,160.681301,-2.85256697593,2678.79038005,0
365,000464.png,center,ok,from_left_right,,,18,,,,
366,000465.png,left,ok,tracking,3024,3024,18,160.496527,-2.82336892262,2659.4505662,0
366,000465.png,right,ok,tracking,3031,3031,18,160.523129,-2.82753983591,2663.01525655,0
366,000465.png,center,ok,from_left_right,,,18,,,,
367,000467.png,left,ok,tracking,6742,3635,18,160.057710,-2.75611170321,2607.29478071,0
367,000467.png,right,ok,tracking,6721,3623,18,160.088557,-2.76074670433,2611.23151885,0
367,000467.png,center,ok,from_left_right,,,18,,,,
368,000468.png,left,ok,tracking,9769,2430,18,159.435041,-2.66540528395,2530.61913192,0
368,000468.png,right,ok,tracking,9736,2423,18,159.466551,-2.66986894012,2534.46994102,0
368,000468.png,center,ok,from_left_right,,,18,,,,
369,000469.png,left,ok,tracking,9191,1523,18,159.146184,-2.62508841218,2486.07480408,0
369,000469.png,right,ok,tracking,9184,1519,18,159.184148,-2.63032616018,2490.68097789,0
369,000469.png,center,ok,from_left_right,,,18,,,,
370,000471.png,left,ok,tracking,1169,77,18,160.222379,-2.78101460412,2587.29827458,0
370,000471.png,right,ok,tracking,1178,82,18,160.250693,-2.7853366308,2591.18613621,0
370,000471.png,center,ok,from_left_right,,,18,,,,
371,000472.png,left,ok,tracking,5294,2179,18,160.329486,-2.79742698279,2581.77005273,0
371,000472.png,right,ok,tracking,5232,2120,18,160.362270,-2.80248503484,2586.28942931,0
371,000472.png,center,ok,from_left_right,,,18,,,,
372,000473.png,left,ok,tracking,12556,8094,18,160.250454,-2.78530014556,2560.70751738,0
372,000473.png,right,ok,tracking,12395,7941,18,160.269682,-2.78824186354,2563.34508062,0
372,000473.png,center,ok,from_left_right,,,18,,,,
373,000474.png,left,ok,tracking,9408,7294,18,160.878344,-2.88430148586,2618.28004837,0
373,000474.png,right,ok,tracking,9313,7199,18,160.888770,-2.88599816918,2619.78765144,0
373,000474.png,center,ok,from_left_right,,,18,,,,
374,000476.png,left,ok,tracking,14337,10081,18,161.268207,-2.94898344068,2674.00437986,0
374,000476.png,right,ok,tracking,14373,10117,18,161.282000,-2.95131940388,2675.9880031,0
374,000476.png,center,ok,from_left_right,,,18,,,,
375,000477.png,left,ok,tracking,11905,6510,18,160.990766,-2.90269109476,2650.57329059,0
375,000477.png,right,ok,tracking,11947,6555,18,160.997846,-2.90385627722,2651.60188719,0
375,000477.png,center,ok,from_left_right,,,18,,,,
376,000478.png,left,ok,tracking,6585,2948,18,160.451361,-2.81631262493,2597.56429009,0
376,000478.png,right,ok,tracking,6586,2950,18,160.461636,-2.817915114,2598.98702112,0
376,000478.png,center,ok,from_left_right,,,18,,,,
377,000479.png,left,ok,tracking,9467,4173,18,160.207820,-2.77879676973,2577.92846335,0
377,000479.png,right,ok,tracking,9479,4185,18,160.219145,-2.78052161856,2579.46162348,0
377,000479.png,center,ok,from_left_right,,,18,,,,
378,000480.png,left,ok,tracking,13749,9719,18,161.002197,-2.90457262676,2666.03152649,0
378,000480.png,right,ok,tracking,13746,9718,18,161.010845,-2.90599768918,2667.2406206,0
378,000480.png,center,ok,from_left_right,,,18,,,,
379,000481.png,left,ok,tracking,11731,8623,18,161.414372,-2.97390734222,2708.72729172,0
379,000481.png,right,ok,tracking,11723,8615,18,161.419287,-2.97475198144,2709.44253462,0
379,000481.png,center,ok,from_left_right,,,18,,,,
380,000482.png,left,ok,tracking,8816,6511,18,161.733109,-3.02959206403,2735.82763514,0
380,000482.png,right,ok,tracking,8808,6502,18,161.735615,-3.03003726224,2736.20859919,0
380,000482.png,center,ok,from_left_right,,,18,,,,
381,000484.png,left,ok,tracking,629,293,18,163.665861,-3.41218474397,2957.53292118,0
381,000484.png,right,ok,tracking,624,290,18,163.674996,-3.41420166445,2958.85900835,0
381,000484.png,center,ok,from_left_right,,,18,,,,
382,000486.png,left,ok,tracking,2578,2578,18,163.486557,-3.37303707879,2936.46768319,0
382,000486.png,right,ok,tracking,2577,2577,18,163.491488,-3.37410266769,2937.22443563,0
382,000486.png,center,ok,from_left_right,,,18,,,,
383,000487.png,left,ok,tracking,2323,2323,18,163.994427,-3.48613464981,3003.12687196,0
383,000487.png,right,ok,tracking,2324,2324,18,163.997223,-3.48677664033,3003.57672194,0
383,000487.png,center,ok,from_left_right,,,18,,,,
384,000488.png,left,ok,tracking,3875,3840,18,164.025799,-3.49335023,2998.391168,0
384,000488.png,right,ok,tracking,3878,3843,18,164.028174,-3.49389770137,2998.78199976,0
384,000488.png,center,ok,from_left_right,,,18,,,,
385,000489.png,left,ok,tracking,8319,7112,18,163.569567,-3.39105738294,2920.30998992,0
385,000489.png,right,ok,tracking,8319,7112,18,163.569567,-3.39105738294,2920.30998992,0
385,000489.png,center,ok,from_left_right,,,18,,,,
386,000490.png,left,ok,tracking,4694,3783,18,163.751256,-3.43112461834,2935.52558632,0
386,000490.png,right,ok,tracking,4696,3785,18,163.751510,-3.431181179,2935.55980699,0
386,000490.png,center,ok,from_left_right,,,18,,,,
387,000493.png,left,ok,tracking,3094,2216,18,163.856192,-3.45466521695,2944.86654177,0
387,000493.png,right,ok,tracking,3094,2216,18,163.856192,-3.45466521695,2944.86654177,0
387,000493.png,center,ok,from_left_right,,,18,,,,
388,000494.png,left,ok,tracking,2620,2091,18,164.087515,-3.50762617008,2973.84439672,0
388,000494.png,right,ok,tracking,2620,2091,18,164.087515,-3.50762617008,2973.84439672,0
388,000494.png,center,ok,from_left_right,,,18,,,,
389,000495.png,left,ok,tracking,3218,2751,18,164.044546,-3.49767551671,2959.99259751,0
389,000495.png,right,ok,tracking,3218,2751,18,164.044546,-3.49767551671,2959.99259751,0
389,000495.png,center,ok,from_left_right,,,18,,,,
390,000497.png,left,ok,tracking,2758,2429,18,164.123671,-3.51603973622,2966.10507558,0
390,000497.png,right,ok,tracking,2758,2429,18,164.123671,-3.51603973622,2966.10507558,0
390,000497.png,center,ok,from_left_right,,,18,,,,
391,000498.png,left,ok,tracking,5220,5005,18,163.570789,-3.39132400999,2878.53773877,0
391,000498.png,right,ok,tracking,5220,5005,18,163.570789,-3.39132400999,2878.53773877,0
391,000498.png,center,ok,from_left_right,,,18,,,,
392,000499.png,left,ok,tracking,2328,2328,18,162.781060,-3.22670181835,2761.59104618,0
392,000499.png,right,ok,tracking,2328,2328,18,162.781060,-3.22670181835,2761.59104618,0
392,000499.png,center,ok,from_left_right,,,18,,,,
393,000500.png,left,ok,tracking,884,884,18,161.531598,-2.99417156434,2622.12087186,0
393,000500.png,right,ok,tracking,884,884,18,161.531598,-2.99417156434,2622.12087186,0
393,000500.png,center,ok,from_left_right,,,18,,,,
394,000501.png,left,ok,tracking,1321,1321,18,160.977805,-2.90056032881,2560.58683364,0
394,000501.png,right,ok,tracking,1321,1321,18,160.977805,-2.90056032881,2560.58683364,0
394,000501.png,center,ok,from_left_right,,,18,,,,
395,000502.png,left,ok,tracking,569,569,18,161.598494,-3.00584715954,2630.46341455,0
395,000502.png,right,ok,tracking,569,569,18,161.598494,-3.00584715954,2630.46341455,0
395,000502.png,center,ok,from_left_right,,,18,,,,
396,000503.png,left,ok,tracking,377,377,18,160.884352,-2.88527895134,2568.86389221,0
396,000503.png,right,ok,tracking,377,377,18,160.884352,-2.88527895134,2568.86389221,0
396,000503.png,center,ok,from_left_right,,,18,,,,
397,000504.png,left,ok,tracking,424,424,18,147.471510,-1.56796450897,1759.21167904,0
397,000504.png,right,ok,tracking,424,424,18,147.471510,-1.56796450897,1759.21167904,0
397,000504.png,center,ok,from_left_right,,,18,,,,
398,000505.png,left,ok,tracking,688,688,18,159.910263,-2.73414590514,2473.73828477,0
398,000505.png,right,ok,tracking,688,688,18,159.910263,-2.73414590514,2473.73828477,0
398,000505.png,center,ok,from_left_right,,,18,,,,
399,000507.png,left,ok,tracking,703,703,18,158.839701,-2.58346199255,2381.43375175,0
399,000507.png,right,ok,tracking,703,703,18,158.839701,-2.58346199255,2381.43375175,0
399,000507.png,center,ok,from_left_right,,,18,,,,
400,000508.png,left,ok,tracking,662,662,18,166.225519,-4.07911277517,3306.84898012,0
400,000508.png,right,ok,tracking,662,662,18,166.225519,-4.07911277517,3306.84898012,0
400,000508.png,center,ok,from_left_right,,,18,,,,
401,000510.png,left,ok,tracking,358,358,18,165.696682,-3.92220739946,3220.85569249,0
401,000510.png,right,ok,tracking,358,358,18,165.696682,-3.92220739946,3220.85569249,0
401,000510.png,center,ok,from_left_right,,,18,,,,
402,000511.png,left,rejected_horizontal,tracking,415,0,0,169.496583,-5.39372186393,4135.44061758,1
402,000511.png,right,rejected_horizontal,tracking,415,0,0,169.496583,-5.39372186393,4135.44061758,1
402,000511.png,center,not_published,from_left_right,,,0,,,,
403,000512.png,left,ok,tracking,273,273,18,164.372238,-3.57490895801,3011.71064963,0
403,000512.png,right,ok,tracking,273,273,18,164.372238,-3.57490895801,3011.71064963,0
403,000512.png,center,ok,from_left_right,,,18,,,,
404,000513.png,left,ok,tracking,399,399,18,167.602715,-4.54928883888,3624.98982572,0
404,000513.png,right,ok,tracking,399,399,18,167.602715,-4.54928883888,3624.98982572,0
404,000513.png,center,ok,from_left_right,,,18,,,,
405,000516.png,left,rejected_horizontal,tracking,437,0,0,170.924713,-6.26049866262,4709.95375211,1
405,000516.png,right,rejected_horizontal,tracking,437,0,0,170.924713,-6.26049866262,4709.95375211,1
405,000516.png,center,not_published,from_left_right,,,0,,,,
406,000518.png,left,ok,tracking,721,721,18,166.757608,-4.24937732983,3437.86260282,0
406,000518.png,right,ok,tracking,721,721,18,166.757608,-4.24937732983,3437.86260282,0
406,000518.png,center,ok,from_left_right,,,18,,,,
407,000519.png,left,ok,tracking,948,948,18,166.699229,-4.23004344705,3428.51879897,0
407,000519.png,right,ok,tracking,948,948,18,166.699229,-4.23004344705,3428.51879897,0
407,000519.png,center,ok,from_left_right,,,18,,,,
408,000521.png,left,ok,tracking,1129,1129,18,166.426138,-4.14177075135,3373.07682515,0
408,000521.png,right,ok,tracking,1129,1129,18,166.426138,-4.14177075135,3373.07682515,0
408,000521.png,center,ok,from_left_right,,,18,,,,
409,000522.png,left,ok,tracking,1192,1192,18,166.168634,-4.06167060967,3322.39496205,0
409,000522.png,right,ok,tracking,1192,1192,18,166.168634,-4.06167060967,3322.39496205,0
409,000522.png,center,ok,from_left_right,,,18,,,,
410,000523.png,left,ok,tracking,1594,1594,18,165.923083,-3.98796617248,3272.81129851,0
410,000523.png,right,ok,tracking,1594,1594,18,165.923083,-3.98796617248,3272.81129851,0
410,000523.png,center,ok,from_left_right,,,18,,,,
411,000524.png,left,ok,tracking,2374,2374,18,165.775110,-3.94475489799,3243.95765577,0
411,000524.png,right,ok,tracking,2374,2374,18,165.775110,-3.94475489799,3243.95765577,0
411,000524.png,center,ok,from_left_right,,,18,,,,
412,000525.png,left,ok,tracking,4060,4060,18,165.478494,-3.86073448044,3183.25378541,0
412,000525.png,right,ok,tracking,4060,4060,18,165.478494,-3.86073448044,3183.25378541,0
412,000525.png,center,ok,from_left_right,,,18,,,,
413,000526.png,left,ok,tracking,1323,1323,18,165.507071,-3.86868253427,3188.58870578,0
413,000526.png,right,ok,tracking,1323,1323,18,165.507071,-3.86868253427,3188.58870578,0
413,000526.png,center,ok,from_left_right,,,18,,,,
414,000527.png,left,ok,tracking,1800,1800,18,165.614686,-3.89889141738,3207.80111784,0
414,000527.png,right,ok,tracking,1800,1800,18,165.614686,-3.89889141738,3207.80111784,0
414,000527.png,center,ok,from_left_right,,,18,,,,
415,000528.png,left,ok,tracking,3107,3107,18,165.668575,-3.9141855166,3220.03739742,0
415,000528.png,right,ok,tracking,3107,3107,18,165.668575,-3.9141855166,3220.03739742,0
415,000528.png,center,ok,from_left_right,,,18,,,,
416,000529.png,left,ok,tracking,4123,4123,18,165.717049,-3.92803929024,3230.31348675,0
416,000529.png,right,ok,tracking,4123,4123,18,165.717049,-3.92803929024,3230.31348675,0
416,000529.png,center,ok,from_left_right,,,18,,,,
417,000530.png,left,ok,tracking,1356,1356,18,165.840386,-3.96370777681,3253.09714614,0
417,000530.png,right,ok,tracking,1356,1356,18,165.840386,-3.96370777681,3253.09714614,0
417,000530.png,center,ok,from_left_right,,,18,,,,
418,000531.png,left,ok,tracking,1728,1728,18,165.784177,-3.94737733026,3241.72398725,0
418,000531.png,right,ok,tracking,1728,1728,18,165.784177,-3.94737733026,3241.72398725,0
418,000531.png,center,ok,from_left_right,,,18,,,,
419,000532.png,left,ok,tracking,1664,1664,18,165.917721,-3.98638462172,3269.21162683,0
419,000532.png,right,ok,tracking,1664,1664,18,165.917721,-3.98638462172,3269.21162683,0
419,000532.png,center,ok,from_left_right,,,18,,,,
420,000534.png,left,ok,tracking,2277,2277,18,165.941285,-3.99334306917,3273.62856339,0
420,000534.png,right,ok,tracking,2277,2277,18,165.941285,-3.99334306917,3273.62856339,0
420,000534.png,center,ok,from_left_right,,,18,,,,
421,000535.png,left,ok,tracking,1183,1183,18,167.887288,-4.65953917213,3706.24372524,0
421,000535.png,right,ok,tracking,1183,1183,18,167.887288,-4.65953917213,3706.24372524,0
421,000535.png,center,ok,from_left_right,,,18,,,,
422,000536.png,left,rejected_horizontal,tracking,1450,0,0,168.875102,-5.08534442485,3987.06473149,1
422,000536.png,right,rejected_horizontal,tracking,1450,0,0,168.875102,-5.08534442485,3987.06473149,1
422,000536.png,center,not_published,from_left_right,,,0,,,,
423,000537.png,left,rejected_horizontal,tracking,1603,0,0,168.890296,-5.09247727432,3992.37878206,2
423,000537.png,right,rejected_horizontal,tracking,1603,0,0,168.890296,-5.09247727432,3992.37878206,2
423,000537.png,center,not_published,from_left_right,,,0,,,,
424,000538.png,left,rejected_horizontal,tracking,1813,0,0,168.889884,-5.09228355351,3994.22455953,3
424,000538.png,right,rejected_horizontal,tracking,1813,0,0,168.889884,-5.09228355351,3994.22455953,3
424,000538.png,center,not_published,from_left_right,,,0,,,,
425,000540.png,left,rejected_horizontal,tracking,1385,0,0,168.255871,-4.81015732278,3811.46886977,4
425,000540.png,right,rejected_horizontal,tracking,1385,0,0,168.255871,-4.81015732278,3811.46886977,4
425,000540.png,center,not_published,from_left_right,,,0,,,,
426,000541.png,left,ok,tracking,1771,1771,18,167.900417,-4.66474878395,3717.05852596,0
426,000541.png,right,ok,tracking,1771,1771,18,167.900417,-4.66474878395,3717.05852596,0
426,000541.png,center,ok,from_left_right,,,18,,,,
427,000542.png,left,rejected_horizontal,tracking,2753,0,0,168.090221,-4.74132924589,3774.42497559,1
427,000542.png,right,rejected_horizontal,tracking,2753,0,0,168.090221,-4.74132924589,3774.42497559,1
427,000542.png,center,not_published,from_left_right,,,0,,,,
428,000543.png,left,ok,tracking,2105,2105,18,167.161897,-4.38800740911,3523.76916993,0
428,000543.png,right,ok,tracking,2105,2105,18,167.161897,-4.38800740911,3523.76916993,0
428,000543.png,center,ok,from_left_right,,,18,,,,
429,000544.png,left,ok,tracking,1498,1498,18,166.501455,-4.16576596041,3366.2049708,0
429,000544.png,right,ok,tracking,1498,1498,18,166.501455,-4.16576596041,3366.2049708,0
429,000544.png,center,ok,from_left_right,,,18,,,,
430,000545.png,left,rejected_horizontal,tracking,1540,0,0,170.330913,-5.86930636514,4586.19233692,1
430,000545.png,right,rejected_horizontal,tracking,1540,0,0,170.330913,-5.86930636514,4586.19233692,1
430,000545.png,center,not_published,from_left_right,,,0,,,,
431,000546.png,left,rejected_horizontal,tracking,1872,0,0,169.814315,-5.5657448596,4362.29927046,2
431,000546.png,right,rejected_horizontal,tracking,1872,0,0,169.814315,-5.5657448596,4362.29927046,2
431,000546.png,center,not_published,from_left_right,,,0,,,,
432,000547.png,left,rejected_horizontal,tracking,1986,0,0,169.533841,-5.41335885271,4246.80072535,3
432,000547.png,right,rejected_horizontal,tracking,1986,0,0,169.533841,-5.41335885271,4246.80072535,3
432,000547.png,center,not_published,from_left_right,,,0,,,,
433,000548.png,left,rejected_horizontal,tracking,1975,0,0,169.425026,-5.35639127383,4197.44734946,4
433,000548.png,right,rejected_horizontal,tracking,1975,0,0,169.425026,-5.35639127383,4197.44734946,4
433,000548.png,center,not_published,from_left_right,,,0,,,,
434,000549.png,left,rejected_horizontal,tracking,1925,0,0,169.301824,-5.2932739726,4140.26436207,5
434,000549.png,right,rejected_horizontal,tracking,1925,0,0,169.301824,-5.2932739726,4140.26436207,5
434,000549.png,center,not_published,from_left_right,,,0,,,,
435,000551.png,left,rejected_horizontal,tracking,1864,0,0,169.160270,-5.22250619732,4078.06460163,6
435,000551.png,right,rejected_horizontal,tracking,1864,0,0,169.160270,-5.22250619732,4078.06460163,6
435,000551.png,center,not_published,from_left_right,,,0,,,,
436,000552.png,left,ok,init,19716,19043,18,165.030025,-3.7398891467,3131.8107433,0
436,000552.png,right,ok,init,25594,7813,18,18.044541,3.06956206678,-400.251599237,0
436,000552.png,center,ok,from_left_right,,,18,,,,
437,000553.png,left,ok,tracking,6318,6247,18,164.802485,-3.68124242147,3105.03871292,0
437,000553.png,right,too_few_vehicle_points_after_crop,tracking,1457,0,0,17.534229,3.16500049266,-459.426455249,1
437,000553.png,center,not_published,from_left_right,,,0,,,,
438,000556.png,left,ok,tracking,1475,1348,18,164.064721,-3.50234112688,2984.52719249,0
438,000556.png,right,too_few_vehicle_points_after_crop,tracking,1808,0,0,17.138203,3.24285552762,-508.070057824,2
438,000556.png,center,not_published,from_left_right,,,0,,,,
439,000557.png,left,ok,tracking,4521,4521,18,166.848447,-4.27979636879,3586.72856903,0
439,000557.png,right,too_few_vehicle_points_after_crop,tracking,1354,0,0,16.542344,3.36680437004,-579.716569335,3
439,000557.png,center,not_published,from_left_right,,,0,,,,
440,000558.png,left,ok,tracking,4454,4319,18,166.857387,-4.28281229441,3610.40206172,0
440,000558.png,right,too_few_vehicle_points_after_crop,tracking,1383,0,0,15.703296,3.55682782505,-696.285862651,4
440,000558.png,center,not_published,from_left_right,,,0,,,,
441,000559.png,left,ok,tracking,3171,2969,18,167.050095,-4.34881961608,3685.23711199,0
441,000559.png,right,too_few_vehicle_points_after_crop,tracking,1585,0,0,16.201109,3.44177401356,-628.059616706,5
441,000559.png,center,not_published,from_left_right,,,0,,,,
442,000560.png,left,ok,tracking,5471,5128,18,166.958540,-4.3172206733,3679.71516252,0
442,000560.png,right,too_few_vehicle_points_after_crop,tracking,1590,0,0,16.366855,3.40497965035,-605.824931878,6
442,000560.png,center,not_published,from_left_right,,,0,,,,
443,000561.png,left,ok,tracking,12834,12084,18,166.619743,-4.20398593079,3593.44508918,0
443,000561.png,right,ok,init,27385,12608,18,25.867948,2.06235411347,215.922846766,0
443,000561.png,center,ok,from_left_right,,,18,,,,
444,000562.png,left,ok,tracking,10259,9261,18,166.616130,-4.20280848137,3582.37143217,0
444,000562.png,right,ok,tracking,3545,1950,18,25.473097,2.09907951319,192.493777518,0
444,000562.png,center,ok,from_left_right,,,18,,,,
445,000565.png,left,ok,tracking,2733,2620,18,167.076296,-4.35794364089,3682.28649681,0
445,000565.png,right,too_few_vehicle_points_after_crop,tracking,1573,0,0,24.351865,2.209419774,123.496863965,1
445,000565.png,center,not_published,from_left_right,,,0,,,,
446,000566.png,left,ok,tracking,1363,1363,18,167.262192,-4.42373694654,3726.98009452,0
446,000566.png,right,too_few_vehicle_points_after_crop,tracking,1653,0,0,23.644648,2.28405634642,80.3216531494,2
446,000566.png,center,not_published,from_left_right,,,0,,,,
447,000569.png,left,ok,tracking,1847,1847,18,166.655548,-4.21568582107,3590.32898555,0
447,000569.png,right,quadratic_fit_failed,tracking,1545,4,0,25.283041,2.11713800828,181.322332529,3
447,000569.png,center,not_published,from_left_right,,,0,,,,
448,000570.png,left,ok,tracking,2533,2533,18,166.213383,-4.07537983097,3493.49986629,0
448,000570.png,right,too_few_vehicle_points_after_crop,tracking,1582,0,0,24.115779,2.23387726797,107.586185786,4
448,000570.png,center,not_published,from_left_right,,,0,,,,
449,000571.png,left,ok,tracking,3173,3173,18,165.747097,-3.93667327596,3399.20514152,0
449,000571.png,right,too_few_vehicle_points_after_crop,tracking,1466,0,0,24.533130,2.19094162439,133.671799079,5
449,000571.png,center,not_published,from_left_right,,,0,,,,
450,000572.png,left,ok,tracking,3780,3780,18,165.175623,-3.7783383595,3288.28879079,0
450,000572.png,right,too_few_vehicle_points_after_crop,tracking,1511,0,0,24.617090,2.18246934348,139.369322788,6
450,000572.png,center,not_published,from_left_right,,,0,,,,
451,000573.png,left,ok,tracking,4878,4878,18,164.351773,-3.56999341713,3140.91700646,0
451,000573.png,right,ok,init,31221,16084,18,32.820532,1.55047577338,476.802113169,0
451,000573.png,center,ok,from_left_right,,,18,,,,
452,000574.png,left,ok,tracking,9992,7376,18,164.072316,-3.50410041398,3078.57590121,0
452,000574.png,right,ok,tracking,5522,2773,18,32.100307,1.5941176317,445.274370857,0
452,000574.png,center,ok,from_left_right,,,18,,,,
453,000575.png,left,ok,tracking,10021,7436,18,164.009127,-3.48951234643,3055.94575988,0
453,000575.png,right,ok,tracking,5920,2430,18,31.776698,1.61430048963,431.682859397,0
453,000575.png,center,ok,from_left_right,,,18,,,,
454,000576.png,left,ok,tracking,13321,10865,18,163.906441,-3.46604367691,3031.37214243,0
454,000576.png,right,ok,tracking,6431,1426,18,31.519012,1.63063692555,420.084398559,0
454,000576.png,center,ok,from_left_right,,,18,,,,
455,000577.png,left,ok,tracking,14041,11811,18,163.886959,-3.46162383806,3021.54584385,0
455,000577.png,right,ok,tracking,6188,1442,18,31.203651,1.65095882685,405.143353527,0
455,000577.png,center,ok,from_left_right,,,18,,,,
456,000578.png,left,ok,tracking,14151,12140,18,163.929114,-3.47120027357,3023.19816878,0
456,000578.png,right,ok,tracking,5807,1891,18,31.067856,1.65982362355,400.971719309,0
456,000578.png,center,ok,from_left_right,,,18,,,,
457,000581.png,left,ok,tracking,13455,10946,18,164.092479,-3.50877920353,3063.69459909,0
457,000581.png,right,too_few_vehicle_points_after_crop,tracking,679,0,0,29.489897,1.76822145589,334.72824624,1
457,000581.png,center,not_published,from_left_right,,,0,,,,
458,000582.png,left,ok,tracking,14066,11367,18,164.159054,-3.52430973579,3081.99576514,0
458,000582.png,right,too_few_vehicle_points_after_crop,tracking,609,0,0,22.458618,2.41915400791,-65.3515279902,2
458,000582.png,center,not_published,from_left_right,,,0,,,,
459,000583.png,left,ok,tracking,13828,11992,18,164.408852,-3.58373501924,3121.32124164,0
459,000583.png,right,quadratic_fit_failed,tracking,988,3,0,72.949260,0.306699304149,1231.70930357,3
459,000583.png,center,not_published,from_left_right,,,0,,,,
460,000584.png,left,ok,tracking,14046,11418,18,164.439042,-3.59104305588,3132.49522236,0
460,000584.png,right,ok,tracking,1354,156,18,51.782668,0.787412337017,939.101768701,0
460,000584.png,center,ok,from_left_right,,,18,,,,
461,000585.png,left,ok,tracking,12195,10395,18,164.734853,-3.66414014522,3181.18627786,0
461,000585.png,right,ok,tracking,2377,340,18,44.425804,1.02024681498,795.243324999,0
461,000585.png,center,ok,from_left_right,,,18,,,,
462,000586.png,left,ok,tracking,10494,9521,18,165.305441,-3.81324851431,3288.92735788,0
462,000586.png,right,ok,tracking,3802,2558,18,43.673133,1.04742312369,779.433191245,0
462,000586.png,center,ok,from_left_right,,,18,,,,
463,000587.png,left,ok,tracking,4792,3420,18,164.655251,-3.64419954269,3176.50792009,0
463,000587.png,right,ok,tracking,3461,2736,18,41.697966,1.1224556152,724.795062297,0
463,000587.png,center,ok,from_left_right,,,18,,,,
464,000588.png,left,ok,tracking,7288,5016,18,164.640430,-3.64050892318,3181.59048345,0
464,000588.png,right,ok,tracking,3664,3027,18,40.269757,1.18042208624,683.432074237,0
464,000588.png,center,ok,from_left_right,,,18,,,,
465,000589.png,left,ok,tracking,10253,9201,18,165.369961,-3.83082449365,3318.74723123,0
465,000589.png,right,ok,tracking,3867,2952,18,39.008202,1.23453577552,644.673201146,0
465,000589.png,center,ok,from_left_right,,,18,,,,
466,000590.png,left,ok,tracking,12190,10387,18,165.566884,-3.88541847595,3365.80511982,0
466,000590.png,right,ok,tracking,4191,3589,18,37.066666,1.32383715916,576.117646238,0
466,000590.png,center,ok,from_left_right,,,18,,,,
467,000591.png,left,ok,tracking,12821,10777,18,165.690606,-3.92047049342,3398.87820069,0
467,000591.png,right,ok,tracking,5224,3249,18,36.036935,1.37451771776,537.504589349,0
467,000591.png,center,ok,from_left_right,,,18,,,,
468,000592.png,left,ok,tracking,7463,6788,18,166.040019,-4.02274863171,3453.93256961,0
468,000592.png,right,ok,tracking,6074,1922,18,34.385702,1.46124525581,467.231488434,0
468,000592.png,center,ok,from_left_right,,,18,,,,
469,000594.png,left,ok,tracking,8988,8186,18,166.196267,-4.070125824,3479.19035275,0
469,000594.png,right,ok,tracking,7835,279,18,33.109177,1.53345995887,403.764092378,0
469,000594.png,center,ok,from_left_right,,,18,,,,
470,000595.png,left,ok,tracking,4835,4691,18,166.681657,-4.22425664125,3574.58578386,0
470,000595.png,right,ok,tracking,8331,227,18,33.035880,1.53775589391,392.270861226,0
470,000595.png,center,ok,from_left_right,,,18,,,,
471,000596.png,left,ok,tracking,4814,4812,18,167.070561,-4.35594324353,3654.54056264,0
471,000596.png,right,ok,tracking,8483,241,18,33.252221,1.52512454612,394.533969126,0
471,000596.png,center,ok,from_left_right,,,18,,,,
472,000597.png,left,ok,tracking,6440,6440,18,167.391502,-4.47062808813,3724.48325282,0
472,000597.png,right,ok,tracking,768,354,18,48.219122,0.893502839941,785.866996844,0
472,000597.png,center,ok,from_left_right,,,18,,,,
473,000599.png,left,ok,tracking,7585,7577,18,167.185320,-4.39630225588,3689.75501543,0
473,000599.png,right,ok,tracking,1035,910,18,73.642637,0.293507566997,1162.80051158,0
473,000599.png,center,ok,from_left_right,,,18,,,,
474,000600.png,left,ok,tracking,5308,5250,18,166.870333,-4.28718707376,3623.85476444,0
474,000600.png,right,ok,tracking,1515,1372,18,84.548275,0.0954387439472,1291.56544354,0
474,000600.png,center,ok,from_left_right,,,18,,,,
475,000601.png,left,ok,tracking,11759,11567,18,167.054804,-4.35045678136,3673.18827155,0
475,000601.png,right,ok,tracking,3368,2997,18,73.885240,0.288914254032,1164.59445085,0
475,000601.png,center,ok,from_left_right,,,18,,,,
476,000602.png,left,ok,tracking,12375,12213,18,167.186807,-4.39683005552,3704.0165358,0
476,000602.png,right,ok,tracking,4029,3558,18,67.220513,0.419940075404,1074.97712749,0
476,000602.png,center,ok,from_left_right,,,18,,,,
477,000604.png,left,ok,tracking,11166,10954,18,167.207952,-4.40434575682,3718.08524132,0
477,000604.png,right,ok,tracking,3666,3666,18,63.417630,0.500377885048,1018.51747812,0
477,000604.png,center,ok,from_left_right,,,18,,,,
478,000605.png,left,ok,tracking,11871,11681,18,167.349806,-4.45540509301,3753.32312165,0
478,000605.png,right,ok,tracking,3913,3902,18,58.878546,0.603749393669,945.362594033,0
478,000605.png,center,ok,from_left_right,,,18,,,,
479,000606.png,left,ok,tracking,10589,10384,18,167.303846,-4.43873904449,3751.12685126,0
479,000606.png,right,ok,tracking,4195,4195,18,54.143396,0.722725627712,860.11187362,0
479,000606.png,center,ok,from_left_right,,,18,,,,
480,000607.png,left,ok,tracking,9804,9775,18,167.579049,-4.54034394076,3810.729097,0
480,000607.png,right,ok,tracking,4369,4152,18,48.976679,0.870001608212,756.424476097,0
480,000607.png,center,ok,from_left_right,,,18,,,,
481,000608.png,left,ok,tracking,6832,6832,18,167.848223,-4.64410346007,3870.1707818,0
481,000608.png,right,ok,tracking,4809,4634,18,43.816032,1.04220645885,633.538057334,0
481,000608.png,center,ok,from_left_right,,,18,,,,
482,000609.png,left,ok,tracking,9805,9805,18,167.868942,-4.65227806254,3868.89880907,0
482,000609.png,right,ok,tracking,5635,5562,18,39.340264,1.22001102789,505.338752631,0
482,000609.png,center,ok,from_left_right,,,18,,,,
483,000611.png,left,ok,tracking,8301,8301,18,167.921488,-4.67313338939,3873.40295419,0
483,000611.png,right,ok,tracking,7157,7106,18,36.067597,1.37297261924,390.366184538,0
483,000611.png,center,ok,from_left_right,,,18,,,,
484,000612.png,left,rejected_horizontal,tracking,7109,0,0,168.113640,-4.75094543677,3916.89376041,1
484,000612.png,right,ok,tracking,10108,9215,18,33.213996,1.5273457535,274.780306508,0
484,000612.png,center,not_published,from_left_right,,,0,,,,
485,000613.png,left,rejected_horizontal,tracking,4235,0,0,168.329366,-4.84131160628,3977.49937889,2
485,000613.png,right,ok,tracking,1023,1023,18,44.348745,1.02299546432,597.841681487,0
485,000613.png,center,not_published,from_left_right,,,0,,,,
486,000615.png,left,rejected_horizontal,tracking,2265,0,0,169.514449,-5.40312097989,4348.68342234,3
486,000615.png,right,ok,tracking,927,927,18,55.711401,0.681862220329,812.880348028,0
486,000615.png,center,not_published,from_left_right,,,0,,,,
487,000617.png,left,rejected_horizontal,tracking,9954,0,0,168.146538,-4.76451636795,3942.5803466,4
487,000617.png,right,ok,tracking,3287,3287,18,53.599920,0.737265747205,771.273804215,0
487,000617.png,center,not_published,from_left_right,,,0,,,,
488,000618.png,left,rejected_horizontal,tracking,2445,0,0,169.337492,-5.31139861579,4284.63764236,5
488,000618.png,right,ok,tracking,3873,3873,18,47.866329,0.904637378166,666.406916275,0
488,000618.png,center,not_published,from_left_right,,,0,,,,
489,000619.png,left,rejected_horizontal,tracking,7083,0,0,168.421447,-4.88089510509,4013.29515905,6
489,000619.png,right,ok,tracking,4948,4948,18,43.789930,1.04315728878,571.687336228,0
489,000619.png,center,not_published,from_left_right,,,0,,,,
490,000620.png,left,rejected_horizontal,init,17633,0,0,168.550276,-4.93732918561,4024.57392747,7
490,000620.png,right,ok,tracking,4865,4865,18,40.704735,1.16241291715,500.031201002,0
490,000620.png,center,not_published,from_left_right,,,0,,,,
491,000621.png,left,rejected_horizontal,init,17937,0,0,168.361338,-4.85498576031,3985.45308202,8
491,000621.png,right,ok,tracking,5571,5571,18,38.112444,1.27477697667,430.82113398,0
491,000621.png,center,not_published,from_left_right,,,0,,,,
492,000622.png,left,rejected_horizontal,init,18655,0,0,168.670431,-4.99110445525,4036.71970995,9
492,000622.png,right,ok,tracking,2641,2641,18,34.934192,1.43164494429,339.891218582,0
492,000622.png,center,not_published,from_left_right,,,0,,,,
493,000624.png,left,ok,init,18948,18924,18,167.930953,-4.67690917628,3847.30509302,0
493,000624.png,right,ok,tracking,2695,2649,18,32.634281,1.56159715156,267.252057289,0
493,000624.png,center,ok,from_left_right,,,18,,,,
494,000625.png,left,rejected_horizontal,tracking,1176,0,0,170.983037,-6.30167597064,4931.09365624,1
494,000625.png,right,ok,tracking,6012,5957,18,31.626554,1.62379007479,236.553342659,0
494,000625.png,center,not_published,from_left_right,,,0,,,,
495,000626.png,left,rejected_horizontal,tracking,1574,0,0,170.335421,-5.87209687567,4652.52312508,2
495,000626.png,right,ok,tracking,4200,4197,18,29.652736,1.75655194787,162.679894068,0
495,000626.png,center,not_published,from_left_right,,,0,,,,
496,000627.png,left,rejected_horizontal,tracking,2086,0,0,169.778789,-5.54598517398,4430.505172,3
496,000627.png,right,ok,tracking,1967,1953,18,26.518139,2.00410059906,3.27950073593,0
496,000627.png,center,not_published,from_left_right,,,0,,,,
497,000628.png,left,rejected_horizontal,tracking,2437,0,0,169.614184,-5.45617845725,4375.77566944,4
497,000628.png,right,ok,tracking,2039,2013,18,26.640958,1.99339336506,0.452614313533,0
497,000628.png,center,not_published,from_left_right,,,0,,,,
498,000629.png,left,rejected_horizontal,tracking,2490,0,0,169.403941,-5.34548617427,4279.78531139,5
498,000629.png,right,ok,tracking,1936,1905,18,25.462791,2.10005234978,-75.2552335192,0
498,000629.png,center,not_published,from_left_right,,,0,,,,
499,000630.png,left,rejected_horizontal,tracking,2978,0,0,169.180340,-5.23242852717,4198.92270345,6
499,000630.png,right,ok,tracking,2133,2042,18,24.656332,2.17852797249,-131.433425851,0
499,000630.png,center,not_published,from_left_right,,,0,,,,
500,000631.png,left,ok,init,23803,20300,18,164.208485,-3.53592358887,3085.81491165,0
500,000631.png,right,ok,tracking,2241,2241,18,24.083940,2.23721016097,-174.440981838,0
500,000631.png,center,ok,from_left_right,,,18,,,,
501,000632.png,left,ok,tracking,3872,2863,18,163.598737,-3.39743205645,3003.86168074,0
501,000632.png,right,ok,tracking,3519,3414,18,22.625583,2.39932557253,-281.707187092,0
501,000632.png,center,ok,from_left_right,,,18,,,,
502,000635.png,left,ok,tracking,6060,4328,18,163.290437,-3.33115356867,2969.52684717,0
502,000635.png,right,ok,tracking,5822,5820,18,21.710383,2.51156416241,-362.034892546,0
502,000635.png,center,ok,from_left_right,,,18,,,,
503,000636.png,left,ok,tracking,12620,9470,18,163.219652,-3.31627014187,2969.11485358,0
503,000636.png,right,ok,tracking,6147,6063,18,20.620154,2.65761808674,-464.531261426,0
503,000636.png,center,ok,from_left_right,,,18,,,,
504,000637.png,left,ok,tracking,3385,2576,18,162.516472,-3.17477712588,2883.41277485,0
504,000637.png,right,ok,tracking,3822,3707,18,18.555585,2.97907717706,-673.057256793,0
504,000637.png,center,ok,from_left_right,,,18,,,,
505,000638.png,left,ok,tracking,1591,1277,18,161.826118,-3.04619649059,2796.09901215,0
505,000638.png,right,ok,tracking,6152,6152,18,17.506374,3.17036489817,-801.082510123,0
505,000638.png,center,ok,from_left_right,,,18,,,,
506,000639.png,left,ok,tracking,4159,1880,18,161.294397,-2.95342168416,2739.76863469,0
506,000639.png,right,ok,tracking,3499,3499,18,16.774710,3.31745110462,-880.563341005,0
506,000639.png,center,ok,from_left_right,,,18,,,,
507,000641.png,left,ok,tracking,9886,5280,18,161.216430,-2.9402442246,2744.6473547,0
507,000641.png,right,ok,tracking,10828,10714,18,16.353369,3.4079463547,-945.511838766,0
507,000641.png,center,ok,from_left_right,,,18,,,,
508,000642.png,left,ok,tracking,15677,9200,18,161.230695,-2.94264722284,2757.14354913,0
508,000642.png,right,ok,tracking,3092,2982,18,16.149469,3.45338779811,-977.900300978,0
508,000642.png,center,ok,from_left_right,,,18,,,,
509,000643.png,left,ok,tracking,18779,11039,18,160.872156,-2.8832953798,2711.03433133,0
509,000643.png,right,ok,tracking,1022,1022,18,18.134747,3.05323240719,-735.583425411,0
509,000643.png,center,ok,from_left_right,,,18,,,,
510,000644.png,left,ok,tracking,19203,11099,18,160.708996,-2.85698964067,2686.36834329,0
510,000644.png,right,ok,tracking,1453,1453,18,19.230837,2.86664026046,-622.512207525,0
510,000644.png,center,ok,from_left_right,,,18,,,,
511,000645.png,left,ok,tracking,17158,10679,18,160.734954,-2.86114616714,2678.18868357,0
511,000645.png,right,ok,tracking,3155,3155,18,18.677126,2.95826113685,-686.085595472,0
511,000645.png,center,ok,from_left_right,,,18,,,,
512,000646.png,left,ok,tracking,16943,10847,18,160.789191,-2.86986541245,2676.35942845,0
512,000646.png,right,ok,tracking,4518,4518,18,17.699938,3.13342575129,-804.980550787,0
512,000646.png,center,ok,from_left_right,,,18,,,,
513,000647.png,left,ok,tracking,13114,8965,18,160.953693,-2.89660378611,2680.82091566,0
513,000647.png,right,ok,tracking,6948,6890,18,16.706207,3.33186219535,-942.52558363,0
513,000647.png,center,ok,from_left_right,,,18,,,,
514,000648.png,left,ok,tracking,15293,10681,18,161.146219,-2.92846743462,2696.84923048,0
514,000648.png,right,ok,tracking,11127,10531,18,16.162566,3.45043545502,-1031.41644356,0
514,000648.png,center,ok,from_left_right,,,18,,,,
515,000649.png,left,ok,tracking,14518,10475,18,161.403063,-2.97196547196,2720.01147253,0
515,000649.png,right,ok,tracking,12155,10938,18,16.214299,3.43881913287,-1035.80491494,0
515,000649.png,center,ok,from_left_right,,,18,,,,
516,000650.png,left,ok,tracking,14663,11096,18,161.802316,-3.04193176906,2765.80313701,0
516,000650.png,right,ok,tracking,13941,12577,18,16.241920,3.4326463577,-1035.36349025,0
516,000650.png,center,ok,from_left_right,,,18,,,,
517,000651.png,left,ok,tracking,16690,11461,18,162.010694,-3.07963922916,2802.78570634,0
517,000651.png,right,ok,tracking,13386,12212,18,16.185320,3.4453172592,-1038.58615259,0
517,000651.png,center,ok,from_left_right,,,18,,,,
518,000652.png,left,ok,tracking,17185,11851,18,162.153156,-3.10590855659,2827.07506465,0
518,000652.png,right,ok,tracking,12808,11877,18,16.196341,3.44284320063,-1028.75139614,0
518,000652.png,center,ok,from_left_right,,,18,,,,
519,000653.png,left,ok,tracking,13389,8725,18,161.986696,-3.07525374732,2818.76460399,0
519,000653.png,right,ok,tracking,12596,11858,18,16.099944,3.46459398358,-1038.88351542,0
519,000653.png,center,ok,from_left_right,,,18,,,,
520,000655.png,left,ok,tracking,7051,3779,18,161.527329,-2.99342926287,2772.65749314,0
520,000655.png,right,ok,tracking,2127,2127,18,15.891858,3.51242167635,-1071.51691053,0
520,000655.png,center,ok,from_left_right,,,18,,,,
521,000656.png,left,ok,tracking,7950,4110,18,161.218640,-2.94061626739,2747.59756178,0
521,000656.png,right,ok,tracking,2349,2349,18,15.748724,3.54603491436,-1089.13395102,0
521,000656.png,center,ok,from_left_right,,,18,,,,
522,000657.png,left,ok,tracking,13669,8064,18,161.158306,-2.93048874049,2753.01346026,0
522,000657.png,right,ok,tracking,1057,1057,18,14.401472,3.89432751882,-1292.61512013,0
522,000657.png,center,ok,from_left_right,,,18,,,,
523,000658.png,left,ok,tracking,10733,5943,18,160.923749,-2.89170349746,2740.63071707,0
523,000658.png,right,ok,tracking,2968,2968,18,14.670877,3.8196822559,-1240.3901552,0
523,000658.png,center,ok,from_left_right,,,18,,,,
524,000659.png,left,ok,tracking,16896,9752,18,160.841381,-2.87830060321,2740.16838239,0
524,000659.png,right,ok,tracking,3103,3103,18,14.580561,3.84440574221,-1244.98315291,0
524,000659.png,center,ok,from_left_right,,,18,,,,
525,000660.png,left,ok,tracking,17711,10285,18,160.638299,-2.84572399298,2725.10602726,0
525,000660.png,right,ok,tracking,3600,3600,18,14.416071,3.89021250474,-1262.36609818,0
525,000660.png,center,ok,from_left_right,,,18,,,,
526,000662.png,left,ok,tracking,18151,8051,18,160.047256,-2.75454408033,2637.45302681,0
526,000662.png,right,ok,tracking,6441,6441,18,14.719105,3.80660164873,-1227.48904122,0
526,000662.png,center,ok,from_left_right,,,18,,,,
527,000664.png,left,ok,tracking,17481,9088,18,159.894092,-2.73175555123,2608.37343937,0
527,000664.png,right,ok,tracking,5568,5568,18,14.877249,3.76429092873,-1213.30974211,0
527,000664.png,center,ok,from_left_right,,,18,,,,
528,000665.png,left,ok,tracking,14075,7619,18,159.916598,-2.73508320456,2595.97404736,0
528,000665.png,right,ok,tracking,10879,10879,18,14.798507,3.78524745679,-1235.20493721,0
528,000665.png,center,ok,from_left_right,,,18,,,,
529,000666.png,left,ok,tracking,9194,6132,18,160.360576,-2.80222327324,2627.09575316,0
529,000666.png,right,ok,tracking,9990,9988,18,14.937037,3.74852313468,-1220.59879935,0
529,000666.png,center,ok,from_left_right,,,18,,,,
530,000667.png,left,ok,tracking,10904,7635,18,160.663251,-2.84969110625,2647.54933046,0
530,000667.png,right,ok,tracking,9798,9751,18,15.090995,3.7084820669,-1203.43728042,0
530,000667.png,center,ok,from_left_right,,,18,,,,
531,000668.png,left,ok,tracking,11254,8239,18,161.039949,-2.9108022803,2679.29746207,0
531,000668.png,right,ok,tracking,7334,7171,18,15.322196,3.64982862626,-1175.21849959,0
531,000668.png,center,ok,from_left_right,,,18,,,,
532,000670.png,left,ok,tracking,10196,7960,18,161.482001,-2.98556781066,2719.76052308,0
532,000670.png,right,ok,tracking,1579,1579,18,18.289697,3.02554551709,-792.99259983,0
532,000670.png,center,ok,from_left_right,,,18,,,,
533,000671.png,left,ok,tracking,15269,11021,18,161.980132,-3.07405611165,2791.96911941,0
533,000671.png,right,ok,tracking,2202,2202,18,17.496520,3.17226665477,-882.639046797,0
533,000671.png,center,ok,from_left_right,,,18,,,,
534,000672.png,left,ok,tracking,15780,10490,18,162.170975,-3.10922299364,2826.62196131,0
534,000672.png,right,ok,tracking,1509,1509,18,15.866963,3.51822538711,-1087.64170613,0
534,000672.png,center,ok,from_left_right,,,18,,,,
535,000673.png,left,ok,tracking,2668,1384,18,161.158885,-2.93058570248,2706.39094114,0
535,000673.png,right,ok,tracking,2886,2886,18,15.565519,3.58993711907,-1128.23027834,0
535,000673.png,center,ok,from_left_right,,,18,,,,
536,000674.png,left,ok,tracking,5758,2328,18,160.634307,-2.84509024781,2651.25470945,0
536,000674.png,right,ok,tracking,3796,3796,18,15.376232,3.63636829878,-1149.16041105,0
536,000674.png,center,ok,from_left_right,,,18,,,,
537,000675.png,left,ok,tracking,10517,4522,18,160.617778,-2.84246866502,2660.44943142,0
537,000675.png,right,ok,tracking,3356,3356,18,15.093459,3.70784781954,-1182.55459392,0
537,000675.png,center,ok,from_left_right,,,18,,,,
538,000676.png,left,ok,tracking,11193,4729,18,160.446012,-2.81547893432,2650.48251066,0
538,000676.png,right,ok,tracking,6530,6530,18,15.426727,3.62387343097,-1132.01454802,0
538,000676.png,center,ok,from_left_right,,,18,,,,
539,000677.png,left,ok,tracking,12056,4931,18,160.484464,-2.82148128255,2668.01251111,0
539,000677.png,right,ok,tracking,10287,10096,18,15.513644,3.60255197058,-1126.40828174,0
539,000677.png,center,ok,from_left_right,,,18,,,,
540,000678.png,left,ok,tracking,18900,10439,18,160.851511,-2.87994291807,2718.23034012,0
540,000678.png,right,ok,tracking,8901,8863,18,15.419434,3.62567327455,-1126.0051447,0
540,000678.png,center,ok,from_left_right,,,18,,,,
541,000679.png,left,ok,tracking,20041,11509,18,160.837881,-2.87773359883,2720.66048055,0
541,000679.png,right,ok,tracking,10049,10014,18,15.358567,3.64075848291,-1133.32558699,0
541,000679.png,center,ok,from_left_right,,,18,,,,
542,000680.png,left,ok,tracking,19731,11281,18,160.666035,-2.85013432532,2706.2161323,0
542,000680.png,right,ok,tracking,9217,9217,18,15.174891,3.68699674112,-1159.59375951,0
542,000680.png,center,ok,from_left_right,,,18,,,,
543,000681.png,left,ok,tracking,20899,11433,18,160.533350,-2.82914524514,2687.08544592,0
543,000681.png,right,ok,tracking,9900,9883,18,15.189699,3.68322847226,-1159.58250629,0
543,000681.png,center,ok,from_left_right,,,18,,,,
544,000682.png,left,ok,tracking,20743,11228,18,160.419863,-2.81141001415,2673.85277355,0
544,000682.png,right,ok,tracking,9877,9851,18,15.392917,3.63223087664,-1130.28321409,0
544,000682.png,center,ok,from_left_right,,,18,,,,
545,000684.png,left,ok,tracking,10880,6444,18,160.887164,-2.88573668345,2711.82976506,0
545,000684.png,right,ok,tracking,7736,7629,18,15.888480,3.51320813798,-1054.25732812,0
545,000684.png,center,ok,from_left_right,,,18,,,,
546,000685.png,left,ok,tracking,8181,5241,18,161.404027,-2.97213089061,2761.37735357,0
546,000685.png,right,ok,tracking,9480,9142,18,16.290463,3.42184758741,-990.960867077,0
546,000685.png,center,ok,from_left_right,,,18,,,,
547,000687.png,left,ok,tracking,6157,5498,18,162.565646,-3.18431180574,2905.00686901,0
547,000687.png,right,ok,tracking,7787,7257,18,16.972191,3.27653969787,-893.817193569,0
547,000687.png,center,ok,from_left_right,,,18,,,,
548,000688.png,left,ok,tracking,6765,5587,18,163.189538,-3.30997535137,2983.62380753,0
548,000688.png,right,ok,tracking,10452,9360,18,17.499710,3.17165075734,-815.195309565,0
548,000688.png,center,ok,from_left_right,,,18,,,,
549,000690.png,left,ok,tracking,12523,9021,18,163.605294,-3.3988679086,3056.45929513,0
549,000690.png,right,ok,tracking,10086,8888,18,17.767153,3.1207809552,-764.455188124,0
549,000690.png,center,ok,from_left_right,,,18,,,,
550,000691.png,left,ok,tracking,13406,9362,18,163.854455,-3.45427317232,3099.6592533,0
550,000691.png,right,ok,tracking,11072,9577,18,18.363393,3.01253581169,-683.771389111,0
550,000691.png,center,ok,from_left_right,,,18,,,,
551,000692.png,left,ok,tracking,13802,9537,18,164.059507,-3.50113420339,3138.10571331,0
551,000692.png,right,ok,tracking,11313,9643,18,18.722687,2.95052513666,-639.555220502,0
551,000692.png,center,ok,from_left_right,,,18,,,,
552,000694.png,left,ok,tracking,13465,8979,18,164.026088,-3.49341694418,3142.04181964,0
552,000694.png,right,ok,tracking,9964,8821,18,18.706627,2.95324797971,-628.570575018,0
552,000694.png,center,ok,from_left_right,,,18,,,,
553,000695.png,left,ok,tracking,11201,7216,18,163.934425,-3.4724103112,3137.9550717,0
553,000695.png,right,ok,tracking,10467,9361,18,18.818536,2.93436861736,-608.761175986,0
553,000695.png,center,ok,from_left_right,,,18,,,,
554,000696.png,left,ok,tracking,13744,8900,18,164.005486,-3.48867503257,3158.6087049,0
554,000696.png,right,ok,tracking,7339,6761,18,18.737111,2.94808359456,-603.015350074,0
554,000696.png,center,ok,from_left_right,,,18,,,,
555,000697.png,left,ok,tracking,15111,10184,18,163.978355,-3.482448587,3160.83071133,0
555,000697.png,right,ok,tracking,4276,4188,18,18.238604,3.03462477706,-647.918212595,0
555,000697.png,center,ok,from_left_right,,,18,,,,
556,000698.png,left,ok,tracking,10908,7523,18,163.729653,-3.42631483155,3133.4798823,0
556,000698.png,right,ok,tracking,3825,3825,18,17.759326,3.12224861322,-694.13153276,0
556,000698.png,center,ok,from_left_right,,,18,,,,
557,000699.png,left,ok,tracking,15768,10128,18,163.747880,-3.43037212051,3140.42396348,0
557,000699.png,right,ok,tracking,9442,9331,18,18.366443,3.011999506,-618.99678966,0
557,000699.png,center,ok,from_left_right,,,18,,,,
558,000700.png,left,ok,tracking,16000,10141,18,163.701165,-3.41999141014,3137.79998463,0
558,000700.png,right,ok,tracking,9641,9531,18,18.478896,2.99234745536,-608.017910127,0
558,000700.png,center,ok,from_left_right,,,18,,,,
559,000701.png,left,ok,tracking,15355,9319,18,163.642125,-3.40695455815,3118.86153469,0
559,000701.png,right,ok,tracking,6748,6378,18,18.843674,2.93015756763,-578.75869581,0
559,000701.png,center,ok,from_left_right,,,18,,,,
560,000702.png,left,ok,tracking,16057,9615,18,163.631271,-3.4045678074,3122.32624217,0
560,000702.png,right,ok,tracking,7918,7192,18,18.907612,2.91949519956,-582.590789003,0
560,000702.png,center,ok,from_left_right,,,18,,,,
561,000704.png,left,ok,tracking,10117,6085,18,163.729474,-3.42627506971,3121.00594558,0
561,000704.png,right,ok,tracking,10096,9201,18,18.829519,2.93252733453,-599.449078539,0
561,000704.png,center,ok,from_left_right,,,18,,,,
562,000706.png,left,ok,tracking,7378,4882,18,164.082270,-3.50640872649,3165.85326534,0
562,000706.png,right,ok,tracking,8539,7271,18,19.082396,2.89069985522,-581.865028017,0
562,000706.png,center,ok,from_left_right,,,18,,,,
563,000707.png,left,ok,tracking,11226,7610,18,164.192797,-3.53223010788,3178.20648661,0
563,000707.png,right,ok,tracking,6245,4932,18,19.515648,2.82146371931,-546.914803372,0
563,000707.png,center,ok,from_left_right,,,18,,,,
564,000708.png,left,ok,tracking,12011,8210,18,164.409485,-3.58388791727,3213.43412839,0
564,000708.png,right,ok,tracking,6466,4574,18,19.767780,2.78251543832,-532.390676538,0
564,000708.png,center,ok,from_left_right,,,18,,,,
565,000709.png,left,ok,tracking,10911,7871,18,164.618382,-3.63503175217,3242.7094489,0
565,000709.png,right,ok,tracking,8036,5544,18,19.929790,2.75798826666,-527.578551318,0
565,000709.png,center,ok,from_left_right,,,18,,,,
566,000711.png,left,ok,tracking,5121,3870,18,164.954249,-3.72016586776,3285.44174225,0
566,000711.png,right,ok,tracking,12933,9474,18,19.912992,2.76051360837,-534.026651732,0
566,000711.png,center,ok,from_left_right,,,18,,,,
567,000712.png,left,ok,tracking,4969,3733,18,165.205918,-3.78643165907,3318.54311814,0
567,000712.png,right,ok,tracking,13678,9999,18,20.064334,2.73790812211,-521.040058166,0
567,000712.png,center,ok,from_left_right,,,18,,,,
568,000713.png,left,ok,tracking,4712,4038,18,165.724696,-3.93023326086,3409.09464022,0
568,000713.png,right,ok,tracking,4706,3183,18,20.919338,2.61609134784,-451.208083261,0
568,000713.png,center,ok,from_left_right,,,18,,,,
569,000714.png,left,ok,tracking,10265,8255,18,165.555274,-3.88215940603,3390.165411,0
569,000714.png,right,ok,tracking,6173,3468,18,21.266300,2.56933163772,-432.060769536,0
569,000714.png,center,ok,from_left_right,,,18,,,,
570,000715.png,left,ok,tracking,9089,7663,18,165.863109,-3.97034575702,3441.32438024,0
570,000715.png,right,ok,tracking,10261,6013,18,21.509573,2.53740456761,-419.906724999,0
570,000715.png,center,ok,from_left_right,,,18,,,,
571,000717.png,left,ok,tracking,5947,5236,18,166.250054,-4.0866792748,3512.06625047,0
571,000717.png,right,ok,tracking,13957,8134,18,21.793956,2.5009435057,-398.401910971,0
571,000717.png,center,ok,from_left_right,,,18,,,,
572,000718.png,left,ok,tracking,8989,7971,18,166.301465,-4.10262060917,3516.08247564,0
572,000718.png,right,ok,tracking,16145,9593,18,21.709222,2.51171212924,-405.017301039,0
572,000718.png,center,ok,from_left_right,,,18,,,,
573,000720.png,left,ok,tracking,8364,7630,18,166.408805,-4.1362856289,3530.11687762,0
573,000720.png,right,ok,tracking,16219,9081,18,22.456166,2.41944725075,-329.952989351,0
573,000720.png,center,ok,from_left_right,,,18,,,,
574,000723.png,left,ok,tracking,10042,9225,18,166.647676,-4.21310844905,3592.42504099,0
574,000723.png,right,ok,tracking,14997,8350,18,22.802997,2.37855773228,-307.626062021,0
574,000723.png,center,ok,from_left_right,,,18,,,,
575,000724.png,left,ok,tracking,9401,8542,18,166.631483,-4.20781525463,3602.09196669,0
575,000724.png,right,ok,tracking,11744,6933,18,22.676851,2.39329256423,-299.85839257,0
575,000724.png,center,ok,from_left_right,,,18,,,,
576,000725.png,left,ok,tracking,6844,6048,18,166.584948,-4.19267469229,3608.30228674,0
576,000725.png,right,ok,tracking,6656,4208,18,22.203319,2.45001952458,-323.693972673,0
576,000725.png,center,ok,from_left_right,,,18,,,,
577,000726.png,left,ok,tracking,8878,7805,18,166.539367,-4.17794389622,3608.55507827,0
577,000726.png,right,ok,tracking,8961,5887,18,22.133585,2.45856775555,-316.554918155,0
577,000726.png,center,ok,from_left_right,,,18,,,,
578,000727.png,left,ok,tracking,8327,7239,18,166.414665,-4.13813860867,3592.73104163,0
578,000727.png,right,ok,tracking,9179,6242,18,22.064724,2.46705941765,-308.720387225,0
578,000727.png,center,ok,from_left_right,,,18,,,,
579,000728.png,left,ok,tracking,10683,9237,18,166.177079,-4.0642511475,3540.86370838,0
579,000728.png,right,ok,tracking,9510,7182,18,21.807453,2.49923553907,-319.845265316,0
579,000728.png,center,ok,from_left_right,,,18,,,,
580,000729.png,left,ok,tracking,11635,9664,18,166.043335,-4.02374319348,3512.89846752,0
580,000729.png,right,ok,tracking,11690,9102,18,21.551868,2.5319239252,-338.690338294,0
580,000729.png,center,ok,from_left_right,,,18,,,,
581,000730.png,left,ok,tracking,12194,9771,18,165.932311,-3.99069033421,3481.25725496,0
581,000730.png,right,ok,tracking,12785,9336,18,21.213972,2.57629029383,-382.827659199,0
581,000730.png,center,ok,from_left_right,,,18,,,,
582,000733.png,left,ok,tracking,4195,3241,18,166.252746,-4.08751109373,3533.6086166,0
582,000733.png,right,ok,tracking,5059,2384,18,21.942728,2.48222763492,-329.291167186,0
582,000733.png,center,ok,from_left_right,,,18,,,,
583,000734.png,left,ok,tracking,5374,4453,18,166.374035,-4.12532377967,3547.17717515,0
583,000734.png,right,ok,tracking,2694,866,18,22.794365,2.37956110721,-265.902739576,0
583,000734.png,center,ok,from_left_right,,,18,,,,
584,000735.png,left,ok,tracking,2662,2293,18,166.764547,-4.2516862824,3625.53306968,0
584,000735.png,right,ok,tracking,4182,1059,18,23.354707,2.31588477345,-230.681780648,0
584,000735.png,center,ok,from_left_right,,,18,,,,
585,000736.png,left,ok,tracking,7338,6689,18,166.653646,-4.21506286661,3587.25734489,0
585,000736.png,right,ok,tracking,6762,1875,18,23.635221,2.28507966916,-219.332586428,0
585,000736.png,center,ok,from_left_right,,,18,,,,
586,000737.png,left,rejected_horizontal,tracking,1121,0,0,169.257176,-5.27075388561,4259.34345649,1
586,000737.png,right,ok,tracking,4870,1521,18,24.470451,2.19730210265,-167.92501048,0
586,000737.png,center,not_published,from_left_right,,,0,,,,
587,000738.png,left,rejected_horizontal,tracking,441,0,0,169.636267,-5.46806290028,4332.72869972,2
587,000738.png,right,ok,tracking,2126,224,18,25.178182,2.12721033333,-133.862015219,0
587,000738.png,center,not_published,from_left_right,,,0,,,,
588,000739.png,left,rejected_horizontal,tracking,157,0,0,171.893178,-7.02037429596,5290.93935209,3
588,000739.png,right,ok,tracking,448,444,18,14.940974,3.74748925856,-1108.6654975,0
588,000739.png,center,not_published,from_left_right,,,0,,,,
589,000740.png,left,ok,tracking,413,413,18,159.315761,-2.64862646119,2648.05400016,0
589,000740.png,right,ok,tracking,1193,1193,18,12.757109,4.4168182623,-1526.47143792,0
589,000740.png,center,ok,from_left_right,,,18,,,,
590,000741.png,left,ok,tracking,505,474,18,158.315834,-2.51491186145,2565.45559001,0
590,000741.png,right,rejected_horizontal,tracking,1592,0,0,11.712711,4.82342837888,-1777.28235901,1
590,000741.png,center,not_published,from_left_right,,,0,,,,
591,000742.png,left,ok,tracking,1667,1667,18,158.489176,-2.53724212177,2574.49855435,0
591,000742.png,right,ok,tracking,2340,2340,18,12.804050,4.40007684314,-1525.44470589,0
591,000742.png,center,ok,from_left_right,,,18,,,,
592,000744.png,left,ok,tracking,2497,2497,18,158.298887,-2.5127469956,2556.38811964,0
592,000744.png,right,ok,tracking,2492,2492,18,12.577513,4.4820047484,-1586.47130467,0
592,000744.png,center,ok,from_left_right,,,18,,,,
593,000745.png,left,ok,tracking,3321,3321,18,157.975855,-2.47208695495,2526.97766361,0
593,000745.png,right,ok,tracking,2518,2518,18,12.696148,4.43874119455,-1560.81336878,0
593,000745.png,center,ok,from_left_right,,,18,,,,
594,000747.png,left,ok,tracking,10041,784,18,157.283740,-2.38867264848,2451.47543335,0
594,000747.png,right,rejected_horizontal,tracking,1303,0,0,8.925115,6.36760399412,-2946.41067315,1
594,000747.png,center,not_published,from_left_right,,,0,,,,
595,000748.png,left,ok,tracking,9120,718,18,157.108189,-2.36827573818,2425.67092423,0
595,000748.png,right,rejected_horizontal,tracking,1742,0,0,9.448801,6.00874429187,-2713.23207533,2
595,000748.png,center,not_published,from_left_right,,,0,,,,
596,000749.png,left,ok,tracking,481,444,18,158.349881,-2.51927102109,2525.36055802,0
596,000749.png,right,rejected_horizontal,tracking,2286,0,0,10.127379,5.59847130454,-2435.18083394,3
596,000749.png,center,not_published,from_left_right,,,0,,,,
597,000750.png,left,ok,tracking,2193,669,18,158.989455,-2.60365664242,2580.31072624,0
597,000750.png,right,rejected_horizontal,tracking,2222,0,0,11.280045,5.01359798614,-1969.97545716,4
597,000750.png,center,not_published,from_left_right,,,0,,,,
598,000751.png,left,ok,tracking,10197,821,18,157.765093,-2.44616404867,2430.01230272,0
598,000751.png,right,ok,tracking,2934,2934,18,12.187035,4.63025535329,-1691.07563967,0
598,000751.png,center,ok,from_left_right,,,18,,,,
599,000752.png,left,ok,tracking,12334,6712,18,157.476509,-2.41141668623,2435.66233051,0
599,000752.png,right,rejected_horizontal,tracking,2432,0,0,11.147189,5.07491456514,-1975.15066402,1
599,000752.png,center,not_published,from_left_right,,,0,,,,
600,000753.png,left,rejected_horizontal,tracking,251,0,0,173.126169,-8.2953197754,5997.74940085,1
600,000753.png,right,ok,tracking,4068,4068,18,13.075288,4.30565555817,-1485.67434889,0
600,000753.png,center,not_published,from_left_right,,,0,,,,
601,000755.png,left,rejected_horizontal,tracking,384,0,0,171.362717,-6.58321591807,5062.11169198,2
601,000755.png,right,ok,tracking,323,323,18,14.996155,3.73305282468,-1135.42212285,0
601,000755.png,center,not_published,from_left_right,,,0,,,,
602,000758.png,left,rejected_horizontal,tracking,471,0,0,170.743955,-6.13614951903,4870.33120996,3
602,000758.png,right,ok,tracking,529,529,18,15.157330,3.69147476333,-1105.65995354,0
602,000758.png,center,not_published,from_left_right,,,0,,,,
603,000759.png,left,rejected_horizontal,tracking,503,0,0,170.496839,-5.97373977427,4777.17153561,4
603,000759.png,right,ok,tracking,617,617,18,15.582801,3.58575293302,-1037.70133253,0
603,000759.png,center,not_published,from_left_right,,,0,,,,
604,000760.png,left,rejected_horizontal,tracking,512,0,0,170.441250,-5.93835221846,4741.44118813,5
604,000760.png,right,ok,tracking,768,768,18,16.086331,3.46768597461,-960.874556973,0
604,000760.png,center,not_published,from_left_right,,,0,,,,
605,000761.png,left,rejected_horizontal,tracking,805,0,0,168.153348,-4.76733514271,4028.94100327,6
605,000761.png,right,ok,tracking,1107,1107,18,17.459326,3.17946324769,-772.34395693,0
605,000761.png,center,not_published,from_left_right,,,0,,,,
606,000762.png,left,rejected_horizontal,init,10301,0,0,168.232939,-4.80051528393,4014.85795695,7
606,000762.png,right,ok,tracking,797,797,18,25.653949,2.08212752242,-88.476908903,0
606,000762.png,center,not_published,from_left_right,,,0,,,,
607,000763.png,left,ok,init,10287,10287,18,167.985334,-4.69871591811,3898.59961752,0
607,000763.png,right,ok,tracking,1066,944,18,27.125102,1.9520619612,-25.6332173808,0
607,000763.png,center,ok,from_left_right,,,18,,,,
608,000764.png,left,ok,tracking,10182,10182,18,167.763559,-4.61098307141,3842.21558738,0
608,000764.png,right,ok,tracking,15980,6478,18,25.802325,2.06838513468,-115.142178525,0
608,000764.png,center,ok,from_left_right,,,18,,,,
609,000765.png,left,ok,tracking,3931,3638,18,167.999227,-4.70431816082,3890.42176916,0
609,000765.png,right,ok,tracking,20298,7605,18,25.293151,2.11617099128,-160.86236348,0
609,000765.png,center,ok,from_left_right,,,18,,,,
610,000766.png,left,ok,tracking,5070,4798,18,167.968372,-4.69189301221,3872.35058854,0
610,000766.png,right,ok,tracking,18604,6281,18,24.610975,2.18308452081,-223.401383518,0
610,000766.png,center,ok,from_left_right,,,18,,,,
611,000767.png,left,ok,tracking,6322,6208,18,167.832349,-4.63785897517,3823.1611023,0
611,000767.png,right,ok,tracking,16010,4792,18,24.543972,2.18984452384,-243.466927647,0
611,000767.png,center,ok,from_left_right,,,18,,,,
612,000769.png,left,ok,tracking,5831,5547,18,167.891207,-4.661093169,3830.23011503,0
612,000769.png,right,ok,tracking,21712,8436,18,24.114478,2.23401328619,-285.462880156,0
612,000769.png,center,ok,from_left_right,,,18,,,,
613,000770.png,left,ok,tracking,7934,7820,18,167.380248,-4.46650950833,3690.08307411,0
613,000770.png,right,ok,tracking,23230,10027,18,23.789916,2.26838468526,-319.935493071,0
613,000770.png,center,ok,from_left_right,,,18,,,,
614,000771.png,left,ok,tracking,5336,5267,18,166.915566,-4.30253876584,3594.17527009,0
614,000771.png,right,ok,tracking,3191,2271,18,23.092205,2.34535136845,-341.575267012,0
614,000771.png,center,ok,from_left_right,,,18,,,,
615,000772.png,left,ok,tracking,3898,3898,18,166.786626,-4.25904987038,3585.55435044,0
615,000772.png,right,ok,tracking,10332,6910,18,22.691464,2.39157771723,-361.410333935,0
615,000772.png,center,ok,from_left_right,,,18,,,,
616,000773.png,left,ok,tracking,10348,10092,18,166.452631,-4.15018131576,3505.86524182,0
616,000773.png,right,ok,tracking,6057,4378,18,22.136992,2.45814887519,-387.855390949,0
616,000773.png,center,ok,from_left_right,,,18,,,,
617,000774.png,left,ok,tracking,9109,8860,18,166.400970,-4.13381080387,3509.14587844,0
617,000774.png,right,ok,tracking,10006,7389,18,21.679675,2.51548610357,-415.929720894,0
617,000774.png,center,ok,from_left_right,,,18,,,,
618,000775.png,left,ok,tracking,2063,1944,18,166.213108,-4.07529527288,3495.17070492,0
618,000775.png,right,ok,tracking,12596,9252,18,21.195354,2.57877405118,-454.123382447,0
618,000775.png,center,ok,from_left_right,,,18,,,,
619,000776.png,left,ok,tracking,2132,2132,18,165.706795,-3.92510100228,3411.82205101,0
619,000776.png,right,ok,tracking,478,426,18,17.526207,3.16654380723,-798.154405268,0
619,000776.png,center,ok,from_left_right,,,18,,,,
620,000778.png,left,ok,tracking,2704,2704,18,164.971906,-3.72474428657,3291.07282179,0
620,000778.png,right,ok,tracking,7838,7060,18,18.077252,3.0636222244,-723.222533115,0
620,000778.png,center,ok,from_left_right,,,18,,,,
621,000780.png,left,ok,tracking,6944,6591,18,164.397977,-3.5811094648,3195.35497308,0
621,000780.png,right,ok,tracking,12001,10817,18,17.473095,3.17679562414,-817.765198064,0
621,000780.png,center,ok,from_left_right,,,18,,,,
622,000781.png,left,ok,tracking,11658,9360,18,163.811901,-3.44469305213,3092.2237215,0
622,000781.png,right,ok,tracking,9566,7943,18,17.471115,3.17717907796,-833.27648922,0
622,000781.png,center,ok,from_left_right,,,18,,,,
623,000783.png,left,ok,tracking,725,725,18,160.129457,-2.76691334448,2685.31818988,0
623,000783.png,right,rejected_horizontal,tracking,474,0,0,9.387125,6.04894564052,-2592.78195376,1
623,000783.png,center,not_published,from_left_right,,,0,,,,
624,000784.png,left,ok,tracking,449,449,18,157.798898,-2.45029042034,2486.8273092,0
624,000784.png,right,rejected_horizontal,tracking,602,0,0,11.119185,5.08802395492,-2019.23419617,2
624,000784.png,center,not_published,from_left_right,,,0,,,,
625,000785.png,left,ok,tracking,619,619,18,157.497765,-2.41394717135,2465.04011338,0
625,000785.png,right,ok,tracking,932,932,18,13.007219,4.32898725191,-1552.01897189,0
625,000785.png,center,ok,from_left_right,,,18,,,,
626,000786.png,left,ok,tracking,927,927,18,155.279891,-2.17214752796,2308.93925815,0
626,000786.png,right,ok,tracking,1327,1327,18,12.898022,4.3669220625,-1579.85881319,0
626,000786.png,center,ok,from_left_right,,,18,,,,
627,000788.png,left,ok,tracking,2405,2405,18,155.311637,-2.17531962844,2305.68935295,0
627,000788.png,right,ok,tracking,2324,2324,18,12.489622,4.51457817503,-1682.79709468,0
627,000788.png,center,ok,from_left_right,,,18,,,,
628,000789.png,left,ok,tracking,5615,812,18,155.036114,-2.14804071572,2282.31425899,0
628,000789.png,right,ok,tracking,3440,3440,18,12.396190,4.54970335443,-1710.57184944,0
628,000789.png,center,ok,from_left_right,,,18,,,,
629,000790.png,left,ok,tracking,798,798,18,153.754312,-2.02818413914,2205.77634023,0
629,000790.png,right,ok,tracking,3891,3891,18,12.596379,4.47507136065,-1657.90355538,0
629,000790.png,center,ok,from_left_right,,,18,,,,
630,000791.png,left,ok,tracking,984,984,18,153.549553,-2.01004127723,2194.28515571,0
630,000791.png,right,ok,tracking,543,543,18,12.828485,4.39140977615,-1604.91301409,0
630,000791.png,center,ok,from_left_right,,,18,,,,
631,000792.png,left,ok,tracking,1379,1215,18,152.295190,-1.90433089882,2122.801113,0
631,000792.png,right,ok,tracking,490,490,18,13.113424,4.29268773856,-1544.00187077,0
631,000792.png,center,ok,from_left_right,,,18,,,,
632,000794.png,left,ok,tracking,2133,2133,18,152.443064,-1.91633029043,2129.98776488,0
632,000794.png,right,ok,tracking,562,562,18,13.337052,4.21811166395,-1499.02775407,0
632,000794.png,center,ok,from_left_right,,,18,,,,
633,000795.png,left,ok,tracking,5270,4694,18,151.792529,-1.86440834274,2088.78478756,0
633,000795.png,right,ok,tracking,816,816,18,13.783673,4.07628486052,-1406.63138425,0
633,000795.png,center,ok,from_left_right,,,18,,,,
634,000796.png,left,ok,tracking,15245,451,18,150.965382,-1.80147992643,2028.30808489,0
634,000796.png,right,ok,tracking,901,901,18,14.065533,3.99132727762,-1351.50602768,0
634,000796.png,center,ok,from_left_right,,,18,,,,
635,000797.png,left,rejected_horizontal,tracking,451,0,0,170.680370,-6.09354444788,4866.06093681,1
635,000797.png,right,ok,tracking,1350,1350,18,15.026557,3.72514343489,-1168.17137414,0
635,000797.png,center,not_published,from_left_right,,,0,,,,
636,000800.png,left,rejected_horizontal,tracking,690,0,0,168.971963,-5.13114752545,4334.07456755,2
636,000800.png,right,ok,tracking,4774,4774,18,15.060755,3.71628376816,-1152.80410359,0
636,000800.png,center,not_published,from_left_right,,,0,,,,
637,000801.png,left,ok,tracking,1017,1017,18,165.954786,-3.99734011099,3568.44494105,0
637,000801.png,right,ok,tracking,1756,1756,18,14.466187,3.87614837669,-1256.96760043,0
637,000801.png,center,ok,from_left_right,,,18,,,,
638,000803.png,left,ok,tracking,8735,8729,18,163.941303,-3.47397840079,3198.11732176,0
638,000803.png,right,ok,tracking,8388,8388,18,15.610899,3.57896887536,-1036.48362246,0
638,000803.png,center,ok,from_left_right,,,18,,,,
639,000806.png,left,quadratic_fit_failed,tracking,255,3,0,164.828645,-3.68789765572,3351.13514232,1
639,000806.png,right,too_few_or_degenerate_pixels,tracking,0,0,0,0.000000,0,0,1
639,000806.png,center,not_published,from_left_right,,,0,,,,
640,000807.png,left,ok,tracking,430,430,18,161.522224,-2.99254204779,2902.65857244,0
640,000807.png,right,rejected_horizontal,tracking,365,0,0,8.318326,6.83943602258,-3029.02835398,2
640,000807.png,center,not_published,from_left_right,,,0,,,,
641,000808.png,left,ok,tracking,530,530,18,164.723607,-3.66131056971,3308.90596437,0
641,000808.png,right,rejected_horizontal,tracking,410,0,0,10.469962,5.4113484437,-2154.77826405,3
641,000808.png,center,not_published,from_left_right,,,0,,,,
642,000809.png,left,too_few_or_degenerate_pixels,tracking,0,0,0,0.000000,0,0,1
642,000809.png,right,too_few_or_degenerate_pixels,tracking,0,0,0,0.000000,0,0,4
642,000809.png,center,not_published,from_left_right,,,0,,,,
643,000812.png,left,too_few_or_degenerate_pixels,tracking,0,0,0,0.000000,0,0,2
643,000812.png,right,too_few_or_degenerate_pixels,tracking,0,0,0,0.000000,0,0,5
643,000812.png,center,not_published,from_left_right,,,0,,,,
644,000813.png,left,too_few_or_degenerate_pixels,tracking,0,0,0,0.000000,0,0,3
644,000813.png,right,ok,tracking,142,142,18,22.332117,2.43436416257,-326.287290812,0
644,000813.png,center,not_published,from_left_right,,,0,,,,
645,000814.png,left,too_few_or_degenerate_pixels,tracking,0,0,0,0.000000,0,0,4
645,000814.png,right,ok,tracking,11190,8899,18,18.764863,2.94339630522,-677.945432758,0
645,000814.png,center,not_published,from_left_right,,,0,,,,
646,000815.png,left,too_few_or_degenerate_pixels,tracking,0,0,0,0.000000,0,0,5
646,000815.png,right,ok,tracking,12323,9992,18,18.363282,3.01255532008,-730.685567559,0
646,000815.png,center,not_published,from_left_right,,,0,,,,
647,000816.png,left,too_few_or_degenerate_pixels,tracking,42,0,0,0.000000,0,0,6
647,000816.png,right,ok,tracking,11776,8950,18,17.903968,3.09532672676,-803.103204848,0
647,000816.png,center,not_published,from_left_right,,,0,,,,
648,000817.png,left,ok,init,15773,12875,18,162.385017,-3.14954154115,2793.92657361,0
648,000817.png,right,ok,tracking,11479,9343,18,17.661766,3.14064839653,-830.129214355,0
648,000817.png,center,ok,from_left_right,,,18,,,,
649,000818.png,left,ok,tracking,11462,8496,18,162.945268,-3.25971232898,2885.46931798,0
649,000818.png,right,ok,tracking,7963,5681,18,17.606478,3.15116318193,-860.897995479,0
649,000818.png,center,ok,from_left_right,,,18,,,,
650,000819.png,left,ok,tracking,8509,6928,18,163.447280,-3.36457179055,2953.51941344,0
650,000819.png,right,ok,tracking,2706,1525,18,17.680012,3.13719223035,-879.168833822,0
650,000819.png,center,ok,from_left_right,,,18,,,,
651,000821.png,left,ok,tracking,1565,1108,18,163.722549,-3.4247360956,2973.10077918,0
651,000821.png,right,ok,tracking,1474,530,18,17.784526,3.11752783031,-892.480776113,0
651,000821.png,center,ok,from_left_right,,,18,,,,
652,000826.png,left,ok,tracking,3351,3351,18,162.066471,-3.08987616018,2746.56974712,0
652,000826.png,right,too_few_or_degenerate_pixels,tracking,0,0,0,0.000000,0,0,1
652,000826.png,center,not_published,from_left_right,,,0,,,,
653,000827.png,left,ok,tracking,4357,3042,18,161.299319,-2.95425711271,2654.3748994,0
653,000827.png,right,too_few_or_degenerate_pixels,tracking,0,0,0,0.000000,0,0,2
653,000827.png,center,not_published,from_left_right,,,0,,,,
654,000828.png,left,ok,tracking,7335,4887,18,160.419899,-2.81141560274,2551.14678707,0
654,000828.png,right,too_few_or_degenerate_pixels,tracking,0,0,0,0.000000,0,0,3
654,000828.png,center,not_published,from_left_right,,,0,,,,
655,000829.png,left,ok,tracking,6418,4452,18,158.850076,-2.58485236729,2381.38329002,0
655,000829.png,right,too_few_or_degenerate_pixels,tracking,0,0,0,0.000000,0,0,4
655,000829.png,center,not_published,from_left_right,,,0,,,,
656,000830.png,left,ok,tracking,8125,4713,18,157.158752,-2.37412013699,2215.0018629,0
656,000830.png,right,too_few_or_degenerate_pixels,tracking,0,0,0,0.000000,0,0,5
656,000830.png,center,not_published,from_left_right,,,0,,,,
657,000831.png,left,ok,tracking,6739,1605,18,155.489686,-2.19325333511,2034.73513598,0
657,000831.png,right,too_few_or_degenerate_pixels,tracking,0,0,0,0.000000,0,0,6
657,000831.png,center,not_published,from_left_right,,,0,,,,
658,000832.png,left,ok,tracking,6223,2112,18,156.099976,-2.25662566257,2073.63993443,0
658,000832.png,right,too_few_or_degenerate_pixels,init,0,0,0,0.000000,0,0,7
658,000832.png,center,not_published,from_left_right,,,0,,,,
659,000833.png,left,ok,tracking,5434,1862,18,156.259569,-2.27370286051,2071.65704301,0
659,000833.png,right,rejected_horizontal,init,2707,0,0,10.704506,5.29006993873,-2126.78584936,8
659,000833.png,center,not_published,from_left_right,,,0,,,,
660,000834.png,left,ok,tracking,9732,4116,18,155.894681,-2.23497129538,2036.21287923,0
660,000834.png,right,too_few_or_degenerate_pixels,init,0,0,0,0.000000,0,0,9
660,000834.png,center,not_published,from_left_right,,,0,,,,
661,000835.png,left,ok,tracking,9805,5570,18,154.450287,-2.09187068567,1936.26454888,0
661,000835.png,right,ok,init,4721,1559,18,157.621512,-2.42876976738,3168.7255512,0
661,000835.png,center,ok,from_left_right,,,18,,,,
662,000836.png,left,ok,tracking,1643,967,18,146.842517,-1.53063797734,1589.5644341,0
662,000836.png,right,too_few_or_degenerate_pixels,tracking,0,0,0,0.000000,0,0,1
662,000836.png,center,not_published,from_left_right,,,0,,,,
663,000837.png,left,too_few_vehicle_points_after_crop,tracking,386,2,0,162.269849,-3.12773043446,2569.13739991,1
663,000837.png,right,too_few_or_degenerate_pixels,tracking,0,0,0,0.000000,0,0,2
663,000837.png,center,not_published,from_left_right,,,0,,,,
664,000838.png,left,too_few_vehicle_points_after_crop,tracking,223,0,0,134.753782,-0.991442077809,1257.03931211,2
664,000838.png,right,rejected_horizontal,tracking,200,0,0,9.158576,6.2025966378,-2420.38246579,3
664,000838.png,center,not_published,from_left_right,,,0,,,,
665,000840.png,left,ok,tracking,356,32,18,149.316163,-1.68527475498,1686.10149375,0
665,000840.png,right,ok,tracking,1076,350,18,157.429552,-2.40584247034,3153.69755586,0
665,000840.png,center,ok,from_left_right,,,18,,,,
666,000841.png,left,ok,tracking,356,95,18,152.014685,-1.88188989278,1807.7297532,0
666,000841.png,right,ok,tracking,1161,415,18,157.199021,-2.37879222191,3136.04322967,0
666,000841.png,center,ok,from_left_right,,,18,,,,
667,000842.png,left,ok,tracking,361,163,18,150.355803,-1.75716094319,1730.40180408,0
667,000842.png,right,ok,tracking,1325,407,18,157.179322,-2.37650475707,3135.27646965,0
667,000842.png,center,ok,from_left_right,,,18,,,,
668,000843.png,left,ok,tracking,469,33,18,163.307975,-3.33485995109,2699.55989901,0
668,000843.png,right,ok,tracking,865,466,18,156.733410,-2.32570613995,3100.93792061,0
668,000843.png,center,ok,from_left_right,,,18,,,,
669,000844.png,left,ok,tracking,613,96,18,163.250469,-3.32273484516,2692.54007698,0
669,000844.png,right,ok,tracking,1646,786,18,156.461103,-2.29557949821,3082.04056995,0
669,000844.png,center,ok,from_left_right,,,18,,,,
670,000846.png,left,ok,tracking,845,114,18,163.677745,-3.41480891865,2749.20923939,0
670,000846.png,right,ok,tracking,1461,578,18,156.397784,-2.28866823384,3077.75337371,0
670,000846.png,center,ok,from_left_right,,,18,,,,
671,000847.png,left,ok,tracking,976,107,18,163.180536,-3.30809794713,2683.76064406,0
671,000847.png,right,ok,tracking,1422,572,18,156.247598,-2.27241446926,3066.87731631,0
671,000847.png,center,ok,from_left_right,,,18,,,,
672,000848.png,left,ok,tracking,1011,252,18,164.203782,-3.5348155589,2825.02569263,0
672,000848.png,right,ok,tracking,1724,611,18,156.211351,-2.26852054798,3064.8275785,0
672,000848.png,center,ok,from_left_right,,,18,,,,
673,000849.png,left,ok,tracking,873,149,18,164.701976,-3.65587981681,2899.69517935,0
673,000849.png,right,ok,tracking,1794,613,18,156.022450,-2.24840728965,3051.93384296,0
673,000849.png,center,ok,from_left_right,,,18,,,,
674,000850.png,left,ok,tracking,1024,280,18,164.820978,-3.68594488645,2919.30193465,0
674,000850.png,right,ok,tracking,1833,602,18,155.822209,-2.22740970521,3037.6760098,0
674,000850.png,center,ok,from_left_right,,,18,,,,
675,000851.png,left,ok,tracking,1034,245,18,165.507811,-3.86888887693,3032.72951335,0
675,000851.png,right,ok,tracking,1697,588,18,155.550431,-2.19942785179,3019.2837649,0
675,000851.png,center,ok,from_left_right,,,18,,,,
676,000857.png,left,ok,tracking,1292,776,18,165.316680,-3.81629920783,2999.98202955,0
676,000857.png,right,ok,tracking,1529,25,18,153.940262,-2.04488985563,2920.96338702,0
676,000857.png,center,ok,from_left_right,,,18,,,,
677,000858.png,left,ok,tracking,1294,782,18,165.308188,-3.81399378053,2998.51001461,0
677,000858.png,right,quadratic_fit_failed,tracking,1291,19,0,154.466728,-2.09341422295,2952.07104279,1
677,000858.png,center,not_published,from_left_right,,,0,,,,
678,000859.png,left,ok,tracking,1348,905,18,165.075744,-3.75188349204,2959.31259028,0
678,000859.png,right,ok,tracking,1510,206,18,154.301095,-2.0779481587,2942.0155461,0
678,000859.png,center,ok,from_left_right,,,18,,,,
679,000860.png,left,ok,tracking,2713,2145,18,164.733263,-3.66373979769,2903.02582113,0
679,000860.png,right,ok,tracking,1656,528,18,154.240061,-2.07229583273,2938.22018434,0
679,000860.png,center,ok,from_left_right,,,18,,,,
680,000861.png,left,ok,tracking,3365,2858,18,164.689701,-3.65280456251,2895.19054099,0
680,000861.png,right,ok,tracking,1910,617,18,154.184535,-2.06717528351,2935.12046887,0
680,000861.png,center,ok,from_left_right,,,18,,,,
681,000863.png,left,ok,tracking,2239,2097,18,164.650552,-3.64302867948,2888.88851015,0
681,000863.png,right,ok,tracking,2252,942,18,154.145902,-2.06362460857,2932.76014079,0
681,000863.png,center,ok,from_left_right,,,18,,,,
682,000864.png,left,ok,tracking,2938,2769,18,164.954833,-3.72031717783,2941.05349572,0
682,000864.png,right,ok,tracking,2695,1384,18,154.299137,-2.07776644029,2941.82471834,0
682,000864.png,center,ok,from_left_right,,,18,,,,
683,000865.png,left,ok,tracking,1037,957,18,165.133924,-3.76725126212,2969.2420251,0
683,000865.png,right,ok,tracking,3275,2510,18,154.361143,-2.0835336187,2946.8367897,0
683,000865.png,center,ok,from_left_right,,,18,,,,
684,000866.png,left,ok,tracking,998,998,18,165.450672,-3.85302542123,3029.84532565,0
684,000866.png,right,ok,tracking,837,269,18,155.791516,-2.22421997995,3035.80775079,0
684,000866.png,center,ok,from_left_right,,,18,,,,
685,000867.png,left,ok,tracking,1221,1221,18,165.498998,-3.86643404504,3039.28622476,0
685,000867.png,right,ok,tracking,825,93,18,155.434648,-2.18768367945,3012.86205036,0
685,000867.png,center,ok,from_left_right,,,18,,,,
686,000868.png,left,ok,tracking,1442,1442,18,165.576104,-3.88801020865,3054.01310757,0
686,000868.png,right,ok,tracking,720,436,18,155.158692,-2.16010687943,2992.75541362,0
686,000868.png,center,ok,from_left_right,,,18,,,,
687,000869.png,left,ok,tracking,1604,1604,18,165.482954,-3.86197288324,3038.58513891,0
687,000869.png,right,ok,tracking,865,529,18,155.571071,-2.20153237813,3019.26851705,0
687,000869.png,center,ok,from_left_right,,,18,,,,
688,000870.png,left,ok,tracking,543,543,18,164.536065,-3.61471735981,2872.49413247,0
688,000870.png,right,ok,tracking,962,633,18,156.611757,-2.31216520881,3092.9078615,0
688,000870.png,center,ok,from_left_right,,,18,,,,
689,000871.png,left,rejected_horizontal,tracking,492,0,0,171.675140,-6.83399131238,5075.20193693,1
689,000871.png,right,ok,tracking,1284,974,18,156.850019,-2.33881165386,3110.61626697,0
689,000871.png,center,not_published,from_left_right,,,0,,,,
690,000872.png,left,rejected_horizontal,tracking,668,0,0,171.576988,-6.75321686793,5090.66148326,2
690,000872.png,right,ok,tracking,5566,5040,18,157.957894,-2.46985954711,3213.77433489,0
690,000872.png,center,not_published,from_left_right,,,0,,,,
691,000874.png,left,rejected_horizontal,tracking,1185,0,0,170.812574,-6.18278320801,4822.36662963,3
691,000874.png,right,rejected_horizontal,tracking,373,0,0,168.352418,-4.85116350069,4699.93309623,1
691,000874.png,center,not_published,from_left_right,,,0,,,,
692,000875.png,left,ok,tracking,1019,1019,18,167.778499,-4.6167948841,3661.69798829,0
692,000875.png,right,too_few_vehicle_points_after_crop,tracking,374,0,0,167.407146,-4.47636514372,4459.3170025,2
692,000875.png,center,not_published,from_left_right,,,0,,,,
693,000876.png,left,too_few_or_degenerate_pixels,tracking,30,0,0,0.000000,0,0,1
693,000876.png,right,too_few_vehicle_points_after_crop,tracking,345,0,0,163.527371,-3.38187522168,3772.91095999,3
693,000876.png,center,not_published,from_left_right,,,0,,,,
694,000877.png,left,too_few_or_degenerate_pixels,tracking,0,0,0,0.000000,0,0,2
694,000877.png,right,ok,tracking,881,469,18,157.182902,-2.3769201519,3150.03349594,0
694,000877.png,center,not_published,from_left_right,,,0,,,,
695,000878.png,left,too_few_or_degenerate_pixels,tracking,0,0,0,0.000000,0,0,3
695,000878.png,right,ok,tracking,1117,521,18,157.859442,-2.45771067186,3207.80171871,0
695,000878.png,center,not_published,from_left_right,,,0,,,,
696,000879.png,left,too_few_or_degenerate_pixels,tracking,0,0,0,0.000000,0,0,4
696,000879.png,right,ok,tracking,1036,614,18,157.478451,-2.4116477088,3177.04708683,0
696,000879.png,center,not_published,from_left_right,,,0,,,,
697,000881.png,left,too_few_or_degenerate_pixels,tracking,0,0,0,0.000000,0,0,5
697,000881.png,right,ok,tracking,938,696,18,156.904954,-2.34502899547,3129.88948887,0
697,000881.png,center,not_published,from_left_right,,,0,,,,
698,000882.png,left,too_few_or_degenerate_pixels,tracking,0,0,0,0.000000,0,0,6
698,000882.png,right,ok,tracking,1009,752,18,156.143267,-2.26123679473,3070.38188838,0
698,000882.png,center,not_published,from_left_right,,,0,,,,
699,000883.png,left,ok,init,25599,14595,18,154.781530,-2.12333123428,2004.57447689,0
699,000883.png,right,rejected_excessive_jump,tracking,965,0,0,70.616861,0.351824852865,1193.52726629,1
699,000883.png,center,not_published,from_left_right,,,0,,,,
700,000884.png,left,ok,tracking,9141,2524,18,156.088093,-2.25536273501,2119.53715213,0
700,000884.png,right,rejected_excessive_jump,tracking,895,0,0,57.382505,0.639956993115,976.600683455,2
700,000884.png,center,not_published,from_left_right,,,0,,,,
701,000885.png,left,ok,tracking,9551,5342,18,157.681085,-2.43596106079,2264.2077967,0
701,000885.png,right,rejected_excessive_jump,tracking,557,0,0,23.379208,2.31316630787,-221.17287433,3
701,000885.png,center,not_published,from_left_right,,,0,,,,
702,000886.png,left,ok,tracking,8711,1886,18,157.470193,-2.41066561244,2256.04837771,0
702,000886.png,right,rejected_excessive_jump,tracking,561,0,0,27.102962,1.95392222235,37.0984896453,4
702,000886.png,center,not_published,from_left_right,,,0,,,,
703,000888.png,left,ok,tracking,6318,640,18,157.040602,-2.36050171785,2228.46186834,0
703,000888.png,right,rejected_excessive_jump,tracking,535,0,0,26.234661,2.02916874213,37.8789065018,5
703,000888.png,center,not_published,from_left_right,,,0,,,,
704,000890.png,left,ok,tracking,1202,323,18,155.800203,-2.22512204748,2138.77243845,0
704,000890.png,right,ok,tracking,529,520,18,147.023934,-1.54127413291,2560.04182948,0
704,000890.png,center,ok,from_left_right,,,18,,,,
705,000891.png,left,ok,tracking,4709,351,18,155.394932,-2.18367914277,2117.85062792,0
705,000891.png,right,ok,tracking,801,577,18,148.721828,-1.64612347905,2636.25334477,0
705,000891.png,center,ok,from_left_right,,,18,,,,
706,000892.png,left,ok,tracking,10041,956,18,155.602534,-2.20474697006,2145.32630251,0
706,000892.png,right,ok,tracking,830,592,18,148.353423,-1.62251991307,2621.05225833,0
706,000892.png,center,ok,from_left_right,,,18,,,,
707,000893.png,left,ok,tracking,11433,1291,18,155.792761,-2.22434920057,2171.70474607,0
707,000893.png,right,ok,tracking,677,594,18,145.069789,-1.43185683963,2487.42496688,0
707,000893.png,center,ok,from_left_right,,,18,,,,
708,000894.png,left,ok,tracking,13503,2343,18,156.413564,-2.29038736165,2234.81999761,0
708,000894.png,right,ok,tracking,787,619,18,144.675140,-1.41105205347,2474.02832856,0
708,000894.png,center,ok,from_left_right,,,18,,,,
709,000896.png,left,ok,tracking,15788,4948,18,157.274693,-2.38761413829,2319.80131348,0
709,000896.png,right,ok,tracking,941,651,18,143.319561,-1.34255926346,2426.44700489,0
709,000896.png,center,ok,from_left_right,,,18,,,,
710,000897.png,left,ok,tracking,15929,4729,18,157.770250,-2.44679281323,2376.85672372,0
710,000897.png,right,ok,tracking,961,677,18,143.145422,-1.33407630082,2421.62747365,0
710,000897.png,center,ok,from_left_right,,,18,,,,
711,000898.png,left,ok,tracking,8466,6884,18,159.480272,-2.67181668688,2534.95539853,0
711,000898.png,right,ok,tracking,962,677,18,140.768467,-1.2247443259,2345.22386368,0
711,000898.png,center,ok,from_left_right,,,18,,,,
712,000899.png,left,ok,tracking,9747,7317,18,160.478549,-2.82055652476,2641.49357604,0
712,000899.png,right,ok,tracking,1095,735,18,140.341934,-1.20630115191,2333.85772423,0
712,000899.png,center,ok,from_left_right,,,18,,,,
713,000900.png,left,ok,tracking,10241,7415,18,161.362585,-2.96503350127,2745.77097642,0
713,000900.png,right,ok,tracking,1090,731,18,139.543887,-1.17266725021,2311.19592122,0
713,000900.png,center,ok,from_left_right,,,18,,,,
714,000901.png,left,ok,tracking,12154,7908,18,162.068671,-3.09028129573,2844.71090473,0
714,000901.png,right,ok,tracking,1218,784,18,136.761820,-1.06347083282,2234.54756452,0
714,000901.png,center,ok,from_left_right,,,18,,,,
715,000902.png,left,ok,tracking,11904,8277,18,162.729438,-3.21644996878,2938.13757825,0
715,000902.png,right,ok,tracking,1845,814,18,136.532104,-1.05496335804,2229.8530111,0
715,000902.png,center,ok,from_left_right,,,18,,,,
716,000903.png,left,ok,tracking,13807,8800,18,163.064763,-3.28412486152,2993.81267375,0
716,000903.png,right,ok,tracking,1595,809,18,135.653525,-1.02307653461,2208.53694674,0
716,000903.png,center,ok,from_left_right,,,18,,,,
717,000905.png,left,ok,tracking,14222,8376,18,163.273711,-3.32762571554,3033.88343338,0
717,000905.png,right,ok,tracking,1066,815,18,131.820332,-0.894741943359,2119.81113651,0
717,000905.png,center,ok,from_left_right,,,18,,,,
718,000906.png,left,ok,tracking,14270,8219,18,163.334537,-3.34048795353,3052.97683535,0
718,000906.png,right,ok,tracking,1083,821,18,129.618081,-0.827803622187,2074.68625052,0
718,000906.png,center,ok,from_left_right,,,18,,,,
719,000907.png,left,ok,tracking,12342,6609,18,163.392393,-3.35280730587,3073.66357112,0
719,000907.png,right,ok,tracking,1864,883,18,130.645222,-0.858473686822,2097.92585761,0
719,000907.png,center,ok,from_left_right,,,18,,,,
720,000910.png,left,ok,tracking,5836,4949,18,164.247883,-3.54523105287,3193.84892002,0
720,000910.png,right,ok,tracking,2104,953,18,130.046528,-0.840484393654,2086.97287449,0
720,000910.png,center,ok,from_left_right,,,18,,,,
721,000912.png,left,ok,tracking,1629,1629,18,165.383845,-3.83462638917,3377.20339806,0
721,000912.png,right,ok,tracking,2364,997,18,129.491685,-0.824092670806,2076.15181176,0
721,000912.png,center,ok,from_left_right,,,18,,,,
722,000913.png,left,ok,tracking,1426,1426,18,166.224059,-4.07866339461,3528.57324129,0
722,000913.png,right,ok,tracking,2277,1045,18,128.905064,-0.807044205236,2065.56712947,0
722,000913.png,center,ok,from_left_right,,,18,,,,
723,000915.png,left,ok,tracking,2400,2400,18,167.248402,-4.41879140783,3750.7810089,0
723,000915.png,right,ok,tracking,2943,1336,18,128.255968,-0.788505347619,2053.26064319,0
723,000915.png,center,ok,from_left_right,,,18,,,,
724,000916.png,left,ok,tracking,6287,6065,18,167.347476,-4.45455726169,3769.02702891,0
724,000916.png,right,ok,tracking,3063,1460,18,127.631079,-0.770968149855,2041.75204919,0
724,000916.png,center,ok,from_left_right,,,18,,,,
725,000918.png,left,ok,tracking,5472,5469,18,167.794343,-4.62297329802,3877.13467082,0
725,000918.png,right,ok,tracking,3337,1585,18,127.027306,-0.75430153292,2030.46048772,0
725,000918.png,center,ok,from_left_right,,,18,,,,
726,000919.png,left,rejected_horizontal,tracking,2429,0,0,168.712440,-5.01017208626,4116.12587239,1
726,000919.png,right,ok,tracking,3367,1728,18,126.322128,-0.735167794627,2017.68486108,0
726,000919.png,center,not_published,from_left_right,,,0,,,,
727,000920.png,left,rejected_horizontal,tracking,2797,0,0,168.576624,-4.94902531649,4078.77625046,2
727,000920.png,right,ok,tracking,3500,1889,18,125.581660,-0.715445630347,2004.28523072,0
727,000920.png,center,not_published,from_left_right,,,0,,,,
728,000921.png,left,rejected_horizontal,tracking,3200,0,0,168.513636,-4.92115162043,4062.19448666,3
728,000921.png,right,ok,tracking,3897,1939,18,124.954983,-0.699037276811,1993.67421404,0
728,000921.png,center,not_published,from_left_right,,,0,,,,
729,000923.png,left,rejected_horizontal,tracking,4124,0,0,168.388987,-4.86687050441,4030.92827238,4
729,000923.png,right,ok,tracking,3829,1917,18,124.185599,-0.679231935937,1980.44861364,0
729,000923.png,center,not_published,from_left_right,,,0,,,,
730,000924.png,left,rejected_horizontal,tracking,3597,0,0,168.361605,-4.85510002687,4022.67812758,5
730,000924.png,right,ok,tracking,3422,1797,18,123.921638,-0.672520430323,1977.66047342,0
730,000924.png,center,not_published,from_left_right,,,0,,,,
731,000925.png,left,ok,tracking,11237,11227,18,167.924495,-4.67433242463,3914.05545286,0
731,000925.png,right,ok,tracking,3197,1745,18,122.597885,-0.639474663401,1954.71372119,0
731,000925.png,center,ok,from_left_right,,,18,,,,
732,000926.png,left,ok,tracking,4656,4608,18,167.417912,-4.48032154996,3793.9079594,0
732,000926.png,right,ok,tracking,3064,1534,18,121.463138,-0.611916165697,1936.74825168,0
732,000926.png,center,ok,from_left_right,,,18,,,,
733,000927.png,left,ok,tracking,1124,1087,18,166.966650,-4.32000217588,3694.34853294,0
733,000927.png,right,ok,tracking,1941,299,18,111.359561,-0.391081747082,1801.7875064,0
733,000927.png,center,ok,from_left_right,,,18,,,,
734,000928.png,left,rejected_horizontal,tracking,810,0,0,170.076384,-5.71583071317,4556.93979681,1
734,000928.png,right,ok,tracking,3531,1902,18,117.494155,-0.520437391051,1878.59995683,0
734,000928.png,center,not_published,from_left_right,,,0,,,,
735,000929.png,left,rejected_horizontal,tracking,934,0,0,170.406344,-5.91633865446,4693.30690077,2
735,000929.png,right,ok,tracking,1656,28,18,117.228515,-0.514559480236,1878.79988804,0
735,000929.png,center,not_published,from_left_right,,,0,,,,
736,000932.png,left,rejected_horizontal,tracking,1382,0,0,168.503434,-4.91666542444,4078.04792251,3
736,000932.png,right,too_few_vehicle_points_after_crop,tracking,1294,0,0,105.752048,-0.282067747806,1735.46620495,1
736,000932.png,center,not_published,from_left_right,,,0,,,,
737,000934.png,left,rejected_horizontal,tracking,2406,0,0,168.745234,-5.02515481185,4142.75930064,4
737,000934.png,right,too_few_vehicle_points_after_crop,tracking,1480,0,0,98.748930,-0.153895597217,1659.01237462,2
737,000934.png,center,not_published,from_left_right,,,0,,,,
738,000935.png,left,rejected_horizontal,tracking,2495,0,0,168.705388,-5.00696152635,4124.98059584,5
738,000935.png,right,too_few_vehicle_points_after_crop,tracking,1601,0,0,106.789733,-0.30172227911,1746.54563049,3
738,000935.png,center,not_published,from_left_right,,,0,,,,
739,000939.png,left,ok,tracking,410,157,18,138.776432,-1.14134317413,1797.71645258,0
739,000939.png,right,too_few_vehicle_points_after_crop,tracking,1826,0,0,113.529601,-0.435426830984,1828.85187292,4
739,000939.png,center,not_published,from_left_right,,,0,,,,
740,000940.png,left,ok,tracking,712,561,18,100.328702,-0.182248327874,1219.37006529,0
740,000940.png,right,too_few_vehicle_points_after_crop,tracking,1743,0,0,115.744975,-0.482234628936,1857.42182447,5
740,000940.png,center,not_published,from_left_right,,,0,,,,
741,000942.png,left,ok,tracking,943,943,18,70.000588,0.363958609856,885.522789156,0
741,000942.png,right,ok,tracking,3597,2081,18,115.714762,-0.481584856701,1855.75494584,0
741,000942.png,center,ok,from_left_right,,,18,,,,
742,000943.png,left,ok,tracking,1053,950,18,40.224364,1.18232003233,392.453959091,0
742,000943.png,right,ok,tracking,3149,1859,18,114.811304,-0.462304309294,1843.31798139,0
742,000943.png,center,ok,from_left_right,,,18,,,,
743,000945.png,left,ok,tracking,1292,1193,18,32.415666,1.57479594403,153.068566438,0
743,000945.png,right,ok,tracking,2611,1478,18,113.841771,-0.441923687682,1829.86457778,0
743,000945.png,center,ok,from_left_right,,,18,,,,
744,000946.png,left,ok,tracking,1990,1798,18,27.352571,1.93311046577,-67.8238102007,0
744,000946.png,right,ok,tracking,2376,1425,18,112.838254,-0.421147145235,1815.88255007,0
744,000946.png,center,ok,from_left_right,,,18,,,,
745,000947.png,left,ok,tracking,3287,3155,18,24.606608,2.18352402371,-227.277798838,0
745,000947.png,right,ok,tracking,2435,1459,18,111.671538,-0.39737302644,1799.90143027,0
745,000947.png,center,ok,from_left_right,,,18,,,,
746,000948.png,left,ok,tracking,5462,5391,18,22.875312,2.37018013196,-348.605153339,0
746,000948.png,right,ok,tracking,2758,1670,18,110.715890,-0.37818547624,1785.4007304,0
746,000948.png,center,ok,from_left_right,,,18,,,,
747,000949.png,left,ok,tracking,12413,9714,18,22.039686,2.47015948018,-420.038420986,0
747,000949.png,right,ok,tracking,3253,1960,18,109.500876,-0.354135780046,1768.11047545,0
747,000949.png,center,ok,from_left_right,,,18,,,,
748,000950.png,left,ok,tracking,2425,2166,18,22.312734,2.43670923156,-406.931507315,0
748,000950.png,right,ok,tracking,1511,343,18,117.593593,-0.522644998779,1872.58636286,0
748,000950.png,center,ok,from_left_right,,,18,,,,
749,000951.png,left,ok,tracking,2941,2827,18,22.220180,2.44796030153,-422.02378915,0
749,000951.png,right,quadratic_fit_failed,tracking,1235,3,0,114.261747,-0.450713805318,1829.16449623,1
749,000951.png,center,not_published,from_left_right,,,0,,,,
750,000952.png,left,ok,tracking,3665,3571,18,21.519850,2.53607093254,-482.429562084,0
750,000952.png,right,too_few_vehicle_points_after_crop,tracking,1313,0,0,112.544633,-0.415126512665,1807.15795205,2
750,000952.png,center,not_published,from_left_right,,,0,,,,
751,000953.png,left,ok,tracking,4616,4332,18,20.920826,2.61588765893,-532.535713416,0
751,000953.png,right,too_few_vehicle_points_after_crop,tracking,1222,0,0,112.846586,-0.421318376706,1810.28581355,3
751,000953.png,center,not_published,from_left_right,,,0,,,,
752,000954.png,left,ok,tracking,3703,3703,18,21.679591,2.51549689572,-484.079549905,0
752,000954.png,right,ok,tracking,1804,612,18,121.941909,-0.623460480976,1935.22906454,0
752,000954.png,center,ok,from_left_right,,,18,,,,
753,000955.png,left,ok,tracking,12724,10644,18,21.114767,2.5895731274,-544.812304514,0
753,000955.png,right,ok,tracking,2721,1422,18,119.426681,-0.564084723311,1897.68669406,0
753,000955.png,center,ok,from_left_right,,,18,,,,
754,000956.png,left,ok,tracking,16002,8075,18,21.219014,2.57561837825,-549.166445015,0
754,000956.png,right,ok,tracking,2923,1580,18,118.826591,-0.550359166896,1888.77947851,0
754,000956.png,center,ok,from_left_right,,,18,,,,
755,000957.png,left,ok,tracking,12634,6744,18,21.492556,2.53961542726,-539.747280638,0
755,000957.png,right,ok,tracking,3126,1747,18,118.357070,-0.539730050933,1882.2797054,0
755,000957.png,center,ok,from_left_right,,,18,,,,
756,000958.png,left,ok,tracking,16386,9147,18,21.761713,2.50503182748,-525.501649529,0
756,000958.png,right,ok,tracking,3192,1857,18,117.605829,-0.522916920784,1870.61962864,0
756,000958.png,center,ok,from_left_right,,,18,,,,
757,000959.png,left,ok,tracking,19556,10655,18,22.244268,2.4450235781,-484.318684433,0
757,000959.png,right,ok,tracking,3148,1930,18,116.644020,-0.501724026754,1856.33366386,0
757,000959.png,center,ok,from_left_right,,,18,,,,
758,000960.png,left,ok,tracking,10929,3632,18,22.288783,2.4396123124,-454.263710058,0
758,000960.png,right,ok,tracking,4209,2004,18,115.404300,-0.474926887523,1837.66298777,0
758,000960.png,center,ok,from_left_right,,,18,,,,
759,000962.png,left,ok,tracking,448,432,18,126.798250,-0.74804793723,1461.9681221,0
759,000962.png,right,too_few_vehicle_points_after_crop,tracking,1382,0,0,109.044842,-0.345203283932,1761.00063582,1
759,000962.png,center,not_published,from_left_right,,,0,,,,
760,000963.png,left,ok,tracking,452,425,18,162.262476,-3.12634362044,2893.88949847,0
760,000963.png,right,too_few_vehicle_points_after_crop,tracking,1261,0,0,116.350709,-0.495332480946,1850.79638377,2
760,000963.png,center,not_published,from_left_right,,,0,,,,
761,000964.png,left,ok,tracking,705,636,18,166.956344,-4.31646814215,3610.50351645,0
761,000964.png,right,too_few_vehicle_points_after_crop,tracking,1340,0,0,113.233255,-0.429287756421,1810.11711747,3
761,000964.png,center,not_published,from_left_right,,,0,,,,
762,000965.png,left,ok,tracking,9622,7959,18,165.212172,-3.78810634812,3305.01728332,0
762,000965.png,right,ok,tracking,2605,883,18,116.113165,-0.490179894887,1843.88898006,0
762,000965.png,center,ok,from_left_right,,,18,,,,
763,000966.png,left,ok,tracking,9626,7983,18,165.009173,-3.7344422795,3279.91086719,0
763,000966.png,right,ok,tracking,3127,1240,18,114.777664,-0.461591885152,1825.38550723,0
763,000966.png,center,ok,from_left_right,,,18,,,,
764,000967.png,left,ok,tracking,11359,9300,18,164.811722,-3.68358986662,3254.00996001,0
764,000967.png,right,ok,tracking,3272,1224,18,112.533754,-0.41490392111,1795.97696417,0
764,000967.png,center,ok,from_left_right,,,18,,,,
765,000968.png,left,ok,tracking,9181,7963,18,164.253929,-3.54666348492,3165.92939736,0
765,000968.png,right,ok,tracking,2969,1007,18,110.765043,-0.379166368676,1772.47682567,0
765,000968.png,center,ok,from_left_right,,,18,,,,
766,000969.png,left,ok,tracking,9271,7900,18,163.711101,-3.42219451292,3085.48894558,0
766,000969.png,right,ok,tracking,2738,932,18,109.233934,-0.348901064434,1751.80943866,0
766,000969.png,center,ok,from_left_right,,,18,,,,
767,000974.png,left,ok,tracking,513,513,18,138.407485,-1.12662350925,1698.92756328,0
767,000974.png,right,ok,tracking,2810,1457,18,107.958175,-0.324112844348,1733.84567832,0
767,000974.png,center,ok,from_left_right,,,18,,,,
768,000975.png,left,ok,tracking,1045,1045,18,147.899877,-1.59412896955,1977.02858388,0
768,000975.png,right,ok,tracking,4465,2589,18,107.854378,-0.322112097411,1733.28166357,0
768,000975.png,center,ok,from_left_right,,,18,,,,
769,000977.png,left,ok,tracking,1571,1571,18,142.461031,-1.30139174026,1794.5760098,0
769,000977.png,right,ok,tracking,2173,759,18,107.919635,-0.323369688757,1734.08953154,0
769,000977.png,center,ok,from_left_right,,,18,,,,
770,000978.png,left,ok,tracking,1761,1761,18,142.182602,-1.28838420947,1788.46034823,0
770,000978.png,right,ok,tracking,1916,765,18,106.911395,-0.304040486909,1720.87788715,0
770,000978.png,center,ok,from_left_right,,,18,,,,
771,000979.png,left,ok,tracking,2238,2238,18,143.136886,-1.3336622806,1815.48272549,0
771,000979.png,right,ok,tracking,2431,909,18,107.606315,-0.31734000685,1732.14389109,0
771,000979.png,center,ok,from_left_right,,,18,,,,
772,000980.png,left,ok,tracking,3649,2022,18,142.890773,-1.32179453769,1807.71058198,0
772,000980.png,right,ok,tracking,2214,1633,18,106.887132,-0.303577931331,1722.52234,0
772,000980.png,center,ok,from_left_right,,,18,,,,
773,000981.png,left,ok,tracking,4434,3428,18,143.523746,-1.35259445867,1828.24037068,0
773,000981.png,right,ok,tracking,3938,2705,18,105.745115,-0.281937124927,1705.42832558,0
773,000981.png,center,ok,from_left_right,,,18,,,,
774,000982.png,left,ok,tracking,6527,4637,18,143.484900,-1.35067781127,1826.9681517,0
774,000982.png,right,ok,tracking,5713,427,18,105.615025,-0.279487724171,1703.52610594,0
774,000982.png,center,ok,from_left_right,,,18,,,,
775,000983.png,left,ok,tracking,6591,4760,18,143.741954,-1.36342633793,1836.44097082,0
775,000983.png,right,too_few_vehicle_points_after_crop,tracking,8580,0,0,105.157930,-0.270905684546,1696.49303776,1
775,000983.png,center,not_published,from_left_right,,,0,,,,
776,000984.png,left,ok,tracking,8910,1810,18,143.382220,-1.34562853897,1822.63419749,0
776,000984.png,right,too_few_vehicle_points_after_crop,tracking,13419,0,0,105.403375,-0.27550926758,1697.90410825,2
776,000984.png,center,not_published,from_left_right,,,0,,,,
777,000985.png,left,ok,tracking,2195,1849,18,145.115274,-1.43428105574,1879.21981952,0
777,000985.png,right,too_few_vehicle_points_after_crop,tracking,1502,0,0,103.932345,-0.248074172412,1682.00010883,3
777,000985.png,center,not_published,from_left_right,,,0,,,,
778,000986.png,left,ok,tracking,1812,1812,18,147.263887,-1.55550263689,1956.0609473,0
778,000986.png,right,too_few_vehicle_points_after_crop,tracking,1321,0,0,77.034994,0.230224967134,1385.27200585,4
778,000986.png,center,not_published,from_left_right,,,0,,,,
779,000988.png,left,ok,tracking,2209,2209,18,149.182428,-1.67634648914,2033.29015404,0
779,000988.png,right,ok,tracking,4730,3200,18,102.602472,-0.223571781686,1665.09709813,0
779,000988.png,center,ok,from_left_right,,,18,,,,
780,000991.png,left,ok,tracking,2151,2151,18,154.716687,-2.11711202068,2304.10778693,0
780,000991.png,right,ok,tracking,3136,1566,18,101.491580,-0.203299256046,1652.39137461,0
780,000991.png,center,ok,from_left_right,,,18,,,,
781,000992.png,left,ok,tracking,1203,1140,18,161.040384,-2.91087415464,2780.51839209,0
781,000992.png,right,ok,tracking,2955,1516,18,99.815854,-0.173014970333,1632.36549883,0
781,000992.png,center,ok,from_left_right,,,18,,,,
782,000993.png,left,ok,tracking,1287,1287,18,163.861034,-3.45575874858,3109.17800813,0
782,000993.png,right,ok,tracking,3138,1592,18,98.652269,-0.152169038178,1618.88596564,0
782,000993.png,center,ok,from_left_right,,,18,,,,
783,000994.png,left,ok,tracking,2047,2047,18,164.934979,-3.71518123386,3265.55634131,0
783,000994.png,right,ok,tracking,3235,1641,18,97.509208,-0.131815988044,1605.77496065,0
783,000994.png,center,ok,from_left_right,,,18,,,,
784,000995.png,left,ok,tracking,1062,1062,18,166.371133,-4.12441152489,3512.98780079,0
784,000995.png,right,ok,tracking,3342,1725,18,96.107768,-0.107006290353,1589.10271158,0
784,000995.png,center,ok,from_left_right,,,18,,,,
785,000996.png,left,ok,tracking,8684,7546,18,165.907138,-3.98326717024,3412.29131001,0
785,000996.png,right,ok,tracking,3409,1766,18,95.230387,-0.091541897245,1579.00612188,0
785,000996.png,center,ok,from_left_right,,,18,,,,
786,000997.png,left,ok,tracking,5354,4780,18,166.167316,-4.06126838281,3455.37710376,0
786,000997.png,right,ok,tracking,3587,1912,18,93.893482,-0.0680588781277,1563.10055878,0
786,000997.png,center,ok,from_left_right,,,18,,,,
787,000998.png,left,ok,tracking,4720,4299,18,166.406756,-4.13563807626,3497.09968682,0
787,000998.png,right,ok,tracking,3580,1913,18,93.039068,-0.0530915352817,1553.16764797,0
787,000998.png,center,ok,from_left_right,,,18,,,,
788,000999.png,left,ok,tracking,8685,8203,18,166.237029,-4.082659252,3450.44767823,0
788,000999.png,right,ok,tracking,3739,1953,18,91.891755,-0.0330293590017,1540.10208616,0
788,000999.png,center,ok,from_left_right,,,18,,,,
789,001000.png,left,ok,tracking,11084,10515,18,165.964069,-4.00009276803,3385.2413418,0
789,001000.png,right,ok,tracking,3664,1921,18,90.681059,-0.0118872769366,1526.23074903,0
789,001000.png,center,ok,from_left_right,,,18,,,,
790,001001.png,left,ok,tracking,10679,10342,18,165.728917,-3.93144513631,3325.19032136,0
790,001001.png,right,ok,tracking,3615,1814,18,89.053879,0.016514431663,1506.17245947,0
790,001001.png,center,ok,from_left_right,,,18,,,,
791,001002.png,left,ok,tracking,5421,5109,18,165.406169,-3.84075433372,3284.68244322,0
791,001002.png,right,ok,tracking,4362,1788,18,87.571160,0.0424166744609,1488.79704888,0
791,001002.png,center,ok,from_left_right,,,18,,,,
792,001003.png,left,ok,tracking,10028,9225,18,165.332342,-3.82055833503,3278.82147516,0
792,001003.png,right,ok,tracking,3190,1693,18,87.952483,0.0357511380277,1496.69693833,0
792,001003.png,center,ok,from_left_right,,,18,,,,
793,001004.png,left,ok,tracking,10486,9427,18,165.217161,-3.78944342465,3266.33936543,0
793,001004.png,right,ok,tracking,2870,1657,18,86.420831,0.0625496708271,1478.13165618,0
793,001004.png,center,ok,from_left_right,,,18,,,,
794,001005.png,left,ok,tracking,7321,6291,18,164.983865,-3.72785143016,3237.51253431,0
794,001005.png,right,ok,tracking,2885,1656,18,85.294328,0.0823146284754,1464.94627948,0
794,001005.png,center,ok,from_left_right,,,18,,,,
795,001006.png,left,ok,tracking,8138,6781,18,164.789388,-3.6779188811,3214.55698204,0
795,001006.png,right,ok,tracking,2733,1506,18,83.982561,0.105411977341,1449.90015022,0
795,001006.png,center,ok,from_left_right,,,18,,,,
796,001007.png,left,ok,tracking,3165,2678,18,164.153527,-3.52301570332,3120.65591901,0
796,001007.png,right,ok,tracking,1597,1239,18,80.922634,0.159768893186,1412.30729422,0
796,001007.png,center,ok,from_left_right,,,18,,,,
797,001008.png,left,ok,tracking,982,982,18,163.408719,-3.35629868267,3011.12981235,0
797,001008.png,right,ok,tracking,1347,980,18,77.176436,0.227626971984,1368.23409794,0
797,001008.png,center,ok,from_left_right,,,18,,,,
798,001009.png,left,ok,tracking,953,953,18,162.803979,-3.23127248137,2929.401362,0
798,001009.png,right,too_few_vehicle_points_after_crop,tracking,368,0,0,83.461295,0.114619953934,1440.01397139,1
798,001009.png,center,not_published,from_left_right,,,0,,,,
799,001011.png,left,ok,tracking,1526,1526,18,162.204155,-3.1154115902,2851.16658111,0
799,001011.png,right,too_few_vehicle_points_after_crop,tracking,368,0,0,83.461295,0.114619953934,1440.01397139,2
799,001011.png,center,not_published,from_left_right,,,0,,,,
800,001012.png,left,ok,tracking,2500,2500,18,161.391371,-2.96996010529,2749.31434787,0
800,001012.png,right,too_few_vehicle_points_after_crop,tracking,458,0,0,72.019876,0.324536218482,1307.87252746,3
800,001012.png,center,not_published,from_left_right,,,0,,,,
801,001013.png,left,ok,tracking,3717,3717,18,160.905896,-2.88878914586,2690.76910829,0
801,001013.png,right,too_few_vehicle_points_after_crop,tracking,369,0,0,66.275476,0.439479905437,1234.61623325,4
801,001013.png,center,not_published,from_left_right,,,0,,,,
802,001014.png,left,ok,tracking,4755,4203,18,160.229029,-2.78202855446,2610.85332261,0
802,001014.png,right,rejected_excessive_jump,tracking,204,0,0,12.120873,4.65630626362,-1467.12944186,5
802,001014.png,center,not_published,from_left_right,,,0,,,,
803,001015.png,left,ok,tracking,6140,4445,18,159.596165,-2.68836813114,2541.0720132,0
803,001015.png,right,quadratic_fit_failed,tracking,444,3,0,78.210720,0.208715633759,1381.59826263,6
803,001015.png,center,not_published,from_left_right,,,0,,,,
804,001017.png,left,ok,tracking,4956,4426,18,159.062435,-2.61359806432,2487.35989118,0
804,001017.png,right,ok,init,9857,4523,18,22.769472,2.38245866432,-56.676094087,0
804,001017.png,center,ok,from_left_right,,,18,,,,
805,001018.png,left,ok,tracking,4749,4708,18,158.788614,-2.57663512088,2464.04116328,0
805,001018.png,right,ok,tracking,545,367,18,22.648848,2.3965845452,-66.5950531772,0
805,001018.png,center,ok,from_left_right,,,18,,,,
806,001019.png,left,ok,tracking,4332,4331,18,158.396784,-2.52529754285,2429.2814494,0
806,001019.png,right,ok,tracking,767,423,18,22.490551,2.41534013389,-77.7085038385,0
806,001019.png,center,ok,from_left_right,,,18,,,,
807,001020.png,left,ok,tracking,3887,3887,18,157.992030,-2.47409595759,2393.90965727,0
807,001020.png,right,ok,tracking,672,475,18,21.818214,2.49787513802,-131.369342628,0
807,001020.png,center,ok,from_left_right,,,18,,,,
808,001021.png,left,ok,tracking,4476,4476,18,157.596827,-2.42580055035,2359.36089043,0
808,001021.png,right,ok,tracking,792,410,18,21.612695,2.52407758598,-147.509770177,0
808,001021.png,center,ok,from_left_right,,,18,,,,
809,001022.png,left,ok,tracking,5055,5055,18,156.682908,-2.32006868608,2284.31474441,0
809,001022.png,right,ok,tracking,941,390,18,21.589262,2.52709534523,-149.34471469,0
809,001022.png,center,ok,from_left_right,,,18,,,,
810,001023.png,left,ok,tracking,5546,5546,18,154.742236,-2.11955890704,2160.49157627,0
810,001023.png,right,ok,tracking,3098,2166,18,21.993738,2.47586594036,-117.712089034,0
810,001023.png,center,ok,from_left_right,,,18,,,,
811,001024.png,left,ok,tracking,19015,9179,18,154.799624,-2.12507200248,2173.34911034,0
811,001024.png,right,ok,tracking,3409,2297,18,21.961298,2.47990839863,-123.231661171,0
811,001024.png,center,ok,from_left_right,,,18,,,,
812,001025.png,left,ok,tracking,26890,11048,18,154.863380,-2.1312244241,2183.15346499,0
812,001025.png,right,ok,tracking,3393,2221,18,22.193482,2.45122221096,-108.030060424,0
812,001025.png,center,ok,from_left_right,,,18,,,,
813,001026.png,left,ok,tracking,25782,11021,18,155.258170,-2.16998150808,2211.07653091,0
813,001026.png,right,ok,tracking,3893,2447,18,22.236308,2.44599328067,-107.689970202,0
813,001026.png,center,ok,from_left_right,,,18,,,,
814,001027.png,left,ok,tracking,23769,11171,18,155.784048,-2.2234450688,2251.22687187,0
814,001027.png,right,ok,tracking,4398,2700,18,22.367052,2.43014741129,-97.9138968603,0
814,001027.png,center,ok,from_left_right,,,18,,,,
815,001028.png,left,ok,tracking,20397,10763,18,156.229481,-2.2704668325,2277.52709673,0
815,001028.png,right,ok,tracking,4396,2684,18,22.492328,2.41512822459,-88.8756496393,0
815,001028.png,center,ok,from_left_right,,,18,,,,
816,001029.png,left,ok,tracking,3512,3508,18,158.120550,-2.49015849,2407.41272246,0
816,001029.png,right,ok,tracking,3939,2188,18,23.236420,2.32908492326,-34.3725102056,0
816,001029.png,center,ok,from_left_right,,,18,,,,
817,001030.png,left,ok,tracking,13757,9098,18,158.373186,-2.52226230592,2424.6406863,0
817,001030.png,right,ok,tracking,3825,2344,18,23.923449,2.25413715183,13.8144267813,0
817,001030.png,center,ok,from_left_right,,,18,,,,
818,001031.png,left,ok,tracking,12290,8466,18,158.889184,-2.59010472321,2461.45799389,0
818,001031.png,right,ok,tracking,4302,2634,18,24.340137,2.21062421825,41.5183357608,0
818,001031.png,center,ok,from_left_right,,,18,,,,
819,001032.png,left,ok,tracking,11616,8300,18,159.402315,-2.66078330315,2500.42686696,0
819,001032.png,right,ok,tracking,4048,2268,18,25.091539,2.1355923632,90.3529477944,0
819,001032.png,center,ok,from_left_right,,,18,,,,
820,001034.png,left,ok,tracking,4751,4751,18,160.872750,-2.88339194726,2642.09990869,0
820,001034.png,right,ok,tracking,2185,474,18,26.660312,1.99171450576,183.582567153,0
820,001034.png,center,ok,from_left_right,,,18,,,,
821,001035.png,left,ok,tracking,5067,4869,18,161.550845,-2.99752240509,2708.09860276,0
821,001035.png,right,ok,tracking,3512,535,18,27.484557,1.92224694475,225.984864074,0
821,001035.png,center,ok,from_left_right,,,18,,,,
822,001036.png,left,ok,tracking,9668,7882,18,161.938989,-3.06656882968,2750.14202747,0
822,001036.png,right,ok,tracking,4750,1083,18,28.042466,1.87736833776,253.877075716,0
822,001036.png,center,ok,from_left_right,,,18,,,,
823,001037.png,left,ok,tracking,13177,9982,18,162.223955,-3.11911506501,2792.63106677,0
823,001037.png,right,ok,tracking,4349,1004,18,28.630938,1.83177562701,281.615591809,0
823,001037.png,center,ok,from_left_right,,,18,,,,
824,001040.png,left,ok,tracking,8381,6174,18,161.247344,-2.94545646118,2673.9998829,0
824,001040.png,right,ok,tracking,1906,1008,18,28.449254,1.84566730862,273.185888103,0
824,001040.png,center,ok,from_left_right,,,18,,,,
825,001041.png,left,ok,tracking,10651,6757,18,160.871153,-2.88313228546,2624.31904718,0
825,001041.png,right,ok,tracking,1933,1436,18,28.664895,1.82919717372,283.472389298,0
825,001041.png,center,ok,from_left_right,,,18,,,,
826,001042.png,left,ok,tracking,8868,3642,18,160.921674,-2.89136452312,2623.63192418,0
826,001042.png,right,ok,tracking,2723,2448,18,28.327627,1.85505816524,264.521368692,0
826,001042.png,center,ok,from_left_right,,,18,,,,
827,001044.png,left,ok,tracking,9541,4001,18,160.692162,-2.85429992608,2592.0758885,0
827,001044.png,right,ok,tracking,4373,4222,18,28.232856,1.86242682329,258.994232024,0
827,001044.png,center,ok,from_left_right,,,18,,,,
828,001045.png,left,ok,tracking,10134,6037,18,159.977580,-2.74413597689,2508.46138951,0
828,001045.png,right,ok,tracking,1415,1396,18,28.472511,1.84387999561,270.788458251,0
828,001045.png,center,ok,from_left_right,,,18,,,,
829,001046.png,left,ok,tracking,2694,2694,18,159.601471,-2.68913029253,2475.2424269,0
829,001046.png,right,ok,tracking,738,738,18,20.100537,2.73254907746,-310.246747145,0
829,001046.png,center,ok,from_left_right,,,18,,,,
830,001047.png,left,ok,tracking,2138,2138,18,158.985881,-2.60317147423,2417.31770178,0
830,001047.png,right,ok,tracking,1533,1533,18,21.477451,2.54158069111,-185.961612548,0
830,001047.png,center,ok,from_left_right,,,18,,,,
831,001048.png,left,ok,tracking,2116,2116,18,158.850575,-2.58491916786,2406.7573985,0
831,001048.png,right,ok,tracking,1768,1768,18,21.279195,2.56762186793,-203.917430156,0
831,001048.png,center,ok,from_left_right,,,18,,,,
832,001049.png,left,ok,tracking,2280,2280,18,158.427554,-2.52926471004,2370.04176451,0
832,001049.png,right,ok,tracking,2157,2157,18,21.092852,2.59252349702,-220.954096926,0
832,001049.png,center,ok,from_left_right,,,18,,,,
833,001050.png,left,ok,tracking,2922,2922,18,157.784102,-2.44848293965,2315.22565935,0
833,001050.png,right,ok,tracking,2351,2351,18,20.899018,2.61887586327,-239.243937415,0
833,001050.png,center,ok,from_left_right,,,18,,,,
834,001052.png,left,ok,tracking,6344,6311,18,156.684404,-2.32023528014,2224.23249788,0
834,001052.png,right,ok,tracking,3122,3120,18,20.849970,2.62561825785,-246.07208876,0
834,001052.png,center,ok,from_left_right,,,18,,,,
835,001053.png,left,ok,tracking,15737,9354,18,155.661510,-2.21079341725,2140.73390239,0
835,001053.png,right,ok,tracking,2042,2042,18,22.034133,2.47084785614,-144.85439651,0
835,001053.png,center,ok,from_left_right,,,18,,,,
836,001055.png,left,ok,tracking,10383,2561,18,155.397337,-2.18392121971,2131.0664542,0
836,001055.png,right,ok,tracking,882,882,18,14.138600,3.96984561284,-1117.64243071,0
836,001055.png,center,ok,from_left_right,,,18,,,,
837,001056.png,left,ok,tracking,13546,3229,18,155.427431,-2.18695510338,2140.14315173,0
837,001056.png,right,rejected_horizontal,tracking,925,0,0,10.954628,5.16639327288,-1876.77158414,1
837,001056.png,center,not_published,from_left_right,,,0,,,,
838,001057.png,left,ok,tracking,8121,3011,18,154.199571,-2.0685598314,2054.97637426,0
838,001057.png,right,rejected_horizontal,tracking,771,0,0,10.562326,5.36295295123,-1999.16030465,2
838,001057.png,center,not_published,from_left_right,,,0,,,,
839,001058.png,left,ok,tracking,6274,3500,18,152.937737,-1.95734922039,1975.09559217,0
839,001058.png,right,rejected_horizontal,tracking,705,0,0,10.184102,5.56662844407,-2127.61517006,3
839,001058.png,center,not_published,from_left_right,,,0,,,,
840,001059.png,left,ok,tracking,7746,4096,18,151.969647,-1.87832529555,1921.62246538,0
840,001059.png,right,rejected_horizontal,tracking,662,0,0,9.840065,5.76534306487,-2246.15890004,4
840,001059.png,center,not_published,from_left_right,,,0,,,,
841,001060.png,left,ok,tracking,6770,4557,18,150.828098,-1.79135155633,1863.62458254,0
841,001060.png,right,rejected_horizontal,tracking,742,0,0,10.664062,5.31060635039,-1971.94196846,5
841,001060.png,center,not_published,from_left_right,,,0,,,,
842,001061.png,left,ok,tracking,6117,4920,18,149.644414,-1.70748993936,1808.57948149,0
842,001061.png,right,rejected_horizontal,tracking,749,0,0,10.461026,5.4160753793,-2050.18741958,6
842,001061.png,center,not_published,from_left_right,,,0,,,,
843,001062.png,left,ok,tracking,5404,4513,18,148.223064,-1.6142854629,1742.55172549,0
843,001062.png,right,ok,init,19375,13913,18,14.027278,4.00266163298,-1212.71470629,0
843,001062.png,center,ok,from_left_right,,,18,,,,
844,001063.png,left,ok,tracking,4010,3741,18,146.738828,-1.52460505533,1673.75614344,0
844,001063.png,right,ok,tracking,874,874,18,14.860802,3.76865023352,-1063.08606386,0
844,001063.png,center,ok,from_left_right,,,18,,,,
845,001064.png,left,ok,tracking,6507,1449,18,145.764725,-1.46950836529,1644.09261384,0
845,001064.png,right,ok,tracking,2544,2544,18,15.155205,3.69201725867,-1015.89452932,0
845,001064.png,center,ok,from_left_right,,,18,,,,
846,001066.png,left,ok,tracking,14570,1520,18,146.013529,-1.48331636265,1666.797196,0
846,001066.png,right,ok,tracking,2990,2990,18,15.525378,3.59969138045,-957.323260069,0
846,001066.png,center,ok,from_left_right,,,18,,,,
847,001067.png,left,ok,tracking,23519,3700,18,147.034821,-1.54191566997,1724.98647368,0
847,001067.png,right,rejected_horizontal,tracking,838,0,0,10.781165,5.25156229457,-2004.72722079,1
847,001067.png,center,not_published,from_left_right,,,0,,,,
848,001068.png,left,ok,tracking,13675,1353,18,146.613720,-1.5173701388,1718.46273377,0
848,001068.png,right,rejected_horizontal,tracking,693,0,0,10.715257,5.28463668903,-2030.63483198,2
848,001068.png,center,not_published,from_left_right,,,0,,,,
849,001069.png,left,ok,tracking,17902,1865,18,147.067906,-1.54386771455,1752.26892347,0
849,001069.png,right,rejected_horizontal,tracking,719,0,0,10.027143,5.65561311031,-2261.56756057,3
849,001069.png,center,not_published,from_left_right,,,0,,,,
850,001070.png,left,ok,tracking,21408,3674,18,147.448393,-1.56656999205,1783.98973116,0
850,001070.png,right,rejected_horizontal,tracking,821,0,0,10.724830,5.27980792953,-2027.82692915,4
850,001070.png,center,not_published,from_left_right,,,0,,,,
851,001071.png,left,ok,tracking,30976,8110,18,148.012093,-1.60108637216,1817.62459495,0
851,001071.png,right,ok,tracking,750,750,18,16.125007,3.45891447149,-868.570903134,0
851,001071.png,center,ok,from_left_right,,,18,,,,
852,001073.png,left,ok,tracking,29830,8088,18,148.592592,-1.63778675567,1853.68768605,0
852,001073.png,right,ok,tracking,2273,2273,18,16.544840,3.36626703803,-808.927382544,0
852,001073.png,center,ok,from_left_right,,,18,,,,
853,001076.png,left,ok,tracking,1249,1249,18,143.043933,-1.32916406944,1657.41396955,0
853,001076.png,right,ok,tracking,1115,1115,18,17.412660,3.18853479573,-693.607369686,0
853,001076.png,center,ok,from_left_right,,,18,,,,
854,001077.png,left,ok,tracking,1431,1431,18,137.347844,-1.0855069477,1504.42865325,0
854,001077.png,right,ok,tracking,2343,2343,18,17.858012,3.10383467866,-639.261652578,0
854,001077.png,center,ok,from_left_right,,,18,,,,
855,001078.png,left,ok,tracking,1480,1480,18,133.827655,-0.959892504873,1427.49908826,0
855,001078.png,right,ok,tracking,3368,3368,18,18.105845,3.0584472925,-612.547692191,0
855,001078.png,center,ok,from_left_right,,,18,,,,
856,001079.png,left,ok,tracking,1752,1752,18,137.779890,-1.10206877175,1515.35173595,0
856,001079.png,right,ok,tracking,932,932,18,13.093690,4.29938888805,-1415.62751454,0
856,001079.png,center,ok,from_left_right,,,18,,,,
857,001080.png,left,ok,tracking,1914,1914,18,137.916898,-1.10737831773,1517.88709202,0
857,001080.png,right,rejected_horizontal,tracking,1257,0,0,11.151219,5.0730338518,-1925.93347884,1
857,001080.png,center,not_published,from_left_right,,,0,,,,
858,001083.png,left,ok,tracking,748,748,18,109.283388,-0.349869568351,1026.88114397,0
858,001083.png,right,ok,tracking,1819,1819,18,12.877627,4.37407719104,-1493.10191579,0
858,001083.png,center,ok,from_left_right,,,18,,,,
859,001085.png,left,ok,tracking,1000,1000,18,55.864684,0.677950201089,358.502837064,0
859,001085.png,right,ok,tracking,2365,2365,18,12.659436,4.45204423432,-1551.84201931,0
859,001085.png,center,ok,from_left_right,,,18,,,,
860,001086.png,left,ok,tracking,1099,1099,18,34.352906,1.46304136915,-141.858045229,0
860,001086.png,right,rejected_horizontal,tracking,1605,0,0,9.203694,6.17166520293,-2829.65906287,1
860,001086.png,center,not_published,from_left_right,,,0,,,,
861,001087.png,left,ok,tracking,1128,1128,18,27.952663,1.88448078252,-410.214403664,0
861,001087.png,right,rejected_horizontal,tracking,1388,0,0,10.514469,5.38792343234,-2282.42037201,2
861,001087.png,center,not_published,from_left_right,,,0,,,,
862,001088.png,left,ok,tracking,1035,1035,18,18.882743,2.92363420407,-1073.83810698,0
862,001088.png,right,ok,tracking,834,834,18,12.193365,4.62777764845,-1712.9695108,0
862,001088.png,center,ok,from_left_right,,,18,,,,
863,001089.png,left,ok,tracking,1178,1178,18,16.000549,3.48728823831,-1424.88874053,0
863,001089.png,right,rejected_horizontal,tracking,1653,0,0,11.026464,5.13189776963,-2110.12220084,1
863,001089.png,center,not_published,from_left_right,,,0,,,,
864,001090.png,left,ok,tracking,1141,282,18,12.644657,4.45742078851,-2002.66494688,0
864,001090.png,right,rejected_horizontal,tracking,3076,0,0,10.836812,5.22394651854,-2162.455433,2
864,001090.png,center,not_published,from_left_right,,,0,,,,
865,001092.png,left,rejected_excessive_jump,tracking,197,0,0,142.799395,-1.31742245767,1493.95106991,1
865,001092.png,right,rejected_horizontal,tracking,3343,0,0,11.296043,5.00631063285,-2002.37158303,3
865,001092.png,center,not_published,from_left_right,,,0,,,,
866,001093.png,left,ok,tracking,793,143,18,13.026720,4.32227848596,-1924.42689684,0
866,001093.png,right,rejected_horizontal,tracking,3904,0,0,10.964365,5.16169151284,-2084.85012983,4
866,001093.png,center,not_published,from_left_right,,,0,,,,
867,001094.png,left,ok,tracking,603,171,18,14.990536,3.73451825849,-1567.5960823,0
867,001094.png,right,rejected_horizontal,tracking,1674,0,0,10.125789,5.5993692676,-2357.29216912,5
867,001094.png,center,not_published,from_left_right,,,0,,,,
868,001095.png,left,ok,tracking,660,190,18,16.180915,3.4463069035,-1394.39898967,0
868,001095.png,right,rejected_horizontal,tracking,2100,0,0,10.244817,5.53293076852,-2318.57044976,6
868,001095.png,center,not_published,from_left_right,,,0,,,,
869,001096.png,left,ok,tracking,592,227,18,17.538015,3.1642727309,-1223.78287304,0
869,001096.png,right,ok,init,25896,25761,18,13.955198,4.02418363309,-1405.85610367,0
869,001096.png,center,ok,from_left_right,,,18,,,,
870,001097.png,left,ok,tracking,646,249,18,18.205077,3.04060923484,-1150.62605911,0
870,001097.png,right,ok,tracking,2206,2206,18,14.417746,3.88974103993,-1315.18314987,0
870,001097.png,center,ok,from_left_right,,,18,,,,
871,001098.png,left,ok,tracking,855,277,18,19.880241,2.76544884346,-983.229049636,0
871,001098.png,right,ok,tracking,3155,3155,18,14.796359,3.78582206576,-1241.19647757,0
871,001098.png,center,ok,from_left_right,,,18,,,,
872,001099.png,left,ok,tracking,899,277,18,21.071519,2.59540111396,-880.373847563,0
872,001099.png,right,ok,tracking,2957,2957,18,12.483327,4.51692862997,-1736.05312145,0
872,001099.png,center,ok,from_left_right,,,18,,,,
873,001100.png,left,ok,tracking,957,336,18,22.151091,2.45641698422,-797.55948791,0
873,001100.png,right,ok,tracking,6313,6305,18,12.103395,4.66323527317,-1832.99665035,0
873,001100.png,center,ok,from_left_right,,,18,,,,
874,001101.png,left,ok,tracking,1057,370,18,22.928154,2.36409015513,-742.392604588,0
874,001101.png,right,rejected_horizontal,tracking,6256,0,0,11.777530,4.79612562095,-1910.54588124,1
874,001101.png,center,not_published,from_left_right,,,0,,,,
875,001102.png,left,ok,tracking,1070,511,18,24.017487,2.24419314226,-669.593889426,0
875,001102.png,right,ok,tracking,5843,5843,18,12.282215,4.59326372971,-1804.62854911,0
875,001102.png,center,ok,from_left_right,,,18,,,,
876,001103.png,left,ok,tracking,1169,554,18,24.818533,2.1623611115,-620.903826157,0
876,001103.png,right,ok,tracking,12029,12029,18,12.405379,4.54622560922,-1769.04743779,0
876,001103.png,center,ok,from_left_right,,,18,,,,
877,001104.png,left,ok,tracking,1381,607,18,25.717457,2.07622740157,-568.759654829,0
877,001104.png,right,ok,tracking,11668,11666,18,12.702459,4.43646220048,-1687.1176262,0
877,001104.png,center,ok,from_left_right,,,18,,,,
878,001105.png,left,ok,tracking,1449,718,18,26.596068,1.99729618468,-521.184175731,0
878,001105.png,right,ok,tracking,8772,8766,18,12.686364,4.44227941324,-1679.8396567,0
878,001105.png,center,ok,from_left_right,,,18,,,,
879,001106.png,left,ok,tracking,1609,895,18,27.184626,1.94707446293,-490.674907386,0
879,001106.png,right,ok,tracking,10479,10479,18,12.977128,4.33937816094,-1602.97699481,0
879,001106.png,center,ok,from_left_right,,,18,,,,
880,001107.png,left,ok,tracking,1520,945,18,28.645451,1.83067288919,-416.58238912,0
880,001107.png,right,ok,tracking,3060,3060,18,12.528731,4.50002844421,-1701.59064824,0
880,001107.png,center,ok,from_left_right,,,18,,,,
881,001108.png,left,ok,tracking,1291,849,18,29.709988,1.75247669424,-367.353029217,0
881,001108.png,right,ok,tracking,1049,1049,18,12.007354,4.70166272751,-1834.73638362,0
881,001108.png,center,ok,from_left_right,,,18,,,,
882,001109.png,left,ok,tracking,1375,913,18,31.543710,1.62906075636,-288.181900302,0
882,001109.png,right,ok,tracking,1076,1069,18,13.276804,4.23796045554,-1536.90045608,0
882,001109.png,center,ok,from_left_right,,,18,,,,
883,001111.png,left,ok,tracking,1640,1142,18,31.965870,1.60245783708,-270.135971455,0
883,001111.png,right,ok,tracking,1915,1915,18,14.245679,3.93875447868,-1337.15015874,0
883,001111.png,center,ok,from_left_right,,,18,,,,
884,001112.png,left,ok,tracking,1462,1248,18,33.132584,1.5320916471,-223.472160055,0
884,001112.png,right,ok,tracking,2369,2369,18,16.175231,3.44758484509,-1005.50658664,0
884,001112.png,center,ok,from_left_right,,,18,,,,
885,001113.png,left,ok,tracking,1450,1272,18,34.187448,1.47214894369,-184.057649767,0
885,001113.png,right,ok,tracking,5603,5572,18,16.770415,3.31835147134,-921.973608194,0
885,001113.png,center,ok,from_left_right,,,18,,,,
886,001114.png,left,ok,tracking,1907,1407,18,34.901044,1.43341070037,-160.289275195,0
886,001114.png,right,ok,tracking,9316,8895,18,16.757344,3.32109374052,-901.518139108,0
886,001114.png,center,ok,from_left_right,,,18,,,,
887,001115.png,left,ok,tracking,1925,1431,18,35.349765,1.40975272907,-146.349346735,0
887,001115.png,right,ok,tracking,11263,11006,18,16.614699,3.35129283253,-917.907216864,0
887,001115.png,center,ok,from_left_right,,,18,,,,
888,001118.png,left,ok,tracking,1855,1278,18,36.667792,1.3431780555,-105.015187266,0
888,001118.png,right,ok,tracking,2831,2432,18,17.481640,3.17514217019,-807.65819199,0
888,001118.png,center,ok,from_left_right,,,18,,,,
889,001119.png,left,ok,tracking,1733,1474,18,37.480935,1.30412366771,-80.7200041322,0
889,001119.png,right,ok,tracking,3069,2306,18,18.111707,3.05738818128,-730.735695116,0
889,001119.png,center,ok,from_left_right,,,18,,,,
890,001121.png,left,ok,tracking,1380,785,18,41.073180,1.14740531047,15.3007847438,0
890,001121.png,right,ok,tracking,1393,1393,18,12.639410,4.45933271434,-1660.20946174,0
890,001121.png,center,ok,from_left_right,,,18,,,,
891,001123.png,left,ok,tracking,1633,1587,18,39.130637,1.22915628097,-37.9260037169,0
891,001123.png,right,ok,tracking,4723,4723,18,12.442754,4.53213288428,-1712.13721816,0
891,001123.png,center,ok,from_left_right,,,18,,,,
892,001124.png,left,ok,tracking,1543,970,18,38.599865,1.2526844147,-51.5701542868,0
892,001124.png,right,ok,tracking,1788,1756,18,12.097361,4.66563180348,-1782.54410196,0
892,001124.png,center,ok,from_left_right,,,18,,,,
893,001125.png,left,ok,tracking,1577,1269,18,42.131790,1.10548826734,40.9296364286,0
893,001125.png,right,ok,tracking,7326,7326,18,12.096606,4.6659318757,-1775.62565037,0
893,001125.png,center,ok,from_left_right,,,18,,,,
894,001127.png,left,ok,tracking,1345,1035,18,42.460550,1.09281819747,47.6100612665,0
894,001127.png,right,ok,tracking,1119,1036,18,13.497542,4.16608699434,-1465.22616836,0
894,001127.png,center,ok,from_left_right,,,18,,,,
895,001128.png,left,ok,tracking,1783,1336,18,43.538975,1.05234551875,73.0714596343,0
895,001128.png,right,ok,tracking,1471,1471,18,17.047689,3.26114198669,-897.9881201,0
895,001128.png,center,ok,from_left_right,,,18,,,,
896,001129.png,left,ok,tracking,2152,1751,18,47.588251,0.913501579431,158.170084693,0
896,001129.png,right,ok,tracking,1820,1820,18,18.150132,3.05046293313,-773.280427955,0
896,001129.png,center,ok,from_left_right,,,18,,,,
897,001130.png,left,ok,tracking,1769,1624,18,48.514733,0.884266957447,176.073489762,0
897,001130.png,right,ok,tracking,6369,5006,18,18.009716,3.07590861944,-798.417622177,0
897,001130.png,center,ok,from_left_right,,,18,,,,
898,001131.png,left,ok,tracking,1794,1321,18,50.002460,0.839026464642,203.210192823,0
898,001131.png,right,ok,tracking,14577,11784,18,17.675413,3.13806275255,-840.77974301,0
898,001131.png,center,ok,from_left_right,,,18,,,,
899,001132.png,left,ok,tracking,1804,1482,18,51.732627,0.788828199376,234.300694482,0
899,001132.png,right,ok,tracking,12005,9487,18,17.901717,3.09574246582,-824.818293254,0
899,001132.png,center,ok,from_left_right,,,18,,,,
900,001133.png,left,ok,tracking,1721,1424,18,52.818471,0.758533314787,252.606751487,0
900,001133.png,right,ok,tracking,12176,9356,18,18.035768,3.07115855038,-818.621575795,0
900,001133.png,center,ok,from_left_right,,,18,,,,
901,001135.png,left,ok,tracking,2043,1687,18,52.975124,0.754234979171,254.394742236,0
901,001135.png,right,ok,tracking,6832,5405,18,17.794840,3.1155993029,-823.127295498,0
901,001135.png,center,ok,from_left_right,,,18,,,,
902,001136.png,left,ok,tracking,1355,1355,18,53.811539,0.731580133615,267.925882206,0
902,001136.png,right,ok,tracking,1641,1360,18,17.086975,3.25318212042,-903.096932338,0
902,001136.png,center,ok,from_left_right,,,18,,,,
903,001138.png,left,ok,tracking,898,597,18,63.852745,0.490918054617,415.032191874,0
903,001138.png,right,rejected_horizontal,tracking,339,0,0,7.838319,7.26404395235,-3344.43352312,1
903,001138.png,center,not_published,from_left_right,,,0,,,,
904,001139.png,left,ok,tracking,869,647,18,69.239039,0.379084881537,482.727566541,0
904,001139.png,right,rejected_horizontal,tracking,343,0,0,8.052955,7.0679646425,-3226.28083905,2
904,001139.png,center,not_published,from_left_right,,,0,,,,
905,001140.png,left,ok,tracking,1186,1074,18,62.737818,0.51530288527,401.195821932,0
905,001140.png,right,rejected_horizontal,tracking,360,0,0,9.180912,6.18724629611,-2702.56580059,3
905,001140.png,center,not_published,from_left_right,,,0,,,,
906,001141.png,left,ok,tracking,1548,1335,18,67.103649,0.422341490128,460.238568965,0
906,001141.png,right,rejected_horizontal,tracking,509,0,0,9.734061,5.82937283913,-2485.2168757,4
906,001141.png,center,not_published,from_left_right,,,0,,,,
907,001142.png,left,ok,tracking,1593,1497,18,68.946094,0.384943893358,484.560816606,0
907,001142.png,right,rejected_horizontal,tracking,683,0,0,10.469284,5.41170664798,-2235.85797696,5
907,001142.png,center,not_published,from_left_right,,,0,,,,
908,001143.png,left,ok,tracking,1703,1538,18,71.783000,0.32911208612,521.104733247,0
908,001143.png,right,rejected_horizontal,tracking,707,0,0,11.751040,4.80724789403,-1858.03536345,6
908,001143.png,center,not_published,from_left_right,,,0,,,,
909,001144.png,left,ok,tracking,1797,1590,18,75.136131,0.265404298226,563.108753106,0
909,001144.png,right,ok,init,16141,16141,18,12.673320,4.4470043559,-1564.61408528,0
909,001144.png,center,ok,from_left_right,,,18,,,,
910,001145.png,left,ok,tracking,1927,1835,18,80.117561,0.174212128563,624.933880424,0
910,001145.png,right,ok,tracking,1526,1526,18,13.196734,4.26461525964,-1452.59930981,0
910,001145.png,center,ok,from_left_right,,,18,,,,
911,001146.png,left,ok,tracking,1999,1964,18,84.081626,0.103664076577,672.561431929,0
911,001146.png,right,ok,tracking,2188,2188,18,13.707635,4.09979058576,-1351.09502787,0
911,001146.png,center,ok,from_left_right,,,18,,,,
912,001147.png,left,ok,tracking,2223,2223,18,87.532221,0.0430975256547,712.077741096,0
912,001147.png,right,ok,tracking,2101,2101,18,14.245129,3.93891293603,-1249.05310012,0
912,001147.png,center,ok,from_left_right,,,18,,,,
913,001148.png,left,ok,tracking,1370,1345,18,91.956286,-0.0341569068261,751.63466472,0
913,001148.png,right,ok,tracking,5912,5912,18,14.268801,3.93210072581,-1252.2533862,0
913,001148.png,center,ok,from_left_right,,,18,,,,
914,001149.png,left,ok,tracking,1387,1345,18,82.677866,0.128495622467,646.645483067,0
914,001149.png,right,ok,tracking,7087,7087,18,13.856386,4.05404348147,-1342.95198365,0
914,001149.png,center,ok,from_left_right,,,18,,,,
915,001150.png,left,ok,tracking,563,552,18,150.760740,-1.78641389415,1817.39023755,0
915,001150.png,right,ok,tracking,7582,7582,18,13.466869,4.17593591469,-1431.27076504,0
915,001150.png,center,ok,from_left_right,,,18,,,,
916,001151.png,left,ok,tracking,947,816,18,155.710728,-2.21586059935,2073.27049338,0
916,001151.png,right,ok,tracking,6063,6063,18,13.160517,4.27677609639,-1486.59498892,0
916,001151.png,center,ok,from_left_right,,,18,,,,
917,001152.png,left,ok,tracking,1446,1332,18,155.781710,-2.22320250946,2082.010099,0
917,001152.png,right,ok,tracking,4446,4446,18,12.817860,4.39517436388,-1554.61592442,0
917,001152.png,center,ok,from_left_right,,,18,,,,
918,001154.png,left,ok,tracking,996,940,18,157.283375,-2.38862987862,2183.41512869,0
918,001154.png,right,ok,tracking,2960,2960,18,12.974251,4.34037405344,-1520.32441556,0
918,001154.png,center,ok,from_left_right,,,18,,,,
919,001156.png,left,ok,tracking,426,376,18,165.102496,-3.75893520778,3016.12039754,0
919,001156.png,right,rejected_horizontal,tracking,1778,0,0,10.999429,5.14482768208,-2027.54527636,1
919,001156.png,center,not_published,from_left_right,,,0,,,,
920,001157.png,left,ok,tracking,449,396,18,167.440740,-4.48873280306,3460.97506227,0
920,001157.png,right,rejected_horizontal,tracking,1921,0,0,10.998984,5.14504097911,-2030.32411392,2
920,001157.png,center,not_published,from_left_right,,,0,,,,
921,001158.png,left,ok,tracking,448,403,18,166.940358,-4.31099731128,3354.59452854,0
921,001158.png,right,rejected_horizontal,tracking,2627,0,0,11.372588,4.97172253751,-1924.65340456,3
921,001158.png,center,not_published,from_left_right,,,0,,,,
922,001160.png,left,ok,tracking,595,575,18,163.032103,-3.2774192573,2721.83519089,0
922,001160.png,right,ok,tracking,4717,4717,18,12.050334,4.68439099778,-1755.37981789,0
922,001160.png,center,ok,from_left_right,,,18,,,,
923,001161.png,left,ok,tracking,775,752,18,158.478720,-2.53588542777,2265.48934682,0
923,001161.png,right,rejected_horizontal,tracking,5750,0,0,11.604211,4.86980293054,-1887.96039979,1
923,001161.png,center,not_published,from_left_right,,,0,,,,
924,001162.png,left,ok,tracking,717,655,18,149.462949,-1.69515550106,1749.92065893,0
924,001162.png,right,rejected_horizontal,tracking,5374,0,0,11.473178,4.92696165727,-1922.50385201,2
924,001162.png,center,not_published,from_left_right,,,0,,,,
925,001163.png,left,ok,tracking,779,733,18,139.885562,-1.18693101048,1438.75932997,0
925,001163.png,right,rejected_horizontal,tracking,4932,0,0,11.419275,4.95085102923,-1935.23802729,3
925,001163.png,center,not_published,from_left_right,,,0,,,,
926,001164.png,left,ok,tracking,786,777,18,122.375746,-0.634025670093,1097.55716118,0
926,001164.png,right,rejected_horizontal,tracking,3889,0,0,11.260085,5.0227188429,-1980.2936977,4
926,001164.png,center,not_published,from_left_right,,,0,,,,
927,001165.png,left,ok,tracking,5326,792,18,127.151627,-0.757711476041,1176.93767901,0
927,001165.png,right,rejected_horizontal,tracking,3838,0,0,11.242387,5.03083290274,-1987.38561505,5
927,001165.png,center,not_published,from_left_right,,,0,,,,
928,001167.png,left,ok,tracking,4235,889,18,124.750343,-0.693733556544,1138.71287413,0
928,001167.png,right,rejected_horizontal,tracking,4006,0,0,11.309248,5.00031053492,-1965.73784738,6
928,001167.png,center,not_published,from_left_right,,,0,,,,
929,001168.png,left,ok,tracking,9995,927,18,124.781426,-0.694537453017,1150.31136093,0
929,001168.png,right,rejected_horizontal,init,14381,0,0,9.001390,6.31276041465,-2819.7991161,7
929,001168.png,center,not_published,from_left_right,,,0,,,,
930,001169.png,left,ok,tracking,18250,792,18,127.658147,-0.771721658451,1225.68659108,0
930,001169.png,right,rejected_horizontal,init,13803,0,0,9.040480,6.28500942347,-2853.08711709,8
930,001169.png,center,not_published,from_left_right,,,0,,,,
931,001170.png,left,ok,tracking,20208,2740,18,132.135694,-0.904701585925,1344.19877994,0
931,001170.png,right,rejected_horizontal,init,13102,0,0,9.286445,6.11570796111,-2784.56388639,9
931,001170.png,center,not_published,from_left_right,,,0,,,,
932,001171.png,left,ok,tracking,20077,9240,18,135.919622,-1.03262735589,1441.17993167,0
932,001171.png,right,rejected_horizontal,init,11945,0,0,9.531127,5.95588568436,-2686.49328349,10
932,001171.png,center,not_published,from_left_right,,,0,,,,
933,001172.png,left,ok,tracking,20700,9305,18,138.134379,-1.11586444971,1500.37940867,0
933,001172.png,right,rejected_horizontal,init,11456,0,0,9.545401,5.94681272643,-2687.07694001,11
933,001172.png,center,not_published,from_left_right,,,0,,,,
934,001173.png,left,ok,tracking,18719,8636,18,139.605677,-1.17523194404,1533.47943191,0
934,001173.png,right,rejected_horizontal,init,11376,0,0,9.490822,5.98165069699,-2690.0764448,12
934,001173.png,center,not_published,from_left_right,,,0,,,,
935,001174.png,left,ok,tracking,11975,7659,18,141.640133,-1.26350306247,1586.32912098,0
935,001174.png,right,rejected_horizontal,init,8309,0,0,9.826256,5.77360712453,-2622.42724787,13
935,001174.png,center,not_published,from_left_right,,,0,,,,
936,001175.png,left,ok,tracking,22578,9571,18,144.086099,-1.38074042074,1684.97262071,0
936,001175.png,right,rejected_horizontal,init,8212,0,0,9.957481,5.69599633248,-2548.2882887,14
936,001175.png,center,not_published,from_left_right,,,0,,,,
937,001176.png,left,ok,tracking,24657,9736,18,145.437937,-1.45163793309,1738.40239331,0
937,001176.png,right,rejected_horizontal,init,8245,0,0,10.143264,5.58951846469,-2472.6260094,15
937,001176.png,center,not_published,from_left_right,,,0,,,,
938,001177.png,left,ok,tracking,26028,9456,18,146.146188,-1.49075153518,1763.67866367,0
938,001177.png,right,rejected_horizontal,init,8443,0,0,10.180916,5.56840736194,-2458.29249381,16
938,001177.png,center,not_published,from_left_right,,,0,,,,
939,001179.png,left,ok,tracking,25561,8991,18,146.818073,-1.52921277008,1787.10004608,0
939,001179.png,right,rejected_horizontal,init,8787,0,0,10.141262,5.59064515027,-2498.1894796,17
939,001179.png,center,not_published,from_left_right,,,0,,,,
940,001181.png,left,ok,tracking,10056,4998,18,148.247785,-1.61584236908,1832.80774132,0
940,001181.png,right,rejected_horizontal,init,9246,0,0,10.281020,5.51302508826,-2472.52830437,18
940,001181.png,center,not_published,from_left_right,,,0,,,,
941,001182.png,left,ok,tracking,9769,5199,18,149.406696,-1.6913587706,1873.60577121,0
941,001182.png,right,rejected_horizontal,init,9513,0,0,10.994842,5.14702773021,-2263.47199177,19
941,001182.png,center,not_published,from_left_right,,,0,,,,
942,001183.png,left,ok,tracking,16070,6937,18,150.252929,-1.74984472305,1906.8765691,0
942,001183.png,right,rejected_horizontal,init,9562,0,0,10.828026,5.22828830538,-2309.08424364,20
942,001183.png,center,not_published,from_left_right,,,0,,,,
943,001184.png,left,ok,tracking,27110,9169,18,151.182521,-1.81767954921,1968.1278015,0
943,001184.png,right,rejected_horizontal,init,9417,0,0,10.773173,5.2555514853,-2305.57335249,21
943,001184.png,center,not_published,from_left_right,,,0,,,,
944,001185.png,left,ok,tracking,29099,7964,18,151.690338,-1.85645149016,2008.80854166,0
944,001185.png,right,rejected_horizontal,init,9174,0,0,10.849384,5.21774650933,-2259.35442339,22
944,001185.png,center,not_published,from_left_right,,,0,,,,
945,001186.png,left,ok,tracking,21776,5275,18,151.669714,-1.85485204257,2024.28629483,0
945,001186.png,right,rejected_horizontal,init,8899,0,0,10.631498,5.32725386563,-2312.19954318,23
945,001186.png,center,not_published,from_left_right,,,0,,,,
946,001187.png,left,ok,tracking,29813,8621,18,151.495840,-1.84145203145,2001.06398199,0
946,001187.png,right,rejected_horizontal,init,9419,0,0,10.728256,5.27808150348,-2302.96326223,24
946,001187.png,center,not_published,from_left_right,,,0,,,,
947,001188.png,left,ok,tracking,18535,4964,18,151.645101,-1.85294600336,1991.12620407,0
947,001188.png,right,rejected_horizontal,init,9900,0,0,10.855718,5.21462804372,-2296.75769824,25
947,001188.png,center,not_published,from_left_right,,,0,,,,
948,001189.png,left,ok,tracking,9185,2586,18,152.364464,-1.90993744174,2013.98281222,0
948,001189.png,right,rejected_horizontal,init,10301,0,0,11.166730,5.065805523,-2238.0015766,26
948,001189.png,center,not_published,from_left_right,,,0,,,,
949,001190.png,left,rejected_horizontal,tracking,263,0,0,11.019693,5.1351301662,-2427.27515076,1
949,001190.png,right,rejected_horizontal,init,10957,0,0,11.651823,4.84934786013,-2103.0598289,27
949,001190.png,center,not_published,from_left_right,,,0,,,,
950,001191.png,left,rejected_horizontal,tracking,244,0,0,11.628219,4.85946791678,-2245.53643,2
950,001191.png,right,rejected_horizontal,init,11585,0,0,11.840127,4.77003848367,-2051.26207228,28
950,001191.png,center,not_published,from_left_right,,,0,,,,
951,001192.png,left,rejected_horizontal,tracking,261,0,0,11.074462,5.10909532399,-2388.58821285,3
951,001192.png,right,ok,init,11882,11860,18,12.212491,4.62030648674,-1938.61981724,0
951,001192.png,center,not_published,from_left_right,,,0,,,,
952,001193.png,left,rejected_excessive_jump,tracking,244,0,0,12.008019,4.70139433403,-2062.85297276,4
952,001193.png,right,ok,tracking,4047,4047,18,12.109633,4.66076007507,-1953.5522357,0
952,001193.png,center,not_published,from_left_right,,,0,,,,
953,001194.png,left,rejected_excessive_jump,tracking,263,0,0,12.918764,4.35966767941,-1896.84272523,5
953,001194.png,right,ok,tracking,10051,10051,18,12.441113,4.53275008972,-1860.20823464,0
953,001194.png,center,not_published,from_left_right,,,0,,,,
954,001195.png,left,rejected_horizontal,tracking,221,0,0,10.901562,5.19216409904,-2385.96039137,6
954,001195.png,right,ok,tracking,9654,9654,18,12.767215,4.41320346,-1770.60696015,0
954,001195.png,center,not_published,from_left_right,,,0,,,,
955,001196.png,left,ok,init,37363,11354,18,124.778077,-0.694450791175,836.08329667,0
955,001196.png,right,ok,tracking,9374,9364,18,13.052061,4.31359021761,-1698.52616884,0
955,001196.png,center,ok,from_left_right,,,18,,,,
956,001197.png,left,quadratic_fit_failed,tracking,6872,7,0,126.044308,-0.727724710923,861.172923213,1
956,001197.png,right,ok,tracking,1977,1977,18,12.463406,4.52438150023,-1832.9041133,0
956,001197.png,center,not_published,from_left_right,,,0,,,,
957,001198.png,left,too_few_vehicle_points_after_crop,tracking,7005,0,0,126.377551,-0.736658970321,870.340298445,2
957,001198.png,right,ok,tracking,5567,5567,18,12.278037,4.59487558994,-1872.7621629,0
957,001198.png,center,not_published,from_left_right,,,0,,,,
958,001200.png,left,too_few_vehicle_points_after_crop,tracking,7261,1,0,125.340872,-0.709110985502,844.592561332,3
958,001200.png,right,ok,tracking,9673,9673,18,12.351916,4.56653055001,-1850.39849251,0
958,001200.png,center,not_published,from_left_right,,,0,,,,
959,001201.png,left,ok,tracking,6441,232,18,125.543119,-0.714429147868,848.943723444,0
959,001201.png,right,ok,tracking,8737,8737,18,12.463046,4.52451633896,-1833.0979506,0
959,001201.png,center,ok,from_left_right,,,18,,,,
960,001202.png,left,ok,tracking,5711,1760,18,126.641009,-0.743776653805,870.489861994,0
960,001202.png,right,ok,tracking,8064,8064,18,12.809573,4.39811484224,-1755.19242674,0
960,001202.png,center,ok,from_left_right,,,18,,,,
961,001203.png,left,ok,tracking,6158,998,18,127.013088,-0.753912257616,875.945649653,0
961,001203.png,right,ok,tracking,10294,10294,18,13.272743,4.23930491051,-1635.66049017,0
961,001203.png,center,ok,from_left_right,,,18,,,,
962,001204.png,left,ok,tracking,6779,553,18,127.645546,-0.771370826813,887.983846094,0
962,001204.png,right,ok,tracking,9984,9943,18,13.593364,4.13560036408,-1549.41970219,0
962,001204.png,center,ok,from_left_right,,,18,,,,
963,001205.png,left,ok,tracking,7722,12,18,128.597731,-0.79822467037,908.633428103,0
963,001205.png,right,ok,tracking,3436,3436,18,13.311912,4.22637257298,-1600.12062264,0
963,001205.png,center,ok,from_left_right,,,18,,,,
964,001206.png,left,too_few_vehicle_points_after_crop,tracking,8103,0,0,129.128869,-0.81351492486,919.259739578,1
964,001206.png,right,ok,tracking,605,605,18,12.766528,4.41344909509,-1720.80424967,0
964,001206.png,center,not_published,from_left_right,,,0,,,,
965,001207.png,left,too_few_vehicle_points_after_crop,tracking,7344,0,0,129.057290,-0.811440964945,917.662323764,2
965,001207.png,right,ok,tracking,599,599,18,12.354282,4.5656281586,-1815.25467091,0
965,001207.png,center,not_published,from_left_right,,,0,,,,
966,001209.png,left,ok,tracking,8176,46,18,129.617875,-0.827797578303,933.207171163,0
966,001209.png,right,ok,tracking,1926,1926,18,12.075206,4.67445147239,-1885.34038439,0
966,001209.png,center,ok,from_left_right,,,18,,,,
967,001210.png,left,ok,tracking,9326,168,18,130.415014,-0.851518644117,952.376036955,0
967,001210.png,right,rejected_horizontal,tracking,1171,0,0,11.763718,4.80191843019,-1963.53792218,1
967,001210.png,center,not_published,from_left_right,,,0,,,,
968,001211.png,left,ok,tracking,10291,84,18,131.243710,-0.876782280746,973.795166669,0
968,001211.png,right,rejected_horizontal,tracking,632,0,0,11.663240,4.84446732886,-1990.19416324,2
968,001211.png,center,not_published,from_left_right,,,0,,,,
969,001212.png,left,ok,tracking,10349,142,18,131.965133,-0.899302725204,993.889981223,0
969,001212.png,right,rejected_horizontal,tracking,565,0,0,11.634625,4.8567177475,-1999.6350794,3
969,001212.png,center,not_published,from_left_right,,,0,,,,
970,001214.png,left,ok,tracking,10501,118,18,132.165621,-0.905651857056,1004.58839351,0
970,001214.png,right,ok,tracking,402,402,18,50.396930,0.82736220184,460.865954478,0
970,001214.png,center,ok,from_left_right,,,18,,,,
971,001215.png,left,ok,tracking,10748,210,18,132.519073,-0.916943753848,1018.83580978,0
971,001215.png,right,ok,tracking,547,547,18,124.293429,-0.68198571053,1386.97008803,0
971,001215.png,center,ok,from_left_right,,,18,,,,
972,001216.png,left,ok,tracking,10235,411,18,132.671669,-0.921858336243,1028.44573906,0
972,001216.png,right,ok,tracking,820,820,18,143.732047,-1.36293214459,1802.67542394,0
972,001216.png,center,ok,from_left_right,,,18,,,,
973,001218.png,left,ok,tracking,10760,414,18,133.077240,-0.93503864745,1045.49891647,0
973,001218.png,right,ok,tracking,948,948,18,147.295296,-1.55737879973,1914.20178039,0
973,001218.png,center,ok,from_left_right,,,18,,,,
974,001219.png,left,ok,tracking,11260,363,18,133.768477,-0.957909937566,1071.00874665,0
974,001219.png,right,ok,tracking,1680,1680,18,150.150681,-1.74261849402,2022.67186538,0
974,001219.png,center,ok,from_left_right,,,18,,,,
975,001220.png,left,ok,tracking,12115,409,18,134.166493,-0.971320323406,1085.19955553,0
975,001220.png,right,ok,tracking,2824,2824,18,152.012869,-1.88174592772,2102.12780129,0
975,001220.png,center,ok,from_left_right,,,18,,,,
